<?xml version="1.0" encoding="UTF-8"?>
<gpx version="1.1" creator="trip-planner"
     xmlns="http://www.topografix.com/GPX/1/1">
  <metadata>
    <name>Bakio - San Sebastian</name>
    <time>2026-08-08T07:57:54Z</time>
  </metadata>
  <wpt lat="43.427066" lon="-2.808386">
    <name>Bakio</name>
  </wpt>
  <wpt lat="43.420798" lon="-2.725301">
    <name>Bermeo</name>
  </wpt>
  <wpt lat="43.408543" lon="-2.699275">
    <name>Mundaka</name>
  </wpt>
  <wpt lat="43.295850" lon="-2.254304">
    <name>Zumaia</name>
  </wpt>
  <wpt lat="43.314798" lon="-1.974583">
    <name>San Sebastián</name>
  </wpt>
  <trk>
    <name>Bakio - San Sebastian</name>
    <trkseg>
      <trkpt lat="43.426830" lon="-2.807940"/>
      <trkpt lat="43.426820" lon="-2.807450"/>
      <trkpt lat="43.426830" lon="-2.807260"/>
      <trkpt lat="43.426880" lon="-2.806780"/>
      <trkpt lat="43.427050" lon="-2.806850"/>
      <trkpt lat="43.427390" lon="-2.807010"/>
      <trkpt lat="43.427730" lon="-2.807180"/>
      <trkpt lat="43.428010" lon="-2.807360"/>
      <trkpt lat="43.428040" lon="-2.807380"/>
      <trkpt lat="43.428070" lon="-2.807400"/>
      <trkpt lat="43.428130" lon="-2.807290"/>
      <trkpt lat="43.428220" lon="-2.807080"/>
      <trkpt lat="43.428350" lon="-2.806810"/>
      <trkpt lat="43.428370" lon="-2.806780"/>
      <trkpt lat="43.428680" lon="-2.806130"/>
      <trkpt lat="43.428810" lon="-2.805870"/>
      <trkpt lat="43.428930" lon="-2.805620"/>
      <trkpt lat="43.429020" lon="-2.805440"/>
      <trkpt lat="43.429050" lon="-2.805370"/>
      <trkpt lat="43.429140" lon="-2.805170"/>
      <trkpt lat="43.429180" lon="-2.805100"/>
      <trkpt lat="43.429290" lon="-2.804870"/>
      <trkpt lat="43.429450" lon="-2.804540"/>
      <trkpt lat="43.429580" lon="-2.804280"/>
      <trkpt lat="43.429690" lon="-2.804050"/>
      <trkpt lat="43.429920" lon="-2.803560"/>
      <trkpt lat="43.430030" lon="-2.803340"/>
      <trkpt lat="43.430150" lon="-2.803070"/>
      <trkpt lat="43.430170" lon="-2.803050"/>
      <trkpt lat="43.430240" lon="-2.802900"/>
      <trkpt lat="43.430490" lon="-2.802410"/>
      <trkpt lat="43.430580" lon="-2.802210"/>
      <trkpt lat="43.430800" lon="-2.801750"/>
      <trkpt lat="43.430830" lon="-2.801690"/>
      <trkpt lat="43.430950" lon="-2.801440"/>
      <trkpt lat="43.431610" lon="-2.800070"/>
      <trkpt lat="43.431710" lon="-2.799880"/>
      <trkpt lat="43.431730" lon="-2.799820"/>
      <trkpt lat="43.431740" lon="-2.799790"/>
      <trkpt lat="43.431750" lon="-2.799710"/>
      <trkpt lat="43.431750" lon="-2.799680"/>
      <trkpt lat="43.431760" lon="-2.799650"/>
      <trkpt lat="43.431780" lon="-2.799620"/>
      <trkpt lat="43.431810" lon="-2.799600"/>
      <trkpt lat="43.431830" lon="-2.799590"/>
      <trkpt lat="43.431850" lon="-2.799600"/>
      <trkpt lat="43.431890" lon="-2.799590"/>
      <trkpt lat="43.431930" lon="-2.799590"/>
      <trkpt lat="43.432010" lon="-2.799570"/>
      <trkpt lat="43.432200" lon="-2.799500"/>
      <trkpt lat="43.432250" lon="-2.799490"/>
      <trkpt lat="43.432280" lon="-2.799490"/>
      <trkpt lat="43.432400" lon="-2.799460"/>
      <trkpt lat="43.432660" lon="-2.799400"/>
      <trkpt lat="43.432860" lon="-2.799290"/>
      <trkpt lat="43.432980" lon="-2.799210"/>
      <trkpt lat="43.433050" lon="-2.799140"/>
      <trkpt lat="43.433090" lon="-2.799100"/>
      <trkpt lat="43.433170" lon="-2.798990"/>
      <trkpt lat="43.433290" lon="-2.798850"/>
      <trkpt lat="43.433400" lon="-2.798660"/>
      <trkpt lat="43.433550" lon="-2.798400"/>
      <trkpt lat="43.433660" lon="-2.798110"/>
      <trkpt lat="43.433720" lon="-2.797940"/>
      <trkpt lat="43.433770" lon="-2.797760"/>
      <trkpt lat="43.433820" lon="-2.797460"/>
      <trkpt lat="43.433830" lon="-2.797400"/>
      <trkpt lat="43.434040" lon="-2.795780"/>
      <trkpt lat="43.434060" lon="-2.795610"/>
      <trkpt lat="43.434400" lon="-2.793250"/>
      <trkpt lat="43.434370" lon="-2.793030"/>
      <trkpt lat="43.434350" lon="-2.792880"/>
      <trkpt lat="43.434310" lon="-2.792780"/>
      <trkpt lat="43.434230" lon="-2.792650"/>
      <trkpt lat="43.433890" lon="-2.792200"/>
      <trkpt lat="43.433460" lon="-2.791630"/>
      <trkpt lat="43.433400" lon="-2.791480"/>
      <trkpt lat="43.433370" lon="-2.791320"/>
      <trkpt lat="43.433360" lon="-2.791130"/>
      <trkpt lat="43.433520" lon="-2.789030"/>
      <trkpt lat="43.433560" lon="-2.788380"/>
      <trkpt lat="43.433610" lon="-2.788070"/>
      <trkpt lat="43.433710" lon="-2.787410"/>
      <trkpt lat="43.434020" lon="-2.785490"/>
      <trkpt lat="43.434060" lon="-2.785340"/>
      <trkpt lat="43.434080" lon="-2.785280"/>
      <trkpt lat="43.434110" lon="-2.785230"/>
      <trkpt lat="43.434180" lon="-2.785100"/>
      <trkpt lat="43.434250" lon="-2.785010"/>
      <trkpt lat="43.434350" lon="-2.784920"/>
      <trkpt lat="43.434920" lon="-2.784510"/>
      <trkpt lat="43.435010" lon="-2.784410"/>
      <trkpt lat="43.435070" lon="-2.784280"/>
      <trkpt lat="43.435100" lon="-2.784150"/>
      <trkpt lat="43.435120" lon="-2.784020"/>
      <trkpt lat="43.435120" lon="-2.783670"/>
      <trkpt lat="43.435130" lon="-2.783510"/>
      <trkpt lat="43.435160" lon="-2.783370"/>
      <trkpt lat="43.435190" lon="-2.783290"/>
      <trkpt lat="43.435250" lon="-2.783200"/>
      <trkpt lat="43.435340" lon="-2.783120"/>
      <trkpt lat="43.435600" lon="-2.783000"/>
      <trkpt lat="43.435680" lon="-2.782930"/>
      <trkpt lat="43.435740" lon="-2.782840"/>
      <trkpt lat="43.435800" lon="-2.782710"/>
      <trkpt lat="43.435820" lon="-2.782560"/>
      <trkpt lat="43.435890" lon="-2.781700"/>
      <trkpt lat="43.435940" lon="-2.781090"/>
      <trkpt lat="43.435970" lon="-2.780950"/>
      <trkpt lat="43.436030" lon="-2.780850"/>
      <trkpt lat="43.436100" lon="-2.780790"/>
      <trkpt lat="43.436190" lon="-2.780770"/>
      <trkpt lat="43.436260" lon="-2.780790"/>
      <trkpt lat="43.436330" lon="-2.780840"/>
      <trkpt lat="43.436390" lon="-2.780930"/>
      <trkpt lat="43.436400" lon="-2.780950"/>
      <trkpt lat="43.436420" lon="-2.781040"/>
      <trkpt lat="43.436550" lon="-2.781810"/>
      <trkpt lat="43.436720" lon="-2.782700"/>
      <trkpt lat="43.436930" lon="-2.783850"/>
      <trkpt lat="43.436970" lon="-2.784080"/>
      <trkpt lat="43.437050" lon="-2.784460"/>
      <trkpt lat="43.437080" lon="-2.784580"/>
      <trkpt lat="43.437100" lon="-2.784630"/>
      <trkpt lat="43.437150" lon="-2.784700"/>
      <trkpt lat="43.437180" lon="-2.784750"/>
      <trkpt lat="43.437230" lon="-2.784790"/>
      <trkpt lat="43.437270" lon="-2.784830"/>
      <trkpt lat="43.437340" lon="-2.784880"/>
      <trkpt lat="43.437390" lon="-2.784900"/>
      <trkpt lat="43.437450" lon="-2.784930"/>
      <trkpt lat="43.437660" lon="-2.785020"/>
      <trkpt lat="43.437830" lon="-2.785070"/>
      <trkpt lat="43.437970" lon="-2.785070"/>
      <trkpt lat="43.438090" lon="-2.785030"/>
      <trkpt lat="43.438190" lon="-2.784950"/>
      <trkpt lat="43.438270" lon="-2.784860"/>
      <trkpt lat="43.438380" lon="-2.784700"/>
      <trkpt lat="43.438480" lon="-2.784550"/>
      <trkpt lat="43.438740" lon="-2.784230"/>
      <trkpt lat="43.438800" lon="-2.784160"/>
      <trkpt lat="43.438860" lon="-2.784070"/>
      <trkpt lat="43.438930" lon="-2.783960"/>
      <trkpt lat="43.439020" lon="-2.783730"/>
      <trkpt lat="43.439060" lon="-2.783620"/>
      <trkpt lat="43.439090" lon="-2.783460"/>
      <trkpt lat="43.439110" lon="-2.783290"/>
      <trkpt lat="43.439120" lon="-2.783120"/>
      <trkpt lat="43.439110" lon="-2.782980"/>
      <trkpt lat="43.439090" lon="-2.782850"/>
      <trkpt lat="43.439070" lon="-2.782730"/>
      <trkpt lat="43.439030" lon="-2.782600"/>
      <trkpt lat="43.438980" lon="-2.782440"/>
      <trkpt lat="43.438930" lon="-2.782310"/>
      <trkpt lat="43.438850" lon="-2.782100"/>
      <trkpt lat="43.438780" lon="-2.781910"/>
      <trkpt lat="43.438750" lon="-2.781780"/>
      <trkpt lat="43.438720" lon="-2.781660"/>
      <trkpt lat="43.438700" lon="-2.781530"/>
      <trkpt lat="43.438690" lon="-2.781410"/>
      <trkpt lat="43.438690" lon="-2.781300"/>
      <trkpt lat="43.438690" lon="-2.781180"/>
      <trkpt lat="43.438700" lon="-2.781010"/>
      <trkpt lat="43.438720" lon="-2.780860"/>
      <trkpt lat="43.438730" lon="-2.780690"/>
      <trkpt lat="43.438760" lon="-2.780530"/>
      <trkpt lat="43.438770" lon="-2.780380"/>
      <trkpt lat="43.438790" lon="-2.780200"/>
      <trkpt lat="43.438790" lon="-2.780040"/>
      <trkpt lat="43.438790" lon="-2.779930"/>
      <trkpt lat="43.438770" lon="-2.779800"/>
      <trkpt lat="43.438760" lon="-2.779680"/>
      <trkpt lat="43.438730" lon="-2.779530"/>
      <trkpt lat="43.438710" lon="-2.779420"/>
      <trkpt lat="43.438570" lon="-2.778800"/>
      <trkpt lat="43.438540" lon="-2.778570"/>
      <trkpt lat="43.438530" lon="-2.778410"/>
      <trkpt lat="43.438520" lon="-2.778250"/>
      <trkpt lat="43.438520" lon="-2.778110"/>
      <trkpt lat="43.438520" lon="-2.777970"/>
      <trkpt lat="43.438540" lon="-2.777810"/>
      <trkpt lat="43.438570" lon="-2.777660"/>
      <trkpt lat="43.438600" lon="-2.777510"/>
      <trkpt lat="43.438640" lon="-2.777370"/>
      <trkpt lat="43.438690" lon="-2.777240"/>
      <trkpt lat="43.438740" lon="-2.777100"/>
      <trkpt lat="43.438790" lon="-2.777010"/>
      <trkpt lat="43.438860" lon="-2.776870"/>
      <trkpt lat="43.438960" lon="-2.776720"/>
      <trkpt lat="43.439060" lon="-2.776590"/>
      <trkpt lat="43.439170" lon="-2.776470"/>
      <trkpt lat="43.439710" lon="-2.775880"/>
      <trkpt lat="43.439900" lon="-2.775650"/>
      <trkpt lat="43.440000" lon="-2.775490"/>
      <trkpt lat="43.440100" lon="-2.775320"/>
      <trkpt lat="43.440220" lon="-2.775070"/>
      <trkpt lat="43.440300" lon="-2.774870"/>
      <trkpt lat="43.440390" lon="-2.774630"/>
      <trkpt lat="43.440450" lon="-2.774370"/>
      <trkpt lat="43.440500" lon="-2.774090"/>
      <trkpt lat="43.440530" lon="-2.773860"/>
      <trkpt lat="43.440550" lon="-2.773580"/>
      <trkpt lat="43.440560" lon="-2.773170"/>
      <trkpt lat="43.440560" lon="-2.772470"/>
      <trkpt lat="43.440570" lon="-2.771810"/>
      <trkpt lat="43.440580" lon="-2.771510"/>
      <trkpt lat="43.440600" lon="-2.771260"/>
      <trkpt lat="43.440640" lon="-2.770910"/>
      <trkpt lat="43.440680" lon="-2.770590"/>
      <trkpt lat="43.440750" lon="-2.770280"/>
      <trkpt lat="43.440780" lon="-2.770140"/>
      <trkpt lat="43.440830" lon="-2.769950"/>
      <trkpt lat="43.440900" lon="-2.769680"/>
      <trkpt lat="43.441010" lon="-2.769370"/>
      <trkpt lat="43.441140" lon="-2.769030"/>
      <trkpt lat="43.441280" lon="-2.768740"/>
      <trkpt lat="43.441360" lon="-2.768560"/>
      <trkpt lat="43.441570" lon="-2.768190"/>
      <trkpt lat="43.441680" lon="-2.768020"/>
      <trkpt lat="43.441800" lon="-2.767850"/>
      <trkpt lat="43.441970" lon="-2.767630"/>
      <trkpt lat="43.442220" lon="-2.767330"/>
      <trkpt lat="43.442540" lon="-2.766990"/>
      <trkpt lat="43.443000" lon="-2.766490"/>
      <trkpt lat="43.443210" lon="-2.766250"/>
      <trkpt lat="43.443400" lon="-2.766010"/>
      <trkpt lat="43.443590" lon="-2.765730"/>
      <trkpt lat="43.443760" lon="-2.765470"/>
      <trkpt lat="43.443920" lon="-2.765180"/>
      <trkpt lat="43.444090" lon="-2.764830"/>
      <trkpt lat="43.444180" lon="-2.764610"/>
      <trkpt lat="43.444350" lon="-2.764190"/>
      <trkpt lat="43.444500" lon="-2.763660"/>
      <trkpt lat="43.444590" lon="-2.763270"/>
      <trkpt lat="43.444680" lon="-2.762820"/>
      <trkpt lat="43.444810" lon="-2.762060"/>
      <trkpt lat="43.444870" lon="-2.761720"/>
      <trkpt lat="43.444970" lon="-2.761380"/>
      <trkpt lat="43.445040" lon="-2.761150"/>
      <trkpt lat="43.445110" lon="-2.760950"/>
      <trkpt lat="43.445190" lon="-2.760760"/>
      <trkpt lat="43.445310" lon="-2.760490"/>
      <trkpt lat="43.445580" lon="-2.759940"/>
      <trkpt lat="43.445670" lon="-2.759730"/>
      <trkpt lat="43.445740" lon="-2.759560"/>
      <trkpt lat="43.445790" lon="-2.759400"/>
      <trkpt lat="43.445840" lon="-2.759230"/>
      <trkpt lat="43.445880" lon="-2.759050"/>
      <trkpt lat="43.445940" lon="-2.758740"/>
      <trkpt lat="43.446000" lon="-2.758370"/>
      <trkpt lat="43.446060" lon="-2.758050"/>
      <trkpt lat="43.446100" lon="-2.757810"/>
      <trkpt lat="43.446130" lon="-2.757720"/>
      <trkpt lat="43.446140" lon="-2.757660"/>
      <trkpt lat="43.446190" lon="-2.757510"/>
      <trkpt lat="43.446290" lon="-2.757250"/>
      <trkpt lat="43.446340" lon="-2.757150"/>
      <trkpt lat="43.446370" lon="-2.757090"/>
      <trkpt lat="43.446490" lon="-2.756930"/>
      <trkpt lat="43.446890" lon="-2.756390"/>
      <trkpt lat="43.446970" lon="-2.756260"/>
      <trkpt lat="43.447040" lon="-2.756150"/>
      <trkpt lat="43.447080" lon="-2.756030"/>
      <trkpt lat="43.447100" lon="-2.755920"/>
      <trkpt lat="43.447080" lon="-2.755810"/>
      <trkpt lat="43.447030" lon="-2.755670"/>
      <trkpt lat="43.446950" lon="-2.755550"/>
      <trkpt lat="43.446860" lon="-2.755470"/>
      <trkpt lat="43.446720" lon="-2.755370"/>
      <trkpt lat="43.446590" lon="-2.755300"/>
      <trkpt lat="43.446170" lon="-2.755090"/>
      <trkpt lat="43.446070" lon="-2.755050"/>
      <trkpt lat="43.445450" lon="-2.754920"/>
      <trkpt lat="43.445230" lon="-2.754880"/>
      <trkpt lat="43.445090" lon="-2.754860"/>
      <trkpt lat="43.444990" lon="-2.754870"/>
      <trkpt lat="43.444820" lon="-2.754910"/>
      <trkpt lat="43.444590" lon="-2.754960"/>
      <trkpt lat="43.444370" lon="-2.754980"/>
      <trkpt lat="43.444210" lon="-2.755020"/>
      <trkpt lat="43.444050" lon="-2.755070"/>
      <trkpt lat="43.443970" lon="-2.755080"/>
      <trkpt lat="43.443900" lon="-2.755060"/>
      <trkpt lat="43.443820" lon="-2.755010"/>
      <trkpt lat="43.443710" lon="-2.754900"/>
      <trkpt lat="43.443610" lon="-2.754800"/>
      <trkpt lat="43.443530" lon="-2.754760"/>
      <trkpt lat="43.443450" lon="-2.754740"/>
      <trkpt lat="43.443290" lon="-2.754730"/>
      <trkpt lat="43.443170" lon="-2.754720"/>
      <trkpt lat="43.443070" lon="-2.754690"/>
      <trkpt lat="43.442970" lon="-2.754610"/>
      <trkpt lat="43.442750" lon="-2.754320"/>
      <trkpt lat="43.442650" lon="-2.754230"/>
      <trkpt lat="43.442550" lon="-2.754180"/>
      <trkpt lat="43.442430" lon="-2.754180"/>
      <trkpt lat="43.442290" lon="-2.754200"/>
      <trkpt lat="43.442210" lon="-2.754190"/>
      <trkpt lat="43.442130" lon="-2.754150"/>
      <trkpt lat="43.441990" lon="-2.754040"/>
      <trkpt lat="43.441890" lon="-2.753970"/>
      <trkpt lat="43.441710" lon="-2.753870"/>
      <trkpt lat="43.441580" lon="-2.753800"/>
      <trkpt lat="43.441490" lon="-2.753720"/>
      <trkpt lat="43.441440" lon="-2.753650"/>
      <trkpt lat="43.441390" lon="-2.753570"/>
      <trkpt lat="43.441340" lon="-2.753500"/>
      <trkpt lat="43.441200" lon="-2.753370"/>
      <trkpt lat="43.441010" lon="-2.753280"/>
      <trkpt lat="43.440870" lon="-2.753200"/>
      <trkpt lat="43.440800" lon="-2.753130"/>
      <trkpt lat="43.440700" lon="-2.752910"/>
      <trkpt lat="43.440610" lon="-2.752710"/>
      <trkpt lat="43.440480" lon="-2.752530"/>
      <trkpt lat="43.440280" lon="-2.752350"/>
      <trkpt lat="43.440240" lon="-2.752280"/>
      <trkpt lat="43.440180" lon="-2.752120"/>
      <trkpt lat="43.440130" lon="-2.751800"/>
      <trkpt lat="43.440100" lon="-2.751620"/>
      <trkpt lat="43.440030" lon="-2.751220"/>
      <trkpt lat="43.439960" lon="-2.750990"/>
      <trkpt lat="43.439880" lon="-2.750810"/>
      <trkpt lat="43.439750" lon="-2.750630"/>
      <trkpt lat="43.439620" lon="-2.750470"/>
      <trkpt lat="43.439370" lon="-2.750250"/>
      <trkpt lat="43.439060" lon="-2.750000"/>
      <trkpt lat="43.438900" lon="-2.749890"/>
      <trkpt lat="43.438810" lon="-2.749860"/>
      <trkpt lat="43.438670" lon="-2.749880"/>
      <trkpt lat="43.438170" lon="-2.750040"/>
      <trkpt lat="43.438060" lon="-2.750060"/>
      <trkpt lat="43.437990" lon="-2.750060"/>
      <trkpt lat="43.437820" lon="-2.749930"/>
      <trkpt lat="43.437570" lon="-2.749680"/>
      <trkpt lat="43.437500" lon="-2.749590"/>
      <trkpt lat="43.437430" lon="-2.749520"/>
      <trkpt lat="43.437330" lon="-2.749330"/>
      <trkpt lat="43.437280" lon="-2.749180"/>
      <trkpt lat="43.437170" lon="-2.748740"/>
      <trkpt lat="43.437090" lon="-2.748630"/>
      <trkpt lat="43.436990" lon="-2.748590"/>
      <trkpt lat="43.436800" lon="-2.748580"/>
      <trkpt lat="43.436660" lon="-2.748570"/>
      <trkpt lat="43.436590" lon="-2.748550"/>
      <trkpt lat="43.436490" lon="-2.748500"/>
      <trkpt lat="43.436060" lon="-2.748140"/>
      <trkpt lat="43.435700" lon="-2.747860"/>
      <trkpt lat="43.435330" lon="-2.747630"/>
      <trkpt lat="43.435160" lon="-2.747510"/>
      <trkpt lat="43.435040" lon="-2.747350"/>
      <trkpt lat="43.434770" lon="-2.746840"/>
      <trkpt lat="43.434610" lon="-2.746550"/>
      <trkpt lat="43.434540" lon="-2.746450"/>
      <trkpt lat="43.434450" lon="-2.746360"/>
      <trkpt lat="43.434340" lon="-2.746320"/>
      <trkpt lat="43.433970" lon="-2.746310"/>
      <trkpt lat="43.433850" lon="-2.746290"/>
      <trkpt lat="43.433620" lon="-2.746210"/>
      <trkpt lat="43.433420" lon="-2.746140"/>
      <trkpt lat="43.433270" lon="-2.746050"/>
      <trkpt lat="43.433140" lon="-2.745900"/>
      <trkpt lat="43.433050" lon="-2.745740"/>
      <trkpt lat="43.432890" lon="-2.745390"/>
      <trkpt lat="43.432840" lon="-2.745250"/>
      <trkpt lat="43.432770" lon="-2.745130"/>
      <trkpt lat="43.432710" lon="-2.745060"/>
      <trkpt lat="43.432610" lon="-2.745040"/>
      <trkpt lat="43.432520" lon="-2.745040"/>
      <trkpt lat="43.432430" lon="-2.745100"/>
      <trkpt lat="43.432300" lon="-2.745250"/>
      <trkpt lat="43.432190" lon="-2.745410"/>
      <trkpt lat="43.432090" lon="-2.745610"/>
      <trkpt lat="43.431990" lon="-2.745910"/>
      <trkpt lat="43.431900" lon="-2.746250"/>
      <trkpt lat="43.431820" lon="-2.746540"/>
      <trkpt lat="43.431760" lon="-2.746880"/>
      <trkpt lat="43.431710" lon="-2.747250"/>
      <trkpt lat="43.431640" lon="-2.747600"/>
      <trkpt lat="43.431620" lon="-2.747680"/>
      <trkpt lat="43.431560" lon="-2.747760"/>
      <trkpt lat="43.431480" lon="-2.747780"/>
      <trkpt lat="43.431390" lon="-2.747770"/>
      <trkpt lat="43.431340" lon="-2.747740"/>
      <trkpt lat="43.431290" lon="-2.747580"/>
      <trkpt lat="43.431200" lon="-2.747250"/>
      <trkpt lat="43.431010" lon="-2.746530"/>
      <trkpt lat="43.430970" lon="-2.746290"/>
      <trkpt lat="43.431000" lon="-2.746170"/>
      <trkpt lat="43.431100" lon="-2.745750"/>
      <trkpt lat="43.431110" lon="-2.745610"/>
      <trkpt lat="43.431100" lon="-2.745420"/>
      <trkpt lat="43.431060" lon="-2.745260"/>
      <trkpt lat="43.430970" lon="-2.745020"/>
      <trkpt lat="43.430910" lon="-2.744790"/>
      <trkpt lat="43.430890" lon="-2.744660"/>
      <trkpt lat="43.430890" lon="-2.744450"/>
      <trkpt lat="43.430940" lon="-2.744000"/>
      <trkpt lat="43.430960" lon="-2.743860"/>
      <trkpt lat="43.431000" lon="-2.743750"/>
      <trkpt lat="43.431090" lon="-2.743580"/>
      <trkpt lat="43.431120" lon="-2.743490"/>
      <trkpt lat="43.431150" lon="-2.743330"/>
      <trkpt lat="43.431160" lon="-2.743130"/>
      <trkpt lat="43.431170" lon="-2.742800"/>
      <trkpt lat="43.431170" lon="-2.742610"/>
      <trkpt lat="43.431160" lon="-2.742410"/>
      <trkpt lat="43.431090" lon="-2.742040"/>
      <trkpt lat="43.431040" lon="-2.741770"/>
      <trkpt lat="43.431000" lon="-2.741630"/>
      <trkpt lat="43.430930" lon="-2.741510"/>
      <trkpt lat="43.430850" lon="-2.741440"/>
      <trkpt lat="43.430730" lon="-2.741370"/>
      <trkpt lat="43.430620" lon="-2.741350"/>
      <trkpt lat="43.430510" lon="-2.741370"/>
      <trkpt lat="43.430270" lon="-2.741450"/>
      <trkpt lat="43.430130" lon="-2.741470"/>
      <trkpt lat="43.429910" lon="-2.741450"/>
      <trkpt lat="43.429830" lon="-2.741430"/>
      <trkpt lat="43.429760" lon="-2.741370"/>
      <trkpt lat="43.429580" lon="-2.741130"/>
      <trkpt lat="43.429470" lon="-2.741050"/>
      <trkpt lat="43.429410" lon="-2.741020"/>
      <trkpt lat="43.429370" lon="-2.741000"/>
      <trkpt lat="43.429320" lon="-2.741000"/>
      <trkpt lat="43.429260" lon="-2.741010"/>
      <trkpt lat="43.429210" lon="-2.741020"/>
      <trkpt lat="43.429150" lon="-2.741030"/>
      <trkpt lat="43.429100" lon="-2.741030"/>
      <trkpt lat="43.429060" lon="-2.741020"/>
      <trkpt lat="43.429000" lon="-2.740990"/>
      <trkpt lat="43.428970" lon="-2.740960"/>
      <trkpt lat="43.428940" lon="-2.740920"/>
      <trkpt lat="43.428890" lon="-2.740850"/>
      <trkpt lat="43.428870" lon="-2.740820"/>
      <trkpt lat="43.428830" lon="-2.740740"/>
      <trkpt lat="43.428780" lon="-2.740610"/>
      <trkpt lat="43.428740" lon="-2.740500"/>
      <trkpt lat="43.428690" lon="-2.740320"/>
      <trkpt lat="43.428670" lon="-2.740250"/>
      <trkpt lat="43.428640" lon="-2.740190"/>
      <trkpt lat="43.428590" lon="-2.740120"/>
      <trkpt lat="43.428510" lon="-2.740060"/>
      <trkpt lat="43.428420" lon="-2.740000"/>
      <trkpt lat="43.428350" lon="-2.739960"/>
      <trkpt lat="43.428280" lon="-2.739930"/>
      <trkpt lat="43.428240" lon="-2.739920"/>
      <trkpt lat="43.428200" lon="-2.739930"/>
      <trkpt lat="43.428160" lon="-2.739940"/>
      <trkpt lat="43.428120" lon="-2.739970"/>
      <trkpt lat="43.427960" lon="-2.740170"/>
      <trkpt lat="43.427860" lon="-2.740270"/>
      <trkpt lat="43.427810" lon="-2.740320"/>
      <trkpt lat="43.427760" lon="-2.740360"/>
      <trkpt lat="43.427530" lon="-2.740540"/>
      <trkpt lat="43.427410" lon="-2.740670"/>
      <trkpt lat="43.427330" lon="-2.740790"/>
      <trkpt lat="43.427260" lon="-2.740890"/>
      <trkpt lat="43.427190" lon="-2.740960"/>
      <trkpt lat="43.427100" lon="-2.741000"/>
      <trkpt lat="43.426720" lon="-2.741080"/>
      <trkpt lat="43.426570" lon="-2.741120"/>
      <trkpt lat="43.426440" lon="-2.741200"/>
      <trkpt lat="43.426170" lon="-2.741580"/>
      <trkpt lat="43.425910" lon="-2.741930"/>
      <trkpt lat="43.425830" lon="-2.742000"/>
      <trkpt lat="43.425750" lon="-2.742010"/>
      <trkpt lat="43.425720" lon="-2.742000"/>
      <trkpt lat="43.425640" lon="-2.741940"/>
      <trkpt lat="43.425570" lon="-2.741790"/>
      <trkpt lat="43.425530" lon="-2.741640"/>
      <trkpt lat="43.425510" lon="-2.741450"/>
      <trkpt lat="43.425540" lon="-2.741230"/>
      <trkpt lat="43.425580" lon="-2.741000"/>
      <trkpt lat="43.425610" lon="-2.740870"/>
      <trkpt lat="43.425620" lon="-2.740360"/>
      <trkpt lat="43.425630" lon="-2.740130"/>
      <trkpt lat="43.425610" lon="-2.740040"/>
      <trkpt lat="43.425570" lon="-2.739910"/>
      <trkpt lat="43.425500" lon="-2.739760"/>
      <trkpt lat="43.425410" lon="-2.739650"/>
      <trkpt lat="43.425150" lon="-2.739410"/>
      <trkpt lat="43.425020" lon="-2.739250"/>
      <trkpt lat="43.424930" lon="-2.739130"/>
      <trkpt lat="43.424840" lon="-2.738960"/>
      <trkpt lat="43.424770" lon="-2.738780"/>
      <trkpt lat="43.424730" lon="-2.738610"/>
      <trkpt lat="43.424690" lon="-2.738410"/>
      <trkpt lat="43.424670" lon="-2.738220"/>
      <trkpt lat="43.424640" lon="-2.738090"/>
      <trkpt lat="43.424570" lon="-2.737830"/>
      <trkpt lat="43.424500" lon="-2.737580"/>
      <trkpt lat="43.424430" lon="-2.737270"/>
      <trkpt lat="43.424370" lon="-2.736990"/>
      <trkpt lat="43.424350" lon="-2.736850"/>
      <trkpt lat="43.424360" lon="-2.736450"/>
      <trkpt lat="43.424400" lon="-2.736270"/>
      <trkpt lat="43.424430" lon="-2.736160"/>
      <trkpt lat="43.424490" lon="-2.735980"/>
      <trkpt lat="43.424730" lon="-2.735370"/>
      <trkpt lat="43.424770" lon="-2.735210"/>
      <trkpt lat="43.424770" lon="-2.734960"/>
      <trkpt lat="43.424760" lon="-2.734610"/>
      <trkpt lat="43.424770" lon="-2.734450"/>
      <trkpt lat="43.424780" lon="-2.734370"/>
      <trkpt lat="43.424810" lon="-2.734290"/>
      <trkpt lat="43.424900" lon="-2.734140"/>
      <trkpt lat="43.424970" lon="-2.734000"/>
      <trkpt lat="43.425010" lon="-2.733920"/>
      <trkpt lat="43.425020" lon="-2.733850"/>
      <trkpt lat="43.425020" lon="-2.733740"/>
      <trkpt lat="43.425010" lon="-2.733680"/>
      <trkpt lat="43.425010" lon="-2.733630"/>
      <trkpt lat="43.424900" lon="-2.733220"/>
      <trkpt lat="43.424790" lon="-2.732790"/>
      <trkpt lat="43.424710" lon="-2.732590"/>
      <trkpt lat="43.424640" lon="-2.732490"/>
      <trkpt lat="43.424570" lon="-2.732410"/>
      <trkpt lat="43.424490" lon="-2.732350"/>
      <trkpt lat="43.424400" lon="-2.732280"/>
      <trkpt lat="43.424340" lon="-2.732210"/>
      <trkpt lat="43.424270" lon="-2.732100"/>
      <trkpt lat="43.424220" lon="-2.731980"/>
      <trkpt lat="43.424050" lon="-2.731510"/>
      <trkpt lat="43.423980" lon="-2.731350"/>
      <trkpt lat="43.423910" lon="-2.731110"/>
      <trkpt lat="43.423810" lon="-2.730680"/>
      <trkpt lat="43.423760" lon="-2.730460"/>
      <trkpt lat="43.423730" lon="-2.730250"/>
      <trkpt lat="43.423690" lon="-2.729990"/>
      <trkpt lat="43.423680" lon="-2.729940"/>
      <trkpt lat="43.423670" lon="-2.729870"/>
      <trkpt lat="43.423670" lon="-2.729810"/>
      <trkpt lat="43.423650" lon="-2.729680"/>
      <trkpt lat="43.423620" lon="-2.729520"/>
      <trkpt lat="43.423590" lon="-2.729360"/>
      <trkpt lat="43.423570" lon="-2.729300"/>
      <trkpt lat="43.423560" lon="-2.729250"/>
      <trkpt lat="43.423520" lon="-2.729140"/>
      <trkpt lat="43.423300" lon="-2.728520"/>
      <trkpt lat="43.423210" lon="-2.728280"/>
      <trkpt lat="43.423170" lon="-2.728230"/>
      <trkpt lat="43.423130" lon="-2.728200"/>
      <trkpt lat="43.423090" lon="-2.728170"/>
      <trkpt lat="43.423060" lon="-2.728160"/>
      <trkpt lat="43.423020" lon="-2.728150"/>
      <trkpt lat="43.422960" lon="-2.728140"/>
      <trkpt lat="43.422880" lon="-2.728150"/>
      <trkpt lat="43.422710" lon="-2.728240"/>
      <trkpt lat="43.422660" lon="-2.728270"/>
      <trkpt lat="43.422080" lon="-2.728640"/>
      <trkpt lat="43.421830" lon="-2.728800"/>
      <trkpt lat="43.421710" lon="-2.728840"/>
      <trkpt lat="43.421170" lon="-2.729010"/>
      <trkpt lat="43.421040" lon="-2.729040"/>
      <trkpt lat="43.421030" lon="-2.729050"/>
      <trkpt lat="43.420990" lon="-2.729110"/>
      <trkpt lat="43.420970" lon="-2.729150"/>
      <trkpt lat="43.420970" lon="-2.729180"/>
      <trkpt lat="43.420960" lon="-2.729210"/>
      <trkpt lat="43.420950" lon="-2.729240"/>
      <trkpt lat="43.420930" lon="-2.729260"/>
      <trkpt lat="43.420910" lon="-2.729270"/>
      <trkpt lat="43.420890" lon="-2.729270"/>
      <trkpt lat="43.420870" lon="-2.729270"/>
      <trkpt lat="43.420850" lon="-2.729250"/>
      <trkpt lat="43.420830" lon="-2.729230"/>
      <trkpt lat="43.420820" lon="-2.729200"/>
      <trkpt lat="43.420820" lon="-2.729160"/>
      <trkpt lat="43.420830" lon="-2.729130"/>
      <trkpt lat="43.420840" lon="-2.729110"/>
      <trkpt lat="43.420860" lon="-2.729090"/>
      <trkpt lat="43.420880" lon="-2.729080"/>
      <trkpt lat="43.420900" lon="-2.729070"/>
      <trkpt lat="43.420920" lon="-2.729080"/>
      <trkpt lat="43.420920" lon="-2.728990"/>
      <trkpt lat="43.420770" lon="-2.728240"/>
      <trkpt lat="43.420550" lon="-2.726940"/>
      <trkpt lat="43.420520" lon="-2.726820"/>
      <trkpt lat="43.420500" lon="-2.726720"/>
      <trkpt lat="43.420460" lon="-2.726470"/>
      <trkpt lat="43.420340" lon="-2.725680"/>
      <trkpt lat="43.420340" lon="-2.725640"/>
      <trkpt lat="43.420290" lon="-2.725420"/>
      <trkpt lat="43.420340" lon="-2.725320"/>
      <trkpt lat="43.420400" lon="-2.725230"/>
      <trkpt lat="43.420690" lon="-2.724730"/>
      <trkpt lat="43.420790" lon="-2.724470"/>
      <trkpt lat="43.420830" lon="-2.724380"/>
      <trkpt lat="43.420900" lon="-2.724380"/>
      <trkpt lat="43.421000" lon="-2.724380"/>
      <trkpt lat="43.421000" lon="-2.724440"/>
      <trkpt lat="43.421010" lon="-2.724730"/>
      <trkpt lat="43.421140" lon="-2.725310"/>
      <trkpt lat="43.421110" lon="-2.725180"/>
      <trkpt lat="43.421010" lon="-2.724730"/>
      <trkpt lat="43.421000" lon="-2.724440"/>
      <trkpt lat="43.421000" lon="-2.724380"/>
      <trkpt lat="43.421370" lon="-2.724350"/>
      <trkpt lat="43.421420" lon="-2.724340"/>
      <trkpt lat="43.421470" lon="-2.724420"/>
      <trkpt lat="43.421520" lon="-2.724520"/>
      <trkpt lat="43.421610" lon="-2.724700"/>
      <trkpt lat="43.421790" lon="-2.725070"/>
      <trkpt lat="43.421830" lon="-2.725140"/>
      <trkpt lat="43.421730" lon="-2.725220"/>
      <trkpt lat="43.421270" lon="-2.725450"/>
      <trkpt lat="43.420810" lon="-2.725800"/>
      <trkpt lat="43.420770" lon="-2.725840"/>
      <trkpt lat="43.420780" lon="-2.725900"/>
      <trkpt lat="43.420910" lon="-2.726210"/>
      <trkpt lat="43.421020" lon="-2.726450"/>
      <trkpt lat="43.421040" lon="-2.726540"/>
      <trkpt lat="43.420970" lon="-2.726570"/>
      <trkpt lat="43.420740" lon="-2.726700"/>
      <trkpt lat="43.420590" lon="-2.726790"/>
      <trkpt lat="43.420520" lon="-2.726820"/>
      <trkpt lat="43.420460" lon="-2.726850"/>
      <trkpt lat="43.420260" lon="-2.726960"/>
      <trkpt lat="43.420180" lon="-2.727000"/>
      <trkpt lat="43.419760" lon="-2.727070"/>
      <trkpt lat="43.419600" lon="-2.727080"/>
      <trkpt lat="43.419590" lon="-2.726840"/>
      <trkpt lat="43.419570" lon="-2.726410"/>
      <trkpt lat="43.419540" lon="-2.725850"/>
      <trkpt lat="43.419530" lon="-2.725700"/>
      <trkpt lat="43.419520" lon="-2.725650"/>
      <trkpt lat="43.419520" lon="-2.725620"/>
      <trkpt lat="43.419490" lon="-2.725550"/>
      <trkpt lat="43.419350" lon="-2.725190"/>
      <trkpt lat="43.419130" lon="-2.724620"/>
      <trkpt lat="43.419060" lon="-2.724430"/>
      <trkpt lat="43.419050" lon="-2.724400"/>
      <trkpt lat="43.419020" lon="-2.724360"/>
      <trkpt lat="43.418990" lon="-2.724330"/>
      <trkpt lat="43.418970" lon="-2.724300"/>
      <trkpt lat="43.418790" lon="-2.724170"/>
      <trkpt lat="43.418660" lon="-2.724070"/>
      <trkpt lat="43.418520" lon="-2.723970"/>
      <trkpt lat="43.418480" lon="-2.723930"/>
      <trkpt lat="43.418450" lon="-2.723900"/>
      <trkpt lat="43.418430" lon="-2.723870"/>
      <trkpt lat="43.418420" lon="-2.723880"/>
      <trkpt lat="43.418400" lon="-2.723880"/>
      <trkpt lat="43.418380" lon="-2.723880"/>
      <trkpt lat="43.418360" lon="-2.723880"/>
      <trkpt lat="43.418350" lon="-2.723860"/>
      <trkpt lat="43.418330" lon="-2.723850"/>
      <trkpt lat="43.418320" lon="-2.723820"/>
      <trkpt lat="43.418310" lon="-2.723800"/>
      <trkpt lat="43.418310" lon="-2.723770"/>
      <trkpt lat="43.418270" lon="-2.723760"/>
      <trkpt lat="43.418220" lon="-2.723750"/>
      <trkpt lat="43.418160" lon="-2.723720"/>
      <trkpt lat="43.417830" lon="-2.723500"/>
      <trkpt lat="43.417530" lon="-2.723290"/>
      <trkpt lat="43.417420" lon="-2.723210"/>
      <trkpt lat="43.417270" lon="-2.723120"/>
      <trkpt lat="43.417080" lon="-2.722980"/>
      <trkpt lat="43.417040" lon="-2.722940"/>
      <trkpt lat="43.417010" lon="-2.722890"/>
      <trkpt lat="43.416970" lon="-2.722800"/>
      <trkpt lat="43.416850" lon="-2.722300"/>
      <trkpt lat="43.416800" lon="-2.722020"/>
      <trkpt lat="43.416780" lon="-2.721920"/>
      <trkpt lat="43.416710" lon="-2.721520"/>
      <trkpt lat="43.416640" lon="-2.721060"/>
      <trkpt lat="43.416590" lon="-2.720730"/>
      <trkpt lat="43.416570" lon="-2.720620"/>
      <trkpt lat="43.416550" lon="-2.720440"/>
      <trkpt lat="43.416550" lon="-2.720360"/>
      <trkpt lat="43.416560" lon="-2.720290"/>
      <trkpt lat="43.416600" lon="-2.720120"/>
      <trkpt lat="43.416730" lon="-2.719730"/>
      <trkpt lat="43.416760" lon="-2.719640"/>
      <trkpt lat="43.416820" lon="-2.719390"/>
      <trkpt lat="43.416860" lon="-2.719140"/>
      <trkpt lat="43.416950" lon="-2.718600"/>
      <trkpt lat="43.416960" lon="-2.718440"/>
      <trkpt lat="43.416960" lon="-2.718290"/>
      <trkpt lat="43.416940" lon="-2.718220"/>
      <trkpt lat="43.416920" lon="-2.718040"/>
      <trkpt lat="43.416890" lon="-2.717910"/>
      <trkpt lat="43.416890" lon="-2.717800"/>
      <trkpt lat="43.416910" lon="-2.717700"/>
      <trkpt lat="43.416950" lon="-2.717570"/>
      <trkpt lat="43.417030" lon="-2.717350"/>
      <trkpt lat="43.417080" lon="-2.717110"/>
      <trkpt lat="43.417100" lon="-2.716880"/>
      <trkpt lat="43.417090" lon="-2.716610"/>
      <trkpt lat="43.417020" lon="-2.716170"/>
      <trkpt lat="43.416960" lon="-2.715900"/>
      <trkpt lat="43.416930" lon="-2.715740"/>
      <trkpt lat="43.416920" lon="-2.715570"/>
      <trkpt lat="43.416910" lon="-2.715420"/>
      <trkpt lat="43.416910" lon="-2.715290"/>
      <trkpt lat="43.416910" lon="-2.715200"/>
      <trkpt lat="43.416920" lon="-2.715090"/>
      <trkpt lat="43.416920" lon="-2.715010"/>
      <trkpt lat="43.416920" lon="-2.714960"/>
      <trkpt lat="43.416900" lon="-2.714900"/>
      <trkpt lat="43.416870" lon="-2.714830"/>
      <trkpt lat="43.416830" lon="-2.714790"/>
      <trkpt lat="43.416790" lon="-2.714770"/>
      <trkpt lat="43.416740" lon="-2.714740"/>
      <trkpt lat="43.416690" lon="-2.714700"/>
      <trkpt lat="43.416660" lon="-2.714640"/>
      <trkpt lat="43.416640" lon="-2.714570"/>
      <trkpt lat="43.416640" lon="-2.714490"/>
      <trkpt lat="43.416640" lon="-2.714430"/>
      <trkpt lat="43.416650" lon="-2.714370"/>
      <trkpt lat="43.416680" lon="-2.714320"/>
      <trkpt lat="43.416700" lon="-2.714280"/>
      <trkpt lat="43.416730" lon="-2.714250"/>
      <trkpt lat="43.416770" lon="-2.714220"/>
      <trkpt lat="43.416810" lon="-2.714200"/>
      <trkpt lat="43.416840" lon="-2.714200"/>
      <trkpt lat="43.416870" lon="-2.714180"/>
      <trkpt lat="43.416890" lon="-2.714160"/>
      <trkpt lat="43.416920" lon="-2.714120"/>
      <trkpt lat="43.416950" lon="-2.714080"/>
      <trkpt lat="43.416970" lon="-2.714030"/>
      <trkpt lat="43.417000" lon="-2.713960"/>
      <trkpt lat="43.417010" lon="-2.713930"/>
      <trkpt lat="43.417120" lon="-2.713560"/>
      <trkpt lat="43.417150" lon="-2.713440"/>
      <trkpt lat="43.417180" lon="-2.713350"/>
      <trkpt lat="43.417200" lon="-2.713240"/>
      <trkpt lat="43.417220" lon="-2.713120"/>
      <trkpt lat="43.417240" lon="-2.712990"/>
      <trkpt lat="43.417250" lon="-2.712780"/>
      <trkpt lat="43.417260" lon="-2.711710"/>
      <trkpt lat="43.417310" lon="-2.711380"/>
      <trkpt lat="43.417380" lon="-2.711020"/>
      <trkpt lat="43.417510" lon="-2.710520"/>
      <trkpt lat="43.417570" lon="-2.710210"/>
      <trkpt lat="43.417590" lon="-2.710000"/>
      <trkpt lat="43.417600" lon="-2.709760"/>
      <trkpt lat="43.417590" lon="-2.709580"/>
      <trkpt lat="43.417540" lon="-2.709320"/>
      <trkpt lat="43.417460" lon="-2.709010"/>
      <trkpt lat="43.417310" lon="-2.708550"/>
      <trkpt lat="43.417200" lon="-2.708320"/>
      <trkpt lat="43.417140" lon="-2.708190"/>
      <trkpt lat="43.417070" lon="-2.708030"/>
      <trkpt lat="43.417040" lon="-2.707960"/>
      <trkpt lat="43.416890" lon="-2.707640"/>
      <trkpt lat="43.416640" lon="-2.707190"/>
      <trkpt lat="43.416330" lon="-2.706720"/>
      <trkpt lat="43.415990" lon="-2.706270"/>
      <trkpt lat="43.415660" lon="-2.705880"/>
      <trkpt lat="43.415170" lon="-2.705340"/>
      <trkpt lat="43.414520" lon="-2.704620"/>
      <trkpt lat="43.414110" lon="-2.704200"/>
      <trkpt lat="43.413850" lon="-2.703950"/>
      <trkpt lat="43.413450" lon="-2.703600"/>
      <trkpt lat="43.413260" lon="-2.703440"/>
      <trkpt lat="43.413090" lon="-2.703300"/>
      <trkpt lat="43.412700" lon="-2.702960"/>
      <trkpt lat="43.412270" lon="-2.702560"/>
      <trkpt lat="43.412120" lon="-2.702440"/>
      <trkpt lat="43.411840" lon="-2.702240"/>
      <trkpt lat="43.411490" lon="-2.701980"/>
      <trkpt lat="43.411280" lon="-2.701840"/>
      <trkpt lat="43.410740" lon="-2.701590"/>
      <trkpt lat="43.410680" lon="-2.701550"/>
      <trkpt lat="43.410650" lon="-2.701510"/>
      <trkpt lat="43.410630" lon="-2.701480"/>
      <trkpt lat="43.410620" lon="-2.701460"/>
      <trkpt lat="43.410580" lon="-2.701350"/>
      <trkpt lat="43.410540" lon="-2.701280"/>
      <trkpt lat="43.410490" lon="-2.701200"/>
      <trkpt lat="43.410410" lon="-2.701140"/>
      <trkpt lat="43.410210" lon="-2.700980"/>
      <trkpt lat="43.410030" lon="-2.700840"/>
      <trkpt lat="43.409700" lon="-2.700570"/>
      <trkpt lat="43.409440" lon="-2.700370"/>
      <trkpt lat="43.409350" lon="-2.700300"/>
      <trkpt lat="43.409020" lon="-2.700050"/>
      <trkpt lat="43.409000" lon="-2.700040"/>
      <trkpt lat="43.408910" lon="-2.699960"/>
      <trkpt lat="43.408840" lon="-2.699940"/>
      <trkpt lat="43.408560" lon="-2.700010"/>
      <trkpt lat="43.408430" lon="-2.700040"/>
      <trkpt lat="43.408300" lon="-2.700050"/>
      <trkpt lat="43.408260" lon="-2.700050"/>
      <trkpt lat="43.408180" lon="-2.700040"/>
      <trkpt lat="43.408150" lon="-2.700060"/>
      <trkpt lat="43.407940" lon="-2.699930"/>
      <trkpt lat="43.407770" lon="-2.699780"/>
      <trkpt lat="43.407700" lon="-2.699710"/>
      <trkpt lat="43.407680" lon="-2.699690"/>
      <trkpt lat="43.407590" lon="-2.699630"/>
      <trkpt lat="43.407490" lon="-2.699580"/>
      <trkpt lat="43.407370" lon="-2.699530"/>
      <trkpt lat="43.407160" lon="-2.699410"/>
      <trkpt lat="43.407110" lon="-2.699390"/>
      <trkpt lat="43.407090" lon="-2.699370"/>
      <trkpt lat="43.406460" lon="-2.699200"/>
      <trkpt lat="43.405910" lon="-2.699050"/>
      <trkpt lat="43.405850" lon="-2.699030"/>
      <trkpt lat="43.405830" lon="-2.698990"/>
      <trkpt lat="43.405880" lon="-2.698890"/>
      <trkpt lat="43.405930" lon="-2.698780"/>
      <trkpt lat="43.405950" lon="-2.698750"/>
      <trkpt lat="43.405980" lon="-2.698670"/>
      <trkpt lat="43.406160" lon="-2.698330"/>
      <trkpt lat="43.406170" lon="-2.698320"/>
      <trkpt lat="43.406190" lon="-2.698310"/>
      <trkpt lat="43.406570" lon="-2.698440"/>
      <trkpt lat="43.406720" lon="-2.698490"/>
      <trkpt lat="43.406730" lon="-2.698490"/>
      <trkpt lat="43.406750" lon="-2.698460"/>
      <trkpt lat="43.406790" lon="-2.698200"/>
      <trkpt lat="43.406810" lon="-2.698160"/>
      <trkpt lat="43.407070" lon="-2.697960"/>
      <trkpt lat="43.407180" lon="-2.697860"/>
      <trkpt lat="43.407190" lon="-2.697890"/>
      <trkpt lat="43.407180" lon="-2.698250"/>
      <trkpt lat="43.407200" lon="-2.698410"/>
      <trkpt lat="43.407220" lon="-2.698530"/>
      <trkpt lat="43.407250" lon="-2.698680"/>
      <trkpt lat="43.407250" lon="-2.698790"/>
      <trkpt lat="43.407250" lon="-2.698930"/>
      <trkpt lat="43.407500" lon="-2.698960"/>
      <trkpt lat="43.407540" lon="-2.698960"/>
      <trkpt lat="43.407800" lon="-2.698970"/>
      <trkpt lat="43.407930" lon="-2.698980"/>
      <trkpt lat="43.407990" lon="-2.698990"/>
      <trkpt lat="43.408010" lon="-2.698980"/>
      <trkpt lat="43.408110" lon="-2.698980"/>
      <trkpt lat="43.408140" lon="-2.698970"/>
      <trkpt lat="43.408150" lon="-2.698900"/>
      <trkpt lat="43.408250" lon="-2.698900"/>
      <trkpt lat="43.408280" lon="-2.698950"/>
      <trkpt lat="43.408300" lon="-2.699040"/>
      <trkpt lat="43.408320" lon="-2.699160"/>
      <trkpt lat="43.408320" lon="-2.699160"/>
      <trkpt lat="43.408300" lon="-2.699250"/>
      <trkpt lat="43.408310" lon="-2.699320"/>
      <trkpt lat="43.408260" lon="-2.699380"/>
      <trkpt lat="43.408250" lon="-2.699400"/>
      <trkpt lat="43.408190" lon="-2.699480"/>
      <trkpt lat="43.408150" lon="-2.699560"/>
      <trkpt lat="43.408120" lon="-2.699610"/>
      <trkpt lat="43.408120" lon="-2.699660"/>
      <trkpt lat="43.408120" lon="-2.699810"/>
      <trkpt lat="43.408160" lon="-2.699820"/>
      <trkpt lat="43.408190" lon="-2.699830"/>
      <trkpt lat="43.408160" lon="-2.699820"/>
      <trkpt lat="43.408120" lon="-2.699810"/>
      <trkpt lat="43.408120" lon="-2.699660"/>
      <trkpt lat="43.408120" lon="-2.699610"/>
      <trkpt lat="43.408150" lon="-2.699560"/>
      <trkpt lat="43.408190" lon="-2.699480"/>
      <trkpt lat="43.408250" lon="-2.699400"/>
      <trkpt lat="43.408260" lon="-2.699380"/>
      <trkpt lat="43.408310" lon="-2.699320"/>
      <trkpt lat="43.408300" lon="-2.699250"/>
      <trkpt lat="43.408320" lon="-2.699160"/>
      <trkpt lat="43.408300" lon="-2.699040"/>
      <trkpt lat="43.408280" lon="-2.698950"/>
      <trkpt lat="43.408250" lon="-2.698900"/>
      <trkpt lat="43.408150" lon="-2.698900"/>
      <trkpt lat="43.408140" lon="-2.698970"/>
      <trkpt lat="43.408110" lon="-2.698980"/>
      <trkpt lat="43.408010" lon="-2.698980"/>
      <trkpt lat="43.407990" lon="-2.698990"/>
      <trkpt lat="43.407930" lon="-2.698980"/>
      <trkpt lat="43.407800" lon="-2.698970"/>
      <trkpt lat="43.407540" lon="-2.698960"/>
      <trkpt lat="43.407500" lon="-2.698960"/>
      <trkpt lat="43.407250" lon="-2.698930"/>
      <trkpt lat="43.407230" lon="-2.699040"/>
      <trkpt lat="43.407170" lon="-2.699350"/>
      <trkpt lat="43.407170" lon="-2.699360"/>
      <trkpt lat="43.407160" lon="-2.699410"/>
      <trkpt lat="43.407110" lon="-2.699390"/>
      <trkpt lat="43.407090" lon="-2.699370"/>
      <trkpt lat="43.406460" lon="-2.699200"/>
      <trkpt lat="43.405910" lon="-2.699050"/>
      <trkpt lat="43.405850" lon="-2.699030"/>
      <trkpt lat="43.405830" lon="-2.698990"/>
      <trkpt lat="43.405820" lon="-2.699000"/>
      <trkpt lat="43.405720" lon="-2.699110"/>
      <trkpt lat="43.405670" lon="-2.699180"/>
      <trkpt lat="43.405570" lon="-2.699310"/>
      <trkpt lat="43.405550" lon="-2.699350"/>
      <trkpt lat="43.405410" lon="-2.699630"/>
      <trkpt lat="43.405100" lon="-2.700230"/>
      <trkpt lat="43.405020" lon="-2.700390"/>
      <trkpt lat="43.404980" lon="-2.700450"/>
      <trkpt lat="43.404920" lon="-2.700560"/>
      <trkpt lat="43.404880" lon="-2.700590"/>
      <trkpt lat="43.404850" lon="-2.700610"/>
      <trkpt lat="43.404820" lon="-2.700610"/>
      <trkpt lat="43.404780" lon="-2.700610"/>
      <trkpt lat="43.404670" lon="-2.700590"/>
      <trkpt lat="43.404560" lon="-2.700560"/>
      <trkpt lat="43.404480" lon="-2.700530"/>
      <trkpt lat="43.404430" lon="-2.700500"/>
      <trkpt lat="43.404420" lon="-2.700480"/>
      <trkpt lat="43.404400" lon="-2.700450"/>
      <trkpt lat="43.404360" lon="-2.700400"/>
      <trkpt lat="43.404350" lon="-2.700290"/>
      <trkpt lat="43.404350" lon="-2.700200"/>
      <trkpt lat="43.404340" lon="-2.700080"/>
      <trkpt lat="43.404330" lon="-2.700010"/>
      <trkpt lat="43.404310" lon="-2.699930"/>
      <trkpt lat="43.404140" lon="-2.699480"/>
      <trkpt lat="43.404090" lon="-2.699380"/>
      <trkpt lat="43.404050" lon="-2.699310"/>
      <trkpt lat="43.404000" lon="-2.699260"/>
      <trkpt lat="43.403960" lon="-2.699230"/>
      <trkpt lat="43.403950" lon="-2.699270"/>
      <trkpt lat="43.403930" lon="-2.699280"/>
      <trkpt lat="43.403910" lon="-2.699280"/>
      <trkpt lat="43.403880" lon="-2.699280"/>
      <trkpt lat="43.403840" lon="-2.699250"/>
      <trkpt lat="43.403790" lon="-2.699230"/>
      <trkpt lat="43.403720" lon="-2.699130"/>
      <trkpt lat="43.403510" lon="-2.698530"/>
      <trkpt lat="43.403250" lon="-2.697890"/>
      <trkpt lat="43.403230" lon="-2.697840"/>
      <trkpt lat="43.403130" lon="-2.697620"/>
      <trkpt lat="43.402980" lon="-2.697300"/>
      <trkpt lat="43.402970" lon="-2.697270"/>
      <trkpt lat="43.402840" lon="-2.697030"/>
      <trkpt lat="43.402790" lon="-2.696960"/>
      <trkpt lat="43.402710" lon="-2.696870"/>
      <trkpt lat="43.402660" lon="-2.696830"/>
      <trkpt lat="43.402620" lon="-2.696800"/>
      <trkpt lat="43.402450" lon="-2.696670"/>
      <trkpt lat="43.402200" lon="-2.696480"/>
      <trkpt lat="43.401690" lon="-2.696100"/>
      <trkpt lat="43.401220" lon="-2.695740"/>
      <trkpt lat="43.400700" lon="-2.695340"/>
      <trkpt lat="43.400640" lon="-2.695310"/>
      <trkpt lat="43.400560" lon="-2.695290"/>
      <trkpt lat="43.400530" lon="-2.695280"/>
      <trkpt lat="43.400480" lon="-2.695280"/>
      <trkpt lat="43.400390" lon="-2.695290"/>
      <trkpt lat="43.400300" lon="-2.695310"/>
      <trkpt lat="43.400220" lon="-2.695350"/>
      <trkpt lat="43.400100" lon="-2.695400"/>
      <trkpt lat="43.400000" lon="-2.695460"/>
      <trkpt lat="43.399820" lon="-2.695600"/>
      <trkpt lat="43.399430" lon="-2.696000"/>
      <trkpt lat="43.399340" lon="-2.696120"/>
      <trkpt lat="43.399150" lon="-2.696340"/>
      <trkpt lat="43.399120" lon="-2.696390"/>
      <trkpt lat="43.399020" lon="-2.696600"/>
      <trkpt lat="43.398910" lon="-2.696910"/>
      <trkpt lat="43.398710" lon="-2.697640"/>
      <trkpt lat="43.398660" lon="-2.697810"/>
      <trkpt lat="43.398620" lon="-2.697950"/>
      <trkpt lat="43.398560" lon="-2.698080"/>
      <trkpt lat="43.398510" lon="-2.698160"/>
      <trkpt lat="43.398440" lon="-2.698250"/>
      <trkpt lat="43.398380" lon="-2.698320"/>
      <trkpt lat="43.398290" lon="-2.698380"/>
      <trkpt lat="43.398200" lon="-2.698420"/>
      <trkpt lat="43.398100" lon="-2.698440"/>
      <trkpt lat="43.398000" lon="-2.698440"/>
      <trkpt lat="43.397850" lon="-2.698430"/>
      <trkpt lat="43.397690" lon="-2.698400"/>
      <trkpt lat="43.397590" lon="-2.698370"/>
      <trkpt lat="43.397480" lon="-2.698340"/>
      <trkpt lat="43.397240" lon="-2.698280"/>
      <trkpt lat="43.396530" lon="-2.698070"/>
      <trkpt lat="43.396380" lon="-2.698020"/>
      <trkpt lat="43.396110" lon="-2.697940"/>
      <trkpt lat="43.395580" lon="-2.697770"/>
      <trkpt lat="43.395470" lon="-2.697740"/>
      <trkpt lat="43.395110" lon="-2.697630"/>
      <trkpt lat="43.394450" lon="-2.697430"/>
      <trkpt lat="43.394210" lon="-2.697350"/>
      <trkpt lat="43.393930" lon="-2.697270"/>
      <trkpt lat="43.393860" lon="-2.697250"/>
      <trkpt lat="43.393760" lon="-2.697210"/>
      <trkpt lat="43.393740" lon="-2.697210"/>
      <trkpt lat="43.393270" lon="-2.697060"/>
      <trkpt lat="43.393130" lon="-2.697020"/>
      <trkpt lat="43.393060" lon="-2.697000"/>
      <trkpt lat="43.392750" lon="-2.696910"/>
      <trkpt lat="43.392580" lon="-2.696860"/>
      <trkpt lat="43.392540" lon="-2.696840"/>
      <trkpt lat="43.392060" lon="-2.696700"/>
      <trkpt lat="43.392010" lon="-2.696690"/>
      <trkpt lat="43.391980" lon="-2.696670"/>
      <trkpt lat="43.391950" lon="-2.696640"/>
      <trkpt lat="43.391930" lon="-2.696610"/>
      <trkpt lat="43.391900" lon="-2.696570"/>
      <trkpt lat="43.391840" lon="-2.696460"/>
      <trkpt lat="43.391810" lon="-2.696380"/>
      <trkpt lat="43.391790" lon="-2.696310"/>
      <trkpt lat="43.391780" lon="-2.696220"/>
      <trkpt lat="43.391860" lon="-2.695850"/>
      <trkpt lat="43.391970" lon="-2.695470"/>
      <trkpt lat="43.391980" lon="-2.695350"/>
      <trkpt lat="43.391970" lon="-2.695230"/>
      <trkpt lat="43.391910" lon="-2.694900"/>
      <trkpt lat="43.391880" lon="-2.694780"/>
      <trkpt lat="43.391830" lon="-2.694660"/>
      <trkpt lat="43.391740" lon="-2.694540"/>
      <trkpt lat="43.391650" lon="-2.694490"/>
      <trkpt lat="43.391540" lon="-2.694460"/>
      <trkpt lat="43.391380" lon="-2.694470"/>
      <trkpt lat="43.391240" lon="-2.694490"/>
      <trkpt lat="43.391100" lon="-2.694520"/>
      <trkpt lat="43.391060" lon="-2.694530"/>
      <trkpt lat="43.390970" lon="-2.694560"/>
      <trkpt lat="43.390830" lon="-2.694600"/>
      <trkpt lat="43.390690" lon="-2.694650"/>
      <trkpt lat="43.390370" lon="-2.694800"/>
      <trkpt lat="43.389980" lon="-2.694990"/>
      <trkpt lat="43.389190" lon="-2.695350"/>
      <trkpt lat="43.388990" lon="-2.695450"/>
      <trkpt lat="43.388580" lon="-2.695630"/>
      <trkpt lat="43.388470" lon="-2.695730"/>
      <trkpt lat="43.388430" lon="-2.695770"/>
      <trkpt lat="43.388420" lon="-2.695840"/>
      <trkpt lat="43.388400" lon="-2.695890"/>
      <trkpt lat="43.388360" lon="-2.695940"/>
      <trkpt lat="43.388320" lon="-2.695960"/>
      <trkpt lat="43.388270" lon="-2.695970"/>
      <trkpt lat="43.388220" lon="-2.695950"/>
      <trkpt lat="43.388180" lon="-2.695910"/>
      <trkpt lat="43.388010" lon="-2.695890"/>
      <trkpt lat="43.387930" lon="-2.695920"/>
      <trkpt lat="43.387370" lon="-2.696170"/>
      <trkpt lat="43.386810" lon="-2.696410"/>
      <trkpt lat="43.386660" lon="-2.696480"/>
      <trkpt lat="43.386480" lon="-2.696570"/>
      <trkpt lat="43.385420" lon="-2.697040"/>
      <trkpt lat="43.384780" lon="-2.697350"/>
      <trkpt lat="43.384030" lon="-2.697690"/>
      <trkpt lat="43.383980" lon="-2.697710"/>
      <trkpt lat="43.382770" lon="-2.698270"/>
      <trkpt lat="43.382730" lon="-2.698280"/>
      <trkpt lat="43.382280" lon="-2.698500"/>
      <trkpt lat="43.382200" lon="-2.698550"/>
      <trkpt lat="43.381870" lon="-2.698710"/>
      <trkpt lat="43.381610" lon="-2.698830"/>
      <trkpt lat="43.381420" lon="-2.698920"/>
      <trkpt lat="43.380770" lon="-2.699240"/>
      <trkpt lat="43.380540" lon="-2.699340"/>
      <trkpt lat="43.380310" lon="-2.699440"/>
      <trkpt lat="43.380210" lon="-2.699460"/>
      <trkpt lat="43.379970" lon="-2.699460"/>
      <trkpt lat="43.379890" lon="-2.699460"/>
      <trkpt lat="43.379750" lon="-2.699450"/>
      <trkpt lat="43.379500" lon="-2.699440"/>
      <trkpt lat="43.379280" lon="-2.699440"/>
      <trkpt lat="43.378580" lon="-2.699420"/>
      <trkpt lat="43.378400" lon="-2.699410"/>
      <trkpt lat="43.378230" lon="-2.699400"/>
      <trkpt lat="43.378090" lon="-2.699420"/>
      <trkpt lat="43.378040" lon="-2.699430"/>
      <trkpt lat="43.378020" lon="-2.699450"/>
      <trkpt lat="43.378000" lon="-2.699470"/>
      <trkpt lat="43.377980" lon="-2.699480"/>
      <trkpt lat="43.377950" lon="-2.699480"/>
      <trkpt lat="43.377930" lon="-2.699480"/>
      <trkpt lat="43.377920" lon="-2.699460"/>
      <trkpt lat="43.377710" lon="-2.699370"/>
      <trkpt lat="43.377430" lon="-2.699380"/>
      <trkpt lat="43.376550" lon="-2.699370"/>
      <trkpt lat="43.376490" lon="-2.699370"/>
      <trkpt lat="43.376400" lon="-2.699370"/>
      <trkpt lat="43.375920" lon="-2.699360"/>
      <trkpt lat="43.375420" lon="-2.699340"/>
      <trkpt lat="43.375270" lon="-2.699310"/>
      <trkpt lat="43.375160" lon="-2.699290"/>
      <trkpt lat="43.375120" lon="-2.699280"/>
      <trkpt lat="43.374900" lon="-2.699200"/>
      <trkpt lat="43.374700" lon="-2.699090"/>
      <trkpt lat="43.374310" lon="-2.698840"/>
      <trkpt lat="43.373920" lon="-2.698570"/>
      <trkpt lat="43.373880" lon="-2.698540"/>
      <trkpt lat="43.373560" lon="-2.698320"/>
      <trkpt lat="43.372320" lon="-2.697450"/>
      <trkpt lat="43.372180" lon="-2.697350"/>
      <trkpt lat="43.371730" lon="-2.697050"/>
      <trkpt lat="43.371550" lon="-2.696920"/>
      <trkpt lat="43.371510" lon="-2.696890"/>
      <trkpt lat="43.371010" lon="-2.696540"/>
      <trkpt lat="43.370870" lon="-2.696440"/>
      <trkpt lat="43.370660" lon="-2.696290"/>
      <trkpt lat="43.369570" lon="-2.695530"/>
      <trkpt lat="43.369340" lon="-2.695360"/>
      <trkpt lat="43.369180" lon="-2.695340"/>
      <trkpt lat="43.369110" lon="-2.695360"/>
      <trkpt lat="43.369050" lon="-2.695380"/>
      <trkpt lat="43.369000" lon="-2.695380"/>
      <trkpt lat="43.368950" lon="-2.695350"/>
      <trkpt lat="43.368910" lon="-2.695300"/>
      <trkpt lat="43.368890" lon="-2.695230"/>
      <trkpt lat="43.368880" lon="-2.695160"/>
      <trkpt lat="43.368820" lon="-2.695060"/>
      <trkpt lat="43.368760" lon="-2.694970"/>
      <trkpt lat="43.368370" lon="-2.694700"/>
      <trkpt lat="43.368260" lon="-2.694630"/>
      <trkpt lat="43.368210" lon="-2.694600"/>
      <trkpt lat="43.368160" lon="-2.694560"/>
      <trkpt lat="43.368140" lon="-2.694540"/>
      <trkpt lat="43.368080" lon="-2.694500"/>
      <trkpt lat="43.367820" lon="-2.694320"/>
      <trkpt lat="43.367750" lon="-2.694270"/>
      <trkpt lat="43.367670" lon="-2.694220"/>
      <trkpt lat="43.367320" lon="-2.693980"/>
      <trkpt lat="43.367250" lon="-2.693930"/>
      <trkpt lat="43.367200" lon="-2.693890"/>
      <trkpt lat="43.366310" lon="-2.693250"/>
      <trkpt lat="43.365760" lon="-2.692860"/>
      <trkpt lat="43.365670" lon="-2.692790"/>
      <trkpt lat="43.364970" lon="-2.692280"/>
      <trkpt lat="43.364650" lon="-2.692040"/>
      <trkpt lat="43.364140" lon="-2.691680"/>
      <trkpt lat="43.363390" lon="-2.691150"/>
      <trkpt lat="43.363340" lon="-2.691110"/>
      <trkpt lat="43.363200" lon="-2.691010"/>
      <trkpt lat="43.363030" lon="-2.690900"/>
      <trkpt lat="43.362770" lon="-2.690710"/>
      <trkpt lat="43.362620" lon="-2.690600"/>
      <trkpt lat="43.362310" lon="-2.690390"/>
      <trkpt lat="43.361600" lon="-2.689910"/>
      <trkpt lat="43.361360" lon="-2.689750"/>
      <trkpt lat="43.361310" lon="-2.689720"/>
      <trkpt lat="43.361060" lon="-2.689540"/>
      <trkpt lat="43.360230" lon="-2.688960"/>
      <trkpt lat="43.359490" lon="-2.688440"/>
      <trkpt lat="43.359290" lon="-2.688310"/>
      <trkpt lat="43.358950" lon="-2.688060"/>
      <trkpt lat="43.358730" lon="-2.687910"/>
      <trkpt lat="43.358410" lon="-2.687680"/>
      <trkpt lat="43.358340" lon="-2.687630"/>
      <trkpt lat="43.357790" lon="-2.687240"/>
      <trkpt lat="43.357530" lon="-2.687080"/>
      <trkpt lat="43.357400" lon="-2.687020"/>
      <trkpt lat="43.357220" lon="-2.686940"/>
      <trkpt lat="43.356380" lon="-2.686550"/>
      <trkpt lat="43.356280" lon="-2.686500"/>
      <trkpt lat="43.355550" lon="-2.686180"/>
      <trkpt lat="43.355380" lon="-2.686080"/>
      <trkpt lat="43.355270" lon="-2.686000"/>
      <trkpt lat="43.355220" lon="-2.685960"/>
      <trkpt lat="43.355010" lon="-2.685780"/>
      <trkpt lat="43.354750" lon="-2.685540"/>
      <trkpt lat="43.354330" lon="-2.685150"/>
      <trkpt lat="43.353780" lon="-2.684660"/>
      <trkpt lat="43.353170" lon="-2.684130"/>
      <trkpt lat="43.353100" lon="-2.684070"/>
      <trkpt lat="43.352680" lon="-2.683690"/>
      <trkpt lat="43.352580" lon="-2.683600"/>
      <trkpt lat="43.352480" lon="-2.683520"/>
      <trkpt lat="43.352420" lon="-2.683480"/>
      <trkpt lat="43.351890" lon="-2.683040"/>
      <trkpt lat="43.351810" lon="-2.682960"/>
      <trkpt lat="43.351570" lon="-2.682730"/>
      <trkpt lat="43.351510" lon="-2.682680"/>
      <trkpt lat="43.351480" lon="-2.682640"/>
      <trkpt lat="43.351370" lon="-2.682530"/>
      <trkpt lat="43.351330" lon="-2.682490"/>
      <trkpt lat="43.351320" lon="-2.682480"/>
      <trkpt lat="43.351270" lon="-2.682440"/>
      <trkpt lat="43.351140" lon="-2.682340"/>
      <trkpt lat="43.351040" lon="-2.682270"/>
      <trkpt lat="43.351010" lon="-2.682250"/>
      <trkpt lat="43.350860" lon="-2.682140"/>
      <trkpt lat="43.350700" lon="-2.682030"/>
      <trkpt lat="43.350440" lon="-2.681900"/>
      <trkpt lat="43.349140" lon="-2.681270"/>
      <trkpt lat="43.347950" lon="-2.680670"/>
      <trkpt lat="43.347340" lon="-2.680370"/>
      <trkpt lat="43.346720" lon="-2.680060"/>
      <trkpt lat="43.346430" lon="-2.679910"/>
      <trkpt lat="43.346100" lon="-2.679750"/>
      <trkpt lat="43.346030" lon="-2.679710"/>
      <trkpt lat="43.345140" lon="-2.679270"/>
      <trkpt lat="43.344870" lon="-2.679150"/>
      <trkpt lat="43.344540" lon="-2.679010"/>
      <trkpt lat="43.343230" lon="-2.678480"/>
      <trkpt lat="43.342190" lon="-2.678060"/>
      <trkpt lat="43.341740" lon="-2.677880"/>
      <trkpt lat="43.340880" lon="-2.677540"/>
      <trkpt lat="43.340670" lon="-2.677460"/>
      <trkpt lat="43.339710" lon="-2.677050"/>
      <trkpt lat="43.339580" lon="-2.677000"/>
      <trkpt lat="43.338800" lon="-2.676690"/>
      <trkpt lat="43.338290" lon="-2.676480"/>
      <trkpt lat="43.337820" lon="-2.676280"/>
      <trkpt lat="43.337640" lon="-2.676240"/>
      <trkpt lat="43.337500" lon="-2.676220"/>
      <trkpt lat="43.337350" lon="-2.676230"/>
      <trkpt lat="43.336870" lon="-2.676300"/>
      <trkpt lat="43.336610" lon="-2.676340"/>
      <trkpt lat="43.335810" lon="-2.676450"/>
      <trkpt lat="43.335040" lon="-2.676530"/>
      <trkpt lat="43.334820" lon="-2.676560"/>
      <trkpt lat="43.334630" lon="-2.676590"/>
      <trkpt lat="43.334460" lon="-2.676620"/>
      <trkpt lat="43.334290" lon="-2.676640"/>
      <trkpt lat="43.333150" lon="-2.676810"/>
      <trkpt lat="43.332190" lon="-2.676940"/>
      <trkpt lat="43.332050" lon="-2.676960"/>
      <trkpt lat="43.331960" lon="-2.676970"/>
      <trkpt lat="43.331890" lon="-2.676980"/>
      <trkpt lat="43.331130" lon="-2.677100"/>
      <trkpt lat="43.331080" lon="-2.677110"/>
      <trkpt lat="43.331020" lon="-2.677120"/>
      <trkpt lat="43.330920" lon="-2.677130"/>
      <trkpt lat="43.330760" lon="-2.677150"/>
      <trkpt lat="43.330530" lon="-2.677160"/>
      <trkpt lat="43.330340" lon="-2.677190"/>
      <trkpt lat="43.329470" lon="-2.677290"/>
      <trkpt lat="43.328640" lon="-2.677400"/>
      <trkpt lat="43.327540" lon="-2.677540"/>
      <trkpt lat="43.326870" lon="-2.677640"/>
      <trkpt lat="43.326420" lon="-2.677700"/>
      <trkpt lat="43.326240" lon="-2.677760"/>
      <trkpt lat="43.326040" lon="-2.677800"/>
      <trkpt lat="43.325560" lon="-2.677880"/>
      <trkpt lat="43.325490" lon="-2.677890"/>
      <trkpt lat="43.325440" lon="-2.677890"/>
      <trkpt lat="43.325330" lon="-2.677910"/>
      <trkpt lat="43.324890" lon="-2.677940"/>
      <trkpt lat="43.324740" lon="-2.677930"/>
      <trkpt lat="43.324560" lon="-2.677960"/>
      <trkpt lat="43.324350" lon="-2.677980"/>
      <trkpt lat="43.324130" lon="-2.678010"/>
      <trkpt lat="43.323910" lon="-2.678050"/>
      <trkpt lat="43.323290" lon="-2.678140"/>
      <trkpt lat="43.323040" lon="-2.678170"/>
      <trkpt lat="43.321980" lon="-2.678300"/>
      <trkpt lat="43.321930" lon="-2.678300"/>
      <trkpt lat="43.321770" lon="-2.678330"/>
      <trkpt lat="43.321580" lon="-2.678360"/>
      <trkpt lat="43.321430" lon="-2.678390"/>
      <trkpt lat="43.321330" lon="-2.678400"/>
      <trkpt lat="43.321230" lon="-2.678400"/>
      <trkpt lat="43.321160" lon="-2.678390"/>
      <trkpt lat="43.321070" lon="-2.678390"/>
      <trkpt lat="43.320980" lon="-2.678380"/>
      <trkpt lat="43.320910" lon="-2.678360"/>
      <trkpt lat="43.320860" lon="-2.678350"/>
      <trkpt lat="43.320810" lon="-2.678340"/>
      <trkpt lat="43.320740" lon="-2.678330"/>
      <trkpt lat="43.320680" lon="-2.678330"/>
      <trkpt lat="43.320640" lon="-2.678340"/>
      <trkpt lat="43.320590" lon="-2.678350"/>
      <trkpt lat="43.320540" lon="-2.678350"/>
      <trkpt lat="43.320490" lon="-2.678330"/>
      <trkpt lat="43.320450" lon="-2.678290"/>
      <trkpt lat="43.320410" lon="-2.678220"/>
      <trkpt lat="43.320390" lon="-2.678140"/>
      <trkpt lat="43.320400" lon="-2.678050"/>
      <trkpt lat="43.320420" lon="-2.677970"/>
      <trkpt lat="43.320430" lon="-2.677910"/>
      <trkpt lat="43.320440" lon="-2.677810"/>
      <trkpt lat="43.320440" lon="-2.677670"/>
      <trkpt lat="43.320440" lon="-2.677560"/>
      <trkpt lat="43.320430" lon="-2.677460"/>
      <trkpt lat="43.320410" lon="-2.677360"/>
      <trkpt lat="43.320340" lon="-2.677050"/>
      <trkpt lat="43.320330" lon="-2.677020"/>
      <trkpt lat="43.320210" lon="-2.676500"/>
      <trkpt lat="43.320070" lon="-2.675890"/>
      <trkpt lat="43.320040" lon="-2.675780"/>
      <trkpt lat="43.319950" lon="-2.675370"/>
      <trkpt lat="43.319880" lon="-2.674950"/>
      <trkpt lat="43.319840" lon="-2.674640"/>
      <trkpt lat="43.319820" lon="-2.674320"/>
      <trkpt lat="43.319810" lon="-2.674000"/>
      <trkpt lat="43.319810" lon="-2.673770"/>
      <trkpt lat="43.319830" lon="-2.673460"/>
      <trkpt lat="43.319840" lon="-2.673300"/>
      <trkpt lat="43.319830" lon="-2.673130"/>
      <trkpt lat="43.319820" lon="-2.673010"/>
      <trkpt lat="43.319790" lon="-2.672890"/>
      <trkpt lat="43.319780" lon="-2.672860"/>
      <trkpt lat="43.319780" lon="-2.672830"/>
      <trkpt lat="43.319760" lon="-2.672790"/>
      <trkpt lat="43.319740" lon="-2.672770"/>
      <trkpt lat="43.319720" lon="-2.672740"/>
      <trkpt lat="43.319700" lon="-2.672710"/>
      <trkpt lat="43.319690" lon="-2.672670"/>
      <trkpt lat="43.319690" lon="-2.672630"/>
      <trkpt lat="43.319680" lon="-2.672590"/>
      <trkpt lat="43.319690" lon="-2.672540"/>
      <trkpt lat="43.319700" lon="-2.672500"/>
      <trkpt lat="43.319720" lon="-2.672460"/>
      <trkpt lat="43.319750" lon="-2.672430"/>
      <trkpt lat="43.319770" lon="-2.672410"/>
      <trkpt lat="43.319800" lon="-2.672390"/>
      <trkpt lat="43.319840" lon="-2.672390"/>
      <trkpt lat="43.319870" lon="-2.672390"/>
      <trkpt lat="43.319900" lon="-2.672370"/>
      <trkpt lat="43.319950" lon="-2.672330"/>
      <trkpt lat="43.320000" lon="-2.672280"/>
      <trkpt lat="43.320040" lon="-2.672230"/>
      <trkpt lat="43.320080" lon="-2.672180"/>
      <trkpt lat="43.320100" lon="-2.672150"/>
      <trkpt lat="43.320170" lon="-2.671990"/>
      <trkpt lat="43.320270" lon="-2.671790"/>
      <trkpt lat="43.320400" lon="-2.671560"/>
      <trkpt lat="43.320570" lon="-2.671330"/>
      <trkpt lat="43.320770" lon="-2.671120"/>
      <trkpt lat="43.320950" lon="-2.670930"/>
      <trkpt lat="43.321200" lon="-2.670670"/>
      <trkpt lat="43.321310" lon="-2.670560"/>
      <trkpt lat="43.321390" lon="-2.670470"/>
      <trkpt lat="43.321740" lon="-2.670140"/>
      <trkpt lat="43.321780" lon="-2.670100"/>
      <trkpt lat="43.321830" lon="-2.670050"/>
      <trkpt lat="43.321950" lon="-2.669930"/>
      <trkpt lat="43.321980" lon="-2.669900"/>
      <trkpt lat="43.322040" lon="-2.669840"/>
      <trkpt lat="43.322240" lon="-2.669630"/>
      <trkpt lat="43.322320" lon="-2.669540"/>
      <trkpt lat="43.322430" lon="-2.669310"/>
      <trkpt lat="43.322450" lon="-2.669260"/>
      <trkpt lat="43.322460" lon="-2.669170"/>
      <trkpt lat="43.322460" lon="-2.669120"/>
      <trkpt lat="43.322460" lon="-2.669060"/>
      <trkpt lat="43.322430" lon="-2.669020"/>
      <trkpt lat="43.322400" lon="-2.668980"/>
      <trkpt lat="43.322330" lon="-2.668950"/>
      <trkpt lat="43.322190" lon="-2.668880"/>
      <trkpt lat="43.322020" lon="-2.668820"/>
      <trkpt lat="43.321900" lon="-2.668780"/>
      <trkpt lat="43.321810" lon="-2.668740"/>
      <trkpt lat="43.321620" lon="-2.668650"/>
      <trkpt lat="43.321450" lon="-2.668560"/>
      <trkpt lat="43.321340" lon="-2.668500"/>
      <trkpt lat="43.321010" lon="-2.668270"/>
      <trkpt lat="43.320990" lon="-2.668250"/>
      <trkpt lat="43.320590" lon="-2.668000"/>
      <trkpt lat="43.320320" lon="-2.667860"/>
      <trkpt lat="43.320040" lon="-2.667720"/>
      <trkpt lat="43.319950" lon="-2.667690"/>
      <trkpt lat="43.319820" lon="-2.667640"/>
      <trkpt lat="43.319670" lon="-2.667590"/>
      <trkpt lat="43.319530" lon="-2.667550"/>
      <trkpt lat="43.319430" lon="-2.667510"/>
      <trkpt lat="43.319330" lon="-2.667470"/>
      <trkpt lat="43.319150" lon="-2.667460"/>
      <trkpt lat="43.319000" lon="-2.667460"/>
      <trkpt lat="43.318880" lon="-2.667470"/>
      <trkpt lat="43.318700" lon="-2.667480"/>
      <trkpt lat="43.318490" lon="-2.667520"/>
      <trkpt lat="43.318280" lon="-2.667580"/>
      <trkpt lat="43.318100" lon="-2.667640"/>
      <trkpt lat="43.317900" lon="-2.667720"/>
      <trkpt lat="43.317610" lon="-2.667870"/>
      <trkpt lat="43.317350" lon="-2.668050"/>
      <trkpt lat="43.317180" lon="-2.668170"/>
      <trkpt lat="43.316790" lon="-2.668570"/>
      <trkpt lat="43.316520" lon="-2.668880"/>
      <trkpt lat="43.316350" lon="-2.669110"/>
      <trkpt lat="43.315660" lon="-2.670080"/>
      <trkpt lat="43.315330" lon="-2.670480"/>
      <trkpt lat="43.315120" lon="-2.670710"/>
      <trkpt lat="43.314910" lon="-2.670900"/>
      <trkpt lat="43.314700" lon="-2.671080"/>
      <trkpt lat="43.314420" lon="-2.671290"/>
      <trkpt lat="43.314170" lon="-2.671460"/>
      <trkpt lat="43.313920" lon="-2.671610"/>
      <trkpt lat="43.313570" lon="-2.671780"/>
      <trkpt lat="43.313330" lon="-2.671880"/>
      <trkpt lat="43.312490" lon="-2.672170"/>
      <trkpt lat="43.311530" lon="-2.672530"/>
      <trkpt lat="43.310000" lon="-2.673210"/>
      <trkpt lat="43.308990" lon="-2.673730"/>
      <trkpt lat="43.308670" lon="-2.673900"/>
      <trkpt lat="43.308050" lon="-2.674270"/>
      <trkpt lat="43.307540" lon="-2.674590"/>
      <trkpt lat="43.307060" lon="-2.674910"/>
      <trkpt lat="43.306550" lon="-2.675270"/>
      <trkpt lat="43.305840" lon="-2.675800"/>
      <trkpt lat="43.305130" lon="-2.676390"/>
      <trkpt lat="43.304870" lon="-2.676650"/>
      <trkpt lat="43.304700" lon="-2.676830"/>
      <trkpt lat="43.304390" lon="-2.677220"/>
      <trkpt lat="43.303950" lon="-2.677780"/>
      <trkpt lat="43.303840" lon="-2.677950"/>
      <trkpt lat="43.303660" lon="-2.678250"/>
      <trkpt lat="43.303480" lon="-2.678570"/>
      <trkpt lat="43.303260" lon="-2.679000"/>
      <trkpt lat="43.302990" lon="-2.679610"/>
      <trkpt lat="43.302820" lon="-2.680060"/>
      <trkpt lat="43.302620" lon="-2.680690"/>
      <trkpt lat="43.302510" lon="-2.681120"/>
      <trkpt lat="43.302190" lon="-2.682420"/>
      <trkpt lat="43.302050" lon="-2.682860"/>
      <trkpt lat="43.301910" lon="-2.683260"/>
      <trkpt lat="43.301770" lon="-2.683590"/>
      <trkpt lat="43.301640" lon="-2.683860"/>
      <trkpt lat="43.301490" lon="-2.684130"/>
      <trkpt lat="43.301310" lon="-2.684420"/>
      <trkpt lat="43.301190" lon="-2.684600"/>
      <trkpt lat="43.301010" lon="-2.684830"/>
      <trkpt lat="43.300740" lon="-2.685140"/>
      <trkpt lat="43.300590" lon="-2.685280"/>
      <trkpt lat="43.300480" lon="-2.685370"/>
      <trkpt lat="43.300210" lon="-2.685550"/>
      <trkpt lat="43.299950" lon="-2.685680"/>
      <trkpt lat="43.299660" lon="-2.685790"/>
      <trkpt lat="43.299350" lon="-2.685860"/>
      <trkpt lat="43.298800" lon="-2.685990"/>
      <trkpt lat="43.298140" lon="-2.686150"/>
      <trkpt lat="43.297750" lon="-2.686250"/>
      <trkpt lat="43.297450" lon="-2.686320"/>
      <trkpt lat="43.297270" lon="-2.686380"/>
      <trkpt lat="43.297030" lon="-2.686460"/>
      <trkpt lat="43.296710" lon="-2.686550"/>
      <trkpt lat="43.296590" lon="-2.686580"/>
      <trkpt lat="43.296180" lon="-2.686670"/>
      <trkpt lat="43.295940" lon="-2.686730"/>
      <trkpt lat="43.295780" lon="-2.686760"/>
      <trkpt lat="43.295140" lon="-2.686910"/>
      <trkpt lat="43.295040" lon="-2.686930"/>
      <trkpt lat="43.294830" lon="-2.686950"/>
      <trkpt lat="43.294730" lon="-2.686940"/>
      <trkpt lat="43.294630" lon="-2.686970"/>
      <trkpt lat="43.294140" lon="-2.687070"/>
      <trkpt lat="43.293600" lon="-2.687200"/>
      <trkpt lat="43.292810" lon="-2.687380"/>
      <trkpt lat="43.292370" lon="-2.687500"/>
      <trkpt lat="43.292240" lon="-2.687560"/>
      <trkpt lat="43.292080" lon="-2.687650"/>
      <trkpt lat="43.291940" lon="-2.687760"/>
      <trkpt lat="43.291340" lon="-2.688230"/>
      <trkpt lat="43.290730" lon="-2.688710"/>
      <trkpt lat="43.290590" lon="-2.688810"/>
      <trkpt lat="43.290430" lon="-2.688910"/>
      <trkpt lat="43.290300" lon="-2.688950"/>
      <trkpt lat="43.290160" lon="-2.688990"/>
      <trkpt lat="43.289960" lon="-2.689030"/>
      <trkpt lat="43.289820" lon="-2.689050"/>
      <trkpt lat="43.289040" lon="-2.689180"/>
      <trkpt lat="43.288440" lon="-2.689280"/>
      <trkpt lat="43.288370" lon="-2.689290"/>
      <trkpt lat="43.288120" lon="-2.689340"/>
      <trkpt lat="43.287930" lon="-2.689370"/>
      <trkpt lat="43.287760" lon="-2.689400"/>
      <trkpt lat="43.287520" lon="-2.689460"/>
      <trkpt lat="43.287460" lon="-2.689480"/>
      <trkpt lat="43.287260" lon="-2.689530"/>
      <trkpt lat="43.287100" lon="-2.689570"/>
      <trkpt lat="43.286720" lon="-2.689660"/>
      <trkpt lat="43.286530" lon="-2.689690"/>
      <trkpt lat="43.286010" lon="-2.689760"/>
      <trkpt lat="43.285630" lon="-2.689820"/>
      <trkpt lat="43.285470" lon="-2.689820"/>
      <trkpt lat="43.285320" lon="-2.689800"/>
      <trkpt lat="43.285240" lon="-2.689790"/>
      <trkpt lat="43.285140" lon="-2.689750"/>
      <trkpt lat="43.284930" lon="-2.689650"/>
      <trkpt lat="43.284530" lon="-2.689420"/>
      <trkpt lat="43.284350" lon="-2.689320"/>
      <trkpt lat="43.284250" lon="-2.689260"/>
      <trkpt lat="43.284170" lon="-2.689200"/>
      <trkpt lat="43.284070" lon="-2.689130"/>
      <trkpt lat="43.284000" lon="-2.689070"/>
      <trkpt lat="43.283840" lon="-2.688900"/>
      <trkpt lat="43.283520" lon="-2.688470"/>
      <trkpt lat="43.283180" lon="-2.688000"/>
      <trkpt lat="43.283160" lon="-2.687980"/>
      <trkpt lat="43.283070" lon="-2.687860"/>
      <trkpt lat="43.283030" lon="-2.687800"/>
      <trkpt lat="43.282860" lon="-2.687570"/>
      <trkpt lat="43.282540" lon="-2.687060"/>
      <trkpt lat="43.282470" lon="-2.686940"/>
      <trkpt lat="43.282410" lon="-2.686810"/>
      <trkpt lat="43.282310" lon="-2.686590"/>
      <trkpt lat="43.282190" lon="-2.686280"/>
      <trkpt lat="43.282130" lon="-2.686140"/>
      <trkpt lat="43.282060" lon="-2.685960"/>
      <trkpt lat="43.282040" lon="-2.685890"/>
      <trkpt lat="43.281980" lon="-2.685730"/>
      <trkpt lat="43.281940" lon="-2.685640"/>
      <trkpt lat="43.281880" lon="-2.685480"/>
      <trkpt lat="43.281830" lon="-2.685380"/>
      <trkpt lat="43.281780" lon="-2.685300"/>
      <trkpt lat="43.281740" lon="-2.685230"/>
      <trkpt lat="43.281690" lon="-2.685160"/>
      <trkpt lat="43.281650" lon="-2.685120"/>
      <trkpt lat="43.281600" lon="-2.685080"/>
      <trkpt lat="43.281530" lon="-2.685050"/>
      <trkpt lat="43.281470" lon="-2.685030"/>
      <trkpt lat="43.281310" lon="-2.684990"/>
      <trkpt lat="43.280910" lon="-2.684910"/>
      <trkpt lat="43.280550" lon="-2.684830"/>
      <trkpt lat="43.280510" lon="-2.684830"/>
      <trkpt lat="43.280360" lon="-2.684790"/>
      <trkpt lat="43.279910" lon="-2.684720"/>
      <trkpt lat="43.279690" lon="-2.684690"/>
      <trkpt lat="43.279380" lon="-2.684680"/>
      <trkpt lat="43.278930" lon="-2.684670"/>
      <trkpt lat="43.278110" lon="-2.684670"/>
      <trkpt lat="43.277610" lon="-2.684660"/>
      <trkpt lat="43.276560" lon="-2.684690"/>
      <trkpt lat="43.276070" lon="-2.684720"/>
      <trkpt lat="43.275200" lon="-2.684820"/>
      <trkpt lat="43.274760" lon="-2.684890"/>
      <trkpt lat="43.274340" lon="-2.684950"/>
      <trkpt lat="43.273540" lon="-2.685120"/>
      <trkpt lat="43.273300" lon="-2.685140"/>
      <trkpt lat="43.272490" lon="-2.685220"/>
      <trkpt lat="43.272380" lon="-2.685230"/>
      <trkpt lat="43.272160" lon="-2.685260"/>
      <trkpt lat="43.272140" lon="-2.685260"/>
      <trkpt lat="43.271400" lon="-2.685370"/>
      <trkpt lat="43.271200" lon="-2.685390"/>
      <trkpt lat="43.271150" lon="-2.685400"/>
      <trkpt lat="43.270990" lon="-2.685430"/>
      <trkpt lat="43.270830" lon="-2.685450"/>
      <trkpt lat="43.269410" lon="-2.685650"/>
      <trkpt lat="43.269180" lon="-2.685680"/>
      <trkpt lat="43.268920" lon="-2.685720"/>
      <trkpt lat="43.268560" lon="-2.685780"/>
      <trkpt lat="43.267890" lon="-2.685870"/>
      <trkpt lat="43.267090" lon="-2.686000"/>
      <trkpt lat="43.266830" lon="-2.686050"/>
      <trkpt lat="43.266580" lon="-2.686080"/>
      <trkpt lat="43.266230" lon="-2.686100"/>
      <trkpt lat="43.265810" lon="-2.686110"/>
      <trkpt lat="43.265430" lon="-2.686110"/>
      <trkpt lat="43.265310" lon="-2.686090"/>
      <trkpt lat="43.265140" lon="-2.686050"/>
      <trkpt lat="43.264880" lon="-2.685950"/>
      <trkpt lat="43.264680" lon="-2.685870"/>
      <trkpt lat="43.264480" lon="-2.685840"/>
      <trkpt lat="43.263880" lon="-2.685790"/>
      <trkpt lat="43.263690" lon="-2.685770"/>
      <trkpt lat="43.263530" lon="-2.685750"/>
      <trkpt lat="43.263370" lon="-2.685700"/>
      <trkpt lat="43.263100" lon="-2.685590"/>
      <trkpt lat="43.262790" lon="-2.685470"/>
      <trkpt lat="43.262610" lon="-2.685420"/>
      <trkpt lat="43.262530" lon="-2.685400"/>
      <trkpt lat="43.262390" lon="-2.685410"/>
      <trkpt lat="43.262240" lon="-2.685440"/>
      <trkpt lat="43.261940" lon="-2.685540"/>
      <trkpt lat="43.261840" lon="-2.685600"/>
      <trkpt lat="43.261760" lon="-2.685660"/>
      <trkpt lat="43.261640" lon="-2.685790"/>
      <trkpt lat="43.261580" lon="-2.685910"/>
      <trkpt lat="43.261540" lon="-2.686050"/>
      <trkpt lat="43.261510" lon="-2.686280"/>
      <trkpt lat="43.261480" lon="-2.686720"/>
      <trkpt lat="43.261470" lon="-2.686790"/>
      <trkpt lat="43.261470" lon="-2.687040"/>
      <trkpt lat="43.261480" lon="-2.687470"/>
      <trkpt lat="43.261470" lon="-2.687700"/>
      <trkpt lat="43.261460" lon="-2.687900"/>
      <trkpt lat="43.261420" lon="-2.688050"/>
      <trkpt lat="43.261400" lon="-2.688090"/>
      <trkpt lat="43.261390" lon="-2.688120"/>
      <trkpt lat="43.261350" lon="-2.688190"/>
      <trkpt lat="43.261260" lon="-2.688270"/>
      <trkpt lat="43.261160" lon="-2.688340"/>
      <trkpt lat="43.261020" lon="-2.688420"/>
      <trkpt lat="43.260900" lon="-2.688520"/>
      <trkpt lat="43.260810" lon="-2.688620"/>
      <trkpt lat="43.260670" lon="-2.688850"/>
      <trkpt lat="43.260500" lon="-2.689130"/>
      <trkpt lat="43.260390" lon="-2.689240"/>
      <trkpt lat="43.260250" lon="-2.689290"/>
      <trkpt lat="43.259800" lon="-2.689380"/>
      <trkpt lat="43.259710" lon="-2.689420"/>
      <trkpt lat="43.259640" lon="-2.689490"/>
      <trkpt lat="43.259320" lon="-2.689890"/>
      <trkpt lat="43.259170" lon="-2.690070"/>
      <trkpt lat="43.259010" lon="-2.690230"/>
      <trkpt lat="43.258640" lon="-2.690520"/>
      <trkpt lat="43.258110" lon="-2.691000"/>
      <trkpt lat="43.257840" lon="-2.691180"/>
      <trkpt lat="43.257500" lon="-2.691350"/>
      <trkpt lat="43.257360" lon="-2.691400"/>
      <trkpt lat="43.257210" lon="-2.691440"/>
      <trkpt lat="43.257040" lon="-2.691460"/>
      <trkpt lat="43.256870" lon="-2.691440"/>
      <trkpt lat="43.256650" lon="-2.691390"/>
      <trkpt lat="43.256420" lon="-2.691280"/>
      <trkpt lat="43.256250" lon="-2.691180"/>
      <trkpt lat="43.256110" lon="-2.691080"/>
      <trkpt lat="43.255880" lon="-2.690930"/>
      <trkpt lat="43.255750" lon="-2.690870"/>
      <trkpt lat="43.255610" lon="-2.690870"/>
      <trkpt lat="43.255490" lon="-2.690870"/>
      <trkpt lat="43.255480" lon="-2.690870"/>
      <trkpt lat="43.255270" lon="-2.690900"/>
      <trkpt lat="43.255100" lon="-2.690880"/>
      <trkpt lat="43.254940" lon="-2.690840"/>
      <trkpt lat="43.254790" lon="-2.690790"/>
      <trkpt lat="43.254590" lon="-2.690730"/>
      <trkpt lat="43.254460" lon="-2.690700"/>
      <trkpt lat="43.254310" lon="-2.690700"/>
      <trkpt lat="43.254160" lon="-2.690710"/>
      <trkpt lat="43.253910" lon="-2.690770"/>
      <trkpt lat="43.253710" lon="-2.690870"/>
      <trkpt lat="43.253520" lon="-2.690990"/>
      <trkpt lat="43.253270" lon="-2.691240"/>
      <trkpt lat="43.253090" lon="-2.691490"/>
      <trkpt lat="43.252880" lon="-2.691810"/>
      <trkpt lat="43.252190" lon="-2.693070"/>
      <trkpt lat="43.252120" lon="-2.693200"/>
      <trkpt lat="43.252010" lon="-2.693390"/>
      <trkpt lat="43.251950" lon="-2.693500"/>
      <trkpt lat="43.250700" lon="-2.695790"/>
      <trkpt lat="43.250380" lon="-2.696350"/>
      <trkpt lat="43.249870" lon="-2.697330"/>
      <trkpt lat="43.249630" lon="-2.697890"/>
      <trkpt lat="43.249360" lon="-2.698570"/>
      <trkpt lat="43.249210" lon="-2.699000"/>
      <trkpt lat="43.249160" lon="-2.699180"/>
      <trkpt lat="43.249120" lon="-2.699300"/>
      <trkpt lat="43.249090" lon="-2.699450"/>
      <trkpt lat="43.249050" lon="-2.699790"/>
      <trkpt lat="43.249000" lon="-2.700180"/>
      <trkpt lat="43.248950" lon="-2.700390"/>
      <trkpt lat="43.248890" lon="-2.700550"/>
      <trkpt lat="43.248820" lon="-2.700670"/>
      <trkpt lat="43.248730" lon="-2.700780"/>
      <trkpt lat="43.248630" lon="-2.700860"/>
      <trkpt lat="43.248390" lon="-2.701030"/>
      <trkpt lat="43.248230" lon="-2.701120"/>
      <trkpt lat="43.247800" lon="-2.701400"/>
      <trkpt lat="43.247660" lon="-2.701500"/>
      <trkpt lat="43.247540" lon="-2.701610"/>
      <trkpt lat="43.247410" lon="-2.701760"/>
      <trkpt lat="43.247200" lon="-2.702040"/>
      <trkpt lat="43.246960" lon="-2.702440"/>
      <trkpt lat="43.246870" lon="-2.702660"/>
      <trkpt lat="43.246800" lon="-2.702870"/>
      <trkpt lat="43.246760" lon="-2.703060"/>
      <trkpt lat="43.246730" lon="-2.703330"/>
      <trkpt lat="43.246730" lon="-2.703590"/>
      <trkpt lat="43.246740" lon="-2.704120"/>
      <trkpt lat="43.246730" lon="-2.704410"/>
      <trkpt lat="43.246680" lon="-2.704610"/>
      <trkpt lat="43.246610" lon="-2.704770"/>
      <trkpt lat="43.246530" lon="-2.704920"/>
      <trkpt lat="43.246440" lon="-2.705020"/>
      <trkpt lat="43.246110" lon="-2.705360"/>
      <trkpt lat="43.246020" lon="-2.705460"/>
      <trkpt lat="43.245810" lon="-2.705680"/>
      <trkpt lat="43.245700" lon="-2.705850"/>
      <trkpt lat="43.245610" lon="-2.705980"/>
      <trkpt lat="43.245490" lon="-2.706150"/>
      <trkpt lat="43.245380" lon="-2.706310"/>
      <trkpt lat="43.245240" lon="-2.706580"/>
      <trkpt lat="43.244960" lon="-2.707150"/>
      <trkpt lat="43.244760" lon="-2.707560"/>
      <trkpt lat="43.244650" lon="-2.707760"/>
      <trkpt lat="43.244530" lon="-2.707960"/>
      <trkpt lat="43.244300" lon="-2.708300"/>
      <trkpt lat="43.244110" lon="-2.708540"/>
      <trkpt lat="43.243870" lon="-2.708820"/>
      <trkpt lat="43.243530" lon="-2.709200"/>
      <trkpt lat="43.243250" lon="-2.709520"/>
      <trkpt lat="43.243050" lon="-2.709770"/>
      <trkpt lat="43.242840" lon="-2.710080"/>
      <trkpt lat="43.242560" lon="-2.710470"/>
      <trkpt lat="43.242370" lon="-2.710800"/>
      <trkpt lat="43.242190" lon="-2.711120"/>
      <trkpt lat="43.242060" lon="-2.711380"/>
      <trkpt lat="43.241930" lon="-2.711660"/>
      <trkpt lat="43.241740" lon="-2.712150"/>
      <trkpt lat="43.241480" lon="-2.712880"/>
      <trkpt lat="43.241190" lon="-2.713640"/>
      <trkpt lat="43.241130" lon="-2.713800"/>
      <trkpt lat="43.241050" lon="-2.714000"/>
      <trkpt lat="43.240900" lon="-2.714340"/>
      <trkpt lat="43.240580" lon="-2.714960"/>
      <trkpt lat="43.240220" lon="-2.715660"/>
      <trkpt lat="43.239770" lon="-2.716500"/>
      <trkpt lat="43.239270" lon="-2.717360"/>
      <trkpt lat="43.239180" lon="-2.717510"/>
      <trkpt lat="43.239110" lon="-2.717630"/>
      <trkpt lat="43.239060" lon="-2.717710"/>
      <trkpt lat="43.238770" lon="-2.718210"/>
      <trkpt lat="43.238730" lon="-2.718270"/>
      <trkpt lat="43.238700" lon="-2.718330"/>
      <trkpt lat="43.238630" lon="-2.718460"/>
      <trkpt lat="43.238560" lon="-2.718580"/>
      <trkpt lat="43.238500" lon="-2.718690"/>
      <trkpt lat="43.238370" lon="-2.718940"/>
      <trkpt lat="43.238300" lon="-2.719070"/>
      <trkpt lat="43.238240" lon="-2.719180"/>
      <trkpt lat="43.238180" lon="-2.719320"/>
      <trkpt lat="43.238120" lon="-2.719440"/>
      <trkpt lat="43.238060" lon="-2.719570"/>
      <trkpt lat="43.237940" lon="-2.719830"/>
      <trkpt lat="43.237890" lon="-2.719950"/>
      <trkpt lat="43.237830" lon="-2.720100"/>
      <trkpt lat="43.237800" lon="-2.720160"/>
      <trkpt lat="43.237770" lon="-2.720240"/>
      <trkpt lat="43.237710" lon="-2.720410"/>
      <trkpt lat="43.237680" lon="-2.720480"/>
      <trkpt lat="43.237650" lon="-2.720550"/>
      <trkpt lat="43.237590" lon="-2.720700"/>
      <trkpt lat="43.237540" lon="-2.720850"/>
      <trkpt lat="43.237490" lon="-2.721000"/>
      <trkpt lat="43.237430" lon="-2.721160"/>
      <trkpt lat="43.237390" lon="-2.721310"/>
      <trkpt lat="43.237340" lon="-2.721460"/>
      <trkpt lat="43.237290" lon="-2.721610"/>
      <trkpt lat="43.237270" lon="-2.721690"/>
      <trkpt lat="43.237240" lon="-2.721770"/>
      <trkpt lat="43.237200" lon="-2.721920"/>
      <trkpt lat="43.237120" lon="-2.722220"/>
      <trkpt lat="43.237100" lon="-2.722300"/>
      <trkpt lat="43.237070" lon="-2.722380"/>
      <trkpt lat="43.237000" lon="-2.722650"/>
      <trkpt lat="43.236980" lon="-2.722760"/>
      <trkpt lat="43.236860" lon="-2.723200"/>
      <trkpt lat="43.236790" lon="-2.723480"/>
      <trkpt lat="43.236750" lon="-2.723630"/>
      <trkpt lat="43.236730" lon="-2.723700"/>
      <trkpt lat="43.236720" lon="-2.723730"/>
      <trkpt lat="43.236710" lon="-2.723770"/>
      <trkpt lat="43.236670" lon="-2.723910"/>
      <trkpt lat="43.236630" lon="-2.724050"/>
      <trkpt lat="43.236600" lon="-2.724120"/>
      <trkpt lat="43.236580" lon="-2.724190"/>
      <trkpt lat="43.236520" lon="-2.724340"/>
      <trkpt lat="43.236510" lon="-2.724390"/>
      <trkpt lat="43.236490" lon="-2.724430"/>
      <trkpt lat="43.236480" lon="-2.724460"/>
      <trkpt lat="43.236430" lon="-2.724600"/>
      <trkpt lat="43.236400" lon="-2.724660"/>
      <trkpt lat="43.236370" lon="-2.724740"/>
      <trkpt lat="43.236340" lon="-2.724800"/>
      <trkpt lat="43.236330" lon="-2.724840"/>
      <trkpt lat="43.236320" lon="-2.724870"/>
      <trkpt lat="43.236260" lon="-2.725000"/>
      <trkpt lat="43.236200" lon="-2.725130"/>
      <trkpt lat="43.236140" lon="-2.725250"/>
      <trkpt lat="43.236080" lon="-2.725380"/>
      <trkpt lat="43.236010" lon="-2.725500"/>
      <trkpt lat="43.235940" lon="-2.725630"/>
      <trkpt lat="43.235870" lon="-2.725740"/>
      <trkpt lat="43.235800" lon="-2.725860"/>
      <trkpt lat="43.235730" lon="-2.725980"/>
      <trkpt lat="43.235660" lon="-2.726090"/>
      <trkpt lat="43.235590" lon="-2.726210"/>
      <trkpt lat="43.235530" lon="-2.726290"/>
      <trkpt lat="43.235510" lon="-2.726310"/>
      <trkpt lat="43.235430" lon="-2.726430"/>
      <trkpt lat="43.235350" lon="-2.726530"/>
      <trkpt lat="43.235290" lon="-2.726600"/>
      <trkpt lat="43.235190" lon="-2.726740"/>
      <trkpt lat="43.235100" lon="-2.726840"/>
      <trkpt lat="43.235010" lon="-2.726930"/>
      <trkpt lat="43.234930" lon="-2.727030"/>
      <trkpt lat="43.234830" lon="-2.727120"/>
      <trkpt lat="43.234750" lon="-2.727210"/>
      <trkpt lat="43.234660" lon="-2.727290"/>
      <trkpt lat="43.234570" lon="-2.727370"/>
      <trkpt lat="43.234460" lon="-2.727470"/>
      <trkpt lat="43.234370" lon="-2.727550"/>
      <trkpt lat="43.234270" lon="-2.727620"/>
      <trkpt lat="43.234180" lon="-2.727690"/>
      <trkpt lat="43.234080" lon="-2.727770"/>
      <trkpt lat="43.233980" lon="-2.727840"/>
      <trkpt lat="43.233890" lon="-2.727900"/>
      <trkpt lat="43.233780" lon="-2.727970"/>
      <trkpt lat="43.233680" lon="-2.728030"/>
      <trkpt lat="43.233630" lon="-2.728060"/>
      <trkpt lat="43.233580" lon="-2.728090"/>
      <trkpt lat="43.233470" lon="-2.728140"/>
      <trkpt lat="43.233370" lon="-2.728200"/>
      <trkpt lat="43.233260" lon="-2.728250"/>
      <trkpt lat="43.233160" lon="-2.728290"/>
      <trkpt lat="43.233130" lon="-2.728300"/>
      <trkpt lat="43.233110" lon="-2.728310"/>
      <trkpt lat="43.233050" lon="-2.728340"/>
      <trkpt lat="43.232990" lon="-2.728360"/>
      <trkpt lat="43.232930" lon="-2.728380"/>
      <trkpt lat="43.232840" lon="-2.728420"/>
      <trkpt lat="43.232730" lon="-2.728450"/>
      <trkpt lat="43.232620" lon="-2.728490"/>
      <trkpt lat="43.232400" lon="-2.728550"/>
      <trkpt lat="43.232080" lon="-2.728630"/>
      <trkpt lat="43.231860" lon="-2.728690"/>
      <trkpt lat="43.231750" lon="-2.728720"/>
      <trkpt lat="43.231640" lon="-2.728760"/>
      <trkpt lat="43.231530" lon="-2.728790"/>
      <trkpt lat="43.231430" lon="-2.728830"/>
      <trkpt lat="43.231310" lon="-2.728880"/>
      <trkpt lat="43.231210" lon="-2.728930"/>
      <trkpt lat="43.231110" lon="-2.728970"/>
      <trkpt lat="43.231000" lon="-2.729020"/>
      <trkpt lat="43.230900" lon="-2.729070"/>
      <trkpt lat="43.230790" lon="-2.729130"/>
      <trkpt lat="43.230660" lon="-2.729200"/>
      <trkpt lat="43.230370" lon="-2.729340"/>
      <trkpt lat="43.230090" lon="-2.729470"/>
      <trkpt lat="43.229620" lon="-2.729680"/>
      <trkpt lat="43.228620" lon="-2.730120"/>
      <trkpt lat="43.228280" lon="-2.730270"/>
      <trkpt lat="43.227710" lon="-2.730520"/>
      <trkpt lat="43.227600" lon="-2.730570"/>
      <trkpt lat="43.227500" lon="-2.730610"/>
      <trkpt lat="43.227410" lon="-2.730650"/>
      <trkpt lat="43.227350" lon="-2.730670"/>
      <trkpt lat="43.227290" lon="-2.730690"/>
      <trkpt lat="43.227230" lon="-2.730700"/>
      <trkpt lat="43.227170" lon="-2.730710"/>
      <trkpt lat="43.227120" lon="-2.730720"/>
      <trkpt lat="43.227060" lon="-2.730730"/>
      <trkpt lat="43.227000" lon="-2.730730"/>
      <trkpt lat="43.226950" lon="-2.730740"/>
      <trkpt lat="43.226840" lon="-2.730740"/>
      <trkpt lat="43.226800" lon="-2.730740"/>
      <trkpt lat="43.226770" lon="-2.730740"/>
      <trkpt lat="43.226690" lon="-2.730760"/>
      <trkpt lat="43.226650" lon="-2.730760"/>
      <trkpt lat="43.226630" lon="-2.730790"/>
      <trkpt lat="43.226600" lon="-2.730810"/>
      <trkpt lat="43.226580" lon="-2.730830"/>
      <trkpt lat="43.226550" lon="-2.730840"/>
      <trkpt lat="43.226520" lon="-2.730850"/>
      <trkpt lat="43.226490" lon="-2.730850"/>
      <trkpt lat="43.226460" lon="-2.730840"/>
      <trkpt lat="43.226430" lon="-2.730820"/>
      <trkpt lat="43.226420" lon="-2.730800"/>
      <trkpt lat="43.226400" lon="-2.730780"/>
      <trkpt lat="43.226380" lon="-2.730760"/>
      <trkpt lat="43.226370" lon="-2.730740"/>
      <trkpt lat="43.226360" lon="-2.730710"/>
      <trkpt lat="43.226350" lon="-2.730680"/>
      <trkpt lat="43.226350" lon="-2.730660"/>
      <trkpt lat="43.226310" lon="-2.730630"/>
      <trkpt lat="43.226290" lon="-2.730610"/>
      <trkpt lat="43.226270" lon="-2.730590"/>
      <trkpt lat="43.226240" lon="-2.730570"/>
      <trkpt lat="43.226210" lon="-2.730550"/>
      <trkpt lat="43.226090" lon="-2.730470"/>
      <trkpt lat="43.226030" lon="-2.730420"/>
      <trkpt lat="43.226000" lon="-2.730400"/>
      <trkpt lat="43.225970" lon="-2.730380"/>
      <trkpt lat="43.225950" lon="-2.730360"/>
      <trkpt lat="43.225920" lon="-2.730330"/>
      <trkpt lat="43.225860" lon="-2.730280"/>
      <trkpt lat="43.225840" lon="-2.730250"/>
      <trkpt lat="43.225810" lon="-2.730230"/>
      <trkpt lat="43.225780" lon="-2.730200"/>
      <trkpt lat="43.225750" lon="-2.730160"/>
      <trkpt lat="43.225720" lon="-2.730120"/>
      <trkpt lat="43.225660" lon="-2.730050"/>
      <trkpt lat="43.225610" lon="-2.729990"/>
      <trkpt lat="43.225560" lon="-2.729920"/>
      <trkpt lat="43.225360" lon="-2.729670"/>
      <trkpt lat="43.225260" lon="-2.729540"/>
      <trkpt lat="43.225170" lon="-2.729420"/>
      <trkpt lat="43.225070" lon="-2.729290"/>
      <trkpt lat="43.224970" lon="-2.729180"/>
      <trkpt lat="43.224910" lon="-2.729110"/>
      <trkpt lat="43.224890" lon="-2.729080"/>
      <trkpt lat="43.224870" lon="-2.729060"/>
      <trkpt lat="43.224850" lon="-2.729040"/>
      <trkpt lat="43.224750" lon="-2.728950"/>
      <trkpt lat="43.224710" lon="-2.728910"/>
      <trkpt lat="43.224680" lon="-2.728880"/>
      <trkpt lat="43.224650" lon="-2.728870"/>
      <trkpt lat="43.224630" lon="-2.728840"/>
      <trkpt lat="43.224600" lon="-2.728820"/>
      <trkpt lat="43.224560" lon="-2.728800"/>
      <trkpt lat="43.224540" lon="-2.728780"/>
      <trkpt lat="43.224510" lon="-2.728770"/>
      <trkpt lat="43.224470" lon="-2.728750"/>
      <trkpt lat="43.224460" lon="-2.728740"/>
      <trkpt lat="43.224440" lon="-2.728740"/>
      <trkpt lat="43.224430" lon="-2.728730"/>
      <trkpt lat="43.224410" lon="-2.728730"/>
      <trkpt lat="43.224390" lon="-2.728720"/>
      <trkpt lat="43.224380" lon="-2.728720"/>
      <trkpt lat="43.224360" lon="-2.728720"/>
      <trkpt lat="43.224340" lon="-2.728720"/>
      <trkpt lat="43.224290" lon="-2.728720"/>
      <trkpt lat="43.224270" lon="-2.728720"/>
      <trkpt lat="43.224210" lon="-2.728720"/>
      <trkpt lat="43.224180" lon="-2.728740"/>
      <trkpt lat="43.224150" lon="-2.728760"/>
      <trkpt lat="43.224110" lon="-2.728770"/>
      <trkpt lat="43.224070" lon="-2.728770"/>
      <trkpt lat="43.224030" lon="-2.728760"/>
      <trkpt lat="43.224000" lon="-2.728750"/>
      <trkpt lat="43.223980" lon="-2.728730"/>
      <trkpt lat="43.223950" lon="-2.728700"/>
      <trkpt lat="43.223930" lon="-2.728670"/>
      <trkpt lat="43.223910" lon="-2.728640"/>
      <trkpt lat="43.223890" lon="-2.728600"/>
      <trkpt lat="43.223880" lon="-2.728560"/>
      <trkpt lat="43.223870" lon="-2.728520"/>
      <trkpt lat="43.223870" lon="-2.728480"/>
      <trkpt lat="43.223870" lon="-2.728440"/>
      <trkpt lat="43.223880" lon="-2.728390"/>
      <trkpt lat="43.223890" lon="-2.728350"/>
      <trkpt lat="43.223890" lon="-2.728280"/>
      <trkpt lat="43.223890" lon="-2.728240"/>
      <trkpt lat="43.223890" lon="-2.728210"/>
      <trkpt lat="43.223890" lon="-2.728180"/>
      <trkpt lat="43.223890" lon="-2.728150"/>
      <trkpt lat="43.223880" lon="-2.728120"/>
      <trkpt lat="43.223880" lon="-2.728090"/>
      <trkpt lat="43.223870" lon="-2.728050"/>
      <trkpt lat="43.223850" lon="-2.728010"/>
      <trkpt lat="43.223840" lon="-2.727970"/>
      <trkpt lat="43.223830" lon="-2.727930"/>
      <trkpt lat="43.223810" lon="-2.727890"/>
      <trkpt lat="43.223800" lon="-2.727860"/>
      <trkpt lat="43.223770" lon="-2.727810"/>
      <trkpt lat="43.223750" lon="-2.727780"/>
      <trkpt lat="43.223730" lon="-2.727760"/>
      <trkpt lat="43.223700" lon="-2.727710"/>
      <trkpt lat="43.223660" lon="-2.727660"/>
      <trkpt lat="43.223580" lon="-2.727580"/>
      <trkpt lat="43.223550" lon="-2.727540"/>
      <trkpt lat="43.223520" lon="-2.727510"/>
      <trkpt lat="43.223450" lon="-2.727450"/>
      <trkpt lat="43.223390" lon="-2.727390"/>
      <trkpt lat="43.223310" lon="-2.727330"/>
      <trkpt lat="43.223190" lon="-2.727240"/>
      <trkpt lat="43.223110" lon="-2.727170"/>
      <trkpt lat="43.223060" lon="-2.727140"/>
      <trkpt lat="43.223020" lon="-2.727110"/>
      <trkpt lat="43.222950" lon="-2.727060"/>
      <trkpt lat="43.222910" lon="-2.727030"/>
      <trkpt lat="43.222880" lon="-2.727010"/>
      <trkpt lat="43.222830" lon="-2.726990"/>
      <trkpt lat="43.222790" lon="-2.726960"/>
      <trkpt lat="43.222760" lon="-2.726950"/>
      <trkpt lat="43.222750" lon="-2.726950"/>
      <trkpt lat="43.222730" lon="-2.726940"/>
      <trkpt lat="43.222720" lon="-2.726940"/>
      <trkpt lat="43.222700" lon="-2.726930"/>
      <trkpt lat="43.222680" lon="-2.726930"/>
      <trkpt lat="43.222670" lon="-2.726930"/>
      <trkpt lat="43.222650" lon="-2.726930"/>
      <trkpt lat="43.222620" lon="-2.726930"/>
      <trkpt lat="43.222580" lon="-2.726930"/>
      <trkpt lat="43.222550" lon="-2.726940"/>
      <trkpt lat="43.222530" lon="-2.726940"/>
      <trkpt lat="43.222510" lon="-2.726950"/>
      <trkpt lat="43.222480" lon="-2.726960"/>
      <trkpt lat="43.222460" lon="-2.726970"/>
      <trkpt lat="43.222450" lon="-2.726970"/>
      <trkpt lat="43.222430" lon="-2.726980"/>
      <trkpt lat="43.222410" lon="-2.726990"/>
      <trkpt lat="43.222380" lon="-2.727010"/>
      <trkpt lat="43.222360" lon="-2.727030"/>
      <trkpt lat="43.222340" lon="-2.727050"/>
      <trkpt lat="43.222310" lon="-2.727070"/>
      <trkpt lat="43.222300" lon="-2.727090"/>
      <trkpt lat="43.222280" lon="-2.727100"/>
      <trkpt lat="43.222270" lon="-2.727120"/>
      <trkpt lat="43.222240" lon="-2.727160"/>
      <trkpt lat="43.222210" lon="-2.727190"/>
      <trkpt lat="43.222180" lon="-2.727230"/>
      <trkpt lat="43.221980" lon="-2.727520"/>
      <trkpt lat="43.221610" lon="-2.728090"/>
      <trkpt lat="43.221550" lon="-2.728210"/>
      <trkpt lat="43.221460" lon="-2.728400"/>
      <trkpt lat="43.221430" lon="-2.728460"/>
      <trkpt lat="43.221430" lon="-2.728520"/>
      <trkpt lat="43.221420" lon="-2.728580"/>
      <trkpt lat="43.221400" lon="-2.728630"/>
      <trkpt lat="43.221360" lon="-2.728670"/>
      <trkpt lat="43.221320" lon="-2.728690"/>
      <trkpt lat="43.221280" lon="-2.728700"/>
      <trkpt lat="43.221240" lon="-2.728680"/>
      <trkpt lat="43.221220" lon="-2.728660"/>
      <trkpt lat="43.221190" lon="-2.728640"/>
      <trkpt lat="43.221170" lon="-2.728600"/>
      <trkpt lat="43.221160" lon="-2.728550"/>
      <trkpt lat="43.221150" lon="-2.728500"/>
      <trkpt lat="43.221160" lon="-2.728450"/>
      <trkpt lat="43.221170" lon="-2.728390"/>
      <trkpt lat="43.221200" lon="-2.728350"/>
      <trkpt lat="43.221240" lon="-2.728320"/>
      <trkpt lat="43.221280" lon="-2.728310"/>
      <trkpt lat="43.221310" lon="-2.728310"/>
      <trkpt lat="43.221390" lon="-2.728270"/>
      <trkpt lat="43.221470" lon="-2.728220"/>
      <trkpt lat="43.221540" lon="-2.728160"/>
      <trkpt lat="43.221610" lon="-2.728090"/>
      <trkpt lat="43.221980" lon="-2.727520"/>
      <trkpt lat="43.222010" lon="-2.727420"/>
      <trkpt lat="43.222020" lon="-2.727390"/>
      <trkpt lat="43.222020" lon="-2.727350"/>
      <trkpt lat="43.222030" lon="-2.727320"/>
      <trkpt lat="43.222030" lon="-2.727290"/>
      <trkpt lat="43.222020" lon="-2.727260"/>
      <trkpt lat="43.222020" lon="-2.727230"/>
      <trkpt lat="43.222020" lon="-2.727210"/>
      <trkpt lat="43.222010" lon="-2.727190"/>
      <trkpt lat="43.222000" lon="-2.727160"/>
      <trkpt lat="43.221980" lon="-2.727130"/>
      <trkpt lat="43.221940" lon="-2.727090"/>
      <trkpt lat="43.221910" lon="-2.727070"/>
      <trkpt lat="43.221880" lon="-2.727040"/>
      <trkpt lat="43.221800" lon="-2.726990"/>
      <trkpt lat="43.221580" lon="-2.726840"/>
      <trkpt lat="43.221390" lon="-2.726710"/>
      <trkpt lat="43.221250" lon="-2.726610"/>
      <trkpt lat="43.221170" lon="-2.726570"/>
      <trkpt lat="43.221100" lon="-2.726530"/>
      <trkpt lat="43.220970" lon="-2.726450"/>
      <trkpt lat="43.220840" lon="-2.726370"/>
      <trkpt lat="43.220770" lon="-2.726330"/>
      <trkpt lat="43.220710" lon="-2.726290"/>
      <trkpt lat="43.220610" lon="-2.726220"/>
      <trkpt lat="43.220020" lon="-2.725950"/>
      <trkpt lat="43.219800" lon="-2.725850"/>
      <trkpt lat="43.219470" lon="-2.725710"/>
      <trkpt lat="43.219310" lon="-2.725630"/>
      <trkpt lat="43.218940" lon="-2.725460"/>
      <trkpt lat="43.218690" lon="-2.725360"/>
      <trkpt lat="43.218560" lon="-2.725310"/>
      <trkpt lat="43.218450" lon="-2.725250"/>
      <trkpt lat="43.218380" lon="-2.725230"/>
      <trkpt lat="43.218320" lon="-2.725210"/>
      <trkpt lat="43.218190" lon="-2.725160"/>
      <trkpt lat="43.218020" lon="-2.725100"/>
      <trkpt lat="43.217740" lon="-2.725000"/>
      <trkpt lat="43.217560" lon="-2.724950"/>
      <trkpt lat="43.217290" lon="-2.724870"/>
      <trkpt lat="43.217100" lon="-2.724830"/>
      <trkpt lat="43.216920" lon="-2.724780"/>
      <trkpt lat="43.216830" lon="-2.724750"/>
      <trkpt lat="43.216790" lon="-2.724740"/>
      <trkpt lat="43.216740" lon="-2.724730"/>
      <trkpt lat="43.216700" lon="-2.724710"/>
      <trkpt lat="43.216660" lon="-2.724700"/>
      <trkpt lat="43.216610" lon="-2.724680"/>
      <trkpt lat="43.216570" lon="-2.724670"/>
      <trkpt lat="43.216530" lon="-2.724660"/>
      <trkpt lat="43.216500" lon="-2.724640"/>
      <trkpt lat="43.216460" lon="-2.724630"/>
      <trkpt lat="43.216430" lon="-2.724620"/>
      <trkpt lat="43.216370" lon="-2.724590"/>
      <trkpt lat="43.216340" lon="-2.724580"/>
      <trkpt lat="43.216310" lon="-2.724570"/>
      <trkpt lat="43.216230" lon="-2.724530"/>
      <trkpt lat="43.216180" lon="-2.724500"/>
      <trkpt lat="43.216130" lon="-2.724480"/>
      <trkpt lat="43.216040" lon="-2.724430"/>
      <trkpt lat="43.215860" lon="-2.724320"/>
      <trkpt lat="43.215790" lon="-2.724280"/>
      <trkpt lat="43.215730" lon="-2.724240"/>
      <trkpt lat="43.215670" lon="-2.724190"/>
      <trkpt lat="43.215610" lon="-2.724150"/>
      <trkpt lat="43.215550" lon="-2.724110"/>
      <trkpt lat="43.215500" lon="-2.724060"/>
      <trkpt lat="43.215460" lon="-2.724030"/>
      <trkpt lat="43.215420" lon="-2.724000"/>
      <trkpt lat="43.215380" lon="-2.723960"/>
      <trkpt lat="43.215340" lon="-2.723920"/>
      <trkpt lat="43.215270" lon="-2.723860"/>
      <trkpt lat="43.215210" lon="-2.723810"/>
      <trkpt lat="43.215150" lon="-2.723750"/>
      <trkpt lat="43.215110" lon="-2.723710"/>
      <trkpt lat="43.215070" lon="-2.723670"/>
      <trkpt lat="43.215000" lon="-2.723590"/>
      <trkpt lat="43.214950" lon="-2.723530"/>
      <trkpt lat="43.214900" lon="-2.723470"/>
      <trkpt lat="43.214860" lon="-2.723430"/>
      <trkpt lat="43.214820" lon="-2.723380"/>
      <trkpt lat="43.214620" lon="-2.723140"/>
      <trkpt lat="43.214320" lon="-2.722760"/>
      <trkpt lat="43.214250" lon="-2.722680"/>
      <trkpt lat="43.214210" lon="-2.722630"/>
      <trkpt lat="43.214180" lon="-2.722590"/>
      <trkpt lat="43.214140" lon="-2.722560"/>
      <trkpt lat="43.214110" lon="-2.722520"/>
      <trkpt lat="43.214050" lon="-2.722460"/>
      <trkpt lat="43.213980" lon="-2.722390"/>
      <trkpt lat="43.213940" lon="-2.722360"/>
      <trkpt lat="43.213900" lon="-2.722320"/>
      <trkpt lat="43.213860" lon="-2.722280"/>
      <trkpt lat="43.213810" lon="-2.722250"/>
      <trkpt lat="43.213790" lon="-2.722230"/>
      <trkpt lat="43.213750" lon="-2.722200"/>
      <trkpt lat="43.213700" lon="-2.722160"/>
      <trkpt lat="43.213650" lon="-2.722130"/>
      <trkpt lat="43.213620" lon="-2.722110"/>
      <trkpt lat="43.213590" lon="-2.722090"/>
      <trkpt lat="43.213550" lon="-2.722070"/>
      <trkpt lat="43.213510" lon="-2.722040"/>
      <trkpt lat="43.213470" lon="-2.722020"/>
      <trkpt lat="43.213430" lon="-2.722000"/>
      <trkpt lat="43.213310" lon="-2.721940"/>
      <trkpt lat="43.213210" lon="-2.721900"/>
      <trkpt lat="43.213160" lon="-2.721880"/>
      <trkpt lat="43.213110" lon="-2.721860"/>
      <trkpt lat="43.213060" lon="-2.721850"/>
      <trkpt lat="43.213010" lon="-2.721830"/>
      <trkpt lat="43.212960" lon="-2.721820"/>
      <trkpt lat="43.212910" lon="-2.721800"/>
      <trkpt lat="43.212800" lon="-2.721780"/>
      <trkpt lat="43.212760" lon="-2.721770"/>
      <trkpt lat="43.212720" lon="-2.721770"/>
      <trkpt lat="43.212660" lon="-2.721760"/>
      <trkpt lat="43.212540" lon="-2.721740"/>
      <trkpt lat="43.212450" lon="-2.721740"/>
      <trkpt lat="43.212340" lon="-2.721730"/>
      <trkpt lat="43.212200" lon="-2.721720"/>
      <trkpt lat="43.212110" lon="-2.721730"/>
      <trkpt lat="43.212070" lon="-2.721740"/>
      <trkpt lat="43.212040" lon="-2.721740"/>
      <trkpt lat="43.212010" lon="-2.721740"/>
      <trkpt lat="43.211980" lon="-2.721740"/>
      <trkpt lat="43.211910" lon="-2.721740"/>
      <trkpt lat="43.211840" lon="-2.721740"/>
      <trkpt lat="43.211770" lon="-2.721740"/>
      <trkpt lat="43.211630" lon="-2.721730"/>
      <trkpt lat="43.211590" lon="-2.721720"/>
      <trkpt lat="43.211550" lon="-2.721720"/>
      <trkpt lat="43.211500" lon="-2.721710"/>
      <trkpt lat="43.211450" lon="-2.721700"/>
      <trkpt lat="43.211180" lon="-2.721630"/>
      <trkpt lat="43.211100" lon="-2.721620"/>
      <trkpt lat="43.211060" lon="-2.721610"/>
      <trkpt lat="43.211010" lon="-2.721620"/>
      <trkpt lat="43.210980" lon="-2.721620"/>
      <trkpt lat="43.210930" lon="-2.721650"/>
      <trkpt lat="43.210890" lon="-2.721680"/>
      <trkpt lat="43.210860" lon="-2.721720"/>
      <trkpt lat="43.210840" lon="-2.721750"/>
      <trkpt lat="43.210810" lon="-2.721790"/>
      <trkpt lat="43.210790" lon="-2.721840"/>
      <trkpt lat="43.210770" lon="-2.721900"/>
      <trkpt lat="43.210750" lon="-2.721980"/>
      <trkpt lat="43.210740" lon="-2.722060"/>
      <trkpt lat="43.210730" lon="-2.722170"/>
      <trkpt lat="43.210740" lon="-2.722260"/>
      <trkpt lat="43.210740" lon="-2.722300"/>
      <trkpt lat="43.210750" lon="-2.722350"/>
      <trkpt lat="43.210770" lon="-2.722400"/>
      <trkpt lat="43.210780" lon="-2.722440"/>
      <trkpt lat="43.210800" lon="-2.722480"/>
      <trkpt lat="43.210840" lon="-2.722550"/>
      <trkpt lat="43.210870" lon="-2.722610"/>
      <trkpt lat="43.210920" lon="-2.722660"/>
      <trkpt lat="43.210960" lon="-2.722710"/>
      <trkpt lat="43.211090" lon="-2.722820"/>
      <trkpt lat="43.211170" lon="-2.722860"/>
      <trkpt lat="43.211200" lon="-2.722880"/>
      <trkpt lat="43.211240" lon="-2.722900"/>
      <trkpt lat="43.211270" lon="-2.722910"/>
      <trkpt lat="43.211290" lon="-2.722920"/>
      <trkpt lat="43.211320" lon="-2.722920"/>
      <trkpt lat="43.211350" lon="-2.722930"/>
      <trkpt lat="43.211380" lon="-2.722930"/>
      <trkpt lat="43.211400" lon="-2.722930"/>
      <trkpt lat="43.211420" lon="-2.722930"/>
      <trkpt lat="43.211440" lon="-2.722930"/>
      <trkpt lat="43.211470" lon="-2.722920"/>
      <trkpt lat="43.211490" lon="-2.722910"/>
      <trkpt lat="43.211520" lon="-2.722890"/>
      <trkpt lat="43.211540" lon="-2.722870"/>
      <trkpt lat="43.211570" lon="-2.722840"/>
      <trkpt lat="43.211600" lon="-2.722810"/>
      <trkpt lat="43.211620" lon="-2.722780"/>
      <trkpt lat="43.211640" lon="-2.722750"/>
      <trkpt lat="43.211650" lon="-2.722720"/>
      <trkpt lat="43.211670" lon="-2.722680"/>
      <trkpt lat="43.211680" lon="-2.722630"/>
      <trkpt lat="43.211690" lon="-2.722590"/>
      <trkpt lat="43.211710" lon="-2.722520"/>
      <trkpt lat="43.211740" lon="-2.722350"/>
      <trkpt lat="43.211770" lon="-2.722170"/>
      <trkpt lat="43.211810" lon="-2.721850"/>
      <trkpt lat="43.211870" lon="-2.721480"/>
      <trkpt lat="43.211880" lon="-2.721390"/>
      <trkpt lat="43.211880" lon="-2.721340"/>
      <trkpt lat="43.211890" lon="-2.721300"/>
      <trkpt lat="43.211890" lon="-2.721260"/>
      <trkpt lat="43.211890" lon="-2.721220"/>
      <trkpt lat="43.211890" lon="-2.721180"/>
      <trkpt lat="43.211890" lon="-2.721140"/>
      <trkpt lat="43.211890" lon="-2.721120"/>
      <trkpt lat="43.211890" lon="-2.721070"/>
      <trkpt lat="43.211890" lon="-2.721030"/>
      <trkpt lat="43.211880" lon="-2.720990"/>
      <trkpt lat="43.211880" lon="-2.720940"/>
      <trkpt lat="43.211870" lon="-2.720900"/>
      <trkpt lat="43.211860" lon="-2.720850"/>
      <trkpt lat="43.211840" lon="-2.720770"/>
      <trkpt lat="43.211820" lon="-2.720660"/>
      <trkpt lat="43.211790" lon="-2.720580"/>
      <trkpt lat="43.211760" lon="-2.720590"/>
      <trkpt lat="43.211720" lon="-2.720600"/>
      <trkpt lat="43.211680" lon="-2.720590"/>
      <trkpt lat="43.211650" lon="-2.720560"/>
      <trkpt lat="43.211630" lon="-2.720530"/>
      <trkpt lat="43.211610" lon="-2.720480"/>
      <trkpt lat="43.211600" lon="-2.720430"/>
      <trkpt lat="43.211610" lon="-2.720390"/>
      <trkpt lat="43.211620" lon="-2.720340"/>
      <trkpt lat="43.211640" lon="-2.720310"/>
      <trkpt lat="43.211680" lon="-2.720220"/>
      <trkpt lat="43.211700" lon="-2.720170"/>
      <trkpt lat="43.211710" lon="-2.720130"/>
      <trkpt lat="43.211710" lon="-2.720090"/>
      <trkpt lat="43.211720" lon="-2.720060"/>
      <trkpt lat="43.211720" lon="-2.720020"/>
      <trkpt lat="43.211730" lon="-2.719990"/>
      <trkpt lat="43.211730" lon="-2.719950"/>
      <trkpt lat="43.211720" lon="-2.719910"/>
      <trkpt lat="43.211720" lon="-2.719890"/>
      <trkpt lat="43.211710" lon="-2.719850"/>
      <trkpt lat="43.211700" lon="-2.719780"/>
      <trkpt lat="43.211680" lon="-2.719710"/>
      <trkpt lat="43.211630" lon="-2.719540"/>
      <trkpt lat="43.211560" lon="-2.719260"/>
      <trkpt lat="43.211480" lon="-2.718930"/>
      <trkpt lat="43.211440" lon="-2.718770"/>
      <trkpt lat="43.211410" lon="-2.718660"/>
      <trkpt lat="43.211390" lon="-2.718560"/>
      <trkpt lat="43.211370" lon="-2.718460"/>
      <trkpt lat="43.211350" lon="-2.718360"/>
      <trkpt lat="43.211330" lon="-2.718240"/>
      <trkpt lat="43.211300" lon="-2.718070"/>
      <trkpt lat="43.211270" lon="-2.717950"/>
      <trkpt lat="43.211250" lon="-2.717830"/>
      <trkpt lat="43.211230" lon="-2.717680"/>
      <trkpt lat="43.211200" lon="-2.717510"/>
      <trkpt lat="43.211180" lon="-2.717370"/>
      <trkpt lat="43.211170" lon="-2.717260"/>
      <trkpt lat="43.211160" lon="-2.717130"/>
      <trkpt lat="43.211150" lon="-2.716920"/>
      <trkpt lat="43.211140" lon="-2.716770"/>
      <trkpt lat="43.211140" lon="-2.716610"/>
      <trkpt lat="43.211130" lon="-2.716450"/>
      <trkpt lat="43.211140" lon="-2.716270"/>
      <trkpt lat="43.211140" lon="-2.715990"/>
      <trkpt lat="43.211140" lon="-2.715780"/>
      <trkpt lat="43.211130" lon="-2.715570"/>
      <trkpt lat="43.211130" lon="-2.715370"/>
      <trkpt lat="43.211120" lon="-2.715160"/>
      <trkpt lat="43.211120" lon="-2.714960"/>
      <trkpt lat="43.211110" lon="-2.714750"/>
      <trkpt lat="43.211110" lon="-2.714650"/>
      <trkpt lat="43.211100" lon="-2.714550"/>
      <trkpt lat="43.211100" lon="-2.714440"/>
      <trkpt lat="43.211100" lon="-2.714340"/>
      <trkpt lat="43.211090" lon="-2.714150"/>
      <trkpt lat="43.211070" lon="-2.713960"/>
      <trkpt lat="43.211050" lon="-2.713770"/>
      <trkpt lat="43.211030" lon="-2.713510"/>
      <trkpt lat="43.211010" lon="-2.713320"/>
      <trkpt lat="43.210980" lon="-2.713120"/>
      <trkpt lat="43.210950" lon="-2.712930"/>
      <trkpt lat="43.210930" lon="-2.712820"/>
      <trkpt lat="43.210920" lon="-2.712720"/>
      <trkpt lat="43.210900" lon="-2.712620"/>
      <trkpt lat="43.210880" lon="-2.712530"/>
      <trkpt lat="43.210840" lon="-2.712330"/>
      <trkpt lat="43.210810" lon="-2.712210"/>
      <trkpt lat="43.210790" lon="-2.712130"/>
      <trkpt lat="43.210770" lon="-2.712030"/>
      <trkpt lat="43.210750" lon="-2.711930"/>
      <trkpt lat="43.210700" lon="-2.711740"/>
      <trkpt lat="43.210650" lon="-2.711550"/>
      <trkpt lat="43.210620" lon="-2.711450"/>
      <trkpt lat="43.210600" lon="-2.711360"/>
      <trkpt lat="43.210570" lon="-2.711270"/>
      <trkpt lat="43.210540" lon="-2.711170"/>
      <trkpt lat="43.210510" lon="-2.711070"/>
      <trkpt lat="43.210480" lon="-2.710990"/>
      <trkpt lat="43.210440" lon="-2.710890"/>
      <trkpt lat="43.210410" lon="-2.710800"/>
      <trkpt lat="43.210350" lon="-2.710610"/>
      <trkpt lat="43.210310" lon="-2.710520"/>
      <trkpt lat="43.210280" lon="-2.710430"/>
      <trkpt lat="43.210240" lon="-2.710340"/>
      <trkpt lat="43.210210" lon="-2.710250"/>
      <trkpt lat="43.210140" lon="-2.710080"/>
      <trkpt lat="43.210060" lon="-2.709900"/>
      <trkpt lat="43.210000" lon="-2.709760"/>
      <trkpt lat="43.209940" lon="-2.709640"/>
      <trkpt lat="43.209820" lon="-2.709400"/>
      <trkpt lat="43.209610" lon="-2.709010"/>
      <trkpt lat="43.209360" lon="-2.708600"/>
      <trkpt lat="43.209230" lon="-2.708390"/>
      <trkpt lat="43.209080" lon="-2.708190"/>
      <trkpt lat="43.208800" lon="-2.707820"/>
      <trkpt lat="43.208640" lon="-2.707610"/>
      <trkpt lat="43.208470" lon="-2.707420"/>
      <trkpt lat="43.207980" lon="-2.706880"/>
      <trkpt lat="43.207450" lon="-2.706330"/>
      <trkpt lat="43.206280" lon="-2.705140"/>
      <trkpt lat="43.205850" lon="-2.704650"/>
      <trkpt lat="43.205400" lon="-2.704120"/>
      <trkpt lat="43.205050" lon="-2.703650"/>
      <trkpt lat="43.204690" lon="-2.703160"/>
      <trkpt lat="43.204480" lon="-2.702850"/>
      <trkpt lat="43.204260" lon="-2.702530"/>
      <trkpt lat="43.204040" lon="-2.702160"/>
      <trkpt lat="43.203870" lon="-2.701880"/>
      <trkpt lat="43.203510" lon="-2.701230"/>
      <trkpt lat="43.203150" lon="-2.700550"/>
      <trkpt lat="43.202980" lon="-2.700170"/>
      <trkpt lat="43.202770" lon="-2.699730"/>
      <trkpt lat="43.202390" lon="-2.698850"/>
      <trkpt lat="43.201620" lon="-2.697020"/>
      <trkpt lat="43.201310" lon="-2.696400"/>
      <trkpt lat="43.201010" lon="-2.695890"/>
      <trkpt lat="43.200660" lon="-2.695370"/>
      <trkpt lat="43.200290" lon="-2.694920"/>
      <trkpt lat="43.200110" lon="-2.694690"/>
      <trkpt lat="43.199910" lon="-2.694470"/>
      <trkpt lat="43.199550" lon="-2.694120"/>
      <trkpt lat="43.199200" lon="-2.693820"/>
      <trkpt lat="43.198930" lon="-2.693610"/>
      <trkpt lat="43.198650" lon="-2.693420"/>
      <trkpt lat="43.198450" lon="-2.693300"/>
      <trkpt lat="43.198240" lon="-2.693180"/>
      <trkpt lat="43.198020" lon="-2.693060"/>
      <trkpt lat="43.197800" lon="-2.692960"/>
      <trkpt lat="43.197570" lon="-2.692860"/>
      <trkpt lat="43.197330" lon="-2.692770"/>
      <trkpt lat="43.197010" lon="-2.692670"/>
      <trkpt lat="43.196760" lon="-2.692610"/>
      <trkpt lat="43.196480" lon="-2.692550"/>
      <trkpt lat="43.195510" lon="-2.692440"/>
      <trkpt lat="43.195020" lon="-2.692380"/>
      <trkpt lat="43.194790" lon="-2.692340"/>
      <trkpt lat="43.194550" lon="-2.692290"/>
      <trkpt lat="43.194230" lon="-2.692200"/>
      <trkpt lat="43.193850" lon="-2.692070"/>
      <trkpt lat="43.193600" lon="-2.691970"/>
      <trkpt lat="43.193490" lon="-2.691920"/>
      <trkpt lat="43.193460" lon="-2.691900"/>
      <trkpt lat="43.193160" lon="-2.691740"/>
      <trkpt lat="43.192910" lon="-2.691610"/>
      <trkpt lat="43.192470" lon="-2.691320"/>
      <trkpt lat="43.192100" lon="-2.691050"/>
      <trkpt lat="43.191810" lon="-2.690800"/>
      <trkpt lat="43.191400" lon="-2.690400"/>
      <trkpt lat="43.191180" lon="-2.690160"/>
      <trkpt lat="43.190760" lon="-2.689650"/>
      <trkpt lat="43.190450" lon="-2.689210"/>
      <trkpt lat="43.190160" lon="-2.688750"/>
      <trkpt lat="43.189930" lon="-2.688340"/>
      <trkpt lat="43.189680" lon="-2.687860"/>
      <trkpt lat="43.189560" lon="-2.687580"/>
      <trkpt lat="43.189420" lon="-2.687270"/>
      <trkpt lat="43.189310" lon="-2.686940"/>
      <trkpt lat="43.189210" lon="-2.686660"/>
      <trkpt lat="43.189110" lon="-2.686380"/>
      <trkpt lat="43.188830" lon="-2.685430"/>
      <trkpt lat="43.188610" lon="-2.684570"/>
      <trkpt lat="43.188380" lon="-2.683600"/>
      <trkpt lat="43.188190" lon="-2.682690"/>
      <trkpt lat="43.188000" lon="-2.681620"/>
      <trkpt lat="43.187820" lon="-2.680550"/>
      <trkpt lat="43.187720" lon="-2.679730"/>
      <trkpt lat="43.187570" lon="-2.678410"/>
      <trkpt lat="43.187460" lon="-2.677120"/>
      <trkpt lat="43.187370" lon="-2.675980"/>
      <trkpt lat="43.187330" lon="-2.675420"/>
      <trkpt lat="43.187270" lon="-2.674740"/>
      <trkpt lat="43.187220" lon="-2.674100"/>
      <trkpt lat="43.187150" lon="-2.673380"/>
      <trkpt lat="43.187120" lon="-2.673030"/>
      <trkpt lat="43.186970" lon="-2.671340"/>
      <trkpt lat="43.186710" lon="-2.669340"/>
      <trkpt lat="43.186600" lon="-2.668470"/>
      <trkpt lat="43.186470" lon="-2.667600"/>
      <trkpt lat="43.186210" lon="-2.665950"/>
      <trkpt lat="43.186060" lon="-2.665120"/>
      <trkpt lat="43.185870" lon="-2.664160"/>
      <trkpt lat="43.185360" lon="-2.661950"/>
      <trkpt lat="43.185100" lon="-2.660890"/>
      <trkpt lat="43.184960" lon="-2.660390"/>
      <trkpt lat="43.184830" lon="-2.659910"/>
      <trkpt lat="43.184550" lon="-2.658950"/>
      <trkpt lat="43.183900" lon="-2.656950"/>
      <trkpt lat="43.183490" lon="-2.655830"/>
      <trkpt lat="43.183070" lon="-2.654690"/>
      <trkpt lat="43.182230" lon="-2.652500"/>
      <trkpt lat="43.181770" lon="-2.651130"/>
      <trkpt lat="43.181160" lon="-2.649230"/>
      <trkpt lat="43.180730" lon="-2.647670"/>
      <trkpt lat="43.180510" lon="-2.646770"/>
      <trkpt lat="43.180420" lon="-2.646360"/>
      <trkpt lat="43.180330" lon="-2.645980"/>
      <trkpt lat="43.180300" lon="-2.645880"/>
      <trkpt lat="43.180260" lon="-2.645640"/>
      <trkpt lat="43.180200" lon="-2.645340"/>
      <trkpt lat="43.180140" lon="-2.645060"/>
      <trkpt lat="43.180090" lon="-2.644800"/>
      <trkpt lat="43.180050" lon="-2.644600"/>
      <trkpt lat="43.180010" lon="-2.644420"/>
      <trkpt lat="43.179980" lon="-2.644280"/>
      <trkpt lat="43.179950" lon="-2.644130"/>
      <trkpt lat="43.179930" lon="-2.644000"/>
      <trkpt lat="43.179760" lon="-2.643170"/>
      <trkpt lat="43.179690" lon="-2.642790"/>
      <trkpt lat="43.179430" lon="-2.640840"/>
      <trkpt lat="43.179310" lon="-2.639870"/>
      <trkpt lat="43.179250" lon="-2.639350"/>
      <trkpt lat="43.179130" lon="-2.638030"/>
      <trkpt lat="43.179100" lon="-2.637610"/>
      <trkpt lat="43.179050" lon="-2.636870"/>
      <trkpt lat="43.179020" lon="-2.636300"/>
      <trkpt lat="43.178990" lon="-2.635770"/>
      <trkpt lat="43.178960" lon="-2.634970"/>
      <trkpt lat="43.178930" lon="-2.633330"/>
      <trkpt lat="43.178920" lon="-2.632750"/>
      <trkpt lat="43.178900" lon="-2.631770"/>
      <trkpt lat="43.178900" lon="-2.631380"/>
      <trkpt lat="43.178880" lon="-2.631100"/>
      <trkpt lat="43.178850" lon="-2.630120"/>
      <trkpt lat="43.178740" lon="-2.628350"/>
      <trkpt lat="43.178640" lon="-2.627080"/>
      <trkpt lat="43.178510" lon="-2.625860"/>
      <trkpt lat="43.178440" lon="-2.625450"/>
      <trkpt lat="43.178290" lon="-2.624690"/>
      <trkpt lat="43.178050" lon="-2.623780"/>
      <trkpt lat="43.177710" lon="-2.622830"/>
      <trkpt lat="43.177040" lon="-2.621250"/>
      <trkpt lat="43.176330" lon="-2.619700"/>
      <trkpt lat="43.175550" lon="-2.618260"/>
      <trkpt lat="43.174940" lon="-2.617240"/>
      <trkpt lat="43.174310" lon="-2.616240"/>
      <trkpt lat="43.174230" lon="-2.616110"/>
      <trkpt lat="43.173930" lon="-2.615580"/>
      <trkpt lat="43.173690" lon="-2.615080"/>
      <trkpt lat="43.173630" lon="-2.614920"/>
      <trkpt lat="43.173490" lon="-2.614610"/>
      <trkpt lat="43.173400" lon="-2.614360"/>
      <trkpt lat="43.173220" lon="-2.613860"/>
      <trkpt lat="43.173120" lon="-2.613560"/>
      <trkpt lat="43.172840" lon="-2.612630"/>
      <trkpt lat="43.172520" lon="-2.611690"/>
      <trkpt lat="43.172290" lon="-2.611140"/>
      <trkpt lat="43.172100" lon="-2.610730"/>
      <trkpt lat="43.172030" lon="-2.610590"/>
      <trkpt lat="43.171820" lon="-2.610160"/>
      <trkpt lat="43.171530" lon="-2.609640"/>
      <trkpt lat="43.170960" lon="-2.608790"/>
      <trkpt lat="43.170620" lon="-2.608310"/>
      <trkpt lat="43.170210" lon="-2.607680"/>
      <trkpt lat="43.169890" lon="-2.607150"/>
      <trkpt lat="43.169580" lon="-2.606540"/>
      <trkpt lat="43.169310" lon="-2.605950"/>
      <trkpt lat="43.169090" lon="-2.605380"/>
      <trkpt lat="43.168880" lon="-2.604760"/>
      <trkpt lat="43.168610" lon="-2.603920"/>
      <trkpt lat="43.168430" lon="-2.603200"/>
      <trkpt lat="43.168310" lon="-2.602640"/>
      <trkpt lat="43.168290" lon="-2.602540"/>
      <trkpt lat="43.168170" lon="-2.601930"/>
      <trkpt lat="43.168070" lon="-2.601490"/>
      <trkpt lat="43.167930" lon="-2.600610"/>
      <trkpt lat="43.167830" lon="-2.599790"/>
      <trkpt lat="43.167760" lon="-2.598890"/>
      <trkpt lat="43.167720" lon="-2.598030"/>
      <trkpt lat="43.167710" lon="-2.597140"/>
      <trkpt lat="43.167720" lon="-2.596280"/>
      <trkpt lat="43.167770" lon="-2.595390"/>
      <trkpt lat="43.167840" lon="-2.594570"/>
      <trkpt lat="43.167970" lon="-2.593650"/>
      <trkpt lat="43.168120" lon="-2.592720"/>
      <trkpt lat="43.168250" lon="-2.592040"/>
      <trkpt lat="43.168440" lon="-2.591140"/>
      <trkpt lat="43.168510" lon="-2.590840"/>
      <trkpt lat="43.168740" lon="-2.589820"/>
      <trkpt lat="43.168930" lon="-2.588840"/>
      <trkpt lat="43.169090" lon="-2.587870"/>
      <trkpt lat="43.169160" lon="-2.587320"/>
      <trkpt lat="43.169190" lon="-2.586820"/>
      <trkpt lat="43.169210" lon="-2.586210"/>
      <trkpt lat="43.169210" lon="-2.585660"/>
      <trkpt lat="43.169170" lon="-2.584920"/>
      <trkpt lat="43.169080" lon="-2.584250"/>
      <trkpt lat="43.168950" lon="-2.583460"/>
      <trkpt lat="43.168780" lon="-2.582710"/>
      <trkpt lat="43.168580" lon="-2.581900"/>
      <trkpt lat="43.168350" lon="-2.581070"/>
      <trkpt lat="43.168160" lon="-2.580360"/>
      <trkpt lat="43.168030" lon="-2.579870"/>
      <trkpt lat="43.167900" lon="-2.579340"/>
      <trkpt lat="43.167780" lon="-2.578760"/>
      <trkpt lat="43.167670" lon="-2.578210"/>
      <trkpt lat="43.167610" lon="-2.577740"/>
      <trkpt lat="43.167590" lon="-2.577560"/>
      <trkpt lat="43.167570" lon="-2.577390"/>
      <trkpt lat="43.167520" lon="-2.576530"/>
      <trkpt lat="43.167510" lon="-2.575810"/>
      <trkpt lat="43.167530" lon="-2.575360"/>
      <trkpt lat="43.167590" lon="-2.574740"/>
      <trkpt lat="43.167770" lon="-2.573460"/>
      <trkpt lat="43.168040" lon="-2.572160"/>
      <trkpt lat="43.168120" lon="-2.571710"/>
      <trkpt lat="43.168210" lon="-2.571280"/>
      <trkpt lat="43.168260" lon="-2.571050"/>
      <trkpt lat="43.168370" lon="-2.570420"/>
      <trkpt lat="43.168460" lon="-2.569730"/>
      <trkpt lat="43.168500" lon="-2.569160"/>
      <trkpt lat="43.168530" lon="-2.568610"/>
      <trkpt lat="43.168540" lon="-2.568150"/>
      <trkpt lat="43.168530" lon="-2.567950"/>
      <trkpt lat="43.168520" lon="-2.567680"/>
      <trkpt lat="43.168500" lon="-2.567280"/>
      <trkpt lat="43.168480" lon="-2.566880"/>
      <trkpt lat="43.168450" lon="-2.566540"/>
      <trkpt lat="43.168410" lon="-2.566170"/>
      <trkpt lat="43.168360" lon="-2.565860"/>
      <trkpt lat="43.168290" lon="-2.565450"/>
      <trkpt lat="43.168110" lon="-2.564640"/>
      <trkpt lat="43.167910" lon="-2.563900"/>
      <trkpt lat="43.167720" lon="-2.563200"/>
      <trkpt lat="43.167640" lon="-2.562890"/>
      <trkpt lat="43.167520" lon="-2.562440"/>
      <trkpt lat="43.167450" lon="-2.562040"/>
      <trkpt lat="43.167380" lon="-2.561680"/>
      <trkpt lat="43.167330" lon="-2.561270"/>
      <trkpt lat="43.167260" lon="-2.560690"/>
      <trkpt lat="43.167230" lon="-2.560300"/>
      <trkpt lat="43.167210" lon="-2.559940"/>
      <trkpt lat="43.167210" lon="-2.559670"/>
      <trkpt lat="43.167230" lon="-2.559040"/>
      <trkpt lat="43.167260" lon="-2.558370"/>
      <trkpt lat="43.167370" lon="-2.556770"/>
      <trkpt lat="43.167390" lon="-2.556270"/>
      <trkpt lat="43.167380" lon="-2.555790"/>
      <trkpt lat="43.167320" lon="-2.554490"/>
      <trkpt lat="43.167300" lon="-2.554170"/>
      <trkpt lat="43.167280" lon="-2.553660"/>
      <trkpt lat="43.167270" lon="-2.553130"/>
      <trkpt lat="43.167280" lon="-2.552770"/>
      <trkpt lat="43.167300" lon="-2.552200"/>
      <trkpt lat="43.167320" lon="-2.551950"/>
      <trkpt lat="43.167340" lon="-2.551790"/>
      <trkpt lat="43.167400" lon="-2.551380"/>
      <trkpt lat="43.167480" lon="-2.550760"/>
      <trkpt lat="43.167540" lon="-2.550400"/>
      <trkpt lat="43.167600" lon="-2.549940"/>
      <trkpt lat="43.167630" lon="-2.549720"/>
      <trkpt lat="43.167650" lon="-2.549570"/>
      <trkpt lat="43.167710" lon="-2.548400"/>
      <trkpt lat="43.167690" lon="-2.547460"/>
      <trkpt lat="43.167690" lon="-2.546880"/>
      <trkpt lat="43.167690" lon="-2.546620"/>
      <trkpt lat="43.167720" lon="-2.546250"/>
      <trkpt lat="43.167750" lon="-2.545940"/>
      <trkpt lat="43.167790" lon="-2.545700"/>
      <trkpt lat="43.167840" lon="-2.545450"/>
      <trkpt lat="43.167940" lon="-2.545050"/>
      <trkpt lat="43.168060" lon="-2.544670"/>
      <trkpt lat="43.168150" lon="-2.544420"/>
      <trkpt lat="43.168240" lon="-2.544210"/>
      <trkpt lat="43.168420" lon="-2.543860"/>
      <trkpt lat="43.168550" lon="-2.543630"/>
      <trkpt lat="43.168740" lon="-2.543300"/>
      <trkpt lat="43.169170" lon="-2.542670"/>
      <trkpt lat="43.169590" lon="-2.542090"/>
      <trkpt lat="43.170020" lon="-2.541480"/>
      <trkpt lat="43.170250" lon="-2.541090"/>
      <trkpt lat="43.170670" lon="-2.540240"/>
      <trkpt lat="43.170860" lon="-2.539740"/>
      <trkpt lat="43.171010" lon="-2.539210"/>
      <trkpt lat="43.171210" lon="-2.538190"/>
      <trkpt lat="43.171250" lon="-2.537690"/>
      <trkpt lat="43.171270" lon="-2.537230"/>
      <trkpt lat="43.171260" lon="-2.536670"/>
      <trkpt lat="43.171260" lon="-2.536430"/>
      <trkpt lat="43.171250" lon="-2.536150"/>
      <trkpt lat="43.171240" lon="-2.535730"/>
      <trkpt lat="43.171240" lon="-2.535440"/>
      <trkpt lat="43.171260" lon="-2.535130"/>
      <trkpt lat="43.171300" lon="-2.534840"/>
      <trkpt lat="43.171360" lon="-2.534520"/>
      <trkpt lat="43.171440" lon="-2.534220"/>
      <trkpt lat="43.171510" lon="-2.533990"/>
      <trkpt lat="43.171610" lon="-2.533750"/>
      <trkpt lat="43.171750" lon="-2.533490"/>
      <trkpt lat="43.171850" lon="-2.533320"/>
      <trkpt lat="43.172130" lon="-2.532930"/>
      <trkpt lat="43.173360" lon="-2.531530"/>
      <trkpt lat="43.174130" lon="-2.530660"/>
      <trkpt lat="43.174770" lon="-2.529920"/>
      <trkpt lat="43.175250" lon="-2.529350"/>
      <trkpt lat="43.176190" lon="-2.528160"/>
      <trkpt lat="43.176390" lon="-2.527900"/>
      <trkpt lat="43.176570" lon="-2.527610"/>
      <trkpt lat="43.176660" lon="-2.527450"/>
      <trkpt lat="43.176750" lon="-2.527240"/>
      <trkpt lat="43.176840" lon="-2.526990"/>
      <trkpt lat="43.176920" lon="-2.526700"/>
      <trkpt lat="43.176980" lon="-2.526350"/>
      <trkpt lat="43.177010" lon="-2.526080"/>
      <trkpt lat="43.177010" lon="-2.525790"/>
      <trkpt lat="43.176990" lon="-2.525490"/>
      <trkpt lat="43.176960" lon="-2.525170"/>
      <trkpt lat="43.176920" lon="-2.524970"/>
      <trkpt lat="43.176800" lon="-2.524460"/>
      <trkpt lat="43.176590" lon="-2.523730"/>
      <trkpt lat="43.176420" lon="-2.523130"/>
      <trkpt lat="43.176290" lon="-2.522620"/>
      <trkpt lat="43.176020" lon="-2.521530"/>
      <trkpt lat="43.175900" lon="-2.520930"/>
      <trkpt lat="43.175720" lon="-2.520000"/>
      <trkpt lat="43.175620" lon="-2.519410"/>
      <trkpt lat="43.175560" lon="-2.519030"/>
      <trkpt lat="43.175450" lon="-2.518290"/>
      <trkpt lat="43.175370" lon="-2.517660"/>
      <trkpt lat="43.175310" lon="-2.517130"/>
      <trkpt lat="43.175220" lon="-2.516250"/>
      <trkpt lat="43.175190" lon="-2.515910"/>
      <trkpt lat="43.175070" lon="-2.514540"/>
      <trkpt lat="43.174960" lon="-2.513390"/>
      <trkpt lat="43.174840" lon="-2.512310"/>
      <trkpt lat="43.174700" lon="-2.511130"/>
      <trkpt lat="43.174550" lon="-2.510000"/>
      <trkpt lat="43.174520" lon="-2.509490"/>
      <trkpt lat="43.174490" lon="-2.509100"/>
      <trkpt lat="43.174460" lon="-2.508590"/>
      <trkpt lat="43.174470" lon="-2.508180"/>
      <trkpt lat="43.174500" lon="-2.507790"/>
      <trkpt lat="43.174560" lon="-2.507350"/>
      <trkpt lat="43.174620" lon="-2.507040"/>
      <trkpt lat="43.174720" lon="-2.506690"/>
      <trkpt lat="43.174840" lon="-2.506360"/>
      <trkpt lat="43.175000" lon="-2.506020"/>
      <trkpt lat="43.175130" lon="-2.505800"/>
      <trkpt lat="43.175360" lon="-2.505460"/>
      <trkpt lat="43.175840" lon="-2.504810"/>
      <trkpt lat="43.176080" lon="-2.504460"/>
      <trkpt lat="43.176240" lon="-2.504160"/>
      <trkpt lat="43.176390" lon="-2.503830"/>
      <trkpt lat="43.176520" lon="-2.503470"/>
      <trkpt lat="43.176610" lon="-2.503160"/>
      <trkpt lat="43.176680" lon="-2.502840"/>
      <trkpt lat="43.176730" lon="-2.502550"/>
      <trkpt lat="43.176750" lon="-2.502320"/>
      <trkpt lat="43.176780" lon="-2.501950"/>
      <trkpt lat="43.176780" lon="-2.501680"/>
      <trkpt lat="43.176760" lon="-2.501240"/>
      <trkpt lat="43.176710" lon="-2.500630"/>
      <trkpt lat="43.176680" lon="-2.500150"/>
      <trkpt lat="43.176680" lon="-2.499810"/>
      <trkpt lat="43.176700" lon="-2.499420"/>
      <trkpt lat="43.176750" lon="-2.499090"/>
      <trkpt lat="43.176840" lon="-2.498640"/>
      <trkpt lat="43.176940" lon="-2.498280"/>
      <trkpt lat="43.177050" lon="-2.497980"/>
      <trkpt lat="43.177220" lon="-2.497530"/>
      <trkpt lat="43.177350" lon="-2.497140"/>
      <trkpt lat="43.177460" lon="-2.496710"/>
      <trkpt lat="43.177520" lon="-2.496390"/>
      <trkpt lat="43.177540" lon="-2.496080"/>
      <trkpt lat="43.177540" lon="-2.495890"/>
      <trkpt lat="43.177540" lon="-2.495640"/>
      <trkpt lat="43.177510" lon="-2.495360"/>
      <trkpt lat="43.177490" lon="-2.495280"/>
      <trkpt lat="43.177450" lon="-2.495030"/>
      <trkpt lat="43.177370" lon="-2.494680"/>
      <trkpt lat="43.177200" lon="-2.493980"/>
      <trkpt lat="43.177120" lon="-2.493600"/>
      <trkpt lat="43.177080" lon="-2.493300"/>
      <trkpt lat="43.177050" lon="-2.492990"/>
      <trkpt lat="43.177050" lon="-2.492610"/>
      <trkpt lat="43.177070" lon="-2.492270"/>
      <trkpt lat="43.177090" lon="-2.492040"/>
      <trkpt lat="43.177120" lon="-2.491860"/>
      <trkpt lat="43.177170" lon="-2.491620"/>
      <trkpt lat="43.177210" lon="-2.491420"/>
      <trkpt lat="43.177330" lon="-2.491040"/>
      <trkpt lat="43.177440" lon="-2.490770"/>
      <trkpt lat="43.177530" lon="-2.490590"/>
      <trkpt lat="43.177640" lon="-2.490370"/>
      <trkpt lat="43.177880" lon="-2.489970"/>
      <trkpt lat="43.178020" lon="-2.489730"/>
      <trkpt lat="43.178230" lon="-2.489340"/>
      <trkpt lat="43.178360" lon="-2.489100"/>
      <trkpt lat="43.178490" lon="-2.488820"/>
      <trkpt lat="43.178680" lon="-2.488370"/>
      <trkpt lat="43.178850" lon="-2.487880"/>
      <trkpt lat="43.178950" lon="-2.487430"/>
      <trkpt lat="43.179080" lon="-2.486870"/>
      <trkpt lat="43.179220" lon="-2.486100"/>
      <trkpt lat="43.179310" lon="-2.485750"/>
      <trkpt lat="43.179480" lon="-2.485150"/>
      <trkpt lat="43.179560" lon="-2.484900"/>
      <trkpt lat="43.179690" lon="-2.484560"/>
      <trkpt lat="43.179890" lon="-2.484110"/>
      <trkpt lat="43.180110" lon="-2.483670"/>
      <trkpt lat="43.180360" lon="-2.483160"/>
      <trkpt lat="43.180600" lon="-2.482650"/>
      <trkpt lat="43.180820" lon="-2.482050"/>
      <trkpt lat="43.180940" lon="-2.481660"/>
      <trkpt lat="43.181050" lon="-2.481230"/>
      <trkpt lat="43.181150" lon="-2.480680"/>
      <trkpt lat="43.181210" lon="-2.480120"/>
      <trkpt lat="43.181240" lon="-2.479550"/>
      <trkpt lat="43.181250" lon="-2.479500"/>
      <trkpt lat="43.181250" lon="-2.479290"/>
      <trkpt lat="43.181250" lon="-2.478740"/>
      <trkpt lat="43.181230" lon="-2.478460"/>
      <trkpt lat="43.181200" lon="-2.478110"/>
      <trkpt lat="43.181120" lon="-2.477470"/>
      <trkpt lat="43.181040" lon="-2.476940"/>
      <trkpt lat="43.180950" lon="-2.476520"/>
      <trkpt lat="43.180860" lon="-2.476140"/>
      <trkpt lat="43.180790" lon="-2.475870"/>
      <trkpt lat="43.180720" lon="-2.475650"/>
      <trkpt lat="43.180620" lon="-2.475380"/>
      <trkpt lat="43.180560" lon="-2.475190"/>
      <trkpt lat="43.180440" lon="-2.474860"/>
      <trkpt lat="43.180270" lon="-2.474270"/>
      <trkpt lat="43.180210" lon="-2.474050"/>
      <trkpt lat="43.180150" lon="-2.473790"/>
      <trkpt lat="43.180070" lon="-2.473370"/>
      <trkpt lat="43.180040" lon="-2.473100"/>
      <trkpt lat="43.180020" lon="-2.472870"/>
      <trkpt lat="43.180000" lon="-2.472520"/>
      <trkpt lat="43.180020" lon="-2.472010"/>
      <trkpt lat="43.180040" lon="-2.471670"/>
      <trkpt lat="43.180070" lon="-2.471330"/>
      <trkpt lat="43.180120" lon="-2.471010"/>
      <trkpt lat="43.180170" lon="-2.470810"/>
      <trkpt lat="43.180220" lon="-2.470640"/>
      <trkpt lat="43.180320" lon="-2.470350"/>
      <trkpt lat="43.180450" lon="-2.470010"/>
      <trkpt lat="43.180610" lon="-2.469670"/>
      <trkpt lat="43.180800" lon="-2.469290"/>
      <trkpt lat="43.180970" lon="-2.469030"/>
      <trkpt lat="43.181120" lon="-2.468830"/>
      <trkpt lat="43.181140" lon="-2.468810"/>
      <trkpt lat="43.181360" lon="-2.468540"/>
      <trkpt lat="43.181420" lon="-2.468470"/>
      <trkpt lat="43.181580" lon="-2.468300"/>
      <trkpt lat="43.181780" lon="-2.468110"/>
      <trkpt lat="43.182060" lon="-2.467830"/>
      <trkpt lat="43.182220" lon="-2.467650"/>
      <trkpt lat="43.182360" lon="-2.467500"/>
      <trkpt lat="43.182500" lon="-2.467300"/>
      <trkpt lat="43.182570" lon="-2.467220"/>
      <trkpt lat="43.182700" lon="-2.467010"/>
      <trkpt lat="43.182850" lon="-2.466740"/>
      <trkpt lat="43.182950" lon="-2.466500"/>
      <trkpt lat="43.183060" lon="-2.466170"/>
      <trkpt lat="43.183170" lon="-2.465770"/>
      <trkpt lat="43.183260" lon="-2.465360"/>
      <trkpt lat="43.183400" lon="-2.464690"/>
      <trkpt lat="43.183510" lon="-2.464220"/>
      <trkpt lat="43.183650" lon="-2.463800"/>
      <trkpt lat="43.183750" lon="-2.463540"/>
      <trkpt lat="43.183930" lon="-2.463160"/>
      <trkpt lat="43.184040" lon="-2.462940"/>
      <trkpt lat="43.184150" lon="-2.462720"/>
      <trkpt lat="43.184370" lon="-2.462380"/>
      <trkpt lat="43.184570" lon="-2.462100"/>
      <trkpt lat="43.184750" lon="-2.461910"/>
      <trkpt lat="43.184930" lon="-2.461740"/>
      <trkpt lat="43.185160" lon="-2.461560"/>
      <trkpt lat="43.185340" lon="-2.461410"/>
      <trkpt lat="43.185500" lon="-2.461270"/>
      <trkpt lat="43.185660" lon="-2.461150"/>
      <trkpt lat="43.185870" lon="-2.460990"/>
      <trkpt lat="43.186130" lon="-2.460770"/>
      <trkpt lat="43.186410" lon="-2.460510"/>
      <trkpt lat="43.186680" lon="-2.460240"/>
      <trkpt lat="43.186810" lon="-2.460090"/>
      <trkpt lat="43.186990" lon="-2.459890"/>
      <trkpt lat="43.187200" lon="-2.459620"/>
      <trkpt lat="43.187420" lon="-2.459310"/>
      <trkpt lat="43.187670" lon="-2.458930"/>
      <trkpt lat="43.187900" lon="-2.458500"/>
      <trkpt lat="43.188070" lon="-2.458160"/>
      <trkpt lat="43.188250" lon="-2.457740"/>
      <trkpt lat="43.188390" lon="-2.457400"/>
      <trkpt lat="43.188520" lon="-2.457000"/>
      <trkpt lat="43.188620" lon="-2.456690"/>
      <trkpt lat="43.188680" lon="-2.456470"/>
      <trkpt lat="43.188730" lon="-2.456270"/>
      <trkpt lat="43.188790" lon="-2.455980"/>
      <trkpt lat="43.188820" lon="-2.455740"/>
      <trkpt lat="43.188860" lon="-2.455490"/>
      <trkpt lat="43.188880" lon="-2.455270"/>
      <trkpt lat="43.188890" lon="-2.455050"/>
      <trkpt lat="43.188890" lon="-2.454860"/>
      <trkpt lat="43.188880" lon="-2.454530"/>
      <trkpt lat="43.188870" lon="-2.454200"/>
      <trkpt lat="43.188840" lon="-2.453630"/>
      <trkpt lat="43.188820" lon="-2.453260"/>
      <trkpt lat="43.188830" lon="-2.452910"/>
      <trkpt lat="43.188840" lon="-2.452540"/>
      <trkpt lat="43.188870" lon="-2.452290"/>
      <trkpt lat="43.188900" lon="-2.452050"/>
      <trkpt lat="43.188930" lon="-2.451870"/>
      <trkpt lat="43.188940" lon="-2.451810"/>
      <trkpt lat="43.188960" lon="-2.451700"/>
      <trkpt lat="43.188970" lon="-2.451640"/>
      <trkpt lat="43.189050" lon="-2.451370"/>
      <trkpt lat="43.189100" lon="-2.451210"/>
      <trkpt lat="43.189140" lon="-2.451070"/>
      <trkpt lat="43.189260" lon="-2.450760"/>
      <trkpt lat="43.189560" lon="-2.450140"/>
      <trkpt lat="43.189710" lon="-2.449850"/>
      <trkpt lat="43.189940" lon="-2.449310"/>
      <trkpt lat="43.190030" lon="-2.449070"/>
      <trkpt lat="43.190110" lon="-2.448770"/>
      <trkpt lat="43.190170" lon="-2.448480"/>
      <trkpt lat="43.190210" lon="-2.448190"/>
      <trkpt lat="43.190230" lon="-2.447870"/>
      <trkpt lat="43.190240" lon="-2.447560"/>
      <trkpt lat="43.190240" lon="-2.447540"/>
      <trkpt lat="43.190250" lon="-2.447100"/>
      <trkpt lat="43.190260" lon="-2.446340"/>
      <trkpt lat="43.190270" lon="-2.446250"/>
      <trkpt lat="43.190320" lon="-2.445880"/>
      <trkpt lat="43.190390" lon="-2.445480"/>
      <trkpt lat="43.190530" lon="-2.444990"/>
      <trkpt lat="43.190700" lon="-2.444410"/>
      <trkpt lat="43.190820" lon="-2.444010"/>
      <trkpt lat="43.190930" lon="-2.443630"/>
      <trkpt lat="43.191050" lon="-2.443270"/>
      <trkpt lat="43.191270" lon="-2.442640"/>
      <trkpt lat="43.191390" lon="-2.442270"/>
      <trkpt lat="43.191600" lon="-2.441680"/>
      <trkpt lat="43.191800" lon="-2.441120"/>
      <trkpt lat="43.192290" lon="-2.440000"/>
      <trkpt lat="43.192380" lon="-2.439790"/>
      <trkpt lat="43.192470" lon="-2.439580"/>
      <trkpt lat="43.192660" lon="-2.439200"/>
      <trkpt lat="43.192860" lon="-2.438880"/>
      <trkpt lat="43.193040" lon="-2.438650"/>
      <trkpt lat="43.193220" lon="-2.438470"/>
      <trkpt lat="43.193460" lon="-2.438270"/>
      <trkpt lat="43.193670" lon="-2.438140"/>
      <trkpt lat="43.193930" lon="-2.438000"/>
      <trkpt lat="43.194120" lon="-2.437910"/>
      <trkpt lat="43.194600" lon="-2.437680"/>
      <trkpt lat="43.194800" lon="-2.437560"/>
      <trkpt lat="43.195000" lon="-2.437420"/>
      <trkpt lat="43.195330" lon="-2.437080"/>
      <trkpt lat="43.195530" lon="-2.436830"/>
      <trkpt lat="43.195660" lon="-2.436630"/>
      <trkpt lat="43.195760" lon="-2.436480"/>
      <trkpt lat="43.195940" lon="-2.436150"/>
      <trkpt lat="43.196210" lon="-2.435700"/>
      <trkpt lat="43.196430" lon="-2.435340"/>
      <trkpt lat="43.196770" lon="-2.434840"/>
      <trkpt lat="43.197180" lon="-2.434360"/>
      <trkpt lat="43.197430" lon="-2.434100"/>
      <trkpt lat="43.197660" lon="-2.433890"/>
      <trkpt lat="43.197880" lon="-2.433690"/>
      <trkpt lat="43.198170" lon="-2.433480"/>
      <trkpt lat="43.198410" lon="-2.433280"/>
      <trkpt lat="43.199150" lon="-2.432840"/>
      <trkpt lat="43.199310" lon="-2.432740"/>
      <trkpt lat="43.199520" lon="-2.432560"/>
      <trkpt lat="43.199760" lon="-2.432330"/>
      <trkpt lat="43.200000" lon="-2.432070"/>
      <trkpt lat="43.200220" lon="-2.431750"/>
      <trkpt lat="43.200380" lon="-2.431450"/>
      <trkpt lat="43.200540" lon="-2.431110"/>
      <trkpt lat="43.200690" lon="-2.430770"/>
      <trkpt lat="43.200810" lon="-2.430460"/>
      <trkpt lat="43.200950" lon="-2.430090"/>
      <trkpt lat="43.201070" lon="-2.429800"/>
      <trkpt lat="43.201170" lon="-2.429530"/>
      <trkpt lat="43.201330" lon="-2.429240"/>
      <trkpt lat="43.201510" lon="-2.428960"/>
      <trkpt lat="43.201680" lon="-2.428760"/>
      <trkpt lat="43.201900" lon="-2.428520"/>
      <trkpt lat="43.202080" lon="-2.428310"/>
      <trkpt lat="43.202340" lon="-2.427970"/>
      <trkpt lat="43.202570" lon="-2.427640"/>
      <trkpt lat="43.202730" lon="-2.427360"/>
      <trkpt lat="43.202850" lon="-2.427080"/>
      <trkpt lat="43.202980" lon="-2.426780"/>
      <trkpt lat="43.203090" lon="-2.426460"/>
      <trkpt lat="43.203190" lon="-2.426130"/>
      <trkpt lat="43.203260" lon="-2.425910"/>
      <trkpt lat="43.203340" lon="-2.425640"/>
      <trkpt lat="43.203450" lon="-2.425290"/>
      <trkpt lat="43.203570" lon="-2.424910"/>
      <trkpt lat="43.203720" lon="-2.424470"/>
      <trkpt lat="43.203880" lon="-2.424080"/>
      <trkpt lat="43.204040" lon="-2.423740"/>
      <trkpt lat="43.204190" lon="-2.423390"/>
      <trkpt lat="43.204370" lon="-2.423050"/>
      <trkpt lat="43.204510" lon="-2.422780"/>
      <trkpt lat="43.204680" lon="-2.422490"/>
      <trkpt lat="43.204840" lon="-2.422220"/>
      <trkpt lat="43.205040" lon="-2.421950"/>
      <trkpt lat="43.205310" lon="-2.421610"/>
      <trkpt lat="43.205650" lon="-2.421250"/>
      <trkpt lat="43.205940" lon="-2.420930"/>
      <trkpt lat="43.206340" lon="-2.420490"/>
      <trkpt lat="43.206580" lon="-2.420190"/>
      <trkpt lat="43.206660" lon="-2.420090"/>
      <trkpt lat="43.206720" lon="-2.420010"/>
      <trkpt lat="43.206800" lon="-2.419870"/>
      <trkpt lat="43.206910" lon="-2.419710"/>
      <trkpt lat="43.207030" lon="-2.419490"/>
      <trkpt lat="43.207170" lon="-2.419190"/>
      <trkpt lat="43.207340" lon="-2.418760"/>
      <trkpt lat="43.207500" lon="-2.418330"/>
      <trkpt lat="43.207620" lon="-2.418030"/>
      <trkpt lat="43.207730" lon="-2.417770"/>
      <trkpt lat="43.207860" lon="-2.417520"/>
      <trkpt lat="43.207950" lon="-2.417350"/>
      <trkpt lat="43.208070" lon="-2.417190"/>
      <trkpt lat="43.208190" lon="-2.417020"/>
      <trkpt lat="43.208310" lon="-2.416900"/>
      <trkpt lat="43.208470" lon="-2.416770"/>
      <trkpt lat="43.208650" lon="-2.416650"/>
      <trkpt lat="43.208830" lon="-2.416530"/>
      <trkpt lat="43.208990" lon="-2.416450"/>
      <trkpt lat="43.209120" lon="-2.416410"/>
      <trkpt lat="43.209280" lon="-2.416360"/>
      <trkpt lat="43.209480" lon="-2.416320"/>
      <trkpt lat="43.209710" lon="-2.416300"/>
      <trkpt lat="43.210160" lon="-2.416280"/>
      <trkpt lat="43.210400" lon="-2.416270"/>
      <trkpt lat="43.210590" lon="-2.416250"/>
      <trkpt lat="43.210830" lon="-2.416200"/>
      <trkpt lat="43.211020" lon="-2.416140"/>
      <trkpt lat="43.211160" lon="-2.416080"/>
      <trkpt lat="43.211350" lon="-2.415980"/>
      <trkpt lat="43.211470" lon="-2.415910"/>
      <trkpt lat="43.211630" lon="-2.415790"/>
      <trkpt lat="43.211810" lon="-2.415620"/>
      <trkpt lat="43.211960" lon="-2.415470"/>
      <trkpt lat="43.212110" lon="-2.415260"/>
      <trkpt lat="43.212240" lon="-2.415070"/>
      <trkpt lat="43.212400" lon="-2.414770"/>
      <trkpt lat="43.212510" lon="-2.414540"/>
      <trkpt lat="43.212590" lon="-2.414300"/>
      <trkpt lat="43.212670" lon="-2.414020"/>
      <trkpt lat="43.212730" lon="-2.413740"/>
      <trkpt lat="43.212800" lon="-2.413290"/>
      <trkpt lat="43.212840" lon="-2.413080"/>
      <trkpt lat="43.212940" lon="-2.412510"/>
      <trkpt lat="43.212980" lon="-2.412320"/>
      <trkpt lat="43.213020" lon="-2.412130"/>
      <trkpt lat="43.213130" lon="-2.411700"/>
      <trkpt lat="43.213260" lon="-2.411320"/>
      <trkpt lat="43.213430" lon="-2.410870"/>
      <trkpt lat="43.213560" lon="-2.410610"/>
      <trkpt lat="43.213780" lon="-2.410180"/>
      <trkpt lat="43.214070" lon="-2.409710"/>
      <trkpt lat="43.214280" lon="-2.409450"/>
      <trkpt lat="43.214460" lon="-2.409240"/>
      <trkpt lat="43.214640" lon="-2.409070"/>
      <trkpt lat="43.214840" lon="-2.408880"/>
      <trkpt lat="43.215050" lon="-2.408710"/>
      <trkpt lat="43.215280" lon="-2.408540"/>
      <trkpt lat="43.215580" lon="-2.408360"/>
      <trkpt lat="43.216160" lon="-2.408010"/>
      <trkpt lat="43.216320" lon="-2.407910"/>
      <trkpt lat="43.216470" lon="-2.407810"/>
      <trkpt lat="43.216650" lon="-2.407690"/>
      <trkpt lat="43.216820" lon="-2.407560"/>
      <trkpt lat="43.217000" lon="-2.407390"/>
      <trkpt lat="43.217170" lon="-2.407230"/>
      <trkpt lat="43.217390" lon="-2.406990"/>
      <trkpt lat="43.217650" lon="-2.406640"/>
      <trkpt lat="43.217850" lon="-2.406350"/>
      <trkpt lat="43.218000" lon="-2.406100"/>
      <trkpt lat="43.218190" lon="-2.405760"/>
      <trkpt lat="43.218350" lon="-2.405470"/>
      <trkpt lat="43.218430" lon="-2.405330"/>
      <trkpt lat="43.218570" lon="-2.405110"/>
      <trkpt lat="43.218750" lon="-2.404820"/>
      <trkpt lat="43.218900" lon="-2.404600"/>
      <trkpt lat="43.219080" lon="-2.404340"/>
      <trkpt lat="43.219310" lon="-2.404080"/>
      <trkpt lat="43.219560" lon="-2.403810"/>
      <trkpt lat="43.219750" lon="-2.403650"/>
      <trkpt lat="43.220010" lon="-2.403440"/>
      <trkpt lat="43.220160" lon="-2.403330"/>
      <trkpt lat="43.220410" lon="-2.403190"/>
      <trkpt lat="43.220650" lon="-2.403060"/>
      <trkpt lat="43.220880" lon="-2.402970"/>
      <trkpt lat="43.221140" lon="-2.402880"/>
      <trkpt lat="43.221400" lon="-2.402820"/>
      <trkpt lat="43.221600" lon="-2.402790"/>
      <trkpt lat="43.221900" lon="-2.402740"/>
      <trkpt lat="43.222240" lon="-2.402730"/>
      <trkpt lat="43.222620" lon="-2.402730"/>
      <trkpt lat="43.223010" lon="-2.402740"/>
      <trkpt lat="43.223370" lon="-2.402770"/>
      <trkpt lat="43.223810" lon="-2.402860"/>
      <trkpt lat="43.224250" lon="-2.402940"/>
      <trkpt lat="43.224550" lon="-2.402980"/>
      <trkpt lat="43.224920" lon="-2.403030"/>
      <trkpt lat="43.225310" lon="-2.403050"/>
      <trkpt lat="43.225610" lon="-2.403050"/>
      <trkpt lat="43.225890" lon="-2.403050"/>
      <trkpt lat="43.226260" lon="-2.403020"/>
      <trkpt lat="43.226560" lon="-2.402970"/>
      <trkpt lat="43.226840" lon="-2.402940"/>
      <trkpt lat="43.227430" lon="-2.402900"/>
      <trkpt lat="43.228000" lon="-2.402890"/>
      <trkpt lat="43.228480" lon="-2.402920"/>
      <trkpt lat="43.228910" lon="-2.403000"/>
      <trkpt lat="43.229200" lon="-2.403050"/>
      <trkpt lat="43.229490" lon="-2.403140"/>
      <trkpt lat="43.229670" lon="-2.403190"/>
      <trkpt lat="43.229860" lon="-2.403270"/>
      <trkpt lat="43.229940" lon="-2.403300"/>
      <trkpt lat="43.230400" lon="-2.403480"/>
      <trkpt lat="43.230840" lon="-2.403720"/>
      <trkpt lat="43.231160" lon="-2.403900"/>
      <trkpt lat="43.231250" lon="-2.403960"/>
      <trkpt lat="43.231360" lon="-2.404030"/>
      <trkpt lat="43.231690" lon="-2.404230"/>
      <trkpt lat="43.231870" lon="-2.404330"/>
      <trkpt lat="43.231910" lon="-2.404350"/>
      <trkpt lat="43.231980" lon="-2.404390"/>
      <trkpt lat="43.232190" lon="-2.404480"/>
      <trkpt lat="43.232350" lon="-2.404550"/>
      <trkpt lat="43.232520" lon="-2.404610"/>
      <trkpt lat="43.232610" lon="-2.404620"/>
      <trkpt lat="43.232690" lon="-2.404630"/>
      <trkpt lat="43.232840" lon="-2.404650"/>
      <trkpt lat="43.233020" lon="-2.404670"/>
      <trkpt lat="43.233200" lon="-2.404660"/>
      <trkpt lat="43.233320" lon="-2.404650"/>
      <trkpt lat="43.233500" lon="-2.404630"/>
      <trkpt lat="43.233690" lon="-2.404590"/>
      <trkpt lat="43.233860" lon="-2.404530"/>
      <trkpt lat="43.234030" lon="-2.404460"/>
      <trkpt lat="43.234170" lon="-2.404400"/>
      <trkpt lat="43.234400" lon="-2.404270"/>
      <trkpt lat="43.234540" lon="-2.404170"/>
      <trkpt lat="43.234690" lon="-2.404040"/>
      <trkpt lat="43.234820" lon="-2.403930"/>
      <trkpt lat="43.234930" lon="-2.403820"/>
      <trkpt lat="43.235050" lon="-2.403700"/>
      <trkpt lat="43.235220" lon="-2.403510"/>
      <trkpt lat="43.235410" lon="-2.403270"/>
      <trkpt lat="43.235630" lon="-2.402960"/>
      <trkpt lat="43.235870" lon="-2.402600"/>
      <trkpt lat="43.236020" lon="-2.402370"/>
      <trkpt lat="43.236190" lon="-2.402090"/>
      <trkpt lat="43.236400" lon="-2.401710"/>
      <trkpt lat="43.236590" lon="-2.401390"/>
      <trkpt lat="43.236750" lon="-2.401070"/>
      <trkpt lat="43.236940" lon="-2.400730"/>
      <trkpt lat="43.237140" lon="-2.400380"/>
      <trkpt lat="43.237340" lon="-2.400070"/>
      <trkpt lat="43.237520" lon="-2.399840"/>
      <trkpt lat="43.237630" lon="-2.399700"/>
      <trkpt lat="43.237760" lon="-2.399570"/>
      <trkpt lat="43.237910" lon="-2.399430"/>
      <trkpt lat="43.238080" lon="-2.399300"/>
      <trkpt lat="43.238290" lon="-2.399160"/>
      <trkpt lat="43.238530" lon="-2.399040"/>
      <trkpt lat="43.238770" lon="-2.398960"/>
      <trkpt lat="43.238980" lon="-2.398910"/>
      <trkpt lat="43.239220" lon="-2.398880"/>
      <trkpt lat="43.239420" lon="-2.398870"/>
      <trkpt lat="43.239670" lon="-2.398890"/>
      <trkpt lat="43.239920" lon="-2.398950"/>
      <trkpt lat="43.240210" lon="-2.399030"/>
      <trkpt lat="43.240490" lon="-2.399120"/>
      <trkpt lat="43.240700" lon="-2.399170"/>
      <trkpt lat="43.240930" lon="-2.399210"/>
      <trkpt lat="43.241130" lon="-2.399230"/>
      <trkpt lat="43.241310" lon="-2.399230"/>
      <trkpt lat="43.241490" lon="-2.399210"/>
      <trkpt lat="43.241670" lon="-2.399180"/>
      <trkpt lat="43.241960" lon="-2.399080"/>
      <trkpt lat="43.242240" lon="-2.398940"/>
      <trkpt lat="43.242480" lon="-2.398770"/>
      <trkpt lat="43.242670" lon="-2.398610"/>
      <trkpt lat="43.242870" lon="-2.398410"/>
      <trkpt lat="43.243130" lon="-2.398070"/>
      <trkpt lat="43.243580" lon="-2.397430"/>
      <trkpt lat="43.243870" lon="-2.397010"/>
      <trkpt lat="43.244140" lon="-2.396660"/>
      <trkpt lat="43.244580" lon="-2.396140"/>
      <trkpt lat="43.244930" lon="-2.395780"/>
      <trkpt lat="43.245210" lon="-2.395520"/>
      <trkpt lat="43.245500" lon="-2.395270"/>
      <trkpt lat="43.245790" lon="-2.395060"/>
      <trkpt lat="43.246040" lon="-2.394880"/>
      <trkpt lat="43.246530" lon="-2.394570"/>
      <trkpt lat="43.246810" lon="-2.394430"/>
      <trkpt lat="43.247020" lon="-2.394320"/>
      <trkpt lat="43.247350" lon="-2.394180"/>
      <trkpt lat="43.247740" lon="-2.394040"/>
      <trkpt lat="43.248150" lon="-2.393910"/>
      <trkpt lat="43.248550" lon="-2.393770"/>
      <trkpt lat="43.248930" lon="-2.393630"/>
      <trkpt lat="43.249320" lon="-2.393430"/>
      <trkpt lat="43.249560" lon="-2.393260"/>
      <trkpt lat="43.249810" lon="-2.393060"/>
      <trkpt lat="43.250040" lon="-2.392840"/>
      <trkpt lat="43.250300" lon="-2.392560"/>
      <trkpt lat="43.250640" lon="-2.392120"/>
      <trkpt lat="43.251050" lon="-2.391480"/>
      <trkpt lat="43.251230" lon="-2.391170"/>
      <trkpt lat="43.251430" lon="-2.390910"/>
      <trkpt lat="43.251660" lon="-2.390630"/>
      <trkpt lat="43.251810" lon="-2.390480"/>
      <trkpt lat="43.251970" lon="-2.390350"/>
      <trkpt lat="43.252130" lon="-2.390230"/>
      <trkpt lat="43.252290" lon="-2.390130"/>
      <trkpt lat="43.252450" lon="-2.390060"/>
      <trkpt lat="43.252600" lon="-2.389990"/>
      <trkpt lat="43.252770" lon="-2.389940"/>
      <trkpt lat="43.252990" lon="-2.389880"/>
      <trkpt lat="43.253170" lon="-2.389860"/>
      <trkpt lat="43.253390" lon="-2.389850"/>
      <trkpt lat="43.253610" lon="-2.389860"/>
      <trkpt lat="43.254210" lon="-2.389900"/>
      <trkpt lat="43.254440" lon="-2.389890"/>
      <trkpt lat="43.254710" lon="-2.389860"/>
      <trkpt lat="43.255100" lon="-2.389730"/>
      <trkpt lat="43.255280" lon="-2.389630"/>
      <trkpt lat="43.255470" lon="-2.389520"/>
      <trkpt lat="43.255670" lon="-2.389370"/>
      <trkpt lat="43.255820" lon="-2.389230"/>
      <trkpt lat="43.256150" lon="-2.388870"/>
      <trkpt lat="43.256360" lon="-2.388540"/>
      <trkpt lat="43.256500" lon="-2.388280"/>
      <trkpt lat="43.256690" lon="-2.387810"/>
      <trkpt lat="43.256830" lon="-2.387350"/>
      <trkpt lat="43.256940" lon="-2.386820"/>
      <trkpt lat="43.257050" lon="-2.386300"/>
      <trkpt lat="43.257180" lon="-2.385840"/>
      <trkpt lat="43.257380" lon="-2.385240"/>
      <trkpt lat="43.257620" lon="-2.384700"/>
      <trkpt lat="43.258020" lon="-2.383990"/>
      <trkpt lat="43.258320" lon="-2.383460"/>
      <trkpt lat="43.258530" lon="-2.383080"/>
      <trkpt lat="43.258780" lon="-2.382610"/>
      <trkpt lat="43.259000" lon="-2.382160"/>
      <trkpt lat="43.259170" lon="-2.381800"/>
      <trkpt lat="43.259360" lon="-2.381310"/>
      <trkpt lat="43.259580" lon="-2.380850"/>
      <trkpt lat="43.259870" lon="-2.380200"/>
      <trkpt lat="43.260060" lon="-2.379780"/>
      <trkpt lat="43.260210" lon="-2.379440"/>
      <trkpt lat="43.260380" lon="-2.379130"/>
      <trkpt lat="43.260620" lon="-2.378720"/>
      <trkpt lat="43.260860" lon="-2.378370"/>
      <trkpt lat="43.261070" lon="-2.378090"/>
      <trkpt lat="43.261240" lon="-2.377870"/>
      <trkpt lat="43.261430" lon="-2.377660"/>
      <trkpt lat="43.261600" lon="-2.377460"/>
      <trkpt lat="43.261770" lon="-2.377280"/>
      <trkpt lat="43.262100" lon="-2.376950"/>
      <trkpt lat="43.262330" lon="-2.376730"/>
      <trkpt lat="43.262590" lon="-2.376470"/>
      <trkpt lat="43.262880" lon="-2.376120"/>
      <trkpt lat="43.263030" lon="-2.375890"/>
      <trkpt lat="43.263190" lon="-2.375570"/>
      <trkpt lat="43.263350" lon="-2.375160"/>
      <trkpt lat="43.263460" lon="-2.374900"/>
      <trkpt lat="43.263540" lon="-2.374660"/>
      <trkpt lat="43.263680" lon="-2.374270"/>
      <trkpt lat="43.263820" lon="-2.373930"/>
      <trkpt lat="43.264010" lon="-2.373560"/>
      <trkpt lat="43.264210" lon="-2.373230"/>
      <trkpt lat="43.264440" lon="-2.372880"/>
      <trkpt lat="43.264770" lon="-2.372510"/>
      <trkpt lat="43.265010" lon="-2.372280"/>
      <trkpt lat="43.265290" lon="-2.372050"/>
      <trkpt lat="43.265570" lon="-2.371860"/>
      <trkpt lat="43.265830" lon="-2.371710"/>
      <trkpt lat="43.266100" lon="-2.371580"/>
      <trkpt lat="43.266410" lon="-2.371460"/>
      <trkpt lat="43.266690" lon="-2.371390"/>
      <trkpt lat="43.267110" lon="-2.371310"/>
      <trkpt lat="43.267430" lon="-2.371290"/>
      <trkpt lat="43.267840" lon="-2.371290"/>
      <trkpt lat="43.268180" lon="-2.371290"/>
      <trkpt lat="43.268440" lon="-2.371290"/>
      <trkpt lat="43.268760" lon="-2.371250"/>
      <trkpt lat="43.269070" lon="-2.371150"/>
      <trkpt lat="43.269380" lon="-2.371010"/>
      <trkpt lat="43.269660" lon="-2.370780"/>
      <trkpt lat="43.269890" lon="-2.370580"/>
      <trkpt lat="43.270260" lon="-2.370090"/>
      <trkpt lat="43.270450" lon="-2.369770"/>
      <trkpt lat="43.270640" lon="-2.369450"/>
      <trkpt lat="43.270890" lon="-2.369070"/>
      <trkpt lat="43.271010" lon="-2.368900"/>
      <trkpt lat="43.271170" lon="-2.368710"/>
      <trkpt lat="43.271350" lon="-2.368530"/>
      <trkpt lat="43.271590" lon="-2.368320"/>
      <trkpt lat="43.271980" lon="-2.368090"/>
      <trkpt lat="43.272520" lon="-2.367790"/>
      <trkpt lat="43.272910" lon="-2.367500"/>
      <trkpt lat="43.273180" lon="-2.367230"/>
      <trkpt lat="43.273400" lon="-2.366950"/>
      <trkpt lat="43.273770" lon="-2.366460"/>
      <trkpt lat="43.273980" lon="-2.366200"/>
      <trkpt lat="43.274160" lon="-2.365990"/>
      <trkpt lat="43.274370" lon="-2.365800"/>
      <trkpt lat="43.274570" lon="-2.365650"/>
      <trkpt lat="43.274750" lon="-2.365540"/>
      <trkpt lat="43.275040" lon="-2.365400"/>
      <trkpt lat="43.275510" lon="-2.365190"/>
      <trkpt lat="43.275950" lon="-2.364970"/>
      <trkpt lat="43.276260" lon="-2.364800"/>
      <trkpt lat="43.276810" lon="-2.364410"/>
      <trkpt lat="43.277250" lon="-2.364070"/>
      <trkpt lat="43.277620" lon="-2.363710"/>
      <trkpt lat="43.277900" lon="-2.363390"/>
      <trkpt lat="43.278050" lon="-2.363240"/>
      <trkpt lat="43.278340" lon="-2.362930"/>
      <trkpt lat="43.278730" lon="-2.362500"/>
      <trkpt lat="43.279220" lon="-2.361970"/>
      <trkpt lat="43.279920" lon="-2.361180"/>
      <trkpt lat="43.280260" lon="-2.360780"/>
      <trkpt lat="43.280620" lon="-2.360380"/>
      <trkpt lat="43.280920" lon="-2.360040"/>
      <trkpt lat="43.281310" lon="-2.359620"/>
      <trkpt lat="43.281720" lon="-2.359220"/>
      <trkpt lat="43.282090" lon="-2.358890"/>
      <trkpt lat="43.282380" lon="-2.358640"/>
      <trkpt lat="43.282770" lon="-2.358330"/>
      <trkpt lat="43.283110" lon="-2.358070"/>
      <trkpt lat="43.283470" lon="-2.357830"/>
      <trkpt lat="43.283730" lon="-2.357640"/>
      <trkpt lat="43.284060" lon="-2.357410"/>
      <trkpt lat="43.284320" lon="-2.357210"/>
      <trkpt lat="43.284640" lon="-2.356940"/>
      <trkpt lat="43.284960" lon="-2.356620"/>
      <trkpt lat="43.285270" lon="-2.356220"/>
      <trkpt lat="43.285520" lon="-2.355850"/>
      <trkpt lat="43.285650" lon="-2.355650"/>
      <trkpt lat="43.285790" lon="-2.355370"/>
      <trkpt lat="43.285890" lon="-2.355140"/>
      <trkpt lat="43.285960" lon="-2.354890"/>
      <trkpt lat="43.286040" lon="-2.354600"/>
      <trkpt lat="43.286100" lon="-2.354280"/>
      <trkpt lat="43.286140" lon="-2.353970"/>
      <trkpt lat="43.286160" lon="-2.353650"/>
      <trkpt lat="43.286160" lon="-2.353280"/>
      <trkpt lat="43.286130" lon="-2.352910"/>
      <trkpt lat="43.286060" lon="-2.352520"/>
      <trkpt lat="43.285990" lon="-2.352250"/>
      <trkpt lat="43.285870" lon="-2.351880"/>
      <trkpt lat="43.285770" lon="-2.351590"/>
      <trkpt lat="43.285630" lon="-2.351190"/>
      <trkpt lat="43.285540" lon="-2.350880"/>
      <trkpt lat="43.285470" lon="-2.350560"/>
      <trkpt lat="43.285420" lon="-2.350280"/>
      <trkpt lat="43.285380" lon="-2.349890"/>
      <trkpt lat="43.285370" lon="-2.349550"/>
      <trkpt lat="43.285380" lon="-2.349070"/>
      <trkpt lat="43.285390" lon="-2.348740"/>
      <trkpt lat="43.285390" lon="-2.348420"/>
      <trkpt lat="43.285380" lon="-2.348090"/>
      <trkpt lat="43.285350" lon="-2.347790"/>
      <trkpt lat="43.285300" lon="-2.347500"/>
      <trkpt lat="43.285250" lon="-2.347240"/>
      <trkpt lat="43.285140" lon="-2.346880"/>
      <trkpt lat="43.285060" lon="-2.346600"/>
      <trkpt lat="43.284940" lon="-2.346300"/>
      <trkpt lat="43.284750" lon="-2.345800"/>
      <trkpt lat="43.284640" lon="-2.345490"/>
      <trkpt lat="43.284500" lon="-2.345100"/>
      <trkpt lat="43.284360" lon="-2.344670"/>
      <trkpt lat="43.284250" lon="-2.344280"/>
      <trkpt lat="43.284130" lon="-2.343760"/>
      <trkpt lat="43.284060" lon="-2.343360"/>
      <trkpt lat="43.284010" lon="-2.342920"/>
      <trkpt lat="43.283960" lon="-2.342380"/>
      <trkpt lat="43.283920" lon="-2.340900"/>
      <trkpt lat="43.284030" lon="-2.339230"/>
      <trkpt lat="43.284340" lon="-2.336740"/>
      <trkpt lat="43.284370" lon="-2.335760"/>
      <trkpt lat="43.284400" lon="-2.335190"/>
      <trkpt lat="43.284430" lon="-2.334580"/>
      <trkpt lat="43.284460" lon="-2.333930"/>
      <trkpt lat="43.284500" lon="-2.333340"/>
      <trkpt lat="43.284550" lon="-2.332550"/>
      <trkpt lat="43.284590" lon="-2.331970"/>
      <trkpt lat="43.284630" lon="-2.331320"/>
      <trkpt lat="43.284660" lon="-2.330780"/>
      <trkpt lat="43.284680" lon="-2.330100"/>
      <trkpt lat="43.284690" lon="-2.329660"/>
      <trkpt lat="43.284680" lon="-2.329170"/>
      <trkpt lat="43.284670" lon="-2.328640"/>
      <trkpt lat="43.284650" lon="-2.328390"/>
      <trkpt lat="43.284630" lon="-2.327960"/>
      <trkpt lat="43.284620" lon="-2.327680"/>
      <trkpt lat="43.284600" lon="-2.327410"/>
      <trkpt lat="43.284590" lon="-2.327260"/>
      <trkpt lat="43.284540" lon="-2.326850"/>
      <trkpt lat="43.284460" lon="-2.326140"/>
      <trkpt lat="43.284390" lon="-2.325530"/>
      <trkpt lat="43.284290" lon="-2.324940"/>
      <trkpt lat="43.284220" lon="-2.324550"/>
      <trkpt lat="43.284130" lon="-2.324110"/>
      <trkpt lat="43.284050" lon="-2.323730"/>
      <trkpt lat="43.283980" lon="-2.323420"/>
      <trkpt lat="43.283900" lon="-2.323110"/>
      <trkpt lat="43.283830" lon="-2.322770"/>
      <trkpt lat="43.283710" lon="-2.322320"/>
      <trkpt lat="43.283560" lon="-2.321810"/>
      <trkpt lat="43.283480" lon="-2.321550"/>
      <trkpt lat="43.283310" lon="-2.321010"/>
      <trkpt lat="43.283230" lon="-2.320780"/>
      <trkpt lat="43.283090" lon="-2.320370"/>
      <trkpt lat="43.282960" lon="-2.320020"/>
      <trkpt lat="43.282840" lon="-2.319720"/>
      <trkpt lat="43.282620" lon="-2.319180"/>
      <trkpt lat="43.282450" lon="-2.318770"/>
      <trkpt lat="43.282140" lon="-2.318080"/>
      <trkpt lat="43.281710" lon="-2.317160"/>
      <trkpt lat="43.281620" lon="-2.316980"/>
      <trkpt lat="43.281460" lon="-2.316640"/>
      <trkpt lat="43.281280" lon="-2.316240"/>
      <trkpt lat="43.281080" lon="-2.315820"/>
      <trkpt lat="43.280940" lon="-2.315500"/>
      <trkpt lat="43.280800" lon="-2.315170"/>
      <trkpt lat="43.280700" lon="-2.314950"/>
      <trkpt lat="43.280540" lon="-2.314600"/>
      <trkpt lat="43.280350" lon="-2.314230"/>
      <trkpt lat="43.280160" lon="-2.313900"/>
      <trkpt lat="43.280030" lon="-2.313670"/>
      <trkpt lat="43.279880" lon="-2.313440"/>
      <trkpt lat="43.279700" lon="-2.313180"/>
      <trkpt lat="43.279570" lon="-2.313000"/>
      <trkpt lat="43.279480" lon="-2.312880"/>
      <trkpt lat="43.279370" lon="-2.312750"/>
      <trkpt lat="43.279260" lon="-2.312610"/>
      <trkpt lat="43.279100" lon="-2.312430"/>
      <trkpt lat="43.278840" lon="-2.312150"/>
      <trkpt lat="43.278600" lon="-2.311910"/>
      <trkpt lat="43.278370" lon="-2.311710"/>
      <trkpt lat="43.278170" lon="-2.311540"/>
      <trkpt lat="43.277970" lon="-2.311390"/>
      <trkpt lat="43.277790" lon="-2.311260"/>
      <trkpt lat="43.277560" lon="-2.311110"/>
      <trkpt lat="43.277390" lon="-2.311000"/>
      <trkpt lat="43.277240" lon="-2.310920"/>
      <trkpt lat="43.277070" lon="-2.310820"/>
      <trkpt lat="43.276940" lon="-2.310750"/>
      <trkpt lat="43.276730" lon="-2.310630"/>
      <trkpt lat="43.276500" lon="-2.310520"/>
      <trkpt lat="43.276320" lon="-2.310440"/>
      <trkpt lat="43.276100" lon="-2.310340"/>
      <trkpt lat="43.275900" lon="-2.310250"/>
      <trkpt lat="43.275710" lon="-2.310170"/>
      <trkpt lat="43.275510" lon="-2.310090"/>
      <trkpt lat="43.275310" lon="-2.310010"/>
      <trkpt lat="43.275060" lon="-2.309920"/>
      <trkpt lat="43.274750" lon="-2.309810"/>
      <trkpt lat="43.274510" lon="-2.309720"/>
      <trkpt lat="43.274250" lon="-2.309620"/>
      <trkpt lat="43.274020" lon="-2.309520"/>
      <trkpt lat="43.273800" lon="-2.309420"/>
      <trkpt lat="43.273550" lon="-2.309300"/>
      <trkpt lat="43.273350" lon="-2.309190"/>
      <trkpt lat="43.273170" lon="-2.309090"/>
      <trkpt lat="43.272950" lon="-2.308940"/>
      <trkpt lat="43.272730" lon="-2.308790"/>
      <trkpt lat="43.272520" lon="-2.308630"/>
      <trkpt lat="43.272220" lon="-2.308370"/>
      <trkpt lat="43.272050" lon="-2.308220"/>
      <trkpt lat="43.271880" lon="-2.308050"/>
      <trkpt lat="43.271700" lon="-2.307860"/>
      <trkpt lat="43.271490" lon="-2.307630"/>
      <trkpt lat="43.271320" lon="-2.307430"/>
      <trkpt lat="43.271130" lon="-2.307190"/>
      <trkpt lat="43.270980" lon="-2.306990"/>
      <trkpt lat="43.270860" lon="-2.306810"/>
      <trkpt lat="43.270720" lon="-2.306610"/>
      <trkpt lat="43.270580" lon="-2.306380"/>
      <trkpt lat="43.270410" lon="-2.306100"/>
      <trkpt lat="43.270250" lon="-2.305820"/>
      <trkpt lat="43.270060" lon="-2.305500"/>
      <trkpt lat="43.269880" lon="-2.305170"/>
      <trkpt lat="43.269690" lon="-2.304850"/>
      <trkpt lat="43.269500" lon="-2.304520"/>
      <trkpt lat="43.269350" lon="-2.304270"/>
      <trkpt lat="43.269190" lon="-2.304000"/>
      <trkpt lat="43.268880" lon="-2.303500"/>
      <trkpt lat="43.268710" lon="-2.303220"/>
      <trkpt lat="43.268530" lon="-2.302940"/>
      <trkpt lat="43.268340" lon="-2.302640"/>
      <trkpt lat="43.268080" lon="-2.302260"/>
      <trkpt lat="43.267770" lon="-2.301780"/>
      <trkpt lat="43.267530" lon="-2.301430"/>
      <trkpt lat="43.267420" lon="-2.301270"/>
      <trkpt lat="43.267320" lon="-2.301130"/>
      <trkpt lat="43.267160" lon="-2.300900"/>
      <trkpt lat="43.266920" lon="-2.300550"/>
      <trkpt lat="43.266790" lon="-2.300360"/>
      <trkpt lat="43.266610" lon="-2.300090"/>
      <trkpt lat="43.266460" lon="-2.299860"/>
      <trkpt lat="43.266320" lon="-2.299620"/>
      <trkpt lat="43.266180" lon="-2.299380"/>
      <trkpt lat="43.266030" lon="-2.299110"/>
      <trkpt lat="43.265910" lon="-2.298860"/>
      <trkpt lat="43.265760" lon="-2.298570"/>
      <trkpt lat="43.265590" lon="-2.298210"/>
      <trkpt lat="43.265440" lon="-2.297890"/>
      <trkpt lat="43.265320" lon="-2.297640"/>
      <trkpt lat="43.265210" lon="-2.297420"/>
      <trkpt lat="43.265070" lon="-2.297130"/>
      <trkpt lat="43.264920" lon="-2.296820"/>
      <trkpt lat="43.264750" lon="-2.296520"/>
      <trkpt lat="43.264570" lon="-2.296210"/>
      <trkpt lat="43.264430" lon="-2.295970"/>
      <trkpt lat="43.264270" lon="-2.295740"/>
      <trkpt lat="43.264100" lon="-2.295500"/>
      <trkpt lat="43.263800" lon="-2.295130"/>
      <trkpt lat="43.263640" lon="-2.294940"/>
      <trkpt lat="43.263420" lon="-2.294710"/>
      <trkpt lat="43.263210" lon="-2.294500"/>
      <trkpt lat="43.263020" lon="-2.294330"/>
      <trkpt lat="43.262830" lon="-2.294150"/>
      <trkpt lat="43.262630" lon="-2.293980"/>
      <trkpt lat="43.262410" lon="-2.293790"/>
      <trkpt lat="43.262210" lon="-2.293610"/>
      <trkpt lat="43.261990" lon="-2.293400"/>
      <trkpt lat="43.261830" lon="-2.293240"/>
      <trkpt lat="43.261630" lon="-2.293010"/>
      <trkpt lat="43.261510" lon="-2.292860"/>
      <trkpt lat="43.261400" lon="-2.292710"/>
      <trkpt lat="43.261280" lon="-2.292540"/>
      <trkpt lat="43.261140" lon="-2.292320"/>
      <trkpt lat="43.261020" lon="-2.292130"/>
      <trkpt lat="43.260910" lon="-2.291930"/>
      <trkpt lat="43.260790" lon="-2.291680"/>
      <trkpt lat="43.260700" lon="-2.291490"/>
      <trkpt lat="43.260580" lon="-2.291210"/>
      <trkpt lat="43.260350" lon="-2.290630"/>
      <trkpt lat="43.260210" lon="-2.290260"/>
      <trkpt lat="43.260090" lon="-2.289930"/>
      <trkpt lat="43.259970" lon="-2.289570"/>
      <trkpt lat="43.259830" lon="-2.289150"/>
      <trkpt lat="43.259750" lon="-2.288860"/>
      <trkpt lat="43.259650" lon="-2.288540"/>
      <trkpt lat="43.259560" lon="-2.288250"/>
      <trkpt lat="43.259460" lon="-2.287800"/>
      <trkpt lat="43.259380" lon="-2.287330"/>
      <trkpt lat="43.259310" lon="-2.286740"/>
      <trkpt lat="43.259290" lon="-2.286370"/>
      <trkpt lat="43.259290" lon="-2.285870"/>
      <trkpt lat="43.259320" lon="-2.285370"/>
      <trkpt lat="43.259360" lon="-2.284920"/>
      <trkpt lat="43.259460" lon="-2.284380"/>
      <trkpt lat="43.259550" lon="-2.283980"/>
      <trkpt lat="43.259640" lon="-2.283650"/>
      <trkpt lat="43.259750" lon="-2.283330"/>
      <trkpt lat="43.259880" lon="-2.282990"/>
      <trkpt lat="43.260030" lon="-2.282640"/>
      <trkpt lat="43.260190" lon="-2.282300"/>
      <trkpt lat="43.260420" lon="-2.281860"/>
      <trkpt lat="43.260610" lon="-2.281550"/>
      <trkpt lat="43.260840" lon="-2.281180"/>
      <trkpt lat="43.261120" lon="-2.280790"/>
      <trkpt lat="43.261490" lon="-2.280240"/>
      <trkpt lat="43.261720" lon="-2.279880"/>
      <trkpt lat="43.261980" lon="-2.279450"/>
      <trkpt lat="43.262290" lon="-2.278870"/>
      <trkpt lat="43.262530" lon="-2.278380"/>
      <trkpt lat="43.262680" lon="-2.278020"/>
      <trkpt lat="43.262810" lon="-2.277720"/>
      <trkpt lat="43.262940" lon="-2.277390"/>
      <trkpt lat="43.263060" lon="-2.277080"/>
      <trkpt lat="43.263250" lon="-2.276580"/>
      <trkpt lat="43.263650" lon="-2.275570"/>
      <trkpt lat="43.263690" lon="-2.275360"/>
      <trkpt lat="43.263760" lon="-2.275090"/>
      <trkpt lat="43.263860" lon="-2.274820"/>
      <trkpt lat="43.263930" lon="-2.274620"/>
      <trkpt lat="43.263970" lon="-2.274500"/>
      <trkpt lat="43.264000" lon="-2.274380"/>
      <trkpt lat="43.264030" lon="-2.274210"/>
      <trkpt lat="43.264050" lon="-2.274040"/>
      <trkpt lat="43.264040" lon="-2.273830"/>
      <trkpt lat="43.264030" lon="-2.273650"/>
      <trkpt lat="43.263990" lon="-2.273480"/>
      <trkpt lat="43.263940" lon="-2.273270"/>
      <trkpt lat="43.263890" lon="-2.273100"/>
      <trkpt lat="43.263870" lon="-2.272950"/>
      <trkpt lat="43.263880" lon="-2.272810"/>
      <trkpt lat="43.263900" lon="-2.272660"/>
      <trkpt lat="43.263940" lon="-2.272550"/>
      <trkpt lat="43.264000" lon="-2.272440"/>
      <trkpt lat="43.264060" lon="-2.272370"/>
      <trkpt lat="43.264120" lon="-2.272310"/>
      <trkpt lat="43.264190" lon="-2.272270"/>
      <trkpt lat="43.264260" lon="-2.272230"/>
      <trkpt lat="43.264340" lon="-2.272220"/>
      <trkpt lat="43.264410" lon="-2.272220"/>
      <trkpt lat="43.264520" lon="-2.272230"/>
      <trkpt lat="43.264620" lon="-2.272250"/>
      <trkpt lat="43.264820" lon="-2.272330"/>
      <trkpt lat="43.265060" lon="-2.272430"/>
      <trkpt lat="43.265170" lon="-2.272470"/>
      <trkpt lat="43.265460" lon="-2.272590"/>
      <trkpt lat="43.265550" lon="-2.272630"/>
      <trkpt lat="43.265830" lon="-2.272740"/>
      <trkpt lat="43.266090" lon="-2.272850"/>
      <trkpt lat="43.266240" lon="-2.272900"/>
      <trkpt lat="43.266350" lon="-2.272930"/>
      <trkpt lat="43.266470" lon="-2.272960"/>
      <trkpt lat="43.266600" lon="-2.272980"/>
      <trkpt lat="43.266770" lon="-2.272980"/>
      <trkpt lat="43.266890" lon="-2.272970"/>
      <trkpt lat="43.267030" lon="-2.272930"/>
      <trkpt lat="43.267160" lon="-2.272860"/>
      <trkpt lat="43.267330" lon="-2.272770"/>
      <trkpt lat="43.267510" lon="-2.272680"/>
      <trkpt lat="43.267760" lon="-2.272550"/>
      <trkpt lat="43.267940" lon="-2.272450"/>
      <trkpt lat="43.268100" lon="-2.272360"/>
      <trkpt lat="43.268190" lon="-2.272280"/>
      <trkpt lat="43.268270" lon="-2.272170"/>
      <trkpt lat="43.268290" lon="-2.272150"/>
      <trkpt lat="43.268370" lon="-2.272020"/>
      <trkpt lat="43.268420" lon="-2.271910"/>
      <trkpt lat="43.268460" lon="-2.271820"/>
      <trkpt lat="43.268490" lon="-2.271690"/>
      <trkpt lat="43.268500" lon="-2.271540"/>
      <trkpt lat="43.268490" lon="-2.271450"/>
      <trkpt lat="43.268470" lon="-2.271360"/>
      <trkpt lat="43.268400" lon="-2.271280"/>
      <trkpt lat="43.268350" lon="-2.271180"/>
      <trkpt lat="43.268330" lon="-2.271060"/>
      <trkpt lat="43.268330" lon="-2.270930"/>
      <trkpt lat="43.268370" lon="-2.270820"/>
      <trkpt lat="43.268420" lon="-2.270740"/>
      <trkpt lat="43.268490" lon="-2.270680"/>
      <trkpt lat="43.268570" lon="-2.270660"/>
      <trkpt lat="43.268640" lon="-2.270660"/>
      <trkpt lat="43.268820" lon="-2.270550"/>
      <trkpt lat="43.268970" lon="-2.270420"/>
      <trkpt lat="43.269030" lon="-2.270390"/>
      <trkpt lat="43.269080" lon="-2.270370"/>
      <trkpt lat="43.269150" lon="-2.270310"/>
      <trkpt lat="43.269790" lon="-2.269820"/>
      <trkpt lat="43.270160" lon="-2.269580"/>
      <trkpt lat="43.270510" lon="-2.269380"/>
      <trkpt lat="43.270850" lon="-2.269240"/>
      <trkpt lat="43.271130" lon="-2.269160"/>
      <trkpt lat="43.271490" lon="-2.269070"/>
      <trkpt lat="43.271710" lon="-2.269030"/>
      <trkpt lat="43.272870" lon="-2.268770"/>
      <trkpt lat="43.273430" lon="-2.268600"/>
      <trkpt lat="43.274200" lon="-2.268270"/>
      <trkpt lat="43.274710" lon="-2.268020"/>
      <trkpt lat="43.275400" lon="-2.267740"/>
      <trkpt lat="43.275740" lon="-2.267680"/>
      <trkpt lat="43.276120" lon="-2.267650"/>
      <trkpt lat="43.276590" lon="-2.267650"/>
      <trkpt lat="43.277170" lon="-2.267660"/>
      <trkpt lat="43.277890" lon="-2.267580"/>
      <trkpt lat="43.278530" lon="-2.267450"/>
      <trkpt lat="43.278710" lon="-2.267420"/>
      <trkpt lat="43.279320" lon="-2.267290"/>
      <trkpt lat="43.279510" lon="-2.267230"/>
      <trkpt lat="43.279630" lon="-2.267220"/>
      <trkpt lat="43.279760" lon="-2.267230"/>
      <trkpt lat="43.279810" lon="-2.267230"/>
      <trkpt lat="43.279890" lon="-2.267240"/>
      <trkpt lat="43.279920" lon="-2.267180"/>
      <trkpt lat="43.279970" lon="-2.267140"/>
      <trkpt lat="43.280000" lon="-2.267120"/>
      <trkpt lat="43.280100" lon="-2.267030"/>
      <trkpt lat="43.280250" lon="-2.266900"/>
      <trkpt lat="43.280360" lon="-2.266790"/>
      <trkpt lat="43.280420" lon="-2.266740"/>
      <trkpt lat="43.280530" lon="-2.266650"/>
      <trkpt lat="43.280560" lon="-2.266600"/>
      <trkpt lat="43.280690" lon="-2.266400"/>
      <trkpt lat="43.280820" lon="-2.266260"/>
      <trkpt lat="43.280950" lon="-2.266160"/>
      <trkpt lat="43.281120" lon="-2.266080"/>
      <trkpt lat="43.281240" lon="-2.266040"/>
      <trkpt lat="43.281360" lon="-2.266040"/>
      <trkpt lat="43.281410" lon="-2.266040"/>
      <trkpt lat="43.281440" lon="-2.266040"/>
      <trkpt lat="43.281470" lon="-2.266040"/>
      <trkpt lat="43.281510" lon="-2.266050"/>
      <trkpt lat="43.281530" lon="-2.266050"/>
      <trkpt lat="43.281570" lon="-2.266050"/>
      <trkpt lat="43.281640" lon="-2.266060"/>
      <trkpt lat="43.281700" lon="-2.266070"/>
      <trkpt lat="43.281770" lon="-2.266080"/>
      <trkpt lat="43.281850" lon="-2.266100"/>
      <trkpt lat="43.281890" lon="-2.266110"/>
      <trkpt lat="43.281930" lon="-2.266120"/>
      <trkpt lat="43.281980" lon="-2.266130"/>
      <trkpt lat="43.282030" lon="-2.266150"/>
      <trkpt lat="43.282080" lon="-2.266170"/>
      <trkpt lat="43.282160" lon="-2.266200"/>
      <trkpt lat="43.282280" lon="-2.266250"/>
      <trkpt lat="43.282400" lon="-2.266290"/>
      <trkpt lat="43.282480" lon="-2.266320"/>
      <trkpt lat="43.282620" lon="-2.266370"/>
      <trkpt lat="43.282690" lon="-2.266390"/>
      <trkpt lat="43.282770" lon="-2.266410"/>
      <trkpt lat="43.282830" lon="-2.266420"/>
      <trkpt lat="43.282880" lon="-2.266440"/>
      <trkpt lat="43.282940" lon="-2.266450"/>
      <trkpt lat="43.283000" lon="-2.266460"/>
      <trkpt lat="43.283070" lon="-2.266470"/>
      <trkpt lat="43.283110" lon="-2.266470"/>
      <trkpt lat="43.283160" lon="-2.266470"/>
      <trkpt lat="43.283210" lon="-2.266470"/>
      <trkpt lat="43.283250" lon="-2.266470"/>
      <trkpt lat="43.283290" lon="-2.266470"/>
      <trkpt lat="43.283320" lon="-2.266470"/>
      <trkpt lat="43.283370" lon="-2.266460"/>
      <trkpt lat="43.283390" lon="-2.266460"/>
      <trkpt lat="43.283420" lon="-2.266460"/>
      <trkpt lat="43.283440" lon="-2.266450"/>
      <trkpt lat="43.283470" lon="-2.266450"/>
      <trkpt lat="43.283530" lon="-2.266440"/>
      <trkpt lat="43.283580" lon="-2.266420"/>
      <trkpt lat="43.283640" lon="-2.266410"/>
      <trkpt lat="43.283670" lon="-2.266400"/>
      <trkpt lat="43.283700" lon="-2.266390"/>
      <trkpt lat="43.283750" lon="-2.266370"/>
      <trkpt lat="43.283790" lon="-2.266350"/>
      <trkpt lat="43.283860" lon="-2.266320"/>
      <trkpt lat="43.284060" lon="-2.266230"/>
      <trkpt lat="43.284230" lon="-2.266150"/>
      <trkpt lat="43.284440" lon="-2.266060"/>
      <trkpt lat="43.284480" lon="-2.266040"/>
      <trkpt lat="43.284510" lon="-2.266020"/>
      <trkpt lat="43.284540" lon="-2.266010"/>
      <trkpt lat="43.284570" lon="-2.265990"/>
      <trkpt lat="43.284600" lon="-2.265970"/>
      <trkpt lat="43.284620" lon="-2.265950"/>
      <trkpt lat="43.284660" lon="-2.265920"/>
      <trkpt lat="43.284680" lon="-2.265900"/>
      <trkpt lat="43.284700" lon="-2.265880"/>
      <trkpt lat="43.284730" lon="-2.265840"/>
      <trkpt lat="43.284760" lon="-2.265800"/>
      <trkpt lat="43.284780" lon="-2.265770"/>
      <trkpt lat="43.284790" lon="-2.265750"/>
      <trkpt lat="43.284800" lon="-2.265730"/>
      <trkpt lat="43.284810" lon="-2.265710"/>
      <trkpt lat="43.284820" lon="-2.265690"/>
      <trkpt lat="43.284830" lon="-2.265670"/>
      <trkpt lat="43.284840" lon="-2.265650"/>
      <trkpt lat="43.284840" lon="-2.265640"/>
      <trkpt lat="43.284850" lon="-2.265630"/>
      <trkpt lat="43.284860" lon="-2.265590"/>
      <trkpt lat="43.284870" lon="-2.265560"/>
      <trkpt lat="43.284870" lon="-2.265540"/>
      <trkpt lat="43.284880" lon="-2.265520"/>
      <trkpt lat="43.284880" lon="-2.265490"/>
      <trkpt lat="43.284890" lon="-2.265460"/>
      <trkpt lat="43.284890" lon="-2.265430"/>
      <trkpt lat="43.284890" lon="-2.265400"/>
      <trkpt lat="43.284900" lon="-2.265380"/>
      <trkpt lat="43.284900" lon="-2.265350"/>
      <trkpt lat="43.284900" lon="-2.265320"/>
      <trkpt lat="43.284900" lon="-2.265270"/>
      <trkpt lat="43.284900" lon="-2.265250"/>
      <trkpt lat="43.284900" lon="-2.265230"/>
      <trkpt lat="43.284890" lon="-2.265190"/>
      <trkpt lat="43.284890" lon="-2.265150"/>
      <trkpt lat="43.284880" lon="-2.265110"/>
      <trkpt lat="43.284870" lon="-2.265060"/>
      <trkpt lat="43.284870" lon="-2.265030"/>
      <trkpt lat="43.284860" lon="-2.265000"/>
      <trkpt lat="43.284840" lon="-2.264940"/>
      <trkpt lat="43.284790" lon="-2.264750"/>
      <trkpt lat="43.284770" lon="-2.264660"/>
      <trkpt lat="43.284730" lon="-2.264520"/>
      <trkpt lat="43.284700" lon="-2.264410"/>
      <trkpt lat="43.284670" lon="-2.264320"/>
      <trkpt lat="43.284650" lon="-2.264230"/>
      <trkpt lat="43.284620" lon="-2.264130"/>
      <trkpt lat="43.284620" lon="-2.264100"/>
      <trkpt lat="43.284610" lon="-2.264060"/>
      <trkpt lat="43.284600" lon="-2.264030"/>
      <trkpt lat="43.284600" lon="-2.263990"/>
      <trkpt lat="43.284590" lon="-2.263950"/>
      <trkpt lat="43.284590" lon="-2.263910"/>
      <trkpt lat="43.284590" lon="-2.263860"/>
      <trkpt lat="43.284590" lon="-2.263830"/>
      <trkpt lat="43.284590" lon="-2.263800"/>
      <trkpt lat="43.284590" lon="-2.263760"/>
      <trkpt lat="43.284600" lon="-2.263730"/>
      <trkpt lat="43.284600" lon="-2.263690"/>
      <trkpt lat="43.284610" lon="-2.263660"/>
      <trkpt lat="43.284620" lon="-2.263620"/>
      <trkpt lat="43.284630" lon="-2.263580"/>
      <trkpt lat="43.284640" lon="-2.263550"/>
      <trkpt lat="43.284650" lon="-2.263520"/>
      <trkpt lat="43.284660" lon="-2.263490"/>
      <trkpt lat="43.284670" lon="-2.263470"/>
      <trkpt lat="43.284680" lon="-2.263440"/>
      <trkpt lat="43.284690" lon="-2.263420"/>
      <trkpt lat="43.284700" lon="-2.263390"/>
      <trkpt lat="43.284720" lon="-2.263360"/>
      <trkpt lat="43.284730" lon="-2.263350"/>
      <trkpt lat="43.284740" lon="-2.263330"/>
      <trkpt lat="43.284760" lon="-2.263300"/>
      <trkpt lat="43.284770" lon="-2.263290"/>
      <trkpt lat="43.284800" lon="-2.263260"/>
      <trkpt lat="43.284820" lon="-2.263220"/>
      <trkpt lat="43.284870" lon="-2.263180"/>
      <trkpt lat="43.285010" lon="-2.263010"/>
      <trkpt lat="43.285160" lon="-2.262860"/>
      <trkpt lat="43.285230" lon="-2.262770"/>
      <trkpt lat="43.285270" lon="-2.262720"/>
      <trkpt lat="43.285310" lon="-2.262670"/>
      <trkpt lat="43.285340" lon="-2.262630"/>
      <trkpt lat="43.285360" lon="-2.262590"/>
      <trkpt lat="43.285390" lon="-2.262550"/>
      <trkpt lat="43.285410" lon="-2.262510"/>
      <trkpt lat="43.285430" lon="-2.262460"/>
      <trkpt lat="43.285450" lon="-2.262410"/>
      <trkpt lat="43.285470" lon="-2.262330"/>
      <trkpt lat="43.285490" lon="-2.262250"/>
      <trkpt lat="43.285510" lon="-2.262200"/>
      <trkpt lat="43.285520" lon="-2.262130"/>
      <trkpt lat="43.285530" lon="-2.262050"/>
      <trkpt lat="43.285530" lon="-2.261980"/>
      <trkpt lat="43.285530" lon="-2.261910"/>
      <trkpt lat="43.285530" lon="-2.261850"/>
      <trkpt lat="43.285530" lon="-2.261800"/>
      <trkpt lat="43.285520" lon="-2.261760"/>
      <trkpt lat="43.285520" lon="-2.261720"/>
      <trkpt lat="43.285510" lon="-2.261680"/>
      <trkpt lat="43.285510" lon="-2.261640"/>
      <trkpt lat="43.285500" lon="-2.261590"/>
      <trkpt lat="43.285480" lon="-2.261550"/>
      <trkpt lat="43.285470" lon="-2.261500"/>
      <trkpt lat="43.285460" lon="-2.261460"/>
      <trkpt lat="43.285440" lon="-2.261410"/>
      <trkpt lat="43.285420" lon="-2.261370"/>
      <trkpt lat="43.285390" lon="-2.261300"/>
      <trkpt lat="43.285350" lon="-2.261240"/>
      <trkpt lat="43.285310" lon="-2.261160"/>
      <trkpt lat="43.285250" lon="-2.261080"/>
      <trkpt lat="43.285170" lon="-2.260950"/>
      <trkpt lat="43.285130" lon="-2.260890"/>
      <trkpt lat="43.285100" lon="-2.260840"/>
      <trkpt lat="43.285080" lon="-2.260790"/>
      <trkpt lat="43.285050" lon="-2.260750"/>
      <trkpt lat="43.285030" lon="-2.260710"/>
      <trkpt lat="43.285010" lon="-2.260670"/>
      <trkpt lat="43.285000" lon="-2.260640"/>
      <trkpt lat="43.284980" lon="-2.260610"/>
      <trkpt lat="43.284970" lon="-2.260580"/>
      <trkpt lat="43.284960" lon="-2.260550"/>
      <trkpt lat="43.284920" lon="-2.260490"/>
      <trkpt lat="43.284910" lon="-2.260450"/>
      <trkpt lat="43.284900" lon="-2.260430"/>
      <trkpt lat="43.284890" lon="-2.260410"/>
      <trkpt lat="43.284880" lon="-2.260380"/>
      <trkpt lat="43.284870" lon="-2.260350"/>
      <trkpt lat="43.284870" lon="-2.260310"/>
      <trkpt lat="43.284820" lon="-2.260050"/>
      <trkpt lat="43.284810" lon="-2.260010"/>
      <trkpt lat="43.284800" lon="-2.259980"/>
      <trkpt lat="43.284800" lon="-2.259960"/>
      <trkpt lat="43.284800" lon="-2.259950"/>
      <trkpt lat="43.284790" lon="-2.259930"/>
      <trkpt lat="43.284790" lon="-2.259920"/>
      <trkpt lat="43.284780" lon="-2.259880"/>
      <trkpt lat="43.284770" lon="-2.259870"/>
      <trkpt lat="43.284740" lon="-2.259840"/>
      <trkpt lat="43.284720" lon="-2.259810"/>
      <trkpt lat="43.284700" lon="-2.259780"/>
      <trkpt lat="43.284690" lon="-2.259740"/>
      <trkpt lat="43.284680" lon="-2.259700"/>
      <trkpt lat="43.284650" lon="-2.259650"/>
      <trkpt lat="43.284640" lon="-2.259620"/>
      <trkpt lat="43.284630" lon="-2.259590"/>
      <trkpt lat="43.284610" lon="-2.259560"/>
      <trkpt lat="43.284600" lon="-2.259530"/>
      <trkpt lat="43.284590" lon="-2.259490"/>
      <trkpt lat="43.284570" lon="-2.259460"/>
      <trkpt lat="43.284550" lon="-2.259430"/>
      <trkpt lat="43.284530" lon="-2.259400"/>
      <trkpt lat="43.284520" lon="-2.259370"/>
      <trkpt lat="43.284480" lon="-2.259320"/>
      <trkpt lat="43.284460" lon="-2.259280"/>
      <trkpt lat="43.284360" lon="-2.259120"/>
      <trkpt lat="43.284330" lon="-2.259090"/>
      <trkpt lat="43.284290" lon="-2.259030"/>
      <trkpt lat="43.284280" lon="-2.259000"/>
      <trkpt lat="43.284270" lon="-2.258980"/>
      <trkpt lat="43.284260" lon="-2.258960"/>
      <trkpt lat="43.284240" lon="-2.258930"/>
      <trkpt lat="43.284240" lon="-2.258910"/>
      <trkpt lat="43.284230" lon="-2.258890"/>
      <trkpt lat="43.284220" lon="-2.258870"/>
      <trkpt lat="43.283800" lon="-2.257700"/>
      <trkpt lat="43.283680" lon="-2.257370"/>
      <trkpt lat="43.283610" lon="-2.257270"/>
      <trkpt lat="43.283570" lon="-2.257220"/>
      <trkpt lat="43.283530" lon="-2.257180"/>
      <trkpt lat="43.283510" lon="-2.257150"/>
      <trkpt lat="43.283480" lon="-2.257130"/>
      <trkpt lat="43.283460" lon="-2.257120"/>
      <trkpt lat="43.283450" lon="-2.257110"/>
      <trkpt lat="43.283440" lon="-2.257110"/>
      <trkpt lat="43.283430" lon="-2.257100"/>
      <trkpt lat="43.283420" lon="-2.257100"/>
      <trkpt lat="43.283410" lon="-2.257090"/>
      <trkpt lat="43.283380" lon="-2.257090"/>
      <trkpt lat="43.283360" lon="-2.257080"/>
      <trkpt lat="43.283340" lon="-2.257080"/>
      <trkpt lat="43.283310" lon="-2.257080"/>
      <trkpt lat="43.283290" lon="-2.257080"/>
      <trkpt lat="43.283270" lon="-2.257070"/>
      <trkpt lat="43.283260" lon="-2.257070"/>
      <trkpt lat="43.283230" lon="-2.257050"/>
      <trkpt lat="43.283220" lon="-2.257040"/>
      <trkpt lat="43.283200" lon="-2.257030"/>
      <trkpt lat="43.283190" lon="-2.257010"/>
      <trkpt lat="43.283180" lon="-2.257000"/>
      <trkpt lat="43.283170" lon="-2.256980"/>
      <trkpt lat="43.283160" lon="-2.256960"/>
      <trkpt lat="43.283140" lon="-2.256940"/>
      <trkpt lat="43.283140" lon="-2.256910"/>
      <trkpt lat="43.283130" lon="-2.256890"/>
      <trkpt lat="43.283120" lon="-2.256870"/>
      <trkpt lat="43.283120" lon="-2.256840"/>
      <trkpt lat="43.283120" lon="-2.256810"/>
      <trkpt lat="43.283120" lon="-2.256790"/>
      <trkpt lat="43.283120" lon="-2.256740"/>
      <trkpt lat="43.283120" lon="-2.256720"/>
      <trkpt lat="43.283130" lon="-2.256690"/>
      <trkpt lat="43.283140" lon="-2.256670"/>
      <trkpt lat="43.283150" lon="-2.256650"/>
      <trkpt lat="43.283150" lon="-2.256630"/>
      <trkpt lat="43.283160" lon="-2.256620"/>
      <trkpt lat="43.283170" lon="-2.256600"/>
      <trkpt lat="43.283190" lon="-2.256580"/>
      <trkpt lat="43.283200" lon="-2.256570"/>
      <trkpt lat="43.283220" lon="-2.256550"/>
      <trkpt lat="43.283230" lon="-2.256540"/>
      <trkpt lat="43.283250" lon="-2.256530"/>
      <trkpt lat="43.283260" lon="-2.256520"/>
      <trkpt lat="43.283290" lon="-2.256520"/>
      <trkpt lat="43.283300" lon="-2.256510"/>
      <trkpt lat="43.283330" lon="-2.256500"/>
      <trkpt lat="43.283360" lon="-2.256480"/>
      <trkpt lat="43.283400" lon="-2.256450"/>
      <trkpt lat="43.283420" lon="-2.256440"/>
      <trkpt lat="43.283440" lon="-2.256430"/>
      <trkpt lat="43.283460" lon="-2.256410"/>
      <trkpt lat="43.283480" lon="-2.256390"/>
      <trkpt lat="43.283490" lon="-2.256380"/>
      <trkpt lat="43.283510" lon="-2.256360"/>
      <trkpt lat="43.283540" lon="-2.256330"/>
      <trkpt lat="43.283560" lon="-2.256290"/>
      <trkpt lat="43.283600" lon="-2.256250"/>
      <trkpt lat="43.283630" lon="-2.256210"/>
      <trkpt lat="43.283670" lon="-2.256160"/>
      <trkpt lat="43.283700" lon="-2.256130"/>
      <trkpt lat="43.283750" lon="-2.256070"/>
      <trkpt lat="43.283810" lon="-2.256010"/>
      <trkpt lat="43.283850" lon="-2.255960"/>
      <trkpt lat="43.283960" lon="-2.255870"/>
      <trkpt lat="43.284080" lon="-2.255780"/>
      <trkpt lat="43.284200" lon="-2.255710"/>
      <trkpt lat="43.284320" lon="-2.255640"/>
      <trkpt lat="43.284440" lon="-2.255590"/>
      <trkpt lat="43.284560" lon="-2.255560"/>
      <trkpt lat="43.284690" lon="-2.255540"/>
      <trkpt lat="43.284810" lon="-2.255520"/>
      <trkpt lat="43.284860" lon="-2.255520"/>
      <trkpt lat="43.284940" lon="-2.255520"/>
      <trkpt lat="43.285060" lon="-2.255520"/>
      <trkpt lat="43.285440" lon="-2.255530"/>
      <trkpt lat="43.285560" lon="-2.255530"/>
      <trkpt lat="43.285670" lon="-2.255530"/>
      <trkpt lat="43.285760" lon="-2.255520"/>
      <trkpt lat="43.285830" lon="-2.255510"/>
      <trkpt lat="43.285860" lon="-2.255510"/>
      <trkpt lat="43.285940" lon="-2.255500"/>
      <trkpt lat="43.286010" lon="-2.255480"/>
      <trkpt lat="43.286110" lon="-2.255460"/>
      <trkpt lat="43.286190" lon="-2.255440"/>
      <trkpt lat="43.286280" lon="-2.255410"/>
      <trkpt lat="43.286380" lon="-2.255380"/>
      <trkpt lat="43.289260" lon="-2.254490"/>
      <trkpt lat="43.289750" lon="-2.254330"/>
      <trkpt lat="43.289830" lon="-2.254300"/>
      <trkpt lat="43.289920" lon="-2.254270"/>
      <trkpt lat="43.290030" lon="-2.254230"/>
      <trkpt lat="43.290100" lon="-2.254200"/>
      <trkpt lat="43.290190" lon="-2.254150"/>
      <trkpt lat="43.290280" lon="-2.254110"/>
      <trkpt lat="43.290330" lon="-2.254080"/>
      <trkpt lat="43.290430" lon="-2.254020"/>
      <trkpt lat="43.290500" lon="-2.253980"/>
      <trkpt lat="43.291130" lon="-2.253550"/>
      <trkpt lat="43.291260" lon="-2.253470"/>
      <trkpt lat="43.291350" lon="-2.253420"/>
      <trkpt lat="43.291480" lon="-2.253350"/>
      <trkpt lat="43.291610" lon="-2.253290"/>
      <trkpt lat="43.291690" lon="-2.253260"/>
      <trkpt lat="43.291810" lon="-2.253220"/>
      <trkpt lat="43.291900" lon="-2.253190"/>
      <trkpt lat="43.292000" lon="-2.253170"/>
      <trkpt lat="43.292130" lon="-2.253150"/>
      <trkpt lat="43.292220" lon="-2.253140"/>
      <trkpt lat="43.292300" lon="-2.253130"/>
      <trkpt lat="43.292720" lon="-2.253100"/>
      <trkpt lat="43.292870" lon="-2.253080"/>
      <trkpt lat="43.292920" lon="-2.253070"/>
      <trkpt lat="43.292980" lon="-2.253040"/>
      <trkpt lat="43.293040" lon="-2.253000"/>
      <trkpt lat="43.293060" lon="-2.252980"/>
      <trkpt lat="43.293090" lon="-2.252960"/>
      <trkpt lat="43.293110" lon="-2.252940"/>
      <trkpt lat="43.293120" lon="-2.252910"/>
      <trkpt lat="43.293140" lon="-2.252880"/>
      <trkpt lat="43.293160" lon="-2.252850"/>
      <trkpt lat="43.293170" lon="-2.252830"/>
      <trkpt lat="43.293180" lon="-2.252800"/>
      <trkpt lat="43.293180" lon="-2.252780"/>
      <trkpt lat="43.293190" lon="-2.252740"/>
      <trkpt lat="43.293190" lon="-2.252710"/>
      <trkpt lat="43.293190" lon="-2.252680"/>
      <trkpt lat="43.293200" lon="-2.252630"/>
      <trkpt lat="43.293210" lon="-2.252590"/>
      <trkpt lat="43.293230" lon="-2.252540"/>
      <trkpt lat="43.293250" lon="-2.252510"/>
      <trkpt lat="43.293270" lon="-2.252470"/>
      <trkpt lat="43.293300" lon="-2.252450"/>
      <trkpt lat="43.293340" lon="-2.252430"/>
      <trkpt lat="43.293370" lon="-2.252410"/>
      <trkpt lat="43.293400" lon="-2.252410"/>
      <trkpt lat="43.293430" lon="-2.252410"/>
      <trkpt lat="43.293510" lon="-2.252410"/>
      <trkpt lat="43.293530" lon="-2.252410"/>
      <trkpt lat="43.293560" lon="-2.252400"/>
      <trkpt lat="43.293580" lon="-2.252400"/>
      <trkpt lat="43.293600" lon="-2.252390"/>
      <trkpt lat="43.293620" lon="-2.252380"/>
      <trkpt lat="43.293650" lon="-2.252370"/>
      <trkpt lat="43.293680" lon="-2.252350"/>
      <trkpt lat="43.293700" lon="-2.252330"/>
      <trkpt lat="43.293760" lon="-2.252280"/>
      <trkpt lat="43.293770" lon="-2.252270"/>
      <trkpt lat="43.293800" lon="-2.252240"/>
      <trkpt lat="43.293840" lon="-2.252200"/>
      <trkpt lat="43.293860" lon="-2.252180"/>
      <trkpt lat="43.293880" lon="-2.252160"/>
      <trkpt lat="43.293890" lon="-2.252140"/>
      <trkpt lat="43.293910" lon="-2.252130"/>
      <trkpt lat="43.293930" lon="-2.252110"/>
      <trkpt lat="43.294200" lon="-2.251910"/>
      <trkpt lat="43.295080" lon="-2.251250"/>
      <trkpt lat="43.295270" lon="-2.251100"/>
      <trkpt lat="43.295430" lon="-2.250980"/>
      <trkpt lat="43.295480" lon="-2.250930"/>
      <trkpt lat="43.295530" lon="-2.250890"/>
      <trkpt lat="43.295570" lon="-2.250860"/>
      <trkpt lat="43.295590" lon="-2.250840"/>
      <trkpt lat="43.295610" lon="-2.250820"/>
      <trkpt lat="43.295640" lon="-2.250790"/>
      <trkpt lat="43.295690" lon="-2.250860"/>
      <trkpt lat="43.295750" lon="-2.250950"/>
      <trkpt lat="43.295800" lon="-2.251010"/>
      <trkpt lat="43.295840" lon="-2.251080"/>
      <trkpt lat="43.296310" lon="-2.251740"/>
      <trkpt lat="43.296430" lon="-2.251870"/>
      <trkpt lat="43.296460" lon="-2.251900"/>
      <trkpt lat="43.296470" lon="-2.251910"/>
      <trkpt lat="43.296490" lon="-2.251930"/>
      <trkpt lat="43.296500" lon="-2.251940"/>
      <trkpt lat="43.296520" lon="-2.251940"/>
      <trkpt lat="43.296540" lon="-2.251950"/>
      <trkpt lat="43.296550" lon="-2.251960"/>
      <trkpt lat="43.296570" lon="-2.251980"/>
      <trkpt lat="43.296580" lon="-2.251990"/>
      <trkpt lat="43.296590" lon="-2.252020"/>
      <trkpt lat="43.296590" lon="-2.252040"/>
      <trkpt lat="43.296590" lon="-2.252060"/>
      <trkpt lat="43.296590" lon="-2.252090"/>
      <trkpt lat="43.296590" lon="-2.252110"/>
      <trkpt lat="43.296580" lon="-2.252130"/>
      <trkpt lat="43.296570" lon="-2.252150"/>
      <trkpt lat="43.296400" lon="-2.252390"/>
      <trkpt lat="43.296010" lon="-2.252920"/>
      <trkpt lat="43.295960" lon="-2.253000"/>
      <trkpt lat="43.295950" lon="-2.253030"/>
      <trkpt lat="43.295940" lon="-2.253040"/>
      <trkpt lat="43.295930" lon="-2.253060"/>
      <trkpt lat="43.295930" lon="-2.253080"/>
      <trkpt lat="43.295930" lon="-2.253100"/>
      <trkpt lat="43.295920" lon="-2.253110"/>
      <trkpt lat="43.295920" lon="-2.253120"/>
      <trkpt lat="43.295920" lon="-2.253170"/>
      <trkpt lat="43.295920" lon="-2.253180"/>
      <trkpt lat="43.295920" lon="-2.253190"/>
      <trkpt lat="43.295920" lon="-2.253200"/>
      <trkpt lat="43.295920" lon="-2.253210"/>
      <trkpt lat="43.295920" lon="-2.253220"/>
      <trkpt lat="43.295910" lon="-2.253240"/>
      <trkpt lat="43.295900" lon="-2.253250"/>
      <trkpt lat="43.295890" lon="-2.253260"/>
      <trkpt lat="43.295880" lon="-2.253260"/>
      <trkpt lat="43.295860" lon="-2.253260"/>
      <trkpt lat="43.295850" lon="-2.253250"/>
      <trkpt lat="43.295860" lon="-2.253260"/>
      <trkpt lat="43.295860" lon="-2.253270"/>
      <trkpt lat="43.295860" lon="-2.253280"/>
      <trkpt lat="43.295860" lon="-2.253300"/>
      <trkpt lat="43.295860" lon="-2.253310"/>
      <trkpt lat="43.295860" lon="-2.253320"/>
      <trkpt lat="43.295860" lon="-2.253340"/>
      <trkpt lat="43.295850" lon="-2.253360"/>
      <trkpt lat="43.295840" lon="-2.253370"/>
      <trkpt lat="43.295820" lon="-2.253400"/>
      <trkpt lat="43.295810" lon="-2.253420"/>
      <trkpt lat="43.296630" lon="-2.254570"/>
      <trkpt lat="43.296470" lon="-2.254610"/>
      <trkpt lat="43.296050" lon="-2.254030"/>
      <trkpt lat="43.295670" lon="-2.253490"/>
      <trkpt lat="43.295670" lon="-2.253480"/>
      <trkpt lat="43.295660" lon="-2.253470"/>
      <trkpt lat="43.295660" lon="-2.253450"/>
      <trkpt lat="43.295670" lon="-2.253440"/>
      <trkpt lat="43.295670" lon="-2.253420"/>
      <trkpt lat="43.295680" lon="-2.253410"/>
      <trkpt lat="43.295690" lon="-2.253400"/>
      <trkpt lat="43.295700" lon="-2.253380"/>
      <trkpt lat="43.295710" lon="-2.253370"/>
      <trkpt lat="43.295720" lon="-2.253360"/>
      <trkpt lat="43.295730" lon="-2.253350"/>
      <trkpt lat="43.295740" lon="-2.253350"/>
      <trkpt lat="43.295750" lon="-2.253350"/>
      <trkpt lat="43.295760" lon="-2.253360"/>
      <trkpt lat="43.295770" lon="-2.253370"/>
      <trkpt lat="43.295780" lon="-2.253380"/>
      <trkpt lat="43.295810" lon="-2.253420"/>
      <trkpt lat="43.295820" lon="-2.253400"/>
      <trkpt lat="43.295840" lon="-2.253370"/>
      <trkpt lat="43.295850" lon="-2.253360"/>
      <trkpt lat="43.295860" lon="-2.253340"/>
      <trkpt lat="43.295860" lon="-2.253320"/>
      <trkpt lat="43.295860" lon="-2.253310"/>
      <trkpt lat="43.295860" lon="-2.253300"/>
      <trkpt lat="43.295860" lon="-2.253280"/>
      <trkpt lat="43.295860" lon="-2.253270"/>
      <trkpt lat="43.295860" lon="-2.253260"/>
      <trkpt lat="43.295850" lon="-2.253250"/>
      <trkpt lat="43.295840" lon="-2.253240"/>
      <trkpt lat="43.295830" lon="-2.253230"/>
      <trkpt lat="43.295830" lon="-2.253210"/>
      <trkpt lat="43.295830" lon="-2.253190"/>
      <trkpt lat="43.295830" lon="-2.253180"/>
      <trkpt lat="43.295830" lon="-2.253160"/>
      <trkpt lat="43.295840" lon="-2.253150"/>
      <trkpt lat="43.296010" lon="-2.252920"/>
      <trkpt lat="43.296400" lon="-2.252390"/>
      <trkpt lat="43.296410" lon="-2.252370"/>
      <trkpt lat="43.296420" lon="-2.252360"/>
      <trkpt lat="43.296420" lon="-2.252340"/>
      <trkpt lat="43.296430" lon="-2.252320"/>
      <trkpt lat="43.296430" lon="-2.252290"/>
      <trkpt lat="43.296430" lon="-2.252270"/>
      <trkpt lat="43.296430" lon="-2.252240"/>
      <trkpt lat="43.296430" lon="-2.252210"/>
      <trkpt lat="43.296430" lon="-2.252160"/>
      <trkpt lat="43.296420" lon="-2.252120"/>
      <trkpt lat="43.296420" lon="-2.252100"/>
      <trkpt lat="43.296420" lon="-2.252080"/>
      <trkpt lat="43.296410" lon="-2.252060"/>
      <trkpt lat="43.296410" lon="-2.252020"/>
      <trkpt lat="43.296400" lon="-2.251990"/>
      <trkpt lat="43.296400" lon="-2.251950"/>
      <trkpt lat="43.296390" lon="-2.251920"/>
      <trkpt lat="43.296380" lon="-2.251900"/>
      <trkpt lat="43.296370" lon="-2.251870"/>
      <trkpt lat="43.296360" lon="-2.251830"/>
      <trkpt lat="43.296350" lon="-2.251800"/>
      <trkpt lat="43.296310" lon="-2.251740"/>
      <trkpt lat="43.295840" lon="-2.251080"/>
      <trkpt lat="43.295800" lon="-2.251010"/>
      <trkpt lat="43.295750" lon="-2.250950"/>
      <trkpt lat="43.295690" lon="-2.250860"/>
      <trkpt lat="43.295640" lon="-2.250790"/>
      <trkpt lat="43.295610" lon="-2.250820"/>
      <trkpt lat="43.295590" lon="-2.250840"/>
      <trkpt lat="43.295570" lon="-2.250860"/>
      <trkpt lat="43.295530" lon="-2.250890"/>
      <trkpt lat="43.295480" lon="-2.250930"/>
      <trkpt lat="43.295430" lon="-2.250980"/>
      <trkpt lat="43.295270" lon="-2.251100"/>
      <trkpt lat="43.295080" lon="-2.251250"/>
      <trkpt lat="43.294200" lon="-2.251910"/>
      <trkpt lat="43.293930" lon="-2.252110"/>
      <trkpt lat="43.293910" lon="-2.252130"/>
      <trkpt lat="43.293890" lon="-2.252140"/>
      <trkpt lat="43.293880" lon="-2.252160"/>
      <trkpt lat="43.293860" lon="-2.252180"/>
      <trkpt lat="43.293840" lon="-2.252200"/>
      <trkpt lat="43.293800" lon="-2.252240"/>
      <trkpt lat="43.293770" lon="-2.252270"/>
      <trkpt lat="43.293760" lon="-2.252280"/>
      <trkpt lat="43.293730" lon="-2.252330"/>
      <trkpt lat="43.293720" lon="-2.252360"/>
      <trkpt lat="43.293700" lon="-2.252390"/>
      <trkpt lat="43.293690" lon="-2.252430"/>
      <trkpt lat="43.293680" lon="-2.252460"/>
      <trkpt lat="43.293670" lon="-2.252490"/>
      <trkpt lat="43.293660" lon="-2.252520"/>
      <trkpt lat="43.293650" lon="-2.252550"/>
      <trkpt lat="43.293650" lon="-2.252570"/>
      <trkpt lat="43.293650" lon="-2.252590"/>
      <trkpt lat="43.293640" lon="-2.252630"/>
      <trkpt lat="43.293640" lon="-2.252690"/>
      <trkpt lat="43.293640" lon="-2.252730"/>
      <trkpt lat="43.293640" lon="-2.252780"/>
      <trkpt lat="43.293630" lon="-2.252820"/>
      <trkpt lat="43.293620" lon="-2.252860"/>
      <trkpt lat="43.293600" lon="-2.252900"/>
      <trkpt lat="43.293580" lon="-2.252930"/>
      <trkpt lat="43.293560" lon="-2.252960"/>
      <trkpt lat="43.293540" lon="-2.252980"/>
      <trkpt lat="43.293510" lon="-2.253000"/>
      <trkpt lat="43.293480" lon="-2.253020"/>
      <trkpt lat="43.293450" lon="-2.253030"/>
      <trkpt lat="43.293430" lon="-2.253030"/>
      <trkpt lat="43.293410" lon="-2.253030"/>
      <trkpt lat="43.293250" lon="-2.253060"/>
      <trkpt lat="43.293110" lon="-2.253080"/>
      <trkpt lat="43.293000" lon="-2.253090"/>
      <trkpt lat="43.292870" lon="-2.253080"/>
      <trkpt lat="43.292720" lon="-2.253100"/>
      <trkpt lat="43.292300" lon="-2.253130"/>
      <trkpt lat="43.292220" lon="-2.253140"/>
      <trkpt lat="43.292130" lon="-2.253150"/>
      <trkpt lat="43.292000" lon="-2.253170"/>
      <trkpt lat="43.291900" lon="-2.253190"/>
      <trkpt lat="43.291810" lon="-2.253220"/>
      <trkpt lat="43.291690" lon="-2.253260"/>
      <trkpt lat="43.291610" lon="-2.253290"/>
      <trkpt lat="43.291480" lon="-2.253350"/>
      <trkpt lat="43.291350" lon="-2.253420"/>
      <trkpt lat="43.291260" lon="-2.253470"/>
      <trkpt lat="43.291130" lon="-2.253550"/>
      <trkpt lat="43.290500" lon="-2.253980"/>
      <trkpt lat="43.290430" lon="-2.254020"/>
      <trkpt lat="43.290330" lon="-2.254080"/>
      <trkpt lat="43.290280" lon="-2.254110"/>
      <trkpt lat="43.290190" lon="-2.254150"/>
      <trkpt lat="43.290100" lon="-2.254200"/>
      <trkpt lat="43.290030" lon="-2.254230"/>
      <trkpt lat="43.289920" lon="-2.254270"/>
      <trkpt lat="43.289830" lon="-2.254300"/>
      <trkpt lat="43.289750" lon="-2.254330"/>
      <trkpt lat="43.289260" lon="-2.254490"/>
      <trkpt lat="43.286380" lon="-2.255380"/>
      <trkpt lat="43.286280" lon="-2.255410"/>
      <trkpt lat="43.286190" lon="-2.255440"/>
      <trkpt lat="43.286110" lon="-2.255460"/>
      <trkpt lat="43.286010" lon="-2.255480"/>
      <trkpt lat="43.285940" lon="-2.255500"/>
      <trkpt lat="43.285860" lon="-2.255510"/>
      <trkpt lat="43.285830" lon="-2.255510"/>
      <trkpt lat="43.285760" lon="-2.255520"/>
      <trkpt lat="43.285670" lon="-2.255530"/>
      <trkpt lat="43.285560" lon="-2.255530"/>
      <trkpt lat="43.285440" lon="-2.255530"/>
      <trkpt lat="43.285060" lon="-2.255520"/>
      <trkpt lat="43.284940" lon="-2.255520"/>
      <trkpt lat="43.284860" lon="-2.255520"/>
      <trkpt lat="43.284810" lon="-2.255520"/>
      <trkpt lat="43.284690" lon="-2.255540"/>
      <trkpt lat="43.284560" lon="-2.255560"/>
      <trkpt lat="43.284440" lon="-2.255590"/>
      <trkpt lat="43.284320" lon="-2.255640"/>
      <trkpt lat="43.284200" lon="-2.255710"/>
      <trkpt lat="43.284080" lon="-2.255780"/>
      <trkpt lat="43.283960" lon="-2.255870"/>
      <trkpt lat="43.283850" lon="-2.255960"/>
      <trkpt lat="43.283810" lon="-2.256010"/>
      <trkpt lat="43.283750" lon="-2.256070"/>
      <trkpt lat="43.283720" lon="-2.256120"/>
      <trkpt lat="43.283680" lon="-2.256160"/>
      <trkpt lat="43.283650" lon="-2.256200"/>
      <trkpt lat="43.283630" lon="-2.256250"/>
      <trkpt lat="43.283610" lon="-2.256280"/>
      <trkpt lat="43.283590" lon="-2.256320"/>
      <trkpt lat="43.283580" lon="-2.256340"/>
      <trkpt lat="43.283570" lon="-2.256370"/>
      <trkpt lat="43.283560" lon="-2.256390"/>
      <trkpt lat="43.283550" lon="-2.256430"/>
      <trkpt lat="43.283540" lon="-2.256460"/>
      <trkpt lat="43.283530" lon="-2.256490"/>
      <trkpt lat="43.283530" lon="-2.256520"/>
      <trkpt lat="43.283520" lon="-2.256550"/>
      <trkpt lat="43.283520" lon="-2.256580"/>
      <trkpt lat="43.283520" lon="-2.256620"/>
      <trkpt lat="43.283520" lon="-2.256700"/>
      <trkpt lat="43.283520" lon="-2.256710"/>
      <trkpt lat="43.283530" lon="-2.256740"/>
      <trkpt lat="43.283530" lon="-2.256760"/>
      <trkpt lat="43.283530" lon="-2.256780"/>
      <trkpt lat="43.283540" lon="-2.256840"/>
      <trkpt lat="43.283550" lon="-2.256890"/>
      <trkpt lat="43.283560" lon="-2.256950"/>
      <trkpt lat="43.283570" lon="-2.257000"/>
      <trkpt lat="43.283580" lon="-2.257050"/>
      <trkpt lat="43.283590" lon="-2.257100"/>
      <trkpt lat="43.283600" lon="-2.257140"/>
      <trkpt lat="43.283610" lon="-2.257190"/>
      <trkpt lat="43.283680" lon="-2.257370"/>
      <trkpt lat="43.283800" lon="-2.257700"/>
      <trkpt lat="43.284220" lon="-2.258870"/>
      <trkpt lat="43.284230" lon="-2.258890"/>
      <trkpt lat="43.284240" lon="-2.258910"/>
      <trkpt lat="43.284240" lon="-2.258930"/>
      <trkpt lat="43.284260" lon="-2.258960"/>
      <trkpt lat="43.284270" lon="-2.258980"/>
      <trkpt lat="43.284280" lon="-2.259000"/>
      <trkpt lat="43.284290" lon="-2.259030"/>
      <trkpt lat="43.284330" lon="-2.259090"/>
      <trkpt lat="43.284360" lon="-2.259120"/>
      <trkpt lat="43.284480" lon="-2.259240"/>
      <trkpt lat="43.284510" lon="-2.259270"/>
      <trkpt lat="43.284530" lon="-2.259290"/>
      <trkpt lat="43.284550" lon="-2.259310"/>
      <trkpt lat="43.284570" lon="-2.259320"/>
      <trkpt lat="43.284600" lon="-2.259340"/>
      <trkpt lat="43.284610" lon="-2.259350"/>
      <trkpt lat="43.284630" lon="-2.259360"/>
      <trkpt lat="43.284660" lon="-2.259370"/>
      <trkpt lat="43.284680" lon="-2.259380"/>
      <trkpt lat="43.284690" lon="-2.259380"/>
      <trkpt lat="43.284720" lon="-2.259390"/>
      <trkpt lat="43.284750" lon="-2.259390"/>
      <trkpt lat="43.284780" lon="-2.259400"/>
      <trkpt lat="43.284820" lon="-2.259380"/>
      <trkpt lat="43.284860" lon="-2.259370"/>
      <trkpt lat="43.284900" lon="-2.259380"/>
      <trkpt lat="43.284930" lon="-2.259390"/>
      <trkpt lat="43.284960" lon="-2.259410"/>
      <trkpt lat="43.284990" lon="-2.259430"/>
      <trkpt lat="43.285010" lon="-2.259460"/>
      <trkpt lat="43.285030" lon="-2.259500"/>
      <trkpt lat="43.285050" lon="-2.259540"/>
      <trkpt lat="43.285060" lon="-2.259590"/>
      <trkpt lat="43.285060" lon="-2.259630"/>
      <trkpt lat="43.285060" lon="-2.259670"/>
      <trkpt lat="43.285050" lon="-2.259720"/>
      <trkpt lat="43.285040" lon="-2.259750"/>
      <trkpt lat="43.285030" lon="-2.259790"/>
      <trkpt lat="43.285010" lon="-2.259820"/>
      <trkpt lat="43.284980" lon="-2.259890"/>
      <trkpt lat="43.284960" lon="-2.259940"/>
      <trkpt lat="43.284950" lon="-2.259990"/>
      <trkpt lat="43.284940" lon="-2.260020"/>
      <trkpt lat="43.284930" lon="-2.260050"/>
      <trkpt lat="43.284920" lon="-2.260070"/>
      <trkpt lat="43.284920" lon="-2.260090"/>
      <trkpt lat="43.284920" lon="-2.260110"/>
      <trkpt lat="43.284910" lon="-2.260140"/>
      <trkpt lat="43.284910" lon="-2.260170"/>
      <trkpt lat="43.284910" lon="-2.260200"/>
      <trkpt lat="43.284910" lon="-2.260250"/>
      <trkpt lat="43.284910" lon="-2.260280"/>
      <trkpt lat="43.284910" lon="-2.260320"/>
      <trkpt lat="43.284920" lon="-2.260360"/>
      <trkpt lat="43.284920" lon="-2.260390"/>
      <trkpt lat="43.284930" lon="-2.260430"/>
      <trkpt lat="43.284940" lon="-2.260490"/>
      <trkpt lat="43.284960" lon="-2.260550"/>
      <trkpt lat="43.284970" lon="-2.260580"/>
      <trkpt lat="43.284980" lon="-2.260610"/>
      <trkpt lat="43.285000" lon="-2.260640"/>
      <trkpt lat="43.285010" lon="-2.260670"/>
      <trkpt lat="43.285030" lon="-2.260710"/>
      <trkpt lat="43.285050" lon="-2.260750"/>
      <trkpt lat="43.285080" lon="-2.260790"/>
      <trkpt lat="43.285100" lon="-2.260840"/>
      <trkpt lat="43.285130" lon="-2.260890"/>
      <trkpt lat="43.285170" lon="-2.260950"/>
      <trkpt lat="43.285250" lon="-2.261080"/>
      <trkpt lat="43.285310" lon="-2.261160"/>
      <trkpt lat="43.285350" lon="-2.261240"/>
      <trkpt lat="43.285390" lon="-2.261300"/>
      <trkpt lat="43.285420" lon="-2.261370"/>
      <trkpt lat="43.285440" lon="-2.261410"/>
      <trkpt lat="43.285460" lon="-2.261460"/>
      <trkpt lat="43.285470" lon="-2.261500"/>
      <trkpt lat="43.285480" lon="-2.261550"/>
      <trkpt lat="43.285500" lon="-2.261590"/>
      <trkpt lat="43.285510" lon="-2.261640"/>
      <trkpt lat="43.285510" lon="-2.261680"/>
      <trkpt lat="43.285520" lon="-2.261720"/>
      <trkpt lat="43.285520" lon="-2.261760"/>
      <trkpt lat="43.285530" lon="-2.261800"/>
      <trkpt lat="43.285530" lon="-2.261850"/>
      <trkpt lat="43.285530" lon="-2.261910"/>
      <trkpt lat="43.285530" lon="-2.261980"/>
      <trkpt lat="43.285530" lon="-2.262050"/>
      <trkpt lat="43.285520" lon="-2.262130"/>
      <trkpt lat="43.285510" lon="-2.262200"/>
      <trkpt lat="43.285490" lon="-2.262250"/>
      <trkpt lat="43.285470" lon="-2.262330"/>
      <trkpt lat="43.285450" lon="-2.262410"/>
      <trkpt lat="43.285430" lon="-2.262460"/>
      <trkpt lat="43.285410" lon="-2.262510"/>
      <trkpt lat="43.285390" lon="-2.262550"/>
      <trkpt lat="43.285360" lon="-2.262590"/>
      <trkpt lat="43.285340" lon="-2.262630"/>
      <trkpt lat="43.285310" lon="-2.262670"/>
      <trkpt lat="43.285270" lon="-2.262720"/>
      <trkpt lat="43.285230" lon="-2.262770"/>
      <trkpt lat="43.285160" lon="-2.262860"/>
      <trkpt lat="43.285010" lon="-2.263010"/>
      <trkpt lat="43.284870" lon="-2.263180"/>
      <trkpt lat="43.284820" lon="-2.263220"/>
      <trkpt lat="43.284800" lon="-2.263260"/>
      <trkpt lat="43.284770" lon="-2.263290"/>
      <trkpt lat="43.284760" lon="-2.263300"/>
      <trkpt lat="43.284740" lon="-2.263330"/>
      <trkpt lat="43.284730" lon="-2.263350"/>
      <trkpt lat="43.284720" lon="-2.263360"/>
      <trkpt lat="43.284700" lon="-2.263390"/>
      <trkpt lat="43.284690" lon="-2.263420"/>
      <trkpt lat="43.284680" lon="-2.263440"/>
      <trkpt lat="43.284670" lon="-2.263470"/>
      <trkpt lat="43.284660" lon="-2.263490"/>
      <trkpt lat="43.284650" lon="-2.263520"/>
      <trkpt lat="43.284640" lon="-2.263550"/>
      <trkpt lat="43.284630" lon="-2.263580"/>
      <trkpt lat="43.284620" lon="-2.263620"/>
      <trkpt lat="43.284610" lon="-2.263660"/>
      <trkpt lat="43.284600" lon="-2.263690"/>
      <trkpt lat="43.284600" lon="-2.263730"/>
      <trkpt lat="43.284590" lon="-2.263760"/>
      <trkpt lat="43.284590" lon="-2.263800"/>
      <trkpt lat="43.284590" lon="-2.263830"/>
      <trkpt lat="43.284590" lon="-2.263860"/>
      <trkpt lat="43.284590" lon="-2.263910"/>
      <trkpt lat="43.284590" lon="-2.263950"/>
      <trkpt lat="43.284600" lon="-2.263990"/>
      <trkpt lat="43.284600" lon="-2.264030"/>
      <trkpt lat="43.284610" lon="-2.264060"/>
      <trkpt lat="43.284620" lon="-2.264100"/>
      <trkpt lat="43.284620" lon="-2.264130"/>
      <trkpt lat="43.284650" lon="-2.264230"/>
      <trkpt lat="43.284670" lon="-2.264320"/>
      <trkpt lat="43.284700" lon="-2.264410"/>
      <trkpt lat="43.284730" lon="-2.264520"/>
      <trkpt lat="43.284770" lon="-2.264660"/>
      <trkpt lat="43.284790" lon="-2.264750"/>
      <trkpt lat="43.284840" lon="-2.264940"/>
      <trkpt lat="43.284860" lon="-2.265000"/>
      <trkpt lat="43.284870" lon="-2.265030"/>
      <trkpt lat="43.284870" lon="-2.265060"/>
      <trkpt lat="43.284880" lon="-2.265110"/>
      <trkpt lat="43.284890" lon="-2.265150"/>
      <trkpt lat="43.284890" lon="-2.265190"/>
      <trkpt lat="43.284900" lon="-2.265230"/>
      <trkpt lat="43.284900" lon="-2.265250"/>
      <trkpt lat="43.284900" lon="-2.265270"/>
      <trkpt lat="43.284900" lon="-2.265320"/>
      <trkpt lat="43.284900" lon="-2.265350"/>
      <trkpt lat="43.284900" lon="-2.265380"/>
      <trkpt lat="43.284890" lon="-2.265400"/>
      <trkpt lat="43.284890" lon="-2.265430"/>
      <trkpt lat="43.284890" lon="-2.265460"/>
      <trkpt lat="43.284880" lon="-2.265490"/>
      <trkpt lat="43.284880" lon="-2.265520"/>
      <trkpt lat="43.284870" lon="-2.265540"/>
      <trkpt lat="43.284870" lon="-2.265560"/>
      <trkpt lat="43.284860" lon="-2.265590"/>
      <trkpt lat="43.284850" lon="-2.265630"/>
      <trkpt lat="43.284840" lon="-2.265640"/>
      <trkpt lat="43.284840" lon="-2.265650"/>
      <trkpt lat="43.284830" lon="-2.265670"/>
      <trkpt lat="43.284820" lon="-2.265690"/>
      <trkpt lat="43.284810" lon="-2.265710"/>
      <trkpt lat="43.284800" lon="-2.265730"/>
      <trkpt lat="43.284790" lon="-2.265750"/>
      <trkpt lat="43.284780" lon="-2.265770"/>
      <trkpt lat="43.284760" lon="-2.265800"/>
      <trkpt lat="43.284730" lon="-2.265840"/>
      <trkpt lat="43.284700" lon="-2.265880"/>
      <trkpt lat="43.284680" lon="-2.265900"/>
      <trkpt lat="43.284660" lon="-2.265920"/>
      <trkpt lat="43.284620" lon="-2.265950"/>
      <trkpt lat="43.284600" lon="-2.265970"/>
      <trkpt lat="43.284570" lon="-2.265990"/>
      <trkpt lat="43.284540" lon="-2.266010"/>
      <trkpt lat="43.284510" lon="-2.266020"/>
      <trkpt lat="43.284480" lon="-2.266040"/>
      <trkpt lat="43.284440" lon="-2.266060"/>
      <trkpt lat="43.284230" lon="-2.266150"/>
      <trkpt lat="43.284060" lon="-2.266230"/>
      <trkpt lat="43.283860" lon="-2.266320"/>
      <trkpt lat="43.283790" lon="-2.266350"/>
      <trkpt lat="43.283750" lon="-2.266370"/>
      <trkpt lat="43.283700" lon="-2.266390"/>
      <trkpt lat="43.283670" lon="-2.266400"/>
      <trkpt lat="43.283640" lon="-2.266410"/>
      <trkpt lat="43.283580" lon="-2.266420"/>
      <trkpt lat="43.283530" lon="-2.266440"/>
      <trkpt lat="43.283470" lon="-2.266450"/>
      <trkpt lat="43.283440" lon="-2.266450"/>
      <trkpt lat="43.283420" lon="-2.266460"/>
      <trkpt lat="43.283390" lon="-2.266460"/>
      <trkpt lat="43.283370" lon="-2.266460"/>
      <trkpt lat="43.283320" lon="-2.266470"/>
      <trkpt lat="43.283290" lon="-2.266470"/>
      <trkpt lat="43.283250" lon="-2.266470"/>
      <trkpt lat="43.283210" lon="-2.266470"/>
      <trkpt lat="43.283160" lon="-2.266470"/>
      <trkpt lat="43.283110" lon="-2.266470"/>
      <trkpt lat="43.283070" lon="-2.266470"/>
      <trkpt lat="43.283000" lon="-2.266460"/>
      <trkpt lat="43.282940" lon="-2.266450"/>
      <trkpt lat="43.282880" lon="-2.266440"/>
      <trkpt lat="43.282830" lon="-2.266420"/>
      <trkpt lat="43.282770" lon="-2.266410"/>
      <trkpt lat="43.282690" lon="-2.266390"/>
      <trkpt lat="43.282620" lon="-2.266370"/>
      <trkpt lat="43.282480" lon="-2.266320"/>
      <trkpt lat="43.282400" lon="-2.266290"/>
      <trkpt lat="43.282280" lon="-2.266250"/>
      <trkpt lat="43.282160" lon="-2.266200"/>
      <trkpt lat="43.282080" lon="-2.266170"/>
      <trkpt lat="43.282030" lon="-2.266150"/>
      <trkpt lat="43.281980" lon="-2.266130"/>
      <trkpt lat="43.281930" lon="-2.266120"/>
      <trkpt lat="43.281890" lon="-2.266110"/>
      <trkpt lat="43.281850" lon="-2.266100"/>
      <trkpt lat="43.281770" lon="-2.266080"/>
      <trkpt lat="43.281700" lon="-2.266070"/>
      <trkpt lat="43.281640" lon="-2.266060"/>
      <trkpt lat="43.281570" lon="-2.266050"/>
      <trkpt lat="43.281530" lon="-2.266050"/>
      <trkpt lat="43.281510" lon="-2.266050"/>
      <trkpt lat="43.281470" lon="-2.266040"/>
      <trkpt lat="43.281440" lon="-2.266040"/>
      <trkpt lat="43.281410" lon="-2.266040"/>
      <trkpt lat="43.281360" lon="-2.266040"/>
      <trkpt lat="43.281240" lon="-2.266040"/>
      <trkpt lat="43.281120" lon="-2.266080"/>
      <trkpt lat="43.280950" lon="-2.266160"/>
      <trkpt lat="43.280820" lon="-2.266260"/>
      <trkpt lat="43.280690" lon="-2.266400"/>
      <trkpt lat="43.280560" lon="-2.266600"/>
      <trkpt lat="43.280530" lon="-2.266650"/>
      <trkpt lat="43.280450" lon="-2.266780"/>
      <trkpt lat="43.280380" lon="-2.266890"/>
      <trkpt lat="43.280300" lon="-2.267050"/>
      <trkpt lat="43.280260" lon="-2.267150"/>
      <trkpt lat="43.280240" lon="-2.267200"/>
      <trkpt lat="43.280220" lon="-2.267260"/>
      <trkpt lat="43.280230" lon="-2.267290"/>
      <trkpt lat="43.280240" lon="-2.267360"/>
      <trkpt lat="43.280230" lon="-2.267450"/>
      <trkpt lat="43.280190" lon="-2.267530"/>
      <trkpt lat="43.280170" lon="-2.267550"/>
      <trkpt lat="43.280150" lon="-2.267580"/>
      <trkpt lat="43.280090" lon="-2.267610"/>
      <trkpt lat="43.280030" lon="-2.267620"/>
      <trkpt lat="43.279970" lon="-2.267590"/>
      <trkpt lat="43.279920" lon="-2.267540"/>
      <trkpt lat="43.279890" lon="-2.267500"/>
      <trkpt lat="43.279800" lon="-2.267400"/>
      <trkpt lat="43.279710" lon="-2.267340"/>
      <trkpt lat="43.279610" lon="-2.267300"/>
      <trkpt lat="43.279530" lon="-2.267290"/>
      <trkpt lat="43.279530" lon="-2.267290"/>
      <trkpt lat="43.279450" lon="-2.267290"/>
      <trkpt lat="43.279320" lon="-2.267290"/>
      <trkpt lat="43.278710" lon="-2.267420"/>
      <trkpt lat="43.278530" lon="-2.267450"/>
      <trkpt lat="43.277890" lon="-2.267580"/>
      <trkpt lat="43.277170" lon="-2.267660"/>
      <trkpt lat="43.276590" lon="-2.267650"/>
      <trkpt lat="43.276120" lon="-2.267650"/>
      <trkpt lat="43.275740" lon="-2.267680"/>
      <trkpt lat="43.275400" lon="-2.267740"/>
      <trkpt lat="43.274710" lon="-2.268020"/>
      <trkpt lat="43.274200" lon="-2.268270"/>
      <trkpt lat="43.273430" lon="-2.268600"/>
      <trkpt lat="43.272870" lon="-2.268770"/>
      <trkpt lat="43.271710" lon="-2.269030"/>
      <trkpt lat="43.271490" lon="-2.269070"/>
      <trkpt lat="43.271130" lon="-2.269160"/>
      <trkpt lat="43.270850" lon="-2.269240"/>
      <trkpt lat="43.270510" lon="-2.269380"/>
      <trkpt lat="43.270160" lon="-2.269580"/>
      <trkpt lat="43.269790" lon="-2.269820"/>
      <trkpt lat="43.269150" lon="-2.270310"/>
      <trkpt lat="43.269080" lon="-2.270370"/>
      <trkpt lat="43.269050" lon="-2.270450"/>
      <trkpt lat="43.268920" lon="-2.270660"/>
      <trkpt lat="43.268870" lon="-2.270770"/>
      <trkpt lat="43.268840" lon="-2.270890"/>
      <trkpt lat="43.268860" lon="-2.270970"/>
      <trkpt lat="43.268860" lon="-2.271080"/>
      <trkpt lat="43.268830" lon="-2.271190"/>
      <trkpt lat="43.268780" lon="-2.271290"/>
      <trkpt lat="43.268710" lon="-2.271360"/>
      <trkpt lat="43.268640" lon="-2.271510"/>
      <trkpt lat="43.268540" lon="-2.271800"/>
      <trkpt lat="43.268490" lon="-2.271970"/>
      <trkpt lat="43.268390" lon="-2.272160"/>
      <trkpt lat="43.268310" lon="-2.272270"/>
      <trkpt lat="43.268200" lon="-2.272390"/>
      <trkpt lat="43.268050" lon="-2.272510"/>
      <trkpt lat="43.267860" lon="-2.272620"/>
      <trkpt lat="43.267540" lon="-2.272790"/>
      <trkpt lat="43.267260" lon="-2.272930"/>
      <trkpt lat="43.267100" lon="-2.273000"/>
      <trkpt lat="43.266890" lon="-2.273070"/>
      <trkpt lat="43.266660" lon="-2.273080"/>
      <trkpt lat="43.266450" lon="-2.273040"/>
      <trkpt lat="43.266200" lon="-2.272990"/>
      <trkpt lat="43.265840" lon="-2.272850"/>
      <trkpt lat="43.265550" lon="-2.272730"/>
      <trkpt lat="43.265410" lon="-2.272680"/>
      <trkpt lat="43.265110" lon="-2.272550"/>
      <trkpt lat="43.264950" lon="-2.272480"/>
      <trkpt lat="43.264760" lon="-2.272410"/>
      <trkpt lat="43.264670" lon="-2.272370"/>
      <trkpt lat="43.264600" lon="-2.272340"/>
      <trkpt lat="43.264530" lon="-2.272330"/>
      <trkpt lat="43.264430" lon="-2.272310"/>
      <trkpt lat="43.264330" lon="-2.272320"/>
      <trkpt lat="43.264240" lon="-2.272350"/>
      <trkpt lat="43.264160" lon="-2.272400"/>
      <trkpt lat="43.264090" lon="-2.272460"/>
      <trkpt lat="43.264030" lon="-2.272560"/>
      <trkpt lat="43.263980" lon="-2.272670"/>
      <trkpt lat="43.263960" lon="-2.272770"/>
      <trkpt lat="43.263950" lon="-2.272880"/>
      <trkpt lat="43.263960" lon="-2.272980"/>
      <trkpt lat="43.263970" lon="-2.273080"/>
      <trkpt lat="43.264000" lon="-2.273170"/>
      <trkpt lat="43.264030" lon="-2.273240"/>
      <trkpt lat="43.264070" lon="-2.273310"/>
      <trkpt lat="43.264120" lon="-2.273370"/>
      <trkpt lat="43.264180" lon="-2.273420"/>
      <trkpt lat="43.264270" lon="-2.273460"/>
      <trkpt lat="43.264370" lon="-2.273470"/>
      <trkpt lat="43.264490" lon="-2.273450"/>
      <trkpt lat="43.264600" lon="-2.273380"/>
      <trkpt lat="43.264700" lon="-2.273260"/>
      <trkpt lat="43.264830" lon="-2.273090"/>
      <trkpt lat="43.264970" lon="-2.272880"/>
      <trkpt lat="43.265120" lon="-2.272650"/>
      <trkpt lat="43.265340" lon="-2.272350"/>
      <trkpt lat="43.265530" lon="-2.272090"/>
      <trkpt lat="43.265610" lon="-2.271990"/>
      <trkpt lat="43.265730" lon="-2.271840"/>
      <trkpt lat="43.265840" lon="-2.271690"/>
      <trkpt lat="43.265960" lon="-2.271560"/>
      <trkpt lat="43.266080" lon="-2.271430"/>
      <trkpt lat="43.266210" lon="-2.271310"/>
      <trkpt lat="43.266400" lon="-2.271160"/>
      <trkpt lat="43.266490" lon="-2.271080"/>
      <trkpt lat="43.266590" lon="-2.270980"/>
      <trkpt lat="43.266750" lon="-2.270840"/>
      <trkpt lat="43.266970" lon="-2.270650"/>
      <trkpt lat="43.267180" lon="-2.270470"/>
      <trkpt lat="43.267310" lon="-2.270370"/>
      <trkpt lat="43.267450" lon="-2.270260"/>
      <trkpt lat="43.267550" lon="-2.270190"/>
      <trkpt lat="43.267670" lon="-2.270090"/>
      <trkpt lat="43.267810" lon="-2.269980"/>
      <trkpt lat="43.268120" lon="-2.269750"/>
      <trkpt lat="43.268340" lon="-2.269580"/>
      <trkpt lat="43.268540" lon="-2.269420"/>
      <trkpt lat="43.268700" lon="-2.269280"/>
      <trkpt lat="43.268800" lon="-2.269200"/>
      <trkpt lat="43.268920" lon="-2.269090"/>
      <trkpt lat="43.269060" lon="-2.268960"/>
      <trkpt lat="43.269190" lon="-2.268830"/>
      <trkpt lat="43.269310" lon="-2.268710"/>
      <trkpt lat="43.269430" lon="-2.268570"/>
      <trkpt lat="43.269590" lon="-2.268390"/>
      <trkpt lat="43.269730" lon="-2.268210"/>
      <trkpt lat="43.269820" lon="-2.268090"/>
      <trkpt lat="43.269950" lon="-2.267910"/>
      <trkpt lat="43.270100" lon="-2.267680"/>
      <trkpt lat="43.270250" lon="-2.267430"/>
      <trkpt lat="43.270380" lon="-2.267190"/>
      <trkpt lat="43.270470" lon="-2.267010"/>
      <trkpt lat="43.270560" lon="-2.266820"/>
      <trkpt lat="43.270650" lon="-2.266630"/>
      <trkpt lat="43.270710" lon="-2.266470"/>
      <trkpt lat="43.270760" lon="-2.266340"/>
      <trkpt lat="43.270820" lon="-2.266200"/>
      <trkpt lat="43.270880" lon="-2.266020"/>
      <trkpt lat="43.270940" lon="-2.265840"/>
      <trkpt lat="43.270990" lon="-2.265670"/>
      <trkpt lat="43.271080" lon="-2.265340"/>
      <trkpt lat="43.271160" lon="-2.265000"/>
      <trkpt lat="43.271240" lon="-2.264660"/>
      <trkpt lat="43.271270" lon="-2.264410"/>
      <trkpt lat="43.271310" lon="-2.264170"/>
      <trkpt lat="43.271340" lon="-2.263900"/>
      <trkpt lat="43.271360" lon="-2.263660"/>
      <trkpt lat="43.271380" lon="-2.263400"/>
      <trkpt lat="43.271390" lon="-2.263160"/>
      <trkpt lat="43.271410" lon="-2.262770"/>
      <trkpt lat="43.271410" lon="-2.262610"/>
      <trkpt lat="43.271420" lon="-2.262320"/>
      <trkpt lat="43.271430" lon="-2.261990"/>
      <trkpt lat="43.271440" lon="-2.261630"/>
      <trkpt lat="43.271460" lon="-2.261290"/>
      <trkpt lat="43.271470" lon="-2.261010"/>
      <trkpt lat="43.271500" lon="-2.260710"/>
      <trkpt lat="43.271520" lon="-2.260490"/>
      <trkpt lat="43.271550" lon="-2.260280"/>
      <trkpt lat="43.271580" lon="-2.260090"/>
      <trkpt lat="43.271610" lon="-2.259860"/>
      <trkpt lat="43.271650" lon="-2.259680"/>
      <trkpt lat="43.271710" lon="-2.259420"/>
      <trkpt lat="43.271750" lon="-2.259270"/>
      <trkpt lat="43.271820" lon="-2.259010"/>
      <trkpt lat="43.271870" lon="-2.258820"/>
      <trkpt lat="43.271930" lon="-2.258640"/>
      <trkpt lat="43.271990" lon="-2.258460"/>
      <trkpt lat="43.272060" lon="-2.258280"/>
      <trkpt lat="43.272190" lon="-2.257970"/>
      <trkpt lat="43.272290" lon="-2.257760"/>
      <trkpt lat="43.272390" lon="-2.257560"/>
      <trkpt lat="43.272480" lon="-2.257390"/>
      <trkpt lat="43.272590" lon="-2.257200"/>
      <trkpt lat="43.272740" lon="-2.256950"/>
      <trkpt lat="43.272870" lon="-2.256770"/>
      <trkpt lat="43.272990" lon="-2.256610"/>
      <trkpt lat="43.273110" lon="-2.256470"/>
      <trkpt lat="43.273220" lon="-2.256350"/>
      <trkpt lat="43.273360" lon="-2.256210"/>
      <trkpt lat="43.273480" lon="-2.256090"/>
      <trkpt lat="43.273570" lon="-2.256010"/>
      <trkpt lat="43.273680" lon="-2.255920"/>
      <trkpt lat="43.273770" lon="-2.255850"/>
      <trkpt lat="43.273880" lon="-2.255780"/>
      <trkpt lat="43.273990" lon="-2.255700"/>
      <trkpt lat="43.274100" lon="-2.255640"/>
      <trkpt lat="43.274290" lon="-2.255550"/>
      <trkpt lat="43.274410" lon="-2.255500"/>
      <trkpt lat="43.274560" lon="-2.255440"/>
      <trkpt lat="43.274710" lon="-2.255390"/>
      <trkpt lat="43.274860" lon="-2.255340"/>
      <trkpt lat="43.275010" lon="-2.255300"/>
      <trkpt lat="43.275140" lon="-2.255270"/>
      <trkpt lat="43.275280" lon="-2.255230"/>
      <trkpt lat="43.275350" lon="-2.255210"/>
      <trkpt lat="43.275420" lon="-2.255200"/>
      <trkpt lat="43.275490" lon="-2.255180"/>
      <trkpt lat="43.275560" lon="-2.255160"/>
      <trkpt lat="43.275640" lon="-2.255140"/>
      <trkpt lat="43.275710" lon="-2.255110"/>
      <trkpt lat="43.275790" lon="-2.255090"/>
      <trkpt lat="43.275860" lon="-2.255060"/>
      <trkpt lat="43.275940" lon="-2.255030"/>
      <trkpt lat="43.276010" lon="-2.255000"/>
      <trkpt lat="43.276050" lon="-2.254980"/>
      <trkpt lat="43.276100" lon="-2.254950"/>
      <trkpt lat="43.276150" lon="-2.254930"/>
      <trkpt lat="43.276220" lon="-2.254890"/>
      <trkpt lat="43.276290" lon="-2.254840"/>
      <trkpt lat="43.276350" lon="-2.254800"/>
      <trkpt lat="43.276420" lon="-2.254750"/>
      <trkpt lat="43.276490" lon="-2.254710"/>
      <trkpt lat="43.276550" lon="-2.254650"/>
      <trkpt lat="43.276620" lon="-2.254600"/>
      <trkpt lat="43.276680" lon="-2.254540"/>
      <trkpt lat="43.276730" lon="-2.254480"/>
      <trkpt lat="43.276800" lon="-2.254420"/>
      <trkpt lat="43.276860" lon="-2.254350"/>
      <trkpt lat="43.276920" lon="-2.254280"/>
      <trkpt lat="43.276970" lon="-2.254210"/>
      <trkpt lat="43.277030" lon="-2.254140"/>
      <trkpt lat="43.277080" lon="-2.254070"/>
      <trkpt lat="43.277130" lon="-2.254000"/>
      <trkpt lat="43.277180" lon="-2.253920"/>
      <trkpt lat="43.277230" lon="-2.253840"/>
      <trkpt lat="43.277280" lon="-2.253750"/>
      <trkpt lat="43.277320" lon="-2.253670"/>
      <trkpt lat="43.277360" lon="-2.253590"/>
      <trkpt lat="43.277400" lon="-2.253510"/>
      <trkpt lat="43.277440" lon="-2.253410"/>
      <trkpt lat="43.277480" lon="-2.253320"/>
      <trkpt lat="43.277520" lon="-2.253230"/>
      <trkpt lat="43.277550" lon="-2.253140"/>
      <trkpt lat="43.277580" lon="-2.253040"/>
      <trkpt lat="43.277610" lon="-2.252950"/>
      <trkpt lat="43.277640" lon="-2.252850"/>
      <trkpt lat="43.277670" lon="-2.252750"/>
      <trkpt lat="43.277690" lon="-2.252660"/>
      <trkpt lat="43.277710" lon="-2.252560"/>
      <trkpt lat="43.277730" lon="-2.252490"/>
      <trkpt lat="43.277740" lon="-2.252420"/>
      <trkpt lat="43.277750" lon="-2.252350"/>
      <trkpt lat="43.277760" lon="-2.252270"/>
      <trkpt lat="43.277770" lon="-2.252210"/>
      <trkpt lat="43.277780" lon="-2.252150"/>
      <trkpt lat="43.277790" lon="-2.252080"/>
      <trkpt lat="43.277790" lon="-2.252010"/>
      <trkpt lat="43.277800" lon="-2.251950"/>
      <trkpt lat="43.277800" lon="-2.251890"/>
      <trkpt lat="43.277810" lon="-2.251820"/>
      <trkpt lat="43.277810" lon="-2.251780"/>
      <trkpt lat="43.277810" lon="-2.251740"/>
      <trkpt lat="43.277810" lon="-2.251680"/>
      <trkpt lat="43.277810" lon="-2.251600"/>
      <trkpt lat="43.277810" lon="-2.251550"/>
      <trkpt lat="43.277810" lon="-2.251440"/>
      <trkpt lat="43.277810" lon="-2.251340"/>
      <trkpt lat="43.277800" lon="-2.251230"/>
      <trkpt lat="43.277800" lon="-2.251130"/>
      <trkpt lat="43.277790" lon="-2.251020"/>
      <trkpt lat="43.277780" lon="-2.250920"/>
      <trkpt lat="43.277760" lon="-2.250720"/>
      <trkpt lat="43.277740" lon="-2.250510"/>
      <trkpt lat="43.277720" lon="-2.250300"/>
      <trkpt lat="43.277700" lon="-2.250100"/>
      <trkpt lat="43.277680" lon="-2.249880"/>
      <trkpt lat="43.277660" lon="-2.249660"/>
      <trkpt lat="43.277640" lon="-2.249440"/>
      <trkpt lat="43.277630" lon="-2.249330"/>
      <trkpt lat="43.277630" lon="-2.249230"/>
      <trkpt lat="43.277620" lon="-2.249120"/>
      <trkpt lat="43.277610" lon="-2.249010"/>
      <trkpt lat="43.277610" lon="-2.248790"/>
      <trkpt lat="43.277610" lon="-2.248690"/>
      <trkpt lat="43.277610" lon="-2.248580"/>
      <trkpt lat="43.277610" lon="-2.248350"/>
      <trkpt lat="43.277610" lon="-2.248140"/>
      <trkpt lat="43.277620" lon="-2.247920"/>
      <trkpt lat="43.277630" lon="-2.247700"/>
      <trkpt lat="43.277640" lon="-2.247480"/>
      <trkpt lat="43.277660" lon="-2.247270"/>
      <trkpt lat="43.277680" lon="-2.247060"/>
      <trkpt lat="43.277700" lon="-2.246840"/>
      <trkpt lat="43.277710" lon="-2.246730"/>
      <trkpt lat="43.277720" lon="-2.246630"/>
      <trkpt lat="43.277740" lon="-2.246410"/>
      <trkpt lat="43.277760" lon="-2.246290"/>
      <trkpt lat="43.277770" lon="-2.246190"/>
      <trkpt lat="43.277800" lon="-2.245980"/>
      <trkpt lat="43.277830" lon="-2.245760"/>
      <trkpt lat="43.277860" lon="-2.245560"/>
      <trkpt lat="43.277890" lon="-2.245340"/>
      <trkpt lat="43.277930" lon="-2.245130"/>
      <trkpt lat="43.277970" lon="-2.244920"/>
      <trkpt lat="43.278010" lon="-2.244710"/>
      <trkpt lat="43.278050" lon="-2.244510"/>
      <trkpt lat="43.278100" lon="-2.244290"/>
      <trkpt lat="43.278140" lon="-2.244080"/>
      <trkpt lat="43.278190" lon="-2.243870"/>
      <trkpt lat="43.278240" lon="-2.243680"/>
      <trkpt lat="43.278290" lon="-2.243470"/>
      <trkpt lat="43.278350" lon="-2.243260"/>
      <trkpt lat="43.278400" lon="-2.243060"/>
      <trkpt lat="43.278460" lon="-2.242850"/>
      <trkpt lat="43.278520" lon="-2.242650"/>
      <trkpt lat="43.278580" lon="-2.242460"/>
      <trkpt lat="43.278610" lon="-2.242350"/>
      <trkpt lat="43.278650" lon="-2.242250"/>
      <trkpt lat="43.278710" lon="-2.242050"/>
      <trkpt lat="43.278780" lon="-2.241860"/>
      <trkpt lat="43.278860" lon="-2.241660"/>
      <trkpt lat="43.278930" lon="-2.241480"/>
      <trkpt lat="43.278970" lon="-2.241380"/>
      <trkpt lat="43.279010" lon="-2.241290"/>
      <trkpt lat="43.279050" lon="-2.241190"/>
      <trkpt lat="43.279090" lon="-2.241100"/>
      <trkpt lat="43.279140" lon="-2.241010"/>
      <trkpt lat="43.279180" lon="-2.240920"/>
      <trkpt lat="43.279230" lon="-2.240830"/>
      <trkpt lat="43.279270" lon="-2.240740"/>
      <trkpt lat="43.279320" lon="-2.240650"/>
      <trkpt lat="43.279370" lon="-2.240570"/>
      <trkpt lat="43.279400" lon="-2.240510"/>
      <trkpt lat="43.279430" lon="-2.240460"/>
      <trkpt lat="43.279470" lon="-2.240400"/>
      <trkpt lat="43.279520" lon="-2.240310"/>
      <trkpt lat="43.279570" lon="-2.240230"/>
      <trkpt lat="43.279620" lon="-2.240150"/>
      <trkpt lat="43.279680" lon="-2.240070"/>
      <trkpt lat="43.279730" lon="-2.239980"/>
      <trkpt lat="43.279790" lon="-2.239910"/>
      <trkpt lat="43.279840" lon="-2.239830"/>
      <trkpt lat="43.279900" lon="-2.239750"/>
      <trkpt lat="43.279950" lon="-2.239680"/>
      <trkpt lat="43.280010" lon="-2.239600"/>
      <trkpt lat="43.280130" lon="-2.239450"/>
      <trkpt lat="43.280250" lon="-2.239310"/>
      <trkpt lat="43.280370" lon="-2.239160"/>
      <trkpt lat="43.280490" lon="-2.239030"/>
      <trkpt lat="43.280610" lon="-2.238890"/>
      <trkpt lat="43.280730" lon="-2.238760"/>
      <trkpt lat="43.280860" lon="-2.238620"/>
      <trkpt lat="43.280980" lon="-2.238490"/>
      <trkpt lat="43.281110" lon="-2.238350"/>
      <trkpt lat="43.281370" lon="-2.238080"/>
      <trkpt lat="43.281480" lon="-2.237950"/>
      <trkpt lat="43.281610" lon="-2.237810"/>
      <trkpt lat="43.281730" lon="-2.237680"/>
      <trkpt lat="43.281850" lon="-2.237540"/>
      <trkpt lat="43.281980" lon="-2.237400"/>
      <trkpt lat="43.282100" lon="-2.237260"/>
      <trkpt lat="43.282210" lon="-2.237120"/>
      <trkpt lat="43.282330" lon="-2.236970"/>
      <trkpt lat="43.282450" lon="-2.236820"/>
      <trkpt lat="43.282560" lon="-2.236670"/>
      <trkpt lat="43.282680" lon="-2.236520"/>
      <trkpt lat="43.282790" lon="-2.236360"/>
      <trkpt lat="43.282890" lon="-2.236210"/>
      <trkpt lat="43.282950" lon="-2.236130"/>
      <trkpt lat="43.283000" lon="-2.236040"/>
      <trkpt lat="43.283050" lon="-2.235960"/>
      <trkpt lat="43.283100" lon="-2.235890"/>
      <trkpt lat="43.283150" lon="-2.235800"/>
      <trkpt lat="43.283200" lon="-2.235720"/>
      <trkpt lat="43.283250" lon="-2.235630"/>
      <trkpt lat="43.283300" lon="-2.235550"/>
      <trkpt lat="43.283400" lon="-2.235380"/>
      <trkpt lat="43.283490" lon="-2.235200"/>
      <trkpt lat="43.283580" lon="-2.235030"/>
      <trkpt lat="43.283670" lon="-2.234840"/>
      <trkpt lat="43.283720" lon="-2.234750"/>
      <trkpt lat="43.283760" lon="-2.234660"/>
      <trkpt lat="43.283800" lon="-2.234570"/>
      <trkpt lat="43.283840" lon="-2.234480"/>
      <trkpt lat="43.283920" lon="-2.234290"/>
      <trkpt lat="43.284000" lon="-2.234110"/>
      <trkpt lat="43.284080" lon="-2.233910"/>
      <trkpt lat="43.284150" lon="-2.233720"/>
      <trkpt lat="43.284220" lon="-2.233520"/>
      <trkpt lat="43.284290" lon="-2.233330"/>
      <trkpt lat="43.284350" lon="-2.233130"/>
      <trkpt lat="43.284410" lon="-2.232930"/>
      <trkpt lat="43.284470" lon="-2.232730"/>
      <trkpt lat="43.284530" lon="-2.232530"/>
      <trkpt lat="43.284580" lon="-2.232330"/>
      <trkpt lat="43.284630" lon="-2.232120"/>
      <trkpt lat="43.284680" lon="-2.231920"/>
      <trkpt lat="43.284700" lon="-2.231810"/>
      <trkpt lat="43.284720" lon="-2.231710"/>
      <trkpt lat="43.284760" lon="-2.231510"/>
      <trkpt lat="43.284780" lon="-2.231390"/>
      <trkpt lat="43.284790" lon="-2.231290"/>
      <trkpt lat="43.284830" lon="-2.231070"/>
      <trkpt lat="43.284850" lon="-2.230960"/>
      <trkpt lat="43.284860" lon="-2.230860"/>
      <trkpt lat="43.284880" lon="-2.230750"/>
      <trkpt lat="43.284890" lon="-2.230640"/>
      <trkpt lat="43.284900" lon="-2.230530"/>
      <trkpt lat="43.284920" lon="-2.230430"/>
      <trkpt lat="43.284930" lon="-2.230320"/>
      <trkpt lat="43.284940" lon="-2.230220"/>
      <trkpt lat="43.284960" lon="-2.230000"/>
      <trkpt lat="43.284970" lon="-2.229790"/>
      <trkpt lat="43.284990" lon="-2.229580"/>
      <trkpt lat="43.284990" lon="-2.229460"/>
      <trkpt lat="43.285000" lon="-2.229360"/>
      <trkpt lat="43.285010" lon="-2.229260"/>
      <trkpt lat="43.285010" lon="-2.229140"/>
      <trkpt lat="43.285020" lon="-2.228920"/>
      <trkpt lat="43.285020" lon="-2.228810"/>
      <trkpt lat="43.285030" lon="-2.228710"/>
      <trkpt lat="43.285030" lon="-2.228650"/>
      <trkpt lat="43.285030" lon="-2.228590"/>
      <trkpt lat="43.285030" lon="-2.228490"/>
      <trkpt lat="43.285030" lon="-2.228270"/>
      <trkpt lat="43.285030" lon="-2.228060"/>
      <trkpt lat="43.285040" lon="-2.227840"/>
      <trkpt lat="43.285040" lon="-2.227620"/>
      <trkpt lat="43.285050" lon="-2.227410"/>
      <trkpt lat="43.285060" lon="-2.227190"/>
      <trkpt lat="43.285070" lon="-2.226970"/>
      <trkpt lat="43.285080" lon="-2.226760"/>
      <trkpt lat="43.285090" lon="-2.226550"/>
      <trkpt lat="43.285100" lon="-2.226340"/>
      <trkpt lat="43.285120" lon="-2.226160"/>
      <trkpt lat="43.285130" lon="-2.225940"/>
      <trkpt lat="43.285150" lon="-2.225730"/>
      <trkpt lat="43.285170" lon="-2.225530"/>
      <trkpt lat="43.285200" lon="-2.225310"/>
      <trkpt lat="43.285220" lon="-2.225100"/>
      <trkpt lat="43.285250" lon="-2.224890"/>
      <trkpt lat="43.285280" lon="-2.224680"/>
      <trkpt lat="43.285310" lon="-2.224470"/>
      <trkpt lat="43.285340" lon="-2.224260"/>
      <trkpt lat="43.285380" lon="-2.224060"/>
      <trkpt lat="43.285410" lon="-2.223850"/>
      <trkpt lat="43.285450" lon="-2.223640"/>
      <trkpt lat="43.285480" lon="-2.223440"/>
      <trkpt lat="43.285510" lon="-2.223240"/>
      <trkpt lat="43.285530" lon="-2.223140"/>
      <trkpt lat="43.285550" lon="-2.223040"/>
      <trkpt lat="43.285560" lon="-2.222920"/>
      <trkpt lat="43.285570" lon="-2.222830"/>
      <trkpt lat="43.285580" lon="-2.222740"/>
      <trkpt lat="43.285590" lon="-2.222630"/>
      <trkpt lat="43.285600" lon="-2.222540"/>
      <trkpt lat="43.285610" lon="-2.222440"/>
      <trkpt lat="43.285620" lon="-2.222340"/>
      <trkpt lat="43.285620" lon="-2.222230"/>
      <trkpt lat="43.285630" lon="-2.222130"/>
      <trkpt lat="43.285630" lon="-2.222030"/>
      <trkpt lat="43.285630" lon="-2.221920"/>
      <trkpt lat="43.285630" lon="-2.221810"/>
      <trkpt lat="43.285630" lon="-2.221710"/>
      <trkpt lat="43.285630" lon="-2.221610"/>
      <trkpt lat="43.285630" lon="-2.221500"/>
      <trkpt lat="43.285620" lon="-2.221390"/>
      <trkpt lat="43.285610" lon="-2.221290"/>
      <trkpt lat="43.285600" lon="-2.221200"/>
      <trkpt lat="43.285590" lon="-2.221090"/>
      <trkpt lat="43.285580" lon="-2.220990"/>
      <trkpt lat="43.285570" lon="-2.220880"/>
      <trkpt lat="43.285550" lon="-2.220780"/>
      <trkpt lat="43.285540" lon="-2.220680"/>
      <trkpt lat="43.285520" lon="-2.220590"/>
      <trkpt lat="43.285500" lon="-2.220480"/>
      <trkpt lat="43.285480" lon="-2.220380"/>
      <trkpt lat="43.285460" lon="-2.220280"/>
      <trkpt lat="43.285440" lon="-2.220190"/>
      <trkpt lat="43.285420" lon="-2.220080"/>
      <trkpt lat="43.285390" lon="-2.219990"/>
      <trkpt lat="43.285370" lon="-2.219890"/>
      <trkpt lat="43.285340" lon="-2.219800"/>
      <trkpt lat="43.285310" lon="-2.219700"/>
      <trkpt lat="43.285280" lon="-2.219600"/>
      <trkpt lat="43.285250" lon="-2.219500"/>
      <trkpt lat="43.285210" lon="-2.219410"/>
      <trkpt lat="43.285180" lon="-2.219320"/>
      <trkpt lat="43.285140" lon="-2.219220"/>
      <trkpt lat="43.285100" lon="-2.219130"/>
      <trkpt lat="43.285070" lon="-2.219040"/>
      <trkpt lat="43.285030" lon="-2.218960"/>
      <trkpt lat="43.284990" lon="-2.218870"/>
      <trkpt lat="43.284950" lon="-2.218790"/>
      <trkpt lat="43.284900" lon="-2.218700"/>
      <trkpt lat="43.284860" lon="-2.218610"/>
      <trkpt lat="43.284810" lon="-2.218530"/>
      <trkpt lat="43.284760" lon="-2.218450"/>
      <trkpt lat="43.284710" lon="-2.218370"/>
      <trkpt lat="43.284670" lon="-2.218290"/>
      <trkpt lat="43.284620" lon="-2.218210"/>
      <trkpt lat="43.284570" lon="-2.218130"/>
      <trkpt lat="43.284510" lon="-2.218050"/>
      <trkpt lat="43.284460" lon="-2.217980"/>
      <trkpt lat="43.284410" lon="-2.217900"/>
      <trkpt lat="43.284360" lon="-2.217830"/>
      <trkpt lat="43.284300" lon="-2.217750"/>
      <trkpt lat="43.284200" lon="-2.217610"/>
      <trkpt lat="43.284090" lon="-2.217470"/>
      <trkpt lat="43.283990" lon="-2.217320"/>
      <trkpt lat="43.283890" lon="-2.217180"/>
      <trkpt lat="43.283780" lon="-2.217030"/>
      <trkpt lat="43.283740" lon="-2.216960"/>
      <trkpt lat="43.283690" lon="-2.216880"/>
      <trkpt lat="43.283640" lon="-2.216800"/>
      <trkpt lat="43.283590" lon="-2.216720"/>
      <trkpt lat="43.283540" lon="-2.216640"/>
      <trkpt lat="43.283500" lon="-2.216560"/>
      <trkpt lat="43.283450" lon="-2.216460"/>
      <trkpt lat="43.283410" lon="-2.216390"/>
      <trkpt lat="43.283330" lon="-2.216230"/>
      <trkpt lat="43.283290" lon="-2.216140"/>
      <trkpt lat="43.283260" lon="-2.216050"/>
      <trkpt lat="43.283220" lon="-2.215960"/>
      <trkpt lat="43.283180" lon="-2.215880"/>
      <trkpt lat="43.283150" lon="-2.215790"/>
      <trkpt lat="43.283110" lon="-2.215700"/>
      <trkpt lat="43.283080" lon="-2.215600"/>
      <trkpt lat="43.283050" lon="-2.215510"/>
      <trkpt lat="43.283010" lon="-2.215410"/>
      <trkpt lat="43.282980" lon="-2.215320"/>
      <trkpt lat="43.282950" lon="-2.215230"/>
      <trkpt lat="43.282930" lon="-2.215140"/>
      <trkpt lat="43.282870" lon="-2.214950"/>
      <trkpt lat="43.282830" lon="-2.214800"/>
      <trkpt lat="43.282780" lon="-2.214660"/>
      <trkpt lat="43.282750" lon="-2.214560"/>
      <trkpt lat="43.282720" lon="-2.214470"/>
      <trkpt lat="43.282690" lon="-2.214370"/>
      <trkpt lat="43.282660" lon="-2.214280"/>
      <trkpt lat="43.282620" lon="-2.214190"/>
      <trkpt lat="43.282590" lon="-2.214090"/>
      <trkpt lat="43.282550" lon="-2.214000"/>
      <trkpt lat="43.282510" lon="-2.213910"/>
      <trkpt lat="43.282480" lon="-2.213820"/>
      <trkpt lat="43.282440" lon="-2.213730"/>
      <trkpt lat="43.282400" lon="-2.213640"/>
      <trkpt lat="43.282360" lon="-2.213550"/>
      <trkpt lat="43.282320" lon="-2.213470"/>
      <trkpt lat="43.282280" lon="-2.213380"/>
      <trkpt lat="43.282230" lon="-2.213300"/>
      <trkpt lat="43.282190" lon="-2.213210"/>
      <trkpt lat="43.282140" lon="-2.213120"/>
      <trkpt lat="43.282090" lon="-2.213040"/>
      <trkpt lat="43.282010" lon="-2.212870"/>
      <trkpt lat="43.281920" lon="-2.212700"/>
      <trkpt lat="43.281820" lon="-2.212530"/>
      <trkpt lat="43.281730" lon="-2.212350"/>
      <trkpt lat="43.281640" lon="-2.212180"/>
      <trkpt lat="43.281580" lon="-2.212070"/>
      <trkpt lat="43.281550" lon="-2.212010"/>
      <trkpt lat="43.281480" lon="-2.211880"/>
      <trkpt lat="43.281380" lon="-2.211660"/>
      <trkpt lat="43.281280" lon="-2.211440"/>
      <trkpt lat="43.281170" lon="-2.211190"/>
      <trkpt lat="43.281090" lon="-2.210990"/>
      <trkpt lat="43.281060" lon="-2.210910"/>
      <trkpt lat="43.280960" lon="-2.210650"/>
      <trkpt lat="43.280840" lon="-2.210340"/>
      <trkpt lat="43.280750" lon="-2.210090"/>
      <trkpt lat="43.280690" lon="-2.209870"/>
      <trkpt lat="43.280640" lon="-2.209670"/>
      <trkpt lat="43.280600" lon="-2.209480"/>
      <trkpt lat="43.280570" lon="-2.209240"/>
      <trkpt lat="43.280560" lon="-2.209010"/>
      <trkpt lat="43.280550" lon="-2.208830"/>
      <trkpt lat="43.280550" lon="-2.208690"/>
      <trkpt lat="43.280550" lon="-2.208460"/>
      <trkpt lat="43.280560" lon="-2.208130"/>
      <trkpt lat="43.280580" lon="-2.207710"/>
      <trkpt lat="43.280610" lon="-2.207210"/>
      <trkpt lat="43.280630" lon="-2.206970"/>
      <trkpt lat="43.280640" lon="-2.206850"/>
      <trkpt lat="43.280650" lon="-2.206780"/>
      <trkpt lat="43.280650" lon="-2.206710"/>
      <trkpt lat="43.280670" lon="-2.206620"/>
      <trkpt lat="43.280690" lon="-2.206450"/>
      <trkpt lat="43.280710" lon="-2.206280"/>
      <trkpt lat="43.280730" lon="-2.206170"/>
      <trkpt lat="43.280760" lon="-2.206010"/>
      <trkpt lat="43.280790" lon="-2.205810"/>
      <trkpt lat="43.280830" lon="-2.205630"/>
      <trkpt lat="43.280870" lon="-2.205390"/>
      <trkpt lat="43.280910" lon="-2.205200"/>
      <trkpt lat="43.280950" lon="-2.205000"/>
      <trkpt lat="43.280990" lon="-2.204830"/>
      <trkpt lat="43.281040" lon="-2.204570"/>
      <trkpt lat="43.281070" lon="-2.204410"/>
      <trkpt lat="43.281090" lon="-2.204300"/>
      <trkpt lat="43.281100" lon="-2.204200"/>
      <trkpt lat="43.281140" lon="-2.204000"/>
      <trkpt lat="43.281170" lon="-2.203790"/>
      <trkpt lat="43.281190" lon="-2.203590"/>
      <trkpt lat="43.281220" lon="-2.203400"/>
      <trkpt lat="43.281240" lon="-2.203220"/>
      <trkpt lat="43.281250" lon="-2.203120"/>
      <trkpt lat="43.281260" lon="-2.203030"/>
      <trkpt lat="43.281270" lon="-2.202920"/>
      <trkpt lat="43.281280" lon="-2.202820"/>
      <trkpt lat="43.281290" lon="-2.202710"/>
      <trkpt lat="43.281300" lon="-2.202620"/>
      <trkpt lat="43.281310" lon="-2.202510"/>
      <trkpt lat="43.281310" lon="-2.202400"/>
      <trkpt lat="43.281320" lon="-2.202300"/>
      <trkpt lat="43.281330" lon="-2.202190"/>
      <trkpt lat="43.281330" lon="-2.202090"/>
      <trkpt lat="43.281340" lon="-2.201990"/>
      <trkpt lat="43.281340" lon="-2.201780"/>
      <trkpt lat="43.281350" lon="-2.201560"/>
      <trkpt lat="43.281350" lon="-2.201460"/>
      <trkpt lat="43.281350" lon="-2.201360"/>
      <trkpt lat="43.281360" lon="-2.201250"/>
      <trkpt lat="43.281360" lon="-2.201150"/>
      <trkpt lat="43.281360" lon="-2.200940"/>
      <trkpt lat="43.281360" lon="-2.200740"/>
      <trkpt lat="43.281360" lon="-2.200530"/>
      <trkpt lat="43.281360" lon="-2.200320"/>
      <trkpt lat="43.281360" lon="-2.200100"/>
      <trkpt lat="43.281360" lon="-2.199900"/>
      <trkpt lat="43.281350" lon="-2.199690"/>
      <trkpt lat="43.281350" lon="-2.199480"/>
      <trkpt lat="43.281340" lon="-2.199270"/>
      <trkpt lat="43.281340" lon="-2.199050"/>
      <trkpt lat="43.281330" lon="-2.198790"/>
      <trkpt lat="43.281320" lon="-2.198580"/>
      <trkpt lat="43.281300" lon="-2.198370"/>
      <trkpt lat="43.281290" lon="-2.198160"/>
      <trkpt lat="43.281280" lon="-2.197950"/>
      <trkpt lat="43.281270" lon="-2.197740"/>
      <trkpt lat="43.281250" lon="-2.197540"/>
      <trkpt lat="43.281230" lon="-2.197330"/>
      <trkpt lat="43.281220" lon="-2.197120"/>
      <trkpt lat="43.281200" lon="-2.196910"/>
      <trkpt lat="43.281180" lon="-2.196710"/>
      <trkpt lat="43.281160" lon="-2.196500"/>
      <trkpt lat="43.281140" lon="-2.196290"/>
      <trkpt lat="43.281080" lon="-2.195680"/>
      <trkpt lat="43.281060" lon="-2.195470"/>
      <trkpt lat="43.281050" lon="-2.195370"/>
      <trkpt lat="43.281040" lon="-2.195270"/>
      <trkpt lat="43.281030" lon="-2.195060"/>
      <trkpt lat="43.281020" lon="-2.194950"/>
      <trkpt lat="43.281010" lon="-2.194850"/>
      <trkpt lat="43.281010" lon="-2.194640"/>
      <trkpt lat="43.281000" lon="-2.194430"/>
      <trkpt lat="43.281000" lon="-2.194220"/>
      <trkpt lat="43.281000" lon="-2.194120"/>
      <trkpt lat="43.281000" lon="-2.194020"/>
      <trkpt lat="43.281000" lon="-2.193910"/>
      <trkpt lat="43.281010" lon="-2.193810"/>
      <trkpt lat="43.281020" lon="-2.193590"/>
      <trkpt lat="43.281040" lon="-2.193080"/>
      <trkpt lat="43.281120" lon="-2.192310"/>
      <trkpt lat="43.281190" lon="-2.191670"/>
      <trkpt lat="43.281220" lon="-2.191180"/>
      <trkpt lat="43.281250" lon="-2.190670"/>
      <trkpt lat="43.281260" lon="-2.190170"/>
      <trkpt lat="43.281240" lon="-2.189640"/>
      <trkpt lat="43.281230" lon="-2.189390"/>
      <trkpt lat="43.281210" lon="-2.189080"/>
      <trkpt lat="43.281170" lon="-2.188500"/>
      <trkpt lat="43.281130" lon="-2.187980"/>
      <trkpt lat="43.281120" lon="-2.187620"/>
      <trkpt lat="43.281130" lon="-2.187220"/>
      <trkpt lat="43.281150" lon="-2.186860"/>
      <trkpt lat="43.281190" lon="-2.186480"/>
      <trkpt lat="43.281250" lon="-2.186100"/>
      <trkpt lat="43.281330" lon="-2.185750"/>
      <trkpt lat="43.281430" lon="-2.185370"/>
      <trkpt lat="43.281520" lon="-2.185060"/>
      <trkpt lat="43.281780" lon="-2.184300"/>
      <trkpt lat="43.281920" lon="-2.183810"/>
      <trkpt lat="43.282020" lon="-2.183380"/>
      <trkpt lat="43.282070" lon="-2.183150"/>
      <trkpt lat="43.282110" lon="-2.182880"/>
      <trkpt lat="43.282140" lon="-2.182610"/>
      <trkpt lat="43.282170" lon="-2.182260"/>
      <trkpt lat="43.282180" lon="-2.181830"/>
      <trkpt lat="43.282170" lon="-2.181550"/>
      <trkpt lat="43.282140" lon="-2.181180"/>
      <trkpt lat="43.282080" lon="-2.180680"/>
      <trkpt lat="43.282000" lon="-2.180290"/>
      <trkpt lat="43.281880" lon="-2.179850"/>
      <trkpt lat="43.281810" lon="-2.179580"/>
      <trkpt lat="43.281700" lon="-2.179270"/>
      <trkpt lat="43.281530" lon="-2.178890"/>
      <trkpt lat="43.281450" lon="-2.178710"/>
      <trkpt lat="43.281160" lon="-2.178230"/>
      <trkpt lat="43.280790" lon="-2.177700"/>
      <trkpt lat="43.280440" lon="-2.177240"/>
      <trkpt lat="43.280180" lon="-2.176840"/>
      <trkpt lat="43.279880" lon="-2.176360"/>
      <trkpt lat="43.279670" lon="-2.175990"/>
      <trkpt lat="43.279480" lon="-2.175620"/>
      <trkpt lat="43.279340" lon="-2.175320"/>
      <trkpt lat="43.279210" lon="-2.175030"/>
      <trkpt lat="43.279050" lon="-2.174590"/>
      <trkpt lat="43.278860" lon="-2.174080"/>
      <trkpt lat="43.278760" lon="-2.173720"/>
      <trkpt lat="43.278650" lon="-2.173290"/>
      <trkpt lat="43.278560" lon="-2.172890"/>
      <trkpt lat="43.278490" lon="-2.172480"/>
      <trkpt lat="43.278430" lon="-2.172120"/>
      <trkpt lat="43.278390" lon="-2.171870"/>
      <trkpt lat="43.278350" lon="-2.171510"/>
      <trkpt lat="43.278320" lon="-2.171130"/>
      <trkpt lat="43.278290" lon="-2.170610"/>
      <trkpt lat="43.278290" lon="-2.170120"/>
      <trkpt lat="43.278290" lon="-2.169840"/>
      <trkpt lat="43.278300" lon="-2.169440"/>
      <trkpt lat="43.278330" lon="-2.169100"/>
      <trkpt lat="43.278360" lon="-2.168750"/>
      <trkpt lat="43.278400" lon="-2.168380"/>
      <trkpt lat="43.278460" lon="-2.167990"/>
      <trkpt lat="43.278530" lon="-2.167650"/>
      <trkpt lat="43.278560" lon="-2.167490"/>
      <trkpt lat="43.278580" lon="-2.167370"/>
      <trkpt lat="43.278670" lon="-2.166980"/>
      <trkpt lat="43.278740" lon="-2.166680"/>
      <trkpt lat="43.278780" lon="-2.166570"/>
      <trkpt lat="43.279080" lon="-2.165600"/>
      <trkpt lat="43.279230" lon="-2.165120"/>
      <trkpt lat="43.279460" lon="-2.164340"/>
      <trkpt lat="43.279550" lon="-2.163930"/>
      <trkpt lat="43.279610" lon="-2.163610"/>
      <trkpt lat="43.279660" lon="-2.163330"/>
      <trkpt lat="43.279700" lon="-2.163020"/>
      <trkpt lat="43.279750" lon="-2.162600"/>
      <trkpt lat="43.279770" lon="-2.162250"/>
      <trkpt lat="43.279790" lon="-2.161720"/>
      <trkpt lat="43.279770" lon="-2.161100"/>
      <trkpt lat="43.279620" lon="-2.160110"/>
      <trkpt lat="43.279460" lon="-2.159100"/>
      <trkpt lat="43.279370" lon="-2.158300"/>
      <trkpt lat="43.279320" lon="-2.157390"/>
      <trkpt lat="43.279180" lon="-2.156210"/>
      <trkpt lat="43.279080" lon="-2.155410"/>
      <trkpt lat="43.279040" lon="-2.155010"/>
      <trkpt lat="43.279010" lon="-2.154650"/>
      <trkpt lat="43.278980" lon="-2.154320"/>
      <trkpt lat="43.278960" lon="-2.153880"/>
      <trkpt lat="43.278940" lon="-2.153300"/>
      <trkpt lat="43.278930" lon="-2.152610"/>
      <trkpt lat="43.278930" lon="-2.152120"/>
      <trkpt lat="43.278950" lon="-2.151530"/>
      <trkpt lat="43.278980" lon="-2.150960"/>
      <trkpt lat="43.279010" lon="-2.150640"/>
      <trkpt lat="43.279050" lon="-2.150320"/>
      <trkpt lat="43.279150" lon="-2.149720"/>
      <trkpt lat="43.279240" lon="-2.149340"/>
      <trkpt lat="43.279320" lon="-2.149060"/>
      <trkpt lat="43.279490" lon="-2.148530"/>
      <trkpt lat="43.279650" lon="-2.148130"/>
      <trkpt lat="43.279810" lon="-2.147760"/>
      <trkpt lat="43.279980" lon="-2.147440"/>
      <trkpt lat="43.280400" lon="-2.146750"/>
      <trkpt lat="43.280600" lon="-2.146480"/>
      <trkpt lat="43.280650" lon="-2.146430"/>
      <trkpt lat="43.280870" lon="-2.146180"/>
      <trkpt lat="43.281240" lon="-2.145810"/>
      <trkpt lat="43.281300" lon="-2.145740"/>
      <trkpt lat="43.281620" lon="-2.145430"/>
      <trkpt lat="43.282090" lon="-2.144920"/>
      <trkpt lat="43.282320" lon="-2.144600"/>
      <trkpt lat="43.282530" lon="-2.144270"/>
      <trkpt lat="43.282680" lon="-2.144000"/>
      <trkpt lat="43.282890" lon="-2.143570"/>
      <trkpt lat="43.283010" lon="-2.143250"/>
      <trkpt lat="43.283110" lon="-2.142950"/>
      <trkpt lat="43.283240" lon="-2.142460"/>
      <trkpt lat="43.283340" lon="-2.141980"/>
      <trkpt lat="43.283400" lon="-2.141510"/>
      <trkpt lat="43.283430" lon="-2.141160"/>
      <trkpt lat="43.283440" lon="-2.140720"/>
      <trkpt lat="43.283410" lon="-2.140270"/>
      <trkpt lat="43.283360" lon="-2.139740"/>
      <trkpt lat="43.283180" lon="-2.138420"/>
      <trkpt lat="43.283130" lon="-2.137860"/>
      <trkpt lat="43.283110" lon="-2.137350"/>
      <trkpt lat="43.283120" lon="-2.136910"/>
      <trkpt lat="43.283160" lon="-2.135910"/>
      <trkpt lat="43.283170" lon="-2.135320"/>
      <trkpt lat="43.283160" lon="-2.134860"/>
      <trkpt lat="43.283150" lon="-2.134380"/>
      <trkpt lat="43.283110" lon="-2.133930"/>
      <trkpt lat="43.283060" lon="-2.133310"/>
      <trkpt lat="43.282900" lon="-2.131920"/>
      <trkpt lat="43.282640" lon="-2.129390"/>
      <trkpt lat="43.282530" lon="-2.128300"/>
      <trkpt lat="43.282330" lon="-2.126470"/>
      <trkpt lat="43.282210" lon="-2.125240"/>
      <trkpt lat="43.282160" lon="-2.124640"/>
      <trkpt lat="43.282120" lon="-2.124090"/>
      <trkpt lat="43.282110" lon="-2.123470"/>
      <trkpt lat="43.282120" lon="-2.123010"/>
      <trkpt lat="43.282150" lon="-2.122390"/>
      <trkpt lat="43.282180" lon="-2.121940"/>
      <trkpt lat="43.282230" lon="-2.121450"/>
      <trkpt lat="43.282270" lon="-2.120970"/>
      <trkpt lat="43.282300" lon="-2.120490"/>
      <trkpt lat="43.282310" lon="-2.120100"/>
      <trkpt lat="43.282290" lon="-2.119680"/>
      <trkpt lat="43.282260" lon="-2.119270"/>
      <trkpt lat="43.282180" lon="-2.118770"/>
      <trkpt lat="43.282040" lon="-2.118190"/>
      <trkpt lat="43.281870" lon="-2.117670"/>
      <trkpt lat="43.281720" lon="-2.117250"/>
      <trkpt lat="43.281600" lon="-2.116900"/>
      <trkpt lat="43.281460" lon="-2.116490"/>
      <trkpt lat="43.281340" lon="-2.116000"/>
      <trkpt lat="43.281240" lon="-2.115500"/>
      <trkpt lat="43.281180" lon="-2.115080"/>
      <trkpt lat="43.281130" lon="-2.114680"/>
      <trkpt lat="43.281120" lon="-2.114360"/>
      <trkpt lat="43.281110" lon="-2.113780"/>
      <trkpt lat="43.281150" lon="-2.113080"/>
      <trkpt lat="43.281170" lon="-2.112800"/>
      <trkpt lat="43.281170" lon="-2.112710"/>
      <trkpt lat="43.281240" lon="-2.112080"/>
      <trkpt lat="43.281310" lon="-2.111550"/>
      <trkpt lat="43.281330" lon="-2.111420"/>
      <trkpt lat="43.281390" lon="-2.110980"/>
      <trkpt lat="43.281510" lon="-2.110320"/>
      <trkpt lat="43.281710" lon="-2.109390"/>
      <trkpt lat="43.281910" lon="-2.108600"/>
      <trkpt lat="43.282350" lon="-2.107120"/>
      <trkpt lat="43.282670" lon="-2.106100"/>
      <trkpt lat="43.282870" lon="-2.105300"/>
      <trkpt lat="43.283190" lon="-2.103800"/>
      <trkpt lat="43.283460" lon="-2.102820"/>
      <trkpt lat="43.284130" lon="-2.101000"/>
      <trkpt lat="43.284560" lon="-2.099830"/>
      <trkpt lat="43.285060" lon="-2.097890"/>
      <trkpt lat="43.285250" lon="-2.097210"/>
      <trkpt lat="43.285770" lon="-2.096010"/>
      <trkpt lat="43.286360" lon="-2.094700"/>
      <trkpt lat="43.286500" lon="-2.094280"/>
      <trkpt lat="43.286620" lon="-2.093820"/>
      <trkpt lat="43.286690" lon="-2.093430"/>
      <trkpt lat="43.286730" lon="-2.093080"/>
      <trkpt lat="43.286770" lon="-2.092670"/>
      <trkpt lat="43.286780" lon="-2.092270"/>
      <trkpt lat="43.286770" lon="-2.091810"/>
      <trkpt lat="43.286720" lon="-2.091310"/>
      <trkpt lat="43.286660" lon="-2.090800"/>
      <trkpt lat="43.286580" lon="-2.090200"/>
      <trkpt lat="43.286530" lon="-2.089590"/>
      <trkpt lat="43.286510" lon="-2.089000"/>
      <trkpt lat="43.286540" lon="-2.088600"/>
      <trkpt lat="43.286590" lon="-2.088070"/>
      <trkpt lat="43.286650" lon="-2.087640"/>
      <trkpt lat="43.286750" lon="-2.087240"/>
      <trkpt lat="43.286860" lon="-2.086850"/>
      <trkpt lat="43.287110" lon="-2.085960"/>
      <trkpt lat="43.287280" lon="-2.085400"/>
      <trkpt lat="43.287420" lon="-2.084770"/>
      <trkpt lat="43.287590" lon="-2.083970"/>
      <trkpt lat="43.287740" lon="-2.083110"/>
      <trkpt lat="43.287880" lon="-2.082260"/>
      <trkpt lat="43.288090" lon="-2.081080"/>
      <trkpt lat="43.288360" lon="-2.080000"/>
      <trkpt lat="43.288570" lon="-2.079280"/>
      <trkpt lat="43.288930" lon="-2.078200"/>
      <trkpt lat="43.290270" lon="-2.075040"/>
      <trkpt lat="43.290520" lon="-2.074280"/>
      <trkpt lat="43.291000" lon="-2.072640"/>
      <trkpt lat="43.291420" lon="-2.070550"/>
      <trkpt lat="43.291650" lon="-2.069360"/>
      <trkpt lat="43.292070" lon="-2.067860"/>
      <trkpt lat="43.292360" lon="-2.066990"/>
      <trkpt lat="43.293010" lon="-2.065570"/>
      <trkpt lat="43.293770" lon="-2.064180"/>
      <trkpt lat="43.294160" lon="-2.063430"/>
      <trkpt lat="43.294360" lon="-2.063000"/>
      <trkpt lat="43.294560" lon="-2.062470"/>
      <trkpt lat="43.294730" lon="-2.061910"/>
      <trkpt lat="43.294830" lon="-2.061460"/>
      <trkpt lat="43.294850" lon="-2.061370"/>
      <trkpt lat="43.294970" lon="-2.060620"/>
      <trkpt lat="43.295010" lon="-2.060240"/>
      <trkpt lat="43.295060" lon="-2.059710"/>
      <trkpt lat="43.295030" lon="-2.058910"/>
      <trkpt lat="43.294980" lon="-2.058190"/>
      <trkpt lat="43.294940" lon="-2.057730"/>
      <trkpt lat="43.294900" lon="-2.057190"/>
      <trkpt lat="43.294870" lon="-2.056560"/>
      <trkpt lat="43.294870" lon="-2.056070"/>
      <trkpt lat="43.294890" lon="-2.055550"/>
      <trkpt lat="43.294930" lon="-2.054580"/>
      <trkpt lat="43.294930" lon="-2.053980"/>
      <trkpt lat="43.294880" lon="-2.053560"/>
      <trkpt lat="43.294800" lon="-2.053110"/>
      <trkpt lat="43.294680" lon="-2.052660"/>
      <trkpt lat="43.294510" lon="-2.052230"/>
      <trkpt lat="43.294170" lon="-2.051460"/>
      <trkpt lat="43.294030" lon="-2.051080"/>
      <trkpt lat="43.293880" lon="-2.050640"/>
      <trkpt lat="43.293780" lon="-2.050190"/>
      <trkpt lat="43.293720" lon="-2.049740"/>
      <trkpt lat="43.293690" lon="-2.049310"/>
      <trkpt lat="43.293700" lon="-2.048680"/>
      <trkpt lat="43.293760" lon="-2.047780"/>
      <trkpt lat="43.293790" lon="-2.047290"/>
      <trkpt lat="43.293760" lon="-2.046570"/>
      <trkpt lat="43.293700" lon="-2.046110"/>
      <trkpt lat="43.293570" lon="-2.045510"/>
      <trkpt lat="43.293350" lon="-2.044780"/>
      <trkpt lat="43.293300" lon="-2.044580"/>
      <trkpt lat="43.293120" lon="-2.044000"/>
      <trkpt lat="43.292990" lon="-2.043390"/>
      <trkpt lat="43.292920" lon="-2.042740"/>
      <trkpt lat="43.292810" lon="-2.041780"/>
      <trkpt lat="43.292700" lon="-2.040920"/>
      <trkpt lat="43.292670" lon="-2.040700"/>
      <trkpt lat="43.292630" lon="-2.040480"/>
      <trkpt lat="43.292580" lon="-2.040260"/>
      <trkpt lat="43.292530" lon="-2.040050"/>
      <trkpt lat="43.292470" lon="-2.039840"/>
      <trkpt lat="43.292400" lon="-2.039630"/>
      <trkpt lat="43.292320" lon="-2.039430"/>
      <trkpt lat="43.292240" lon="-2.039230"/>
      <trkpt lat="43.292150" lon="-2.039040"/>
      <trkpt lat="43.292050" lon="-2.038860"/>
      <trkpt lat="43.291940" lon="-2.038680"/>
      <trkpt lat="43.291820" lon="-2.038510"/>
      <trkpt lat="43.291700" lon="-2.038340"/>
      <trkpt lat="43.291570" lon="-2.038190"/>
      <trkpt lat="43.291430" lon="-2.038040"/>
      <trkpt lat="43.291280" lon="-2.037900"/>
      <trkpt lat="43.291140" lon="-2.037780"/>
      <trkpt lat="43.290980" lon="-2.037670"/>
      <trkpt lat="43.290820" lon="-2.037570"/>
      <trkpt lat="43.290660" lon="-2.037480"/>
      <trkpt lat="43.290500" lon="-2.037410"/>
      <trkpt lat="43.290330" lon="-2.037340"/>
      <trkpt lat="43.289830" lon="-2.037100"/>
      <trkpt lat="43.289680" lon="-2.037030"/>
      <trkpt lat="43.289520" lon="-2.036960"/>
      <trkpt lat="43.289240" lon="-2.036810"/>
      <trkpt lat="43.288990" lon="-2.036660"/>
      <trkpt lat="43.288800" lon="-2.036510"/>
      <trkpt lat="43.288540" lon="-2.036290"/>
      <trkpt lat="43.288390" lon="-2.036130"/>
      <trkpt lat="43.288170" lon="-2.035880"/>
      <trkpt lat="43.288030" lon="-2.035690"/>
      <trkpt lat="43.287810" lon="-2.035390"/>
      <trkpt lat="43.287620" lon="-2.035080"/>
      <trkpt lat="43.287380" lon="-2.034670"/>
      <trkpt lat="43.287210" lon="-2.034350"/>
      <trkpt lat="43.287070" lon="-2.034060"/>
      <trkpt lat="43.286950" lon="-2.033810"/>
      <trkpt lat="43.286740" lon="-2.033350"/>
      <trkpt lat="43.286550" lon="-2.032870"/>
      <trkpt lat="43.286410" lon="-2.032460"/>
      <trkpt lat="43.286290" lon="-2.032120"/>
      <trkpt lat="43.286090" lon="-2.031420"/>
      <trkpt lat="43.285980" lon="-2.031000"/>
      <trkpt lat="43.285840" lon="-2.030330"/>
      <trkpt lat="43.285740" lon="-2.029740"/>
      <trkpt lat="43.285670" lon="-2.029190"/>
      <trkpt lat="43.285630" lon="-2.028800"/>
      <trkpt lat="43.285620" lon="-2.028310"/>
      <trkpt lat="43.285630" lon="-2.027860"/>
      <trkpt lat="43.285660" lon="-2.027400"/>
      <trkpt lat="43.285720" lon="-2.026970"/>
      <trkpt lat="43.285790" lon="-2.026640"/>
      <trkpt lat="43.285870" lon="-2.026300"/>
      <trkpt lat="43.285950" lon="-2.026010"/>
      <trkpt lat="43.286030" lon="-2.025790"/>
      <trkpt lat="43.286160" lon="-2.025450"/>
      <trkpt lat="43.286280" lon="-2.025170"/>
      <trkpt lat="43.286430" lon="-2.024880"/>
      <trkpt lat="43.286590" lon="-2.024610"/>
      <trkpt lat="43.286780" lon="-2.024320"/>
      <trkpt lat="43.286980" lon="-2.024090"/>
      <trkpt lat="43.287130" lon="-2.023910"/>
      <trkpt lat="43.287330" lon="-2.023670"/>
      <trkpt lat="43.287530" lon="-2.023430"/>
      <trkpt lat="43.287880" lon="-2.023010"/>
      <trkpt lat="43.288050" lon="-2.022780"/>
      <trkpt lat="43.288310" lon="-2.022370"/>
      <trkpt lat="43.288440" lon="-2.022130"/>
      <trkpt lat="43.288590" lon="-2.021820"/>
      <trkpt lat="43.288660" lon="-2.021640"/>
      <trkpt lat="43.288780" lon="-2.021300"/>
      <trkpt lat="43.288870" lon="-2.021010"/>
      <trkpt lat="43.288950" lon="-2.020710"/>
      <trkpt lat="43.289070" lon="-2.020220"/>
      <trkpt lat="43.289130" lon="-2.019860"/>
      <trkpt lat="43.289160" lon="-2.019710"/>
      <trkpt lat="43.289260" lon="-2.019230"/>
      <trkpt lat="43.289270" lon="-2.019190"/>
      <trkpt lat="43.289370" lon="-2.018790"/>
      <trkpt lat="43.289430" lon="-2.018630"/>
      <trkpt lat="43.289470" lon="-2.018500"/>
      <trkpt lat="43.289540" lon="-2.018350"/>
      <trkpt lat="43.289660" lon="-2.018100"/>
      <trkpt lat="43.289780" lon="-2.017910"/>
      <trkpt lat="43.289930" lon="-2.017720"/>
      <trkpt lat="43.290180" lon="-2.017440"/>
      <trkpt lat="43.290450" lon="-2.017220"/>
      <trkpt lat="43.290610" lon="-2.017140"/>
      <trkpt lat="43.290870" lon="-2.017020"/>
      <trkpt lat="43.291050" lon="-2.016960"/>
      <trkpt lat="43.291110" lon="-2.016940"/>
      <trkpt lat="43.291380" lon="-2.016910"/>
      <trkpt lat="43.291430" lon="-2.016900"/>
      <trkpt lat="43.291490" lon="-2.016900"/>
      <trkpt lat="43.291720" lon="-2.016900"/>
      <trkpt lat="43.292320" lon="-2.016890"/>
      <trkpt lat="43.292770" lon="-2.016880"/>
      <trkpt lat="43.293030" lon="-2.016820"/>
      <trkpt lat="43.293180" lon="-2.016780"/>
      <trkpt lat="43.293580" lon="-2.016560"/>
      <trkpt lat="43.293920" lon="-2.016250"/>
      <trkpt lat="43.294170" lon="-2.015950"/>
      <trkpt lat="43.294360" lon="-2.015600"/>
      <trkpt lat="43.294490" lon="-2.015320"/>
      <trkpt lat="43.294610" lon="-2.014980"/>
      <trkpt lat="43.294920" lon="-2.014110"/>
      <trkpt lat="43.295170" lon="-2.013450"/>
      <trkpt lat="43.295300" lon="-2.013160"/>
      <trkpt lat="43.295440" lon="-2.012870"/>
      <trkpt lat="43.295600" lon="-2.012550"/>
      <trkpt lat="43.295780" lon="-2.012250"/>
      <trkpt lat="43.296100" lon="-2.011760"/>
      <trkpt lat="43.296370" lon="-2.011400"/>
      <trkpt lat="43.296770" lon="-2.010940"/>
      <trkpt lat="43.297380" lon="-2.010280"/>
      <trkpt lat="43.297790" lon="-2.009790"/>
      <trkpt lat="43.297990" lon="-2.009500"/>
      <trkpt lat="43.298180" lon="-2.009180"/>
      <trkpt lat="43.298330" lon="-2.008870"/>
      <trkpt lat="43.298490" lon="-2.008500"/>
      <trkpt lat="43.298620" lon="-2.008170"/>
      <trkpt lat="43.298750" lon="-2.007730"/>
      <trkpt lat="43.298830" lon="-2.007400"/>
      <trkpt lat="43.298870" lon="-2.007150"/>
      <trkpt lat="43.298910" lon="-2.006860"/>
      <trkpt lat="43.298950" lon="-2.006590"/>
      <trkpt lat="43.298970" lon="-2.006320"/>
      <trkpt lat="43.298980" lon="-2.005980"/>
      <trkpt lat="43.298990" lon="-2.005780"/>
      <trkpt lat="43.298980" lon="-2.005520"/>
      <trkpt lat="43.298960" lon="-2.005120"/>
      <trkpt lat="43.298920" lon="-2.004800"/>
      <trkpt lat="43.298880" lon="-2.004490"/>
      <trkpt lat="43.298790" lon="-2.004050"/>
      <trkpt lat="43.298700" lon="-2.003630"/>
      <trkpt lat="43.298610" lon="-2.003340"/>
      <trkpt lat="43.298500" lon="-2.003030"/>
      <trkpt lat="43.298370" lon="-2.002700"/>
      <trkpt lat="43.298190" lon="-2.002320"/>
      <trkpt lat="43.298080" lon="-2.002120"/>
      <trkpt lat="43.297970" lon="-2.001940"/>
      <trkpt lat="43.297820" lon="-2.001710"/>
      <trkpt lat="43.297670" lon="-2.001480"/>
      <trkpt lat="43.297420" lon="-2.001140"/>
      <trkpt lat="43.297150" lon="-2.000850"/>
      <trkpt lat="43.296880" lon="-2.000570"/>
      <trkpt lat="43.296560" lon="-2.000230"/>
      <trkpt lat="43.296450" lon="-2.000100"/>
      <trkpt lat="43.296350" lon="-1.999960"/>
      <trkpt lat="43.296250" lon="-1.999830"/>
      <trkpt lat="43.296150" lon="-1.999680"/>
      <trkpt lat="43.296060" lon="-1.999520"/>
      <trkpt lat="43.295980" lon="-1.999360"/>
      <trkpt lat="43.295910" lon="-1.999190"/>
      <trkpt lat="43.295840" lon="-1.999020"/>
      <trkpt lat="43.295780" lon="-1.998840"/>
      <trkpt lat="43.295730" lon="-1.998650"/>
      <trkpt lat="43.295690" lon="-1.998460"/>
      <trkpt lat="43.295660" lon="-1.998270"/>
      <trkpt lat="43.295630" lon="-1.998080"/>
      <trkpt lat="43.295620" lon="-1.997880"/>
      <trkpt lat="43.295610" lon="-1.997690"/>
      <trkpt lat="43.295620" lon="-1.997490"/>
      <trkpt lat="43.295630" lon="-1.997300"/>
      <trkpt lat="43.295650" lon="-1.997110"/>
      <trkpt lat="43.295670" lon="-1.996920"/>
      <trkpt lat="43.295710" lon="-1.996730"/>
      <trkpt lat="43.295760" lon="-1.996540"/>
      <trkpt lat="43.295810" lon="-1.996360"/>
      <trkpt lat="43.295870" lon="-1.996190"/>
      <trkpt lat="43.295930" lon="-1.996020"/>
      <trkpt lat="43.296090" lon="-1.995670"/>
      <trkpt lat="43.296250" lon="-1.995350"/>
      <trkpt lat="43.296520" lon="-1.994820"/>
      <trkpt lat="43.296650" lon="-1.994550"/>
      <trkpt lat="43.296770" lon="-1.994270"/>
      <trkpt lat="43.296870" lon="-1.993990"/>
      <trkpt lat="43.296960" lon="-1.993710"/>
      <trkpt lat="43.297030" lon="-1.993450"/>
      <trkpt lat="43.297100" lon="-1.993180"/>
      <trkpt lat="43.297200" lon="-1.992720"/>
      <trkpt lat="43.297250" lon="-1.992460"/>
      <trkpt lat="43.297300" lon="-1.992200"/>
      <trkpt lat="43.297330" lon="-1.991930"/>
      <trkpt lat="43.297360" lon="-1.991660"/>
      <trkpt lat="43.297390" lon="-1.991390"/>
      <trkpt lat="43.297410" lon="-1.991100"/>
      <trkpt lat="43.297420" lon="-1.990800"/>
      <trkpt lat="43.297420" lon="-1.990500"/>
      <trkpt lat="43.297410" lon="-1.990210"/>
      <trkpt lat="43.297390" lon="-1.989910"/>
      <trkpt lat="43.297370" lon="-1.989610"/>
      <trkpt lat="43.297260" lon="-1.988270"/>
      <trkpt lat="43.297240" lon="-1.987830"/>
      <trkpt lat="43.297230" lon="-1.987380"/>
      <trkpt lat="43.297230" lon="-1.987100"/>
      <trkpt lat="43.297240" lon="-1.986830"/>
      <trkpt lat="43.297260" lon="-1.986560"/>
      <trkpt lat="43.297310" lon="-1.986180"/>
      <trkpt lat="43.297370" lon="-1.985810"/>
      <trkpt lat="43.297470" lon="-1.985370"/>
      <trkpt lat="43.297570" lon="-1.984930"/>
      <trkpt lat="43.297950" lon="-1.983480"/>
      <trkpt lat="43.298030" lon="-1.983100"/>
      <trkpt lat="43.298100" lon="-1.982720"/>
      <trkpt lat="43.298210" lon="-1.982410"/>
      <trkpt lat="43.298280" lon="-1.982130"/>
      <trkpt lat="43.298370" lon="-1.981820"/>
      <trkpt lat="43.298500" lon="-1.981400"/>
      <trkpt lat="43.298640" lon="-1.980890"/>
      <trkpt lat="43.298660" lon="-1.980800"/>
      <trkpt lat="43.298790" lon="-1.980430"/>
      <trkpt lat="43.298950" lon="-1.980110"/>
      <trkpt lat="43.299160" lon="-1.979770"/>
      <trkpt lat="43.299270" lon="-1.979610"/>
      <trkpt lat="43.299390" lon="-1.979450"/>
      <trkpt lat="43.299510" lon="-1.979300"/>
      <trkpt lat="43.299640" lon="-1.979160"/>
      <trkpt lat="43.299780" lon="-1.979040"/>
      <trkpt lat="43.299920" lon="-1.978920"/>
      <trkpt lat="43.300070" lon="-1.978820"/>
      <trkpt lat="43.300220" lon="-1.978720"/>
      <trkpt lat="43.300370" lon="-1.978640"/>
      <trkpt lat="43.300530" lon="-1.978570"/>
      <trkpt lat="43.300690" lon="-1.978510"/>
      <trkpt lat="43.300850" lon="-1.978470"/>
      <trkpt lat="43.301020" lon="-1.978440"/>
      <trkpt lat="43.301300" lon="-1.978410"/>
      <trkpt lat="43.301410" lon="-1.978400"/>
      <trkpt lat="43.301590" lon="-1.978400"/>
      <trkpt lat="43.301740" lon="-1.978400"/>
      <trkpt lat="43.301900" lon="-1.978410"/>
      <trkpt lat="43.302080" lon="-1.978430"/>
      <trkpt lat="43.302240" lon="-1.978460"/>
      <trkpt lat="43.302460" lon="-1.978490"/>
      <trkpt lat="43.302640" lon="-1.978520"/>
      <trkpt lat="43.302960" lon="-1.978600"/>
      <trkpt lat="43.303220" lon="-1.978710"/>
      <trkpt lat="43.303300" lon="-1.978730"/>
      <trkpt lat="43.303350" lon="-1.978740"/>
      <trkpt lat="43.303380" lon="-1.978750"/>
      <trkpt lat="43.303430" lon="-1.978760"/>
      <trkpt lat="43.303780" lon="-1.978840"/>
      <trkpt lat="43.304840" lon="-1.979060"/>
      <trkpt lat="43.304880" lon="-1.979060"/>
      <trkpt lat="43.304910" lon="-1.979070"/>
      <trkpt lat="43.304950" lon="-1.979080"/>
      <trkpt lat="43.305150" lon="-1.979120"/>
      <trkpt lat="43.305450" lon="-1.979130"/>
      <trkpt lat="43.305630" lon="-1.979070"/>
      <trkpt lat="43.305750" lon="-1.979040"/>
      <trkpt lat="43.305840" lon="-1.979010"/>
      <trkpt lat="43.305950" lon="-1.978950"/>
      <trkpt lat="43.306010" lon="-1.978890"/>
      <trkpt lat="43.306050" lon="-1.978840"/>
      <trkpt lat="43.306110" lon="-1.978730"/>
      <trkpt lat="43.306110" lon="-1.978660"/>
      <trkpt lat="43.306100" lon="-1.978580"/>
      <trkpt lat="43.306090" lon="-1.978510"/>
      <trkpt lat="43.306070" lon="-1.978460"/>
      <trkpt lat="43.306040" lon="-1.978410"/>
      <trkpt lat="43.306020" lon="-1.978370"/>
      <trkpt lat="43.305860" lon="-1.978180"/>
      <trkpt lat="43.305510" lon="-1.977830"/>
      <trkpt lat="43.305300" lon="-1.977610"/>
      <trkpt lat="43.304500" lon="-1.976800"/>
      <trkpt lat="43.304440" lon="-1.976750"/>
      <trkpt lat="43.304350" lon="-1.976650"/>
      <trkpt lat="43.304290" lon="-1.976590"/>
      <trkpt lat="43.304200" lon="-1.976490"/>
      <trkpt lat="43.304080" lon="-1.976380"/>
      <trkpt lat="43.304040" lon="-1.976340"/>
      <trkpt lat="43.303170" lon="-1.975480"/>
      <trkpt lat="43.303130" lon="-1.975440"/>
      <trkpt lat="43.302990" lon="-1.975300"/>
      <trkpt lat="43.302840" lon="-1.975140"/>
      <trkpt lat="43.302780" lon="-1.975090"/>
      <trkpt lat="43.302750" lon="-1.975060"/>
      <trkpt lat="43.302710" lon="-1.975040"/>
      <trkpt lat="43.302670" lon="-1.975000"/>
      <trkpt lat="43.302650" lon="-1.974960"/>
      <trkpt lat="43.302630" lon="-1.974920"/>
      <trkpt lat="43.302610" lon="-1.974880"/>
      <trkpt lat="43.302610" lon="-1.974860"/>
      <trkpt lat="43.302600" lon="-1.974830"/>
      <trkpt lat="43.302600" lon="-1.974790"/>
      <trkpt lat="43.302600" lon="-1.974770"/>
      <trkpt lat="43.302600" lon="-1.974720"/>
      <trkpt lat="43.302610" lon="-1.974670"/>
      <trkpt lat="43.302630" lon="-1.974630"/>
      <trkpt lat="43.302640" lon="-1.974600"/>
      <trkpt lat="43.302720" lon="-1.974380"/>
      <trkpt lat="43.302770" lon="-1.974280"/>
      <trkpt lat="43.302790" lon="-1.974210"/>
      <trkpt lat="43.302810" lon="-1.974170"/>
      <trkpt lat="43.302830" lon="-1.974130"/>
      <trkpt lat="43.302850" lon="-1.974070"/>
      <trkpt lat="43.302860" lon="-1.974060"/>
      <trkpt lat="43.302880" lon="-1.974000"/>
      <trkpt lat="43.302910" lon="-1.973950"/>
      <trkpt lat="43.302920" lon="-1.973930"/>
      <trkpt lat="43.303190" lon="-1.973460"/>
      <trkpt lat="43.303220" lon="-1.973400"/>
      <trkpt lat="43.303920" lon="-1.972200"/>
      <trkpt lat="43.303940" lon="-1.972160"/>
      <trkpt lat="43.304080" lon="-1.971970"/>
      <trkpt lat="43.304110" lon="-1.971930"/>
      <trkpt lat="43.304120" lon="-1.971880"/>
      <trkpt lat="43.304130" lon="-1.971830"/>
      <trkpt lat="43.304160" lon="-1.971800"/>
      <trkpt lat="43.304190" lon="-1.971780"/>
      <trkpt lat="43.304220" lon="-1.971730"/>
      <trkpt lat="43.304250" lon="-1.971670"/>
      <trkpt lat="43.304280" lon="-1.971610"/>
      <trkpt lat="43.304310" lon="-1.971540"/>
      <trkpt lat="43.304330" lon="-1.971490"/>
      <trkpt lat="43.304340" lon="-1.971470"/>
      <trkpt lat="43.304360" lon="-1.971440"/>
      <trkpt lat="43.304550" lon="-1.971120"/>
      <trkpt lat="43.304650" lon="-1.970990"/>
      <trkpt lat="43.304750" lon="-1.970850"/>
      <trkpt lat="43.304900" lon="-1.970670"/>
      <trkpt lat="43.305050" lon="-1.970510"/>
      <trkpt lat="43.305170" lon="-1.970400"/>
      <trkpt lat="43.305300" lon="-1.970280"/>
      <trkpt lat="43.305460" lon="-1.970150"/>
      <trkpt lat="43.305780" lon="-1.969930"/>
      <trkpt lat="43.305880" lon="-1.969860"/>
      <trkpt lat="43.306400" lon="-1.969620"/>
      <trkpt lat="43.306630" lon="-1.969520"/>
      <trkpt lat="43.307160" lon="-1.969280"/>
      <trkpt lat="43.307240" lon="-1.969250"/>
      <trkpt lat="43.307330" lon="-1.969230"/>
      <trkpt lat="43.307420" lon="-1.969220"/>
      <trkpt lat="43.307510" lon="-1.969220"/>
      <trkpt lat="43.307600" lon="-1.969220"/>
      <trkpt lat="43.307690" lon="-1.969240"/>
      <trkpt lat="43.307790" lon="-1.969260"/>
      <trkpt lat="43.307890" lon="-1.969290"/>
      <trkpt lat="43.307990" lon="-1.969330"/>
      <trkpt lat="43.308080" lon="-1.969370"/>
      <trkpt lat="43.308240" lon="-1.969460"/>
      <trkpt lat="43.308450" lon="-1.969580"/>
      <trkpt lat="43.308590" lon="-1.969660"/>
      <trkpt lat="43.308610" lon="-1.969670"/>
      <trkpt lat="43.308770" lon="-1.969760"/>
      <trkpt lat="43.308800" lon="-1.969780"/>
      <trkpt lat="43.308840" lon="-1.969800"/>
      <trkpt lat="43.309170" lon="-1.969990"/>
      <trkpt lat="43.309320" lon="-1.970060"/>
      <trkpt lat="43.309610" lon="-1.970160"/>
      <trkpt lat="43.309780" lon="-1.970200"/>
      <trkpt lat="43.309920" lon="-1.970230"/>
      <trkpt lat="43.310080" lon="-1.970250"/>
      <trkpt lat="43.310400" lon="-1.970270"/>
      <trkpt lat="43.310540" lon="-1.970270"/>
      <trkpt lat="43.310670" lon="-1.970270"/>
      <trkpt lat="43.310790" lon="-1.970250"/>
      <trkpt lat="43.310900" lon="-1.970230"/>
      <trkpt lat="43.311170" lon="-1.970150"/>
      <trkpt lat="43.311230" lon="-1.970140"/>
      <trkpt lat="43.311260" lon="-1.970120"/>
      <trkpt lat="43.311300" lon="-1.970100"/>
      <trkpt lat="43.311330" lon="-1.970070"/>
      <trkpt lat="43.311360" lon="-1.970030"/>
      <trkpt lat="43.311390" lon="-1.969960"/>
      <trkpt lat="43.311470" lon="-1.969860"/>
      <trkpt lat="43.311530" lon="-1.969830"/>
      <trkpt lat="43.311590" lon="-1.969820"/>
      <trkpt lat="43.311630" lon="-1.969820"/>
      <trkpt lat="43.311660" lon="-1.969840"/>
      <trkpt lat="43.311700" lon="-1.969860"/>
      <trkpt lat="43.311820" lon="-1.969890"/>
      <trkpt lat="43.311920" lon="-1.969900"/>
      <trkpt lat="43.312030" lon="-1.969900"/>
      <trkpt lat="43.312070" lon="-1.969900"/>
      <trkpt lat="43.312130" lon="-1.969890"/>
      <trkpt lat="43.312220" lon="-1.969860"/>
      <trkpt lat="43.312310" lon="-1.969810"/>
      <trkpt lat="43.312380" lon="-1.969740"/>
      <trkpt lat="43.312430" lon="-1.969650"/>
      <trkpt lat="43.312470" lon="-1.969530"/>
      <trkpt lat="43.312490" lon="-1.969390"/>
      <trkpt lat="43.312510" lon="-1.969280"/>
      <trkpt lat="43.312530" lon="-1.969200"/>
      <trkpt lat="43.312570" lon="-1.969090"/>
      <trkpt lat="43.312620" lon="-1.969010"/>
      <trkpt lat="43.312680" lon="-1.968940"/>
      <trkpt lat="43.312750" lon="-1.968890"/>
      <trkpt lat="43.312820" lon="-1.968840"/>
      <trkpt lat="43.312880" lon="-1.968820"/>
      <trkpt lat="43.312970" lon="-1.968740"/>
      <trkpt lat="43.313050" lon="-1.968650"/>
      <trkpt lat="43.313130" lon="-1.968560"/>
      <trkpt lat="43.313200" lon="-1.968460"/>
      <trkpt lat="43.313400" lon="-1.968120"/>
      <trkpt lat="43.313430" lon="-1.968060"/>
      <trkpt lat="43.313440" lon="-1.968000"/>
      <trkpt lat="43.313450" lon="-1.967940"/>
      <trkpt lat="43.313450" lon="-1.967880"/>
      <trkpt lat="43.313450" lon="-1.967820"/>
      <trkpt lat="43.313430" lon="-1.967760"/>
      <trkpt lat="43.313380" lon="-1.967660"/>
      <trkpt lat="43.313360" lon="-1.967610"/>
      <trkpt lat="43.313340" lon="-1.967610"/>
      <trkpt lat="43.313330" lon="-1.967590"/>
      <trkpt lat="43.313310" lon="-1.967570"/>
      <trkpt lat="43.313290" lon="-1.967530"/>
      <trkpt lat="43.313290" lon="-1.967490"/>
      <trkpt lat="43.313290" lon="-1.967460"/>
      <trkpt lat="43.313300" lon="-1.967420"/>
      <trkpt lat="43.313320" lon="-1.967390"/>
      <trkpt lat="43.313350" lon="-1.967370"/>
      <trkpt lat="43.313370" lon="-1.967360"/>
      <trkpt lat="43.313400" lon="-1.967370"/>
      <trkpt lat="43.313430" lon="-1.967380"/>
      <trkpt lat="43.313450" lon="-1.967410"/>
      <trkpt lat="43.313460" lon="-1.967440"/>
      <trkpt lat="43.313580" lon="-1.967450"/>
      <trkpt lat="43.313620" lon="-1.967460"/>
      <trkpt lat="43.313660" lon="-1.967490"/>
      <trkpt lat="43.313690" lon="-1.967520"/>
      <trkpt lat="43.313720" lon="-1.967550"/>
      <trkpt lat="43.313750" lon="-1.967600"/>
      <trkpt lat="43.313770" lon="-1.967650"/>
      <trkpt lat="43.313790" lon="-1.967700"/>
      <trkpt lat="43.313800" lon="-1.967760"/>
      <trkpt lat="43.313820" lon="-1.968180"/>
      <trkpt lat="43.313830" lon="-1.968230"/>
      <trkpt lat="43.313840" lon="-1.968290"/>
      <trkpt lat="43.313860" lon="-1.968330"/>
      <trkpt lat="43.313890" lon="-1.968390"/>
      <trkpt lat="43.313920" lon="-1.968420"/>
      <trkpt lat="43.313960" lon="-1.968450"/>
      <trkpt lat="43.314000" lon="-1.968470"/>
      <trkpt lat="43.314050" lon="-1.968470"/>
      <trkpt lat="43.314080" lon="-1.968460"/>
      <trkpt lat="43.314160" lon="-1.968440"/>
      <trkpt lat="43.314220" lon="-1.968430"/>
      <trkpt lat="43.314290" lon="-1.968430"/>
      <trkpt lat="43.314370" lon="-1.968440"/>
      <trkpt lat="43.314430" lon="-1.968450"/>
      <trkpt lat="43.314490" lon="-1.968480"/>
      <trkpt lat="43.314550" lon="-1.968510"/>
      <trkpt lat="43.314620" lon="-1.968550"/>
      <trkpt lat="43.314680" lon="-1.968620"/>
      <trkpt lat="43.314740" lon="-1.968680"/>
      <trkpt lat="43.314780" lon="-1.968730"/>
      <trkpt lat="43.314820" lon="-1.968800"/>
      <trkpt lat="43.314860" lon="-1.968900"/>
      <trkpt lat="43.314880" lon="-1.969000"/>
      <trkpt lat="43.315000" lon="-1.969510"/>
      <trkpt lat="43.315110" lon="-1.969920"/>
      <trkpt lat="43.315260" lon="-1.970590"/>
      <trkpt lat="43.315290" lon="-1.970750"/>
      <trkpt lat="43.315310" lon="-1.970920"/>
      <trkpt lat="43.315330" lon="-1.971190"/>
      <trkpt lat="43.315360" lon="-1.971510"/>
      <trkpt lat="43.315370" lon="-1.971540"/>
      <trkpt lat="43.315370" lon="-1.971560"/>
      <trkpt lat="43.315370" lon="-1.971580"/>
      <trkpt lat="43.315380" lon="-1.971620"/>
      <trkpt lat="43.315400" lon="-1.971670"/>
      <trkpt lat="43.315430" lon="-1.971710"/>
      <trkpt lat="43.315430" lon="-1.971720"/>
      <trkpt lat="43.315460" lon="-1.971750"/>
      <trkpt lat="43.315490" lon="-1.971780"/>
      <trkpt lat="43.315530" lon="-1.971800"/>
      <trkpt lat="43.315710" lon="-1.971880"/>
      <trkpt lat="43.315690" lon="-1.971940"/>
      <trkpt lat="43.315650" lon="-1.972040"/>
      <trkpt lat="43.315580" lon="-1.972240"/>
      <trkpt lat="43.315560" lon="-1.972320"/>
      <trkpt lat="43.315540" lon="-1.972410"/>
      <trkpt lat="43.315530" lon="-1.972510"/>
      <trkpt lat="43.315530" lon="-1.972600"/>
      <trkpt lat="43.315600" lon="-1.973390"/>
      <trkpt lat="43.315600" lon="-1.973460"/>
      <trkpt lat="43.315590" lon="-1.973500"/>
      <trkpt lat="43.315590" lon="-1.973530"/>
      <trkpt lat="43.315580" lon="-1.973610"/>
      <trkpt lat="43.315560" lon="-1.973680"/>
      <trkpt lat="43.315540" lon="-1.973740"/>
      <trkpt lat="43.315450" lon="-1.973940"/>
      <trkpt lat="43.315390" lon="-1.974010"/>
    </trkseg>
  </trk>
</gpx>