<?xml version="1.0" encoding="UTF-8"?>
<gpx version="1.1" creator="trip-planner"
     xmlns="http://www.topografix.com/GPX/1/1">
  <metadata>
    <name>Cangas de Onis - Gijon</name>
    <time>2026-08-08T07:59:22Z</time>
  </metadata>
  <wpt lat="43.351964" lon="-5.128428">
    <name>Cangas de Onís</name>
  </wpt>
  <wpt lat="43.419294" lon="-4.753886">
    <name>Llanes</name>
  </wpt>
  <wpt lat="43.461492" lon="-5.057672">
    <name>Ribadesella</name>
  </wpt>
  <wpt lat="43.537055" lon="-5.667170">
    <name>Gijón</name>
  </wpt>
  <trk>
    <name>Cangas de Onis - Gijon</name>
    <trkseg>
      <trkpt lat="43.351790" lon="-5.128450"/>
      <trkpt lat="43.351780" lon="-5.128290"/>
      <trkpt lat="43.351760" lon="-5.128070"/>
      <trkpt lat="43.351460" lon="-5.127990"/>
      <trkpt lat="43.351150" lon="-5.127910"/>
      <trkpt lat="43.351070" lon="-5.127890"/>
      <trkpt lat="43.351050" lon="-5.127980"/>
      <trkpt lat="43.351020" lon="-5.128260"/>
      <trkpt lat="43.350960" lon="-5.128760"/>
      <trkpt lat="43.350920" lon="-5.129080"/>
      <trkpt lat="43.350880" lon="-5.129380"/>
      <trkpt lat="43.350840" lon="-5.129740"/>
      <trkpt lat="43.350800" lon="-5.130080"/>
      <trkpt lat="43.350790" lon="-5.130190"/>
      <trkpt lat="43.350790" lon="-5.130240"/>
      <trkpt lat="43.350770" lon="-5.130360"/>
      <trkpt lat="43.350750" lon="-5.130530"/>
      <trkpt lat="43.350700" lon="-5.130980"/>
      <trkpt lat="43.350680" lon="-5.131120"/>
      <trkpt lat="43.350640" lon="-5.131400"/>
      <trkpt lat="43.350640" lon="-5.131550"/>
      <trkpt lat="43.350620" lon="-5.131680"/>
      <trkpt lat="43.350610" lon="-5.131720"/>
      <trkpt lat="43.350530" lon="-5.132420"/>
      <trkpt lat="43.350530" lon="-5.132480"/>
      <trkpt lat="43.350540" lon="-5.132540"/>
      <trkpt lat="43.350550" lon="-5.132580"/>
      <trkpt lat="43.350560" lon="-5.132620"/>
      <trkpt lat="43.350580" lon="-5.132650"/>
      <trkpt lat="43.350610" lon="-5.132700"/>
      <trkpt lat="43.350650" lon="-5.132740"/>
      <trkpt lat="43.351040" lon="-5.132920"/>
      <trkpt lat="43.351650" lon="-5.133200"/>
      <trkpt lat="43.352440" lon="-5.133550"/>
      <trkpt lat="43.353290" lon="-5.133930"/>
      <trkpt lat="43.354890" lon="-5.134630"/>
      <trkpt lat="43.355090" lon="-5.134740"/>
      <trkpt lat="43.355260" lon="-5.134850"/>
      <trkpt lat="43.355430" lon="-5.134990"/>
      <trkpt lat="43.355610" lon="-5.135200"/>
      <trkpt lat="43.355690" lon="-5.135300"/>
      <trkpt lat="43.355790" lon="-5.135450"/>
      <trkpt lat="43.356140" lon="-5.136050"/>
      <trkpt lat="43.356750" lon="-5.137100"/>
      <trkpt lat="43.356800" lon="-5.137160"/>
      <trkpt lat="43.356850" lon="-5.137210"/>
      <trkpt lat="43.356890" lon="-5.137230"/>
      <trkpt lat="43.356930" lon="-5.137240"/>
      <trkpt lat="43.356980" lon="-5.137240"/>
      <trkpt lat="43.357050" lon="-5.137220"/>
      <trkpt lat="43.357140" lon="-5.137230"/>
      <trkpt lat="43.357240" lon="-5.137270"/>
      <trkpt lat="43.357290" lon="-5.137330"/>
      <trkpt lat="43.357320" lon="-5.137390"/>
      <trkpt lat="43.357340" lon="-5.137430"/>
      <trkpt lat="43.357370" lon="-5.137520"/>
      <trkpt lat="43.357380" lon="-5.137650"/>
      <trkpt lat="43.357370" lon="-5.137750"/>
      <trkpt lat="43.357350" lon="-5.137840"/>
      <trkpt lat="43.357350" lon="-5.137990"/>
      <trkpt lat="43.357360" lon="-5.138080"/>
      <trkpt lat="43.357380" lon="-5.138160"/>
      <trkpt lat="43.357450" lon="-5.138340"/>
      <trkpt lat="43.357750" lon="-5.138850"/>
      <trkpt lat="43.358650" lon="-5.140400"/>
      <trkpt lat="43.359730" lon="-5.142270"/>
      <trkpt lat="43.360390" lon="-5.143420"/>
      <trkpt lat="43.361050" lon="-5.144550"/>
      <trkpt lat="43.361460" lon="-5.145270"/>
      <trkpt lat="43.361720" lon="-5.145700"/>
      <trkpt lat="43.361930" lon="-5.146080"/>
      <trkpt lat="43.362080" lon="-5.146390"/>
      <trkpt lat="43.362230" lon="-5.146730"/>
      <trkpt lat="43.362340" lon="-5.146970"/>
      <trkpt lat="43.362420" lon="-5.147190"/>
      <trkpt lat="43.362560" lon="-5.147530"/>
      <trkpt lat="43.362990" lon="-5.148620"/>
      <trkpt lat="43.363400" lon="-5.149620"/>
      <trkpt lat="43.363600" lon="-5.150130"/>
      <trkpt lat="43.363950" lon="-5.151020"/>
      <trkpt lat="43.364110" lon="-5.151400"/>
      <trkpt lat="43.364220" lon="-5.151670"/>
      <trkpt lat="43.364320" lon="-5.151820"/>
      <trkpt lat="43.364420" lon="-5.151890"/>
      <trkpt lat="43.364480" lon="-5.151910"/>
      <trkpt lat="43.364540" lon="-5.151970"/>
      <trkpt lat="43.364580" lon="-5.152050"/>
      <trkpt lat="43.364590" lon="-5.152150"/>
      <trkpt lat="43.364570" lon="-5.152240"/>
      <trkpt lat="43.364560" lon="-5.152370"/>
      <trkpt lat="43.364570" lon="-5.152490"/>
      <trkpt lat="43.364650" lon="-5.152600"/>
      <trkpt lat="43.364720" lon="-5.152700"/>
      <trkpt lat="43.364790" lon="-5.152780"/>
      <trkpt lat="43.364880" lon="-5.152860"/>
      <trkpt lat="43.364970" lon="-5.152920"/>
      <trkpt lat="43.365060" lon="-5.152980"/>
      <trkpt lat="43.365160" lon="-5.153020"/>
      <trkpt lat="43.365270" lon="-5.153060"/>
      <trkpt lat="43.365380" lon="-5.153080"/>
      <trkpt lat="43.365510" lon="-5.153100"/>
      <trkpt lat="43.365740" lon="-5.153130"/>
      <trkpt lat="43.365980" lon="-5.153140"/>
      <trkpt lat="43.366290" lon="-5.153160"/>
      <trkpt lat="43.366450" lon="-5.153160"/>
      <trkpt lat="43.366580" lon="-5.153140"/>
      <trkpt lat="43.366710" lon="-5.153100"/>
      <trkpt lat="43.366870" lon="-5.153010"/>
      <trkpt lat="43.366990" lon="-5.152920"/>
      <trkpt lat="43.367090" lon="-5.152820"/>
      <trkpt lat="43.367220" lon="-5.152690"/>
      <trkpt lat="43.367330" lon="-5.152560"/>
      <trkpt lat="43.367700" lon="-5.152080"/>
      <trkpt lat="43.368230" lon="-5.151390"/>
      <trkpt lat="43.368600" lon="-5.150920"/>
      <trkpt lat="43.369310" lon="-5.149990"/>
      <trkpt lat="43.370270" lon="-5.148760"/>
      <trkpt lat="43.370370" lon="-5.148630"/>
      <trkpt lat="43.370470" lon="-5.148520"/>
      <trkpt lat="43.370570" lon="-5.148430"/>
      <trkpt lat="43.370650" lon="-5.148340"/>
      <trkpt lat="43.370760" lon="-5.148250"/>
      <trkpt lat="43.370870" lon="-5.148160"/>
      <trkpt lat="43.370970" lon="-5.148100"/>
      <trkpt lat="43.371100" lon="-5.148010"/>
      <trkpt lat="43.371230" lon="-5.147940"/>
      <trkpt lat="43.371390" lon="-5.147870"/>
      <trkpt lat="43.371520" lon="-5.147830"/>
      <trkpt lat="43.371640" lon="-5.147790"/>
      <trkpt lat="43.371760" lon="-5.147760"/>
      <trkpt lat="43.371910" lon="-5.147740"/>
      <trkpt lat="43.372030" lon="-5.147730"/>
      <trkpt lat="43.372190" lon="-5.147730"/>
      <trkpt lat="43.372330" lon="-5.147740"/>
      <trkpt lat="43.372480" lon="-5.147770"/>
      <trkpt lat="43.372590" lon="-5.147790"/>
      <trkpt lat="43.372740" lon="-5.147830"/>
      <trkpt lat="43.373270" lon="-5.147980"/>
      <trkpt lat="43.373570" lon="-5.148070"/>
      <trkpt lat="43.373670" lon="-5.148120"/>
      <trkpt lat="43.373760" lon="-5.148170"/>
      <trkpt lat="43.373860" lon="-5.148240"/>
      <trkpt lat="43.373940" lon="-5.148320"/>
      <trkpt lat="43.374030" lon="-5.148420"/>
      <trkpt lat="43.374090" lon="-5.148500"/>
      <trkpt lat="43.374160" lon="-5.148610"/>
      <trkpt lat="43.374220" lon="-5.148730"/>
      <trkpt lat="43.374270" lon="-5.148860"/>
      <trkpt lat="43.374310" lon="-5.148990"/>
      <trkpt lat="43.374350" lon="-5.149160"/>
      <trkpt lat="43.374380" lon="-5.149310"/>
      <trkpt lat="43.374380" lon="-5.149480"/>
      <trkpt lat="43.374390" lon="-5.149640"/>
      <trkpt lat="43.374380" lon="-5.150480"/>
      <trkpt lat="43.374380" lon="-5.150680"/>
      <trkpt lat="43.374400" lon="-5.150910"/>
      <trkpt lat="43.374440" lon="-5.151400"/>
      <trkpt lat="43.374510" lon="-5.152110"/>
      <trkpt lat="43.374520" lon="-5.152320"/>
      <trkpt lat="43.374520" lon="-5.152550"/>
      <trkpt lat="43.374510" lon="-5.152760"/>
      <trkpt lat="43.374480" lon="-5.152980"/>
      <trkpt lat="43.374450" lon="-5.153220"/>
      <trkpt lat="43.374410" lon="-5.153490"/>
      <trkpt lat="43.374190" lon="-5.154710"/>
      <trkpt lat="43.374140" lon="-5.154990"/>
      <trkpt lat="43.374100" lon="-5.155200"/>
      <trkpt lat="43.374080" lon="-5.155410"/>
      <trkpt lat="43.374060" lon="-5.155600"/>
      <trkpt lat="43.374040" lon="-5.155860"/>
      <trkpt lat="43.374030" lon="-5.156100"/>
      <trkpt lat="43.374020" lon="-5.156850"/>
      <trkpt lat="43.374020" lon="-5.157700"/>
      <trkpt lat="43.374020" lon="-5.158010"/>
      <trkpt lat="43.374030" lon="-5.158270"/>
      <trkpt lat="43.374060" lon="-5.158530"/>
      <trkpt lat="43.374100" lon="-5.158760"/>
      <trkpt lat="43.374150" lon="-5.158980"/>
      <trkpt lat="43.374200" lon="-5.159210"/>
      <trkpt lat="43.374270" lon="-5.159430"/>
      <trkpt lat="43.374360" lon="-5.159660"/>
      <trkpt lat="43.374440" lon="-5.159860"/>
      <trkpt lat="43.374530" lon="-5.160030"/>
      <trkpt lat="43.374610" lon="-5.160180"/>
      <trkpt lat="43.374720" lon="-5.160350"/>
      <trkpt lat="43.374860" lon="-5.160550"/>
      <trkpt lat="43.375130" lon="-5.160900"/>
      <trkpt lat="43.375660" lon="-5.161560"/>
      <trkpt lat="43.375900" lon="-5.161890"/>
      <trkpt lat="43.375990" lon="-5.162030"/>
      <trkpt lat="43.376090" lon="-5.162200"/>
      <trkpt lat="43.376180" lon="-5.162390"/>
      <trkpt lat="43.376260" lon="-5.162560"/>
      <trkpt lat="43.376320" lon="-5.162710"/>
      <trkpt lat="43.376390" lon="-5.162880"/>
      <trkpt lat="43.376420" lon="-5.162990"/>
      <trkpt lat="43.376470" lon="-5.163160"/>
      <trkpt lat="43.376480" lon="-5.163180"/>
      <trkpt lat="43.376560" lon="-5.163440"/>
      <trkpt lat="43.376720" lon="-5.163960"/>
      <trkpt lat="43.376880" lon="-5.164440"/>
      <trkpt lat="43.376970" lon="-5.164660"/>
      <trkpt lat="43.377060" lon="-5.164850"/>
      <trkpt lat="43.377150" lon="-5.165000"/>
      <trkpt lat="43.377260" lon="-5.165150"/>
      <trkpt lat="43.377350" lon="-5.165250"/>
      <trkpt lat="43.377460" lon="-5.165360"/>
      <trkpt lat="43.377570" lon="-5.165460"/>
      <trkpt lat="43.377700" lon="-5.165540"/>
      <trkpt lat="43.377870" lon="-5.165650"/>
      <trkpt lat="43.378080" lon="-5.165770"/>
      <trkpt lat="43.378500" lon="-5.166010"/>
      <trkpt lat="43.378590" lon="-5.166070"/>
      <trkpt lat="43.378710" lon="-5.166160"/>
      <trkpt lat="43.378800" lon="-5.166240"/>
      <trkpt lat="43.378870" lon="-5.166310"/>
      <trkpt lat="43.378940" lon="-5.166410"/>
      <trkpt lat="43.379010" lon="-5.166510"/>
      <trkpt lat="43.379070" lon="-5.166610"/>
      <trkpt lat="43.379160" lon="-5.166770"/>
      <trkpt lat="43.379250" lon="-5.166980"/>
      <trkpt lat="43.379360" lon="-5.167290"/>
      <trkpt lat="43.379500" lon="-5.167610"/>
      <trkpt lat="43.379600" lon="-5.167810"/>
      <trkpt lat="43.379680" lon="-5.167960"/>
      <trkpt lat="43.379770" lon="-5.168070"/>
      <trkpt lat="43.379860" lon="-5.168190"/>
      <trkpt lat="43.379960" lon="-5.168290"/>
      <trkpt lat="43.380050" lon="-5.168380"/>
      <trkpt lat="43.380320" lon="-5.168600"/>
      <trkpt lat="43.380560" lon="-5.168780"/>
      <trkpt lat="43.381040" lon="-5.169170"/>
      <trkpt lat="43.381160" lon="-5.169280"/>
      <trkpt lat="43.381290" lon="-5.169410"/>
      <trkpt lat="43.381400" lon="-5.169560"/>
      <trkpt lat="43.381510" lon="-5.169730"/>
      <trkpt lat="43.381610" lon="-5.169910"/>
      <trkpt lat="43.381730" lon="-5.170130"/>
      <trkpt lat="43.382050" lon="-5.170700"/>
      <trkpt lat="43.382260" lon="-5.171020"/>
      <trkpt lat="43.382410" lon="-5.171250"/>
      <trkpt lat="43.382670" lon="-5.171590"/>
      <trkpt lat="43.382890" lon="-5.171880"/>
      <trkpt lat="43.383080" lon="-5.172120"/>
      <trkpt lat="43.383780" lon="-5.173020"/>
      <trkpt lat="43.384810" lon="-5.174350"/>
      <trkpt lat="43.385360" lon="-5.175060"/>
      <trkpt lat="43.385490" lon="-5.175230"/>
      <trkpt lat="43.385530" lon="-5.175280"/>
      <trkpt lat="43.385640" lon="-5.175410"/>
      <trkpt lat="43.385740" lon="-5.175540"/>
      <trkpt lat="43.385840" lon="-5.175650"/>
      <trkpt lat="43.385980" lon="-5.175760"/>
      <trkpt lat="43.386100" lon="-5.175840"/>
      <trkpt lat="43.386250" lon="-5.175910"/>
      <trkpt lat="43.386430" lon="-5.175980"/>
      <trkpt lat="43.386610" lon="-5.176070"/>
      <trkpt lat="43.386740" lon="-5.176150"/>
      <trkpt lat="43.386890" lon="-5.176290"/>
      <trkpt lat="43.387010" lon="-5.176440"/>
      <trkpt lat="43.387110" lon="-5.176590"/>
      <trkpt lat="43.387190" lon="-5.176750"/>
      <trkpt lat="43.387270" lon="-5.176960"/>
      <trkpt lat="43.387620" lon="-5.177900"/>
      <trkpt lat="43.387760" lon="-5.178270"/>
      <trkpt lat="43.387940" lon="-5.178710"/>
      <trkpt lat="43.388040" lon="-5.178890"/>
      <trkpt lat="43.388100" lon="-5.178980"/>
      <trkpt lat="43.388190" lon="-5.179110"/>
      <trkpt lat="43.388320" lon="-5.179210"/>
      <trkpt lat="43.388370" lon="-5.179240"/>
      <trkpt lat="43.388510" lon="-5.179320"/>
      <trkpt lat="43.388540" lon="-5.179330"/>
      <trkpt lat="43.388600" lon="-5.179370"/>
      <trkpt lat="43.388660" lon="-5.179420"/>
      <trkpt lat="43.388750" lon="-5.179500"/>
      <trkpt lat="43.388800" lon="-5.179540"/>
      <trkpt lat="43.388870" lon="-5.179610"/>
      <trkpt lat="43.388910" lon="-5.179620"/>
      <trkpt lat="43.388940" lon="-5.179630"/>
      <trkpt lat="43.388960" lon="-5.179650"/>
      <trkpt lat="43.388990" lon="-5.179680"/>
      <trkpt lat="43.389290" lon="-5.179770"/>
      <trkpt lat="43.389400" lon="-5.179830"/>
      <trkpt lat="43.389480" lon="-5.179910"/>
      <trkpt lat="43.389560" lon="-5.180050"/>
      <trkpt lat="43.389790" lon="-5.180640"/>
      <trkpt lat="43.389920" lon="-5.180760"/>
      <trkpt lat="43.390030" lon="-5.180790"/>
      <trkpt lat="43.390190" lon="-5.180720"/>
      <trkpt lat="43.390420" lon="-5.180620"/>
      <trkpt lat="43.390800" lon="-5.180500"/>
      <trkpt lat="43.391300" lon="-5.180250"/>
      <trkpt lat="43.391650" lon="-5.180080"/>
      <trkpt lat="43.391850" lon="-5.179960"/>
      <trkpt lat="43.392080" lon="-5.179760"/>
      <trkpt lat="43.392260" lon="-5.179550"/>
      <trkpt lat="43.392450" lon="-5.179250"/>
      <trkpt lat="43.392580" lon="-5.178930"/>
      <trkpt lat="43.392640" lon="-5.178780"/>
      <trkpt lat="43.392680" lon="-5.178620"/>
      <trkpt lat="43.392720" lon="-5.178410"/>
      <trkpt lat="43.392840" lon="-5.177560"/>
      <trkpt lat="43.393060" lon="-5.175850"/>
      <trkpt lat="43.393090" lon="-5.175580"/>
      <trkpt lat="43.393140" lon="-5.175230"/>
      <trkpt lat="43.393170" lon="-5.175000"/>
      <trkpt lat="43.393180" lon="-5.174940"/>
      <trkpt lat="43.393360" lon="-5.173540"/>
      <trkpt lat="43.393470" lon="-5.172700"/>
      <trkpt lat="43.393580" lon="-5.171870"/>
      <trkpt lat="43.393610" lon="-5.171680"/>
      <trkpt lat="43.393680" lon="-5.171290"/>
      <trkpt lat="43.394000" lon="-5.170020"/>
      <trkpt lat="43.394070" lon="-5.169580"/>
      <trkpt lat="43.394100" lon="-5.169180"/>
      <trkpt lat="43.394080" lon="-5.168680"/>
      <trkpt lat="43.394050" lon="-5.168070"/>
      <trkpt lat="43.394070" lon="-5.167420"/>
      <trkpt lat="43.394110" lon="-5.167070"/>
      <trkpt lat="43.394140" lon="-5.166840"/>
      <trkpt lat="43.394150" lon="-5.166750"/>
      <trkpt lat="43.394180" lon="-5.166430"/>
      <trkpt lat="43.394240" lon="-5.165960"/>
      <trkpt lat="43.394320" lon="-5.165230"/>
      <trkpt lat="43.394340" lon="-5.165020"/>
      <trkpt lat="43.394410" lon="-5.164520"/>
      <trkpt lat="43.394460" lon="-5.164100"/>
      <trkpt lat="43.394580" lon="-5.163100"/>
      <trkpt lat="43.394750" lon="-5.161680"/>
      <trkpt lat="43.394820" lon="-5.161040"/>
      <trkpt lat="43.394840" lon="-5.160390"/>
      <trkpt lat="43.394840" lon="-5.158970"/>
      <trkpt lat="43.394850" lon="-5.158170"/>
      <trkpt lat="43.394880" lon="-5.157530"/>
      <trkpt lat="43.395020" lon="-5.156210"/>
      <trkpt lat="43.395130" lon="-5.155170"/>
      <trkpt lat="43.395190" lon="-5.154810"/>
      <trkpt lat="43.395210" lon="-5.154660"/>
      <trkpt lat="43.395330" lon="-5.154170"/>
      <trkpt lat="43.395340" lon="-5.154140"/>
      <trkpt lat="43.396410" lon="-5.149960"/>
      <trkpt lat="43.396720" lon="-5.148750"/>
      <trkpt lat="43.397280" lon="-5.146580"/>
      <trkpt lat="43.397460" lon="-5.145880"/>
      <trkpt lat="43.397950" lon="-5.143950"/>
      <trkpt lat="43.397990" lon="-5.143800"/>
      <trkpt lat="43.398010" lon="-5.143720"/>
      <trkpt lat="43.398260" lon="-5.142740"/>
      <trkpt lat="43.398320" lon="-5.142460"/>
      <trkpt lat="43.398380" lon="-5.142200"/>
      <trkpt lat="43.398430" lon="-5.141800"/>
      <trkpt lat="43.398430" lon="-5.141440"/>
      <trkpt lat="43.398400" lon="-5.141040"/>
      <trkpt lat="43.398310" lon="-5.140600"/>
      <trkpt lat="43.398060" lon="-5.139670"/>
      <trkpt lat="43.398000" lon="-5.139330"/>
      <trkpt lat="43.397980" lon="-5.138910"/>
      <trkpt lat="43.398010" lon="-5.138540"/>
      <trkpt lat="43.398090" lon="-5.138150"/>
      <trkpt lat="43.398220" lon="-5.137800"/>
      <trkpt lat="43.398400" lon="-5.137470"/>
      <trkpt lat="43.398640" lon="-5.137170"/>
      <trkpt lat="43.398810" lon="-5.137020"/>
      <trkpt lat="43.399030" lon="-5.136890"/>
      <trkpt lat="43.399230" lon="-5.136800"/>
      <trkpt lat="43.399540" lon="-5.136730"/>
      <trkpt lat="43.400860" lon="-5.136410"/>
      <trkpt lat="43.401140" lon="-5.136370"/>
      <trkpt lat="43.401420" lon="-5.136370"/>
      <trkpt lat="43.401920" lon="-5.136440"/>
      <trkpt lat="43.402090" lon="-5.136420"/>
      <trkpt lat="43.402160" lon="-5.136410"/>
      <trkpt lat="43.402400" lon="-5.136320"/>
      <trkpt lat="43.402970" lon="-5.135990"/>
      <trkpt lat="43.403060" lon="-5.135980"/>
      <trkpt lat="43.403140" lon="-5.135990"/>
      <trkpt lat="43.403540" lon="-5.136120"/>
      <trkpt lat="43.403720" lon="-5.136140"/>
      <trkpt lat="43.404150" lon="-5.136100"/>
      <trkpt lat="43.404710" lon="-5.135990"/>
      <trkpt lat="43.405400" lon="-5.135800"/>
      <trkpt lat="43.405780" lon="-5.135670"/>
      <trkpt lat="43.405970" lon="-5.135560"/>
      <trkpt lat="43.406130" lon="-5.135410"/>
      <trkpt lat="43.406380" lon="-5.135120"/>
      <trkpt lat="43.406780" lon="-5.134640"/>
      <trkpt lat="43.406910" lon="-5.134450"/>
      <trkpt lat="43.407000" lon="-5.134210"/>
      <trkpt lat="43.407030" lon="-5.133990"/>
      <trkpt lat="43.407040" lon="-5.133680"/>
      <trkpt lat="43.407030" lon="-5.133240"/>
      <trkpt lat="43.406980" lon="-5.132920"/>
      <trkpt lat="43.406900" lon="-5.132640"/>
      <trkpt lat="43.406420" lon="-5.131390"/>
      <trkpt lat="43.406280" lon="-5.130970"/>
      <trkpt lat="43.406190" lon="-5.130590"/>
      <trkpt lat="43.406130" lon="-5.130150"/>
      <trkpt lat="43.406110" lon="-5.129770"/>
      <trkpt lat="43.406110" lon="-5.129530"/>
      <trkpt lat="43.406110" lon="-5.129320"/>
      <trkpt lat="43.406160" lon="-5.127910"/>
      <trkpt lat="43.406150" lon="-5.127470"/>
      <trkpt lat="43.406080" lon="-5.127140"/>
      <trkpt lat="43.405990" lon="-5.126840"/>
      <trkpt lat="43.405890" lon="-5.126590"/>
      <trkpt lat="43.405290" lon="-5.125260"/>
      <trkpt lat="43.404730" lon="-5.124010"/>
      <trkpt lat="43.404680" lon="-5.123900"/>
      <trkpt lat="43.404580" lon="-5.123480"/>
      <trkpt lat="43.404550" lon="-5.123130"/>
      <trkpt lat="43.404580" lon="-5.122690"/>
      <trkpt lat="43.404670" lon="-5.122320"/>
      <trkpt lat="43.404820" lon="-5.121950"/>
      <trkpt lat="43.405740" lon="-5.119910"/>
      <trkpt lat="43.405750" lon="-5.119870"/>
      <trkpt lat="43.406430" lon="-5.118330"/>
      <trkpt lat="43.406580" lon="-5.118000"/>
      <trkpt lat="43.406600" lon="-5.117940"/>
      <trkpt lat="43.406890" lon="-5.117280"/>
      <trkpt lat="43.406950" lon="-5.117150"/>
      <trkpt lat="43.407110" lon="-5.116740"/>
      <trkpt lat="43.407190" lon="-5.116470"/>
      <trkpt lat="43.407290" lon="-5.115950"/>
      <trkpt lat="43.407380" lon="-5.115400"/>
      <trkpt lat="43.407460" lon="-5.115090"/>
      <trkpt lat="43.407590" lon="-5.114760"/>
      <trkpt lat="43.407730" lon="-5.114530"/>
      <trkpt lat="43.407890" lon="-5.114300"/>
      <trkpt lat="43.408270" lon="-5.113750"/>
      <trkpt lat="43.408540" lon="-5.113440"/>
      <trkpt lat="43.408700" lon="-5.113230"/>
      <trkpt lat="43.408950" lon="-5.112790"/>
      <trkpt lat="43.409510" lon="-5.111990"/>
      <trkpt lat="43.409660" lon="-5.111770"/>
      <trkpt lat="43.409790" lon="-5.111500"/>
      <trkpt lat="43.409850" lon="-5.111120"/>
      <trkpt lat="43.409830" lon="-5.110790"/>
      <trkpt lat="43.409680" lon="-5.110020"/>
      <trkpt lat="43.409560" lon="-5.109270"/>
      <trkpt lat="43.409560" lon="-5.108770"/>
      <trkpt lat="43.409590" lon="-5.108260"/>
      <trkpt lat="43.409650" lon="-5.107850"/>
      <trkpt lat="43.409680" lon="-5.107630"/>
      <trkpt lat="43.409680" lon="-5.107590"/>
      <trkpt lat="43.409690" lon="-5.107520"/>
      <trkpt lat="43.409740" lon="-5.107210"/>
      <trkpt lat="43.409740" lon="-5.107160"/>
      <trkpt lat="43.409780" lon="-5.106770"/>
      <trkpt lat="43.409800" lon="-5.106180"/>
      <trkpt lat="43.409730" lon="-5.103130"/>
      <trkpt lat="43.409710" lon="-5.102700"/>
      <trkpt lat="43.409670" lon="-5.102480"/>
      <trkpt lat="43.409610" lon="-5.102290"/>
      <trkpt lat="43.409510" lon="-5.102040"/>
      <trkpt lat="43.409130" lon="-5.101480"/>
      <trkpt lat="43.409000" lon="-5.101260"/>
      <trkpt lat="43.408880" lon="-5.100890"/>
      <trkpt lat="43.408840" lon="-5.100560"/>
      <trkpt lat="43.408830" lon="-5.099820"/>
      <trkpt lat="43.408850" lon="-5.099090"/>
      <trkpt lat="43.408890" lon="-5.098720"/>
      <trkpt lat="43.409070" lon="-5.097930"/>
      <trkpt lat="43.409310" lon="-5.097130"/>
      <trkpt lat="43.409420" lon="-5.096910"/>
      <trkpt lat="43.409570" lon="-5.096710"/>
      <trkpt lat="43.409790" lon="-5.096550"/>
      <trkpt lat="43.410210" lon="-5.096340"/>
      <trkpt lat="43.410350" lon="-5.096260"/>
      <trkpt lat="43.410590" lon="-5.096060"/>
      <trkpt lat="43.410750" lon="-5.095860"/>
      <trkpt lat="43.410870" lon="-5.095650"/>
      <trkpt lat="43.411190" lon="-5.094910"/>
      <trkpt lat="43.411340" lon="-5.094560"/>
      <trkpt lat="43.411520" lon="-5.094270"/>
      <trkpt lat="43.411730" lon="-5.094060"/>
      <trkpt lat="43.412360" lon="-5.093630"/>
      <trkpt lat="43.412830" lon="-5.093330"/>
      <trkpt lat="43.413110" lon="-5.093210"/>
      <trkpt lat="43.413410" lon="-5.093170"/>
      <trkpt lat="43.414260" lon="-5.093210"/>
      <trkpt lat="43.414590" lon="-5.093120"/>
      <trkpt lat="43.414860" lon="-5.092950"/>
      <trkpt lat="43.415630" lon="-5.092140"/>
      <trkpt lat="43.415840" lon="-5.091730"/>
      <trkpt lat="43.416040" lon="-5.091080"/>
      <trkpt lat="43.416150" lon="-5.090800"/>
      <trkpt lat="43.416290" lon="-5.090520"/>
      <trkpt lat="43.416460" lon="-5.090300"/>
      <trkpt lat="43.417000" lon="-5.089830"/>
      <trkpt lat="43.417360" lon="-5.089540"/>
      <trkpt lat="43.417570" lon="-5.089340"/>
      <trkpt lat="43.418060" lon="-5.088900"/>
      <trkpt lat="43.418370" lon="-5.088610"/>
      <trkpt lat="43.418680" lon="-5.088420"/>
      <trkpt lat="43.418960" lon="-5.088340"/>
      <trkpt lat="43.419190" lon="-5.088330"/>
      <trkpt lat="43.419360" lon="-5.088320"/>
      <trkpt lat="43.419960" lon="-5.088340"/>
      <trkpt lat="43.420340" lon="-5.088300"/>
      <trkpt lat="43.420630" lon="-5.088220"/>
      <trkpt lat="43.420940" lon="-5.088100"/>
      <trkpt lat="43.421440" lon="-5.087820"/>
      <trkpt lat="43.421570" lon="-5.087710"/>
      <trkpt lat="43.423140" lon="-5.086400"/>
      <trkpt lat="43.423680" lon="-5.085860"/>
      <trkpt lat="43.424350" lon="-5.085100"/>
      <trkpt lat="43.424550" lon="-5.084760"/>
      <trkpt lat="43.424560" lon="-5.084730"/>
      <trkpt lat="43.424740" lon="-5.084250"/>
      <trkpt lat="43.424800" lon="-5.083940"/>
      <trkpt lat="43.424820" lon="-5.083690"/>
      <trkpt lat="43.424770" lon="-5.083410"/>
      <trkpt lat="43.424670" lon="-5.083150"/>
      <trkpt lat="43.424500" lon="-5.082870"/>
      <trkpt lat="43.424300" lon="-5.082520"/>
      <trkpt lat="43.424200" lon="-5.082230"/>
      <trkpt lat="43.424100" lon="-5.081710"/>
      <trkpt lat="43.424050" lon="-5.081240"/>
      <trkpt lat="43.424060" lon="-5.080910"/>
      <trkpt lat="43.424130" lon="-5.080580"/>
      <trkpt lat="43.424270" lon="-5.080210"/>
      <trkpt lat="43.424460" lon="-5.079950"/>
      <trkpt lat="43.425140" lon="-5.079290"/>
      <trkpt lat="43.425340" lon="-5.079040"/>
      <trkpt lat="43.425460" lon="-5.078830"/>
      <trkpt lat="43.425550" lon="-5.078550"/>
      <trkpt lat="43.425610" lon="-5.078300"/>
      <trkpt lat="43.425640" lon="-5.077950"/>
      <trkpt lat="43.425560" lon="-5.076780"/>
      <trkpt lat="43.425590" lon="-5.076280"/>
      <trkpt lat="43.425680" lon="-5.075910"/>
      <trkpt lat="43.425820" lon="-5.075590"/>
      <trkpt lat="43.426010" lon="-5.075320"/>
      <trkpt lat="43.426260" lon="-5.075060"/>
      <trkpt lat="43.426370" lon="-5.074880"/>
      <trkpt lat="43.426430" lon="-5.074730"/>
      <trkpt lat="43.426480" lon="-5.074600"/>
      <trkpt lat="43.426560" lon="-5.074400"/>
      <trkpt lat="43.426690" lon="-5.074090"/>
      <trkpt lat="43.426780" lon="-5.073910"/>
      <trkpt lat="43.426880" lon="-5.073760"/>
      <trkpt lat="43.427670" lon="-5.072830"/>
      <trkpt lat="43.428110" lon="-5.072210"/>
      <trkpt lat="43.428290" lon="-5.072010"/>
      <trkpt lat="43.428470" lon="-5.071800"/>
      <trkpt lat="43.428800" lon="-5.071390"/>
      <trkpt lat="43.429030" lon="-5.071070"/>
      <trkpt lat="43.429190" lon="-5.070720"/>
      <trkpt lat="43.429310" lon="-5.070340"/>
      <trkpt lat="43.429380" lon="-5.069890"/>
      <trkpt lat="43.429380" lon="-5.069450"/>
      <trkpt lat="43.429320" lon="-5.069060"/>
      <trkpt lat="43.429200" lon="-5.068640"/>
      <trkpt lat="43.429040" lon="-5.068300"/>
      <trkpt lat="43.428870" lon="-5.068060"/>
      <trkpt lat="43.428620" lon="-5.067780"/>
      <trkpt lat="43.427530" lon="-5.066840"/>
      <trkpt lat="43.426980" lon="-5.066370"/>
      <trkpt lat="43.426710" lon="-5.066090"/>
      <trkpt lat="43.426490" lon="-5.065770"/>
      <trkpt lat="43.426380" lon="-5.065570"/>
      <trkpt lat="43.426300" lon="-5.065420"/>
      <trkpt lat="43.426120" lon="-5.064880"/>
      <trkpt lat="43.425990" lon="-5.064320"/>
      <trkpt lat="43.425710" lon="-5.063190"/>
      <trkpt lat="43.425650" lon="-5.062770"/>
      <trkpt lat="43.425650" lon="-5.062540"/>
      <trkpt lat="43.425640" lon="-5.062360"/>
      <trkpt lat="43.425670" lon="-5.062060"/>
      <trkpt lat="43.425770" lon="-5.061660"/>
      <trkpt lat="43.425920" lon="-5.061300"/>
      <trkpt lat="43.426100" lon="-5.060970"/>
      <trkpt lat="43.426290" lon="-5.060760"/>
      <trkpt lat="43.426520" lon="-5.060580"/>
      <trkpt lat="43.426750" lon="-5.060450"/>
      <trkpt lat="43.427040" lon="-5.060360"/>
      <trkpt lat="43.427320" lon="-5.060350"/>
      <trkpt lat="43.427540" lon="-5.060400"/>
      <trkpt lat="43.427860" lon="-5.060520"/>
      <trkpt lat="43.430330" lon="-5.062150"/>
      <trkpt lat="43.430560" lon="-5.062250"/>
      <trkpt lat="43.430710" lon="-5.062290"/>
      <trkpt lat="43.430800" lon="-5.062290"/>
      <trkpt lat="43.430910" lon="-5.062280"/>
      <trkpt lat="43.431080" lon="-5.062240"/>
      <trkpt lat="43.431290" lon="-5.062140"/>
      <trkpt lat="43.431830" lon="-5.061750"/>
      <trkpt lat="43.432040" lon="-5.061600"/>
      <trkpt lat="43.435590" lon="-5.058990"/>
      <trkpt lat="43.438110" lon="-5.057150"/>
      <trkpt lat="43.439460" lon="-5.056270"/>
      <trkpt lat="43.439620" lon="-5.056170"/>
      <trkpt lat="43.439730" lon="-5.056080"/>
      <trkpt lat="43.439800" lon="-5.056020"/>
      <trkpt lat="43.439870" lon="-5.055950"/>
      <trkpt lat="43.439970" lon="-5.055830"/>
      <trkpt lat="43.440000" lon="-5.055720"/>
      <trkpt lat="43.440030" lon="-5.055610"/>
      <trkpt lat="43.440050" lon="-5.055510"/>
      <trkpt lat="43.440050" lon="-5.055410"/>
      <trkpt lat="43.440060" lon="-5.055320"/>
      <trkpt lat="43.440040" lon="-5.055260"/>
      <trkpt lat="43.440020" lon="-5.055170"/>
      <trkpt lat="43.440020" lon="-5.055060"/>
      <trkpt lat="43.440030" lon="-5.054960"/>
      <trkpt lat="43.439990" lon="-5.054750"/>
      <trkpt lat="43.439920" lon="-5.054570"/>
      <trkpt lat="43.439790" lon="-5.054380"/>
      <trkpt lat="43.439480" lon="-5.053960"/>
      <trkpt lat="43.437940" lon="-5.051420"/>
      <trkpt lat="43.437220" lon="-5.050170"/>
      <trkpt lat="43.437040" lon="-5.049790"/>
      <trkpt lat="43.436770" lon="-5.049070"/>
      <trkpt lat="43.436610" lon="-5.048750"/>
      <trkpt lat="43.436200" lon="-5.048170"/>
      <trkpt lat="43.436030" lon="-5.047870"/>
      <trkpt lat="43.435920" lon="-5.047570"/>
      <trkpt lat="43.435840" lon="-5.047230"/>
      <trkpt lat="43.435820" lon="-5.046880"/>
      <trkpt lat="43.435840" lon="-5.046540"/>
      <trkpt lat="43.435920" lon="-5.046180"/>
      <trkpt lat="43.436840" lon="-5.043510"/>
      <trkpt lat="43.436980" lon="-5.043180"/>
      <trkpt lat="43.437140" lon="-5.042910"/>
      <trkpt lat="43.437550" lon="-5.042470"/>
      <trkpt lat="43.437960" lon="-5.042030"/>
      <trkpt lat="43.438180" lon="-5.041720"/>
      <trkpt lat="43.438400" lon="-5.041260"/>
      <trkpt lat="43.438720" lon="-5.040440"/>
      <trkpt lat="43.438910" lon="-5.039900"/>
      <trkpt lat="43.439100" lon="-5.039400"/>
      <trkpt lat="43.439300" lon="-5.038660"/>
      <trkpt lat="43.439490" lon="-5.037750"/>
      <trkpt lat="43.439630" lon="-5.036960"/>
      <trkpt lat="43.439730" lon="-5.036160"/>
      <trkpt lat="43.439810" lon="-5.035270"/>
      <trkpt lat="43.439840" lon="-5.034570"/>
      <trkpt lat="43.439840" lon="-5.033820"/>
      <trkpt lat="43.439830" lon="-5.033350"/>
      <trkpt lat="43.439800" lon="-5.032680"/>
      <trkpt lat="43.439720" lon="-5.031480"/>
      <trkpt lat="43.439540" lon="-5.029640"/>
      <trkpt lat="43.439340" lon="-5.028010"/>
      <trkpt lat="43.439110" lon="-5.026530"/>
      <trkpt lat="43.438820" lon="-5.024850"/>
      <trkpt lat="43.438160" lon="-5.021450"/>
      <trkpt lat="43.438110" lon="-5.021190"/>
      <trkpt lat="43.437790" lon="-5.019560"/>
      <trkpt lat="43.437680" lon="-5.018940"/>
      <trkpt lat="43.437220" lon="-5.016550"/>
      <trkpt lat="43.436980" lon="-5.015310"/>
      <trkpt lat="43.436760" lon="-5.014040"/>
      <trkpt lat="43.436600" lon="-5.012970"/>
      <trkpt lat="43.436430" lon="-5.011800"/>
      <trkpt lat="43.436200" lon="-5.010030"/>
      <trkpt lat="43.436090" lon="-5.009250"/>
      <trkpt lat="43.435970" lon="-5.008310"/>
      <trkpt lat="43.435860" lon="-5.007520"/>
      <trkpt lat="43.435580" lon="-5.005360"/>
      <trkpt lat="43.435330" lon="-5.003520"/>
      <trkpt lat="43.435030" lon="-5.001240"/>
      <trkpt lat="43.434870" lon="-5.000040"/>
      <trkpt lat="43.434730" lon="-4.998830"/>
      <trkpt lat="43.434690" lon="-4.998460"/>
      <trkpt lat="43.434660" lon="-4.997820"/>
      <trkpt lat="43.434670" lon="-4.997340"/>
      <trkpt lat="43.434680" lon="-4.997080"/>
      <trkpt lat="43.434710" lon="-4.996650"/>
      <trkpt lat="43.434800" lon="-4.995900"/>
      <trkpt lat="43.434910" lon="-4.995280"/>
      <trkpt lat="43.435230" lon="-4.994190"/>
      <trkpt lat="43.435760" lon="-4.992590"/>
      <trkpt lat="43.436230" lon="-4.991160"/>
      <trkpt lat="43.436400" lon="-4.990620"/>
      <trkpt lat="43.436600" lon="-4.989950"/>
      <trkpt lat="43.436770" lon="-4.989290"/>
      <trkpt lat="43.437030" lon="-4.988220"/>
      <trkpt lat="43.437240" lon="-4.987120"/>
      <trkpt lat="43.437490" lon="-4.985620"/>
      <trkpt lat="43.437510" lon="-4.985420"/>
      <trkpt lat="43.437670" lon="-4.984010"/>
      <trkpt lat="43.437800" lon="-4.982410"/>
      <trkpt lat="43.437890" lon="-4.981020"/>
      <trkpt lat="43.438040" lon="-4.978760"/>
      <trkpt lat="43.438400" lon="-4.973180"/>
      <trkpt lat="43.438410" lon="-4.972980"/>
      <trkpt lat="43.438660" lon="-4.970030"/>
      <trkpt lat="43.438950" lon="-4.967080"/>
      <trkpt lat="43.439450" lon="-4.962060"/>
      <trkpt lat="43.439550" lon="-4.961050"/>
      <trkpt lat="43.439790" lon="-4.958740"/>
      <trkpt lat="43.439940" lon="-4.957220"/>
      <trkpt lat="43.440000" lon="-4.956650"/>
      <trkpt lat="43.440020" lon="-4.956400"/>
      <trkpt lat="43.440160" lon="-4.955260"/>
      <trkpt lat="43.440360" lon="-4.953940"/>
      <trkpt lat="43.440580" lon="-4.952770"/>
      <trkpt lat="43.440850" lon="-4.951620"/>
      <trkpt lat="43.441230" lon="-4.950240"/>
      <trkpt lat="43.441600" lon="-4.948950"/>
      <trkpt lat="43.441610" lon="-4.948950"/>
      <trkpt lat="43.442010" lon="-4.947590"/>
      <trkpt lat="43.442410" lon="-4.946230"/>
      <trkpt lat="43.442750" lon="-4.944990"/>
      <trkpt lat="43.443050" lon="-4.943660"/>
      <trkpt lat="43.443240" lon="-4.942660"/>
      <trkpt lat="43.443390" lon="-4.941690"/>
      <trkpt lat="43.443510" lon="-4.940690"/>
      <trkpt lat="43.443560" lon="-4.940230"/>
      <trkpt lat="43.443610" lon="-4.939660"/>
      <trkpt lat="43.443670" lon="-4.938690"/>
      <trkpt lat="43.443750" lon="-4.937030"/>
      <trkpt lat="43.443770" lon="-4.936620"/>
      <trkpt lat="43.443830" lon="-4.935600"/>
      <trkpt lat="43.443920" lon="-4.934580"/>
      <trkpt lat="43.444000" lon="-4.933820"/>
      <trkpt lat="43.444130" lon="-4.932670"/>
      <trkpt lat="43.444300" lon="-4.931470"/>
      <trkpt lat="43.444630" lon="-4.928920"/>
      <trkpt lat="43.444980" lon="-4.926320"/>
      <trkpt lat="43.445160" lon="-4.925020"/>
      <trkpt lat="43.445170" lon="-4.924880"/>
      <trkpt lat="43.445280" lon="-4.923850"/>
      <trkpt lat="43.445340" lon="-4.923000"/>
      <trkpt lat="43.445380" lon="-4.922170"/>
      <trkpt lat="43.445370" lon="-4.921390"/>
      <trkpt lat="43.445350" lon="-4.920460"/>
      <trkpt lat="43.445270" lon="-4.919470"/>
      <trkpt lat="43.445190" lon="-4.918680"/>
      <trkpt lat="43.445060" lon="-4.917820"/>
      <trkpt lat="43.444900" lon="-4.917000"/>
      <trkpt lat="43.444640" lon="-4.915790"/>
      <trkpt lat="43.444250" lon="-4.914180"/>
      <trkpt lat="43.443960" lon="-4.912880"/>
      <trkpt lat="43.443900" lon="-4.912630"/>
      <trkpt lat="43.443760" lon="-4.911850"/>
      <trkpt lat="43.443640" lon="-4.911040"/>
      <trkpt lat="43.443500" lon="-4.909700"/>
      <trkpt lat="43.443440" lon="-4.908400"/>
      <trkpt lat="43.443450" lon="-4.907190"/>
      <trkpt lat="43.443480" lon="-4.906560"/>
      <trkpt lat="43.443510" lon="-4.906090"/>
      <trkpt lat="43.443600" lon="-4.905160"/>
      <trkpt lat="43.443670" lon="-4.904530"/>
      <trkpt lat="43.443760" lon="-4.903820"/>
      <trkpt lat="43.443840" lon="-4.903270"/>
      <trkpt lat="43.443980" lon="-4.902200"/>
      <trkpt lat="43.444180" lon="-4.900740"/>
      <trkpt lat="43.444190" lon="-4.900660"/>
      <trkpt lat="43.444260" lon="-4.899960"/>
      <trkpt lat="43.444350" lon="-4.898970"/>
      <trkpt lat="43.444390" lon="-4.898210"/>
      <trkpt lat="43.444410" lon="-4.897410"/>
      <trkpt lat="43.444410" lon="-4.895930"/>
      <trkpt lat="43.444380" lon="-4.895340"/>
      <trkpt lat="43.444380" lon="-4.895160"/>
      <trkpt lat="43.444300" lon="-4.893360"/>
      <trkpt lat="43.444240" lon="-4.891770"/>
      <trkpt lat="43.444150" lon="-4.889390"/>
      <trkpt lat="43.444120" lon="-4.888410"/>
      <trkpt lat="43.444110" lon="-4.888250"/>
      <trkpt lat="43.444040" lon="-4.887170"/>
      <trkpt lat="43.443950" lon="-4.886400"/>
      <trkpt lat="43.443870" lon="-4.885860"/>
      <trkpt lat="43.443740" lon="-4.885250"/>
      <trkpt lat="43.443530" lon="-4.884450"/>
      <trkpt lat="43.443400" lon="-4.883930"/>
      <trkpt lat="43.443000" lon="-4.882390"/>
      <trkpt lat="43.442940" lon="-4.882160"/>
      <trkpt lat="43.442770" lon="-4.881520"/>
      <trkpt lat="43.442090" lon="-4.878880"/>
      <trkpt lat="43.441530" lon="-4.876580"/>
      <trkpt lat="43.441440" lon="-4.876240"/>
      <trkpt lat="43.441210" lon="-4.875440"/>
      <trkpt lat="43.441010" lon="-4.874870"/>
      <trkpt lat="43.440760" lon="-4.874380"/>
      <trkpt lat="43.440390" lon="-4.873760"/>
      <trkpt lat="43.440100" lon="-4.873360"/>
      <trkpt lat="43.439870" lon="-4.873100"/>
      <trkpt lat="43.439640" lon="-4.872890"/>
      <trkpt lat="43.439350" lon="-4.872660"/>
      <trkpt lat="43.438890" lon="-4.872350"/>
      <trkpt lat="43.437740" lon="-4.871570"/>
      <trkpt lat="43.436050" lon="-4.870420"/>
      <trkpt lat="43.435040" lon="-4.869730"/>
      <trkpt lat="43.434710" lon="-4.869520"/>
      <trkpt lat="43.434410" lon="-4.869280"/>
      <trkpt lat="43.433800" lon="-4.868790"/>
      <trkpt lat="43.433250" lon="-4.868220"/>
      <trkpt lat="43.432800" lon="-4.867600"/>
      <trkpt lat="43.432440" lon="-4.866930"/>
      <trkpt lat="43.432210" lon="-4.866400"/>
      <trkpt lat="43.431990" lon="-4.865750"/>
      <trkpt lat="43.431840" lon="-4.865110"/>
      <trkpt lat="43.431740" lon="-4.864520"/>
      <trkpt lat="43.431690" lon="-4.863840"/>
      <trkpt lat="43.431680" lon="-4.863470"/>
      <trkpt lat="43.431690" lon="-4.862860"/>
      <trkpt lat="43.431770" lon="-4.861730"/>
      <trkpt lat="43.431840" lon="-4.861100"/>
      <trkpt lat="43.431950" lon="-4.859970"/>
      <trkpt lat="43.432030" lon="-4.859030"/>
      <trkpt lat="43.432040" lon="-4.858920"/>
      <trkpt lat="43.432100" lon="-4.857940"/>
      <trkpt lat="43.432130" lon="-4.856930"/>
      <trkpt lat="43.432140" lon="-4.855970"/>
      <trkpt lat="43.432110" lon="-4.855110"/>
      <trkpt lat="43.432060" lon="-4.854380"/>
      <trkpt lat="43.431920" lon="-4.853090"/>
      <trkpt lat="43.431750" lon="-4.851990"/>
      <trkpt lat="43.431480" lon="-4.850610"/>
      <trkpt lat="43.430970" lon="-4.848700"/>
      <trkpt lat="43.430380" lon="-4.846860"/>
      <trkpt lat="43.429980" lon="-4.845670"/>
      <trkpt lat="43.429180" lon="-4.843360"/>
      <trkpt lat="43.428550" lon="-4.841530"/>
      <trkpt lat="43.428390" lon="-4.840950"/>
      <trkpt lat="43.428220" lon="-4.840170"/>
      <trkpt lat="43.428100" lon="-4.839410"/>
      <trkpt lat="43.428040" lon="-4.838530"/>
      <trkpt lat="43.428050" lon="-4.837690"/>
      <trkpt lat="43.428110" lon="-4.836870"/>
      <trkpt lat="43.428190" lon="-4.836140"/>
      <trkpt lat="43.428380" lon="-4.834740"/>
      <trkpt lat="43.428390" lon="-4.834680"/>
      <trkpt lat="43.428560" lon="-4.833290"/>
      <trkpt lat="43.428620" lon="-4.832760"/>
      <trkpt lat="43.428650" lon="-4.832420"/>
      <trkpt lat="43.428670" lon="-4.832040"/>
      <trkpt lat="43.428670" lon="-4.831430"/>
      <trkpt lat="43.428630" lon="-4.830700"/>
      <trkpt lat="43.428510" lon="-4.829830"/>
      <trkpt lat="43.428350" lon="-4.829110"/>
      <trkpt lat="43.428150" lon="-4.828420"/>
      <trkpt lat="43.427740" lon="-4.827170"/>
      <trkpt lat="43.427030" lon="-4.825130"/>
      <trkpt lat="43.426790" lon="-4.824490"/>
      <trkpt lat="43.426760" lon="-4.824400"/>
      <trkpt lat="43.426550" lon="-4.823920"/>
      <trkpt lat="43.426320" lon="-4.823440"/>
      <trkpt lat="43.426180" lon="-4.823160"/>
      <trkpt lat="43.425810" lon="-4.822410"/>
      <trkpt lat="43.425690" lon="-4.822170"/>
      <trkpt lat="43.425430" lon="-4.821600"/>
      <trkpt lat="43.425200" lon="-4.821050"/>
      <trkpt lat="43.425060" lon="-4.820590"/>
      <trkpt lat="43.424940" lon="-4.820140"/>
      <trkpt lat="43.424880" lon="-4.819880"/>
      <trkpt lat="43.424800" lon="-4.819480"/>
      <trkpt lat="43.424740" lon="-4.819120"/>
      <trkpt lat="43.424700" lon="-4.818810"/>
      <trkpt lat="43.424680" lon="-4.818450"/>
      <trkpt lat="43.424630" lon="-4.817430"/>
      <trkpt lat="43.424500" lon="-4.814610"/>
      <trkpt lat="43.424370" lon="-4.811770"/>
      <trkpt lat="43.424340" lon="-4.811300"/>
      <trkpt lat="43.424280" lon="-4.810320"/>
      <trkpt lat="43.424200" lon="-4.809690"/>
      <trkpt lat="43.424080" lon="-4.809020"/>
      <trkpt lat="43.423880" lon="-4.808000"/>
      <trkpt lat="43.423510" lon="-4.806830"/>
      <trkpt lat="43.423150" lon="-4.805720"/>
      <trkpt lat="43.422810" lon="-4.804610"/>
      <trkpt lat="43.422690" lon="-4.804030"/>
      <trkpt lat="43.422590" lon="-4.803480"/>
      <trkpt lat="43.422460" lon="-4.802320"/>
      <trkpt lat="43.422250" lon="-4.800480"/>
      <trkpt lat="43.422160" lon="-4.799810"/>
      <trkpt lat="43.422070" lon="-4.799430"/>
      <trkpt lat="43.421970" lon="-4.798990"/>
      <trkpt lat="43.421770" lon="-4.798250"/>
      <trkpt lat="43.421510" lon="-4.797530"/>
      <trkpt lat="43.421240" lon="-4.796870"/>
      <trkpt lat="43.420920" lon="-4.796240"/>
      <trkpt lat="43.420330" lon="-4.795150"/>
      <trkpt lat="43.418330" lon="-4.791910"/>
      <trkpt lat="43.417800" lon="-4.791130"/>
      <trkpt lat="43.417400" lon="-4.790600"/>
      <trkpt lat="43.417230" lon="-4.790370"/>
      <trkpt lat="43.416660" lon="-4.789630"/>
      <trkpt lat="43.416190" lon="-4.789040"/>
      <trkpt lat="43.415140" lon="-4.787690"/>
      <trkpt lat="43.414590" lon="-4.786980"/>
      <trkpt lat="43.414090" lon="-4.786310"/>
      <trkpt lat="43.413690" lon="-4.785720"/>
      <trkpt lat="43.413320" lon="-4.785090"/>
      <trkpt lat="43.412830" lon="-4.784150"/>
      <trkpt lat="43.412510" lon="-4.783360"/>
      <trkpt lat="43.412230" lon="-4.782520"/>
      <trkpt lat="43.412000" lon="-4.781670"/>
      <trkpt lat="43.411780" lon="-4.780790"/>
      <trkpt lat="43.411560" lon="-4.779640"/>
      <trkpt lat="43.411550" lon="-4.779550"/>
      <trkpt lat="43.411210" lon="-4.777910"/>
      <trkpt lat="43.411070" lon="-4.777190"/>
      <trkpt lat="43.410650" lon="-4.775230"/>
      <trkpt lat="43.410470" lon="-4.774510"/>
      <trkpt lat="43.410290" lon="-4.773900"/>
      <trkpt lat="43.410040" lon="-4.773110"/>
      <trkpt lat="43.409740" lon="-4.772200"/>
      <trkpt lat="43.409410" lon="-4.771320"/>
      <trkpt lat="43.408820" lon="-4.769870"/>
      <trkpt lat="43.407580" lon="-4.766910"/>
      <trkpt lat="43.407150" lon="-4.765880"/>
      <trkpt lat="43.407010" lon="-4.765520"/>
      <trkpt lat="43.406970" lon="-4.765420"/>
      <trkpt lat="43.406900" lon="-4.765240"/>
      <trkpt lat="43.406750" lon="-4.764860"/>
      <trkpt lat="43.406470" lon="-4.764230"/>
      <trkpt lat="43.406390" lon="-4.764020"/>
      <trkpt lat="43.405640" lon="-4.762410"/>
      <trkpt lat="43.405440" lon="-4.761970"/>
      <trkpt lat="43.405120" lon="-4.761280"/>
      <trkpt lat="43.404910" lon="-4.760660"/>
      <trkpt lat="43.404840" lon="-4.760480"/>
      <trkpt lat="43.404760" lon="-4.760430"/>
      <trkpt lat="43.404680" lon="-4.760380"/>
      <trkpt lat="43.404630" lon="-4.760400"/>
      <trkpt lat="43.404580" lon="-4.760400"/>
      <trkpt lat="43.404530" lon="-4.760380"/>
      <trkpt lat="43.404480" lon="-4.760330"/>
      <trkpt lat="43.404450" lon="-4.760260"/>
      <trkpt lat="43.404430" lon="-4.760180"/>
      <trkpt lat="43.404430" lon="-4.760120"/>
      <trkpt lat="43.404440" lon="-4.760050"/>
      <trkpt lat="43.404470" lon="-4.760000"/>
      <trkpt lat="43.404510" lon="-4.759950"/>
      <trkpt lat="43.404540" lon="-4.759920"/>
      <trkpt lat="43.404590" lon="-4.759910"/>
      <trkpt lat="43.404640" lon="-4.759910"/>
      <trkpt lat="43.404680" lon="-4.759930"/>
      <trkpt lat="43.404720" lon="-4.759960"/>
      <trkpt lat="43.404760" lon="-4.760010"/>
      <trkpt lat="43.404880" lon="-4.759970"/>
      <trkpt lat="43.405230" lon="-4.759800"/>
      <trkpt lat="43.405370" lon="-4.759680"/>
      <trkpt lat="43.405400" lon="-4.759580"/>
      <trkpt lat="43.405450" lon="-4.759510"/>
      <trkpt lat="43.405510" lon="-4.759480"/>
      <trkpt lat="43.405560" lon="-4.759470"/>
      <trkpt lat="43.405610" lon="-4.759490"/>
      <trkpt lat="43.405660" lon="-4.759530"/>
      <trkpt lat="43.405700" lon="-4.759590"/>
      <trkpt lat="43.405830" lon="-4.759490"/>
      <trkpt lat="43.405950" lon="-4.759410"/>
      <trkpt lat="43.406100" lon="-4.759310"/>
      <trkpt lat="43.406210" lon="-4.759250"/>
      <trkpt lat="43.406360" lon="-4.759170"/>
      <trkpt lat="43.407120" lon="-4.758620"/>
      <trkpt lat="43.407200" lon="-4.758560"/>
      <trkpt lat="43.407470" lon="-4.758390"/>
      <trkpt lat="43.408390" lon="-4.757730"/>
      <trkpt lat="43.409230" lon="-4.757130"/>
      <trkpt lat="43.409710" lon="-4.756690"/>
      <trkpt lat="43.409870" lon="-4.756530"/>
      <trkpt lat="43.409930" lon="-4.756460"/>
      <trkpt lat="43.411450" lon="-4.754810"/>
      <trkpt lat="43.411540" lon="-4.754720"/>
      <trkpt lat="43.411610" lon="-4.754640"/>
      <trkpt lat="43.411710" lon="-4.754530"/>
      <trkpt lat="43.411850" lon="-4.754380"/>
      <trkpt lat="43.412440" lon="-4.753730"/>
      <trkpt lat="43.412620" lon="-4.753540"/>
      <trkpt lat="43.412670" lon="-4.753480"/>
      <trkpt lat="43.413080" lon="-4.753040"/>
      <trkpt lat="43.413140" lon="-4.752940"/>
      <trkpt lat="43.413190" lon="-4.752870"/>
      <trkpt lat="43.413230" lon="-4.752810"/>
      <trkpt lat="43.413270" lon="-4.752730"/>
      <trkpt lat="43.413290" lon="-4.752680"/>
      <trkpt lat="43.413300" lon="-4.752620"/>
      <trkpt lat="43.413330" lon="-4.752560"/>
      <trkpt lat="43.413370" lon="-4.752520"/>
      <trkpt lat="43.413410" lon="-4.752490"/>
      <trkpt lat="43.413460" lon="-4.752480"/>
      <trkpt lat="43.413510" lon="-4.752490"/>
      <trkpt lat="43.413540" lon="-4.752510"/>
      <trkpt lat="43.413680" lon="-4.752530"/>
      <trkpt lat="43.413870" lon="-4.752560"/>
      <trkpt lat="43.414050" lon="-4.752600"/>
      <trkpt lat="43.414950" lon="-4.752970"/>
      <trkpt lat="43.415030" lon="-4.753010"/>
      <trkpt lat="43.415040" lon="-4.752990"/>
      <trkpt lat="43.415060" lon="-4.752970"/>
      <trkpt lat="43.415070" lon="-4.752960"/>
      <trkpt lat="43.415090" lon="-4.752960"/>
      <trkpt lat="43.415110" lon="-4.752970"/>
      <trkpt lat="43.415120" lon="-4.752980"/>
      <trkpt lat="43.415130" lon="-4.753000"/>
      <trkpt lat="43.415140" lon="-4.753030"/>
      <trkpt lat="43.415140" lon="-4.753050"/>
      <trkpt lat="43.415170" lon="-4.753070"/>
      <trkpt lat="43.415270" lon="-4.753090"/>
      <trkpt lat="43.415320" lon="-4.753100"/>
      <trkpt lat="43.416470" lon="-4.753560"/>
      <trkpt lat="43.416770" lon="-4.753650"/>
      <trkpt lat="43.416820" lon="-4.753650"/>
      <trkpt lat="43.416850" lon="-4.753680"/>
      <trkpt lat="43.416880" lon="-4.753720"/>
      <trkpt lat="43.417100" lon="-4.753660"/>
      <trkpt lat="43.417330" lon="-4.753640"/>
      <trkpt lat="43.417900" lon="-4.753600"/>
      <trkpt lat="43.418500" lon="-4.753550"/>
      <trkpt lat="43.418590" lon="-4.753560"/>
      <trkpt lat="43.419000" lon="-4.753810"/>
      <trkpt lat="43.419030" lon="-4.753830"/>
      <trkpt lat="43.419170" lon="-4.753950"/>
      <trkpt lat="43.419240" lon="-4.754010"/>
      <trkpt lat="43.419470" lon="-4.754200"/>
      <trkpt lat="43.419500" lon="-4.754230"/>
      <trkpt lat="43.419620" lon="-4.754340"/>
      <trkpt lat="43.419680" lon="-4.754430"/>
      <trkpt lat="43.419700" lon="-4.754490"/>
      <trkpt lat="43.419760" lon="-4.754650"/>
      <trkpt lat="43.419820" lon="-4.754740"/>
      <trkpt lat="43.419850" lon="-4.754780"/>
      <trkpt lat="43.419900" lon="-4.754830"/>
      <trkpt lat="43.419960" lon="-4.754870"/>
      <trkpt lat="43.420010" lon="-4.754880"/>
      <trkpt lat="43.420060" lon="-4.754880"/>
      <trkpt lat="43.420180" lon="-4.754890"/>
      <trkpt lat="43.420400" lon="-4.754890"/>
      <trkpt lat="43.420370" lon="-4.755050"/>
      <trkpt lat="43.420360" lon="-4.755090"/>
      <trkpt lat="43.420320" lon="-4.755210"/>
      <trkpt lat="43.420290" lon="-4.755280"/>
      <trkpt lat="43.420280" lon="-4.755300"/>
      <trkpt lat="43.420230" lon="-4.755380"/>
      <trkpt lat="43.420130" lon="-4.755500"/>
      <trkpt lat="43.420110" lon="-4.755530"/>
      <trkpt lat="43.420090" lon="-4.755570"/>
      <trkpt lat="43.420090" lon="-4.755570"/>
      <trkpt lat="43.420030" lon="-4.755700"/>
      <trkpt lat="43.419950" lon="-4.755870"/>
      <trkpt lat="43.419890" lon="-4.756080"/>
      <trkpt lat="43.419870" lon="-4.756180"/>
      <trkpt lat="43.419950" lon="-4.756380"/>
      <trkpt lat="43.419970" lon="-4.756480"/>
      <trkpt lat="43.420190" lon="-4.756870"/>
      <trkpt lat="43.420120" lon="-4.756910"/>
      <trkpt lat="43.419730" lon="-4.757130"/>
      <trkpt lat="43.419520" lon="-4.757240"/>
      <trkpt lat="43.418990" lon="-4.757300"/>
      <trkpt lat="43.418910" lon="-4.757290"/>
      <trkpt lat="43.418660" lon="-4.757150"/>
      <trkpt lat="43.418530" lon="-4.757090"/>
      <trkpt lat="43.418420" lon="-4.757000"/>
      <trkpt lat="43.418300" lon="-4.756850"/>
      <trkpt lat="43.418210" lon="-4.756770"/>
      <trkpt lat="43.418130" lon="-4.756690"/>
      <trkpt lat="43.418050" lon="-4.756640"/>
      <trkpt lat="43.417960" lon="-4.756600"/>
      <trkpt lat="43.417780" lon="-4.756530"/>
      <trkpt lat="43.417640" lon="-4.756470"/>
      <trkpt lat="43.417380" lon="-4.756360"/>
      <trkpt lat="43.417230" lon="-4.756310"/>
      <trkpt lat="43.417080" lon="-4.756280"/>
      <trkpt lat="43.416940" lon="-4.756290"/>
      <trkpt lat="43.416810" lon="-4.756340"/>
      <trkpt lat="43.416740" lon="-4.756370"/>
      <trkpt lat="43.416670" lon="-4.756420"/>
      <trkpt lat="43.416560" lon="-4.756560"/>
      <trkpt lat="43.416330" lon="-4.756850"/>
      <trkpt lat="43.416110" lon="-4.757080"/>
      <trkpt lat="43.415860" lon="-4.757350"/>
      <trkpt lat="43.415670" lon="-4.757570"/>
      <trkpt lat="43.415550" lon="-4.757710"/>
      <trkpt lat="43.415500" lon="-4.757900"/>
      <trkpt lat="43.415460" lon="-4.758000"/>
      <trkpt lat="43.415380" lon="-4.758060"/>
      <trkpt lat="43.415260" lon="-4.758050"/>
      <trkpt lat="43.415240" lon="-4.758030"/>
      <trkpt lat="43.415220" lon="-4.758010"/>
      <trkpt lat="43.415200" lon="-4.757990"/>
      <trkpt lat="43.415160" lon="-4.757910"/>
      <trkpt lat="43.415160" lon="-4.757870"/>
      <trkpt lat="43.415150" lon="-4.757820"/>
      <trkpt lat="43.415160" lon="-4.757740"/>
      <trkpt lat="43.415130" lon="-4.757660"/>
      <trkpt lat="43.415110" lon="-4.757600"/>
      <trkpt lat="43.415070" lon="-4.757520"/>
      <trkpt lat="43.414950" lon="-4.757340"/>
      <trkpt lat="43.414690" lon="-4.756790"/>
      <trkpt lat="43.414490" lon="-4.756270"/>
      <trkpt lat="43.414380" lon="-4.755940"/>
      <trkpt lat="43.414310" lon="-4.755630"/>
      <trkpt lat="43.414030" lon="-4.754570"/>
      <trkpt lat="43.414010" lon="-4.754470"/>
      <trkpt lat="43.413950" lon="-4.754260"/>
      <trkpt lat="43.413880" lon="-4.754060"/>
      <trkpt lat="43.413740" lon="-4.753780"/>
      <trkpt lat="43.413620" lon="-4.753560"/>
      <trkpt lat="43.413610" lon="-4.753500"/>
      <trkpt lat="43.413550" lon="-4.753340"/>
      <trkpt lat="43.413520" lon="-4.753200"/>
      <trkpt lat="43.413490" lon="-4.753110"/>
      <trkpt lat="43.413450" lon="-4.753030"/>
      <trkpt lat="43.413400" lon="-4.752950"/>
      <trkpt lat="43.413390" lon="-4.752920"/>
      <trkpt lat="43.413340" lon="-4.752880"/>
      <trkpt lat="43.413290" lon="-4.752900"/>
      <trkpt lat="43.413160" lon="-4.752960"/>
      <trkpt lat="43.413080" lon="-4.753040"/>
      <trkpt lat="43.412670" lon="-4.753480"/>
      <trkpt lat="43.412620" lon="-4.753540"/>
      <trkpt lat="43.412440" lon="-4.753730"/>
      <trkpt lat="43.411850" lon="-4.754380"/>
      <trkpt lat="43.411710" lon="-4.754530"/>
      <trkpt lat="43.411610" lon="-4.754640"/>
      <trkpt lat="43.411540" lon="-4.754720"/>
      <trkpt lat="43.411450" lon="-4.754810"/>
      <trkpt lat="43.409930" lon="-4.756460"/>
      <trkpt lat="43.409870" lon="-4.756530"/>
      <trkpt lat="43.409710" lon="-4.756690"/>
      <trkpt lat="43.409230" lon="-4.757130"/>
      <trkpt lat="43.408390" lon="-4.757730"/>
      <trkpt lat="43.407470" lon="-4.758390"/>
      <trkpt lat="43.407200" lon="-4.758560"/>
      <trkpt lat="43.407120" lon="-4.758620"/>
      <trkpt lat="43.406360" lon="-4.759170"/>
      <trkpt lat="43.406210" lon="-4.759250"/>
      <trkpt lat="43.406100" lon="-4.759310"/>
      <trkpt lat="43.405950" lon="-4.759410"/>
      <trkpt lat="43.405830" lon="-4.759490"/>
      <trkpt lat="43.405700" lon="-4.759590"/>
      <trkpt lat="43.405720" lon="-4.759680"/>
      <trkpt lat="43.405720" lon="-4.759760"/>
      <trkpt lat="43.405690" lon="-4.759850"/>
      <trkpt lat="43.405650" lon="-4.759910"/>
      <trkpt lat="43.405590" lon="-4.759950"/>
      <trkpt lat="43.405500" lon="-4.760090"/>
      <trkpt lat="43.405470" lon="-4.760220"/>
      <trkpt lat="43.405460" lon="-4.760380"/>
      <trkpt lat="43.405480" lon="-4.760520"/>
      <trkpt lat="43.405740" lon="-4.761410"/>
      <trkpt lat="43.406480" lon="-4.763840"/>
      <trkpt lat="43.406720" lon="-4.764420"/>
      <trkpt lat="43.407020" lon="-4.765120"/>
      <trkpt lat="43.407300" lon="-4.765770"/>
      <trkpt lat="43.407750" lon="-4.766780"/>
      <trkpt lat="43.407910" lon="-4.767140"/>
      <trkpt lat="43.408430" lon="-4.768480"/>
      <trkpt lat="43.409480" lon="-4.770990"/>
      <trkpt lat="43.409970" lon="-4.772270"/>
      <trkpt lat="43.410370" lon="-4.773590"/>
      <trkpt lat="43.410610" lon="-4.774420"/>
      <trkpt lat="43.410800" lon="-4.775130"/>
      <trkpt lat="43.411060" lon="-4.776250"/>
      <trkpt lat="43.411240" lon="-4.777200"/>
      <trkpt lat="43.411370" lon="-4.777820"/>
      <trkpt lat="43.411660" lon="-4.779230"/>
      <trkpt lat="43.411730" lon="-4.779560"/>
      <trkpt lat="43.411800" lon="-4.779960"/>
      <trkpt lat="43.411950" lon="-4.780650"/>
      <trkpt lat="43.412140" lon="-4.781520"/>
      <trkpt lat="43.412360" lon="-4.782350"/>
      <trkpt lat="43.412640" lon="-4.783200"/>
      <trkpt lat="43.412970" lon="-4.783970"/>
      <trkpt lat="43.413460" lon="-4.784970"/>
      <trkpt lat="43.413820" lon="-4.785600"/>
      <trkpt lat="43.414220" lon="-4.786180"/>
      <trkpt lat="43.414710" lon="-4.786820"/>
      <trkpt lat="43.415230" lon="-4.787500"/>
      <trkpt lat="43.416320" lon="-4.788870"/>
      <trkpt lat="43.416760" lon="-4.789450"/>
      <trkpt lat="43.417310" lon="-4.790150"/>
      <trkpt lat="43.417470" lon="-4.790360"/>
      <trkpt lat="43.417900" lon="-4.790950"/>
      <trkpt lat="43.418500" lon="-4.791840"/>
      <trkpt lat="43.420400" lon="-4.794910"/>
      <trkpt lat="43.421100" lon="-4.796140"/>
      <trkpt lat="43.421390" lon="-4.796760"/>
      <trkpt lat="43.421690" lon="-4.797440"/>
      <trkpt lat="43.421910" lon="-4.798070"/>
      <trkpt lat="43.422080" lon="-4.798730"/>
      <trkpt lat="43.422230" lon="-4.799340"/>
      <trkpt lat="43.422340" lon="-4.799830"/>
      <trkpt lat="43.422460" lon="-4.800670"/>
      <trkpt lat="43.422620" lon="-4.802180"/>
      <trkpt lat="43.422720" lon="-4.803170"/>
      <trkpt lat="43.422850" lon="-4.804000"/>
      <trkpt lat="43.423060" lon="-4.804830"/>
      <trkpt lat="43.423370" lon="-4.805830"/>
      <trkpt lat="43.423750" lon="-4.806930"/>
      <trkpt lat="43.424100" lon="-4.808110"/>
      <trkpt lat="43.424320" lon="-4.809180"/>
      <trkpt lat="43.424440" lon="-4.810020"/>
      <trkpt lat="43.424480" lon="-4.810670"/>
      <trkpt lat="43.424520" lon="-4.811290"/>
      <trkpt lat="43.424550" lon="-4.811750"/>
      <trkpt lat="43.424670" lon="-4.814540"/>
      <trkpt lat="43.424800" lon="-4.817580"/>
      <trkpt lat="43.424820" lon="-4.818100"/>
      <trkpt lat="43.424880" lon="-4.818760"/>
      <trkpt lat="43.424930" lon="-4.819220"/>
      <trkpt lat="43.425010" lon="-4.819660"/>
      <trkpt lat="43.425100" lon="-4.820100"/>
      <trkpt lat="43.425220" lon="-4.820540"/>
      <trkpt lat="43.425340" lon="-4.820910"/>
      <trkpt lat="43.425490" lon="-4.821350"/>
      <trkpt lat="43.425670" lon="-4.821720"/>
      <trkpt lat="43.425820" lon="-4.822050"/>
      <trkpt lat="43.426310" lon="-4.822990"/>
      <trkpt lat="43.426490" lon="-4.823340"/>
      <trkpt lat="43.426840" lon="-4.824140"/>
      <trkpt lat="43.426910" lon="-4.824320"/>
      <trkpt lat="43.427270" lon="-4.825290"/>
      <trkpt lat="43.427580" lon="-4.826170"/>
      <trkpt lat="43.427860" lon="-4.826990"/>
      <trkpt lat="43.428590" lon="-4.829130"/>
      <trkpt lat="43.428840" lon="-4.829940"/>
      <trkpt lat="43.429000" lon="-4.830790"/>
      <trkpt lat="43.429090" lon="-4.831500"/>
      <trkpt lat="43.429120" lon="-4.831950"/>
      <trkpt lat="43.429140" lon="-4.832350"/>
      <trkpt lat="43.429130" lon="-4.832790"/>
      <trkpt lat="43.429110" lon="-4.833290"/>
      <trkpt lat="43.428960" lon="-4.834890"/>
      <trkpt lat="43.428940" lon="-4.835090"/>
      <trkpt lat="43.428830" lon="-4.837470"/>
      <trkpt lat="43.428840" lon="-4.839270"/>
      <trkpt lat="43.428920" lon="-4.840990"/>
      <trkpt lat="43.428990" lon="-4.841690"/>
      <trkpt lat="43.429110" lon="-4.842420"/>
      <trkpt lat="43.429300" lon="-4.843160"/>
      <trkpt lat="43.430140" lon="-4.845610"/>
      <trkpt lat="43.430530" lon="-4.846760"/>
      <trkpt lat="43.431130" lon="-4.848660"/>
      <trkpt lat="43.431640" lon="-4.850580"/>
      <trkpt lat="43.431850" lon="-4.851550"/>
      <trkpt lat="43.432010" lon="-4.852540"/>
      <trkpt lat="43.432120" lon="-4.853360"/>
      <trkpt lat="43.432230" lon="-4.854570"/>
      <trkpt lat="43.432300" lon="-4.856050"/>
      <trkpt lat="43.432300" lon="-4.856990"/>
      <trkpt lat="43.432210" lon="-4.858880"/>
      <trkpt lat="43.432190" lon="-4.859050"/>
      <trkpt lat="43.431940" lon="-4.861720"/>
      <trkpt lat="43.431870" lon="-4.862580"/>
      <trkpt lat="43.431840" lon="-4.863210"/>
      <trkpt lat="43.431850" lon="-4.863820"/>
      <trkpt lat="43.431890" lon="-4.864350"/>
      <trkpt lat="43.431950" lon="-4.864810"/>
      <trkpt lat="43.432050" lon="-4.865270"/>
      <trkpt lat="43.432170" lon="-4.865740"/>
      <trkpt lat="43.432340" lon="-4.866260"/>
      <trkpt lat="43.432540" lon="-4.866730"/>
      <trkpt lat="43.432880" lon="-4.867380"/>
      <trkpt lat="43.433330" lon="-4.868010"/>
      <trkpt lat="43.433920" lon="-4.868620"/>
      <trkpt lat="43.434520" lon="-4.869110"/>
      <trkpt lat="43.434800" lon="-4.869300"/>
      <trkpt lat="43.435140" lon="-4.869550"/>
      <trkpt lat="43.436310" lon="-4.870360"/>
      <trkpt lat="43.438230" lon="-4.871660"/>
      <trkpt lat="43.438940" lon="-4.872160"/>
      <trkpt lat="43.439410" lon="-4.872500"/>
      <trkpt lat="43.439690" lon="-4.872750"/>
      <trkpt lat="43.439920" lon="-4.872980"/>
      <trkpt lat="43.440160" lon="-4.873240"/>
      <trkpt lat="43.440470" lon="-4.873650"/>
      <trkpt lat="43.440850" lon="-4.874270"/>
      <trkpt lat="43.441100" lon="-4.874790"/>
      <trkpt lat="43.441320" lon="-4.875380"/>
      <trkpt lat="43.441580" lon="-4.876180"/>
      <trkpt lat="43.441660" lon="-4.876530"/>
      <trkpt lat="43.442220" lon="-4.878690"/>
      <trkpt lat="43.442860" lon="-4.881160"/>
      <trkpt lat="43.443060" lon="-4.881930"/>
      <trkpt lat="43.443330" lon="-4.882970"/>
      <trkpt lat="43.443840" lon="-4.884920"/>
      <trkpt lat="43.443990" lon="-4.885640"/>
      <trkpt lat="43.444110" lon="-4.886340"/>
      <trkpt lat="43.444200" lon="-4.887140"/>
      <trkpt lat="43.444250" lon="-4.887900"/>
      <trkpt lat="43.444280" lon="-4.888400"/>
      <trkpt lat="43.444290" lon="-4.888910"/>
      <trkpt lat="43.444370" lon="-4.890480"/>
      <trkpt lat="43.444420" lon="-4.891990"/>
      <trkpt lat="43.444470" lon="-4.893320"/>
      <trkpt lat="43.444540" lon="-4.895160"/>
      <trkpt lat="43.444550" lon="-4.895330"/>
      <trkpt lat="43.444580" lon="-4.896010"/>
      <trkpt lat="43.444570" lon="-4.897360"/>
      <trkpt lat="43.444550" lon="-4.898200"/>
      <trkpt lat="43.444510" lon="-4.899010"/>
      <trkpt lat="43.444440" lon="-4.899920"/>
      <trkpt lat="43.444350" lon="-4.900680"/>
      <trkpt lat="43.444350" lon="-4.900730"/>
      <trkpt lat="43.444000" lon="-4.903290"/>
      <trkpt lat="43.443920" lon="-4.903840"/>
      <trkpt lat="43.443800" lon="-4.904760"/>
      <trkpt lat="43.443720" lon="-4.905580"/>
      <trkpt lat="43.443650" lon="-4.906470"/>
      <trkpt lat="43.443610" lon="-4.907390"/>
      <trkpt lat="43.443610" lon="-4.908360"/>
      <trkpt lat="43.443660" lon="-4.909630"/>
      <trkpt lat="43.443810" lon="-4.910980"/>
      <trkpt lat="43.443910" lon="-4.911740"/>
      <trkpt lat="43.444050" lon="-4.912470"/>
      <trkpt lat="43.444130" lon="-4.912850"/>
      <trkpt lat="43.444410" lon="-4.914080"/>
      <trkpt lat="43.444790" lon="-4.915700"/>
      <trkpt lat="43.445080" lon="-4.917040"/>
      <trkpt lat="43.445230" lon="-4.917820"/>
      <trkpt lat="43.445350" lon="-4.918620"/>
      <trkpt lat="43.445440" lon="-4.919440"/>
      <trkpt lat="43.445510" lon="-4.920410"/>
      <trkpt lat="43.445540" lon="-4.921350"/>
      <trkpt lat="43.445540" lon="-4.922170"/>
      <trkpt lat="43.445510" lon="-4.923000"/>
      <trkpt lat="43.445440" lon="-4.923910"/>
      <trkpt lat="43.445330" lon="-4.924900"/>
      <trkpt lat="43.445310" lon="-4.925090"/>
      <trkpt lat="43.445140" lon="-4.926400"/>
      <trkpt lat="43.444810" lon="-4.928920"/>
      <trkpt lat="43.444440" lon="-4.931570"/>
      <trkpt lat="43.444300" lon="-4.932680"/>
      <trkpt lat="43.444160" lon="-4.933790"/>
      <trkpt lat="43.444070" lon="-4.934600"/>
      <trkpt lat="43.444000" lon="-4.935580"/>
      <trkpt lat="43.443940" lon="-4.936600"/>
      <trkpt lat="43.443920" lon="-4.937040"/>
      <trkpt lat="43.443830" lon="-4.938630"/>
      <trkpt lat="43.443770" lon="-4.939630"/>
      <trkpt lat="43.443730" lon="-4.940190"/>
      <trkpt lat="43.443680" lon="-4.940680"/>
      <trkpt lat="43.443570" lon="-4.941640"/>
      <trkpt lat="43.443400" lon="-4.942700"/>
      <trkpt lat="43.443210" lon="-4.943710"/>
      <trkpt lat="43.442900" lon="-4.945050"/>
      <trkpt lat="43.442560" lon="-4.946320"/>
      <trkpt lat="43.442180" lon="-4.947620"/>
      <trkpt lat="43.441780" lon="-4.948970"/>
      <trkpt lat="43.441760" lon="-4.949050"/>
      <trkpt lat="43.441020" lon="-4.951640"/>
      <trkpt lat="43.440760" lon="-4.952760"/>
      <trkpt lat="43.440500" lon="-4.954020"/>
      <trkpt lat="43.440310" lon="-4.955370"/>
      <trkpt lat="43.440140" lon="-4.956760"/>
      <trkpt lat="43.440060" lon="-4.957710"/>
      <trkpt lat="43.439940" lon="-4.958820"/>
      <trkpt lat="43.439720" lon="-4.961010"/>
      <trkpt lat="43.439710" lon="-4.961090"/>
      <trkpt lat="43.439620" lon="-4.962010"/>
      <trkpt lat="43.439500" lon="-4.963270"/>
      <trkpt lat="43.439360" lon="-4.964650"/>
      <trkpt lat="43.439110" lon="-4.967150"/>
      <trkpt lat="43.438820" lon="-4.970080"/>
      <trkpt lat="43.438580" lon="-4.973000"/>
      <trkpt lat="43.438560" lon="-4.973210"/>
      <trkpt lat="43.438190" lon="-4.978820"/>
      <trkpt lat="43.438050" lon="-4.981070"/>
      <trkpt lat="43.437960" lon="-4.982440"/>
      <trkpt lat="43.437830" lon="-4.984030"/>
      <trkpt lat="43.437670" lon="-4.985440"/>
      <trkpt lat="43.437640" lon="-4.985690"/>
      <trkpt lat="43.437410" lon="-4.987140"/>
      <trkpt lat="43.437190" lon="-4.988260"/>
      <trkpt lat="43.436940" lon="-4.989350"/>
      <trkpt lat="43.436750" lon="-4.990040"/>
      <trkpt lat="43.436550" lon="-4.990710"/>
      <trkpt lat="43.436360" lon="-4.991320"/>
      <trkpt lat="43.435920" lon="-4.992690"/>
      <trkpt lat="43.435370" lon="-4.994300"/>
      <trkpt lat="43.435070" lon="-4.995400"/>
      <trkpt lat="43.434960" lon="-4.995980"/>
      <trkpt lat="43.434880" lon="-4.996620"/>
      <trkpt lat="43.434850" lon="-4.997080"/>
      <trkpt lat="43.434840" lon="-4.997360"/>
      <trkpt lat="43.434840" lon="-4.997840"/>
      <trkpt lat="43.434870" lon="-4.998390"/>
      <trkpt lat="43.434910" lon="-4.998760"/>
      <trkpt lat="43.435120" lon="-5.000030"/>
      <trkpt lat="43.435400" lon="-5.001220"/>
      <trkpt lat="43.435640" lon="-5.002260"/>
      <trkpt lat="43.435880" lon="-5.003330"/>
      <trkpt lat="43.436060" lon="-5.004280"/>
      <trkpt lat="43.436180" lon="-5.005220"/>
      <trkpt lat="43.436280" lon="-5.006150"/>
      <trkpt lat="43.436370" lon="-5.007280"/>
      <trkpt lat="43.436390" lon="-5.007800"/>
      <trkpt lat="43.436430" lon="-5.008360"/>
      <trkpt lat="43.436480" lon="-5.009250"/>
      <trkpt lat="43.436490" lon="-5.009460"/>
      <trkpt lat="43.436560" lon="-5.010530"/>
      <trkpt lat="43.436660" lon="-5.011810"/>
      <trkpt lat="43.436780" lon="-5.012940"/>
      <trkpt lat="43.436940" lon="-5.014030"/>
      <trkpt lat="43.437170" lon="-5.015430"/>
      <trkpt lat="43.437460" lon="-5.016810"/>
      <trkpt lat="43.437800" lon="-5.018220"/>
      <trkpt lat="43.438180" lon="-5.019570"/>
      <trkpt lat="43.438600" lon="-5.020990"/>
      <trkpt lat="43.438920" lon="-5.022130"/>
      <trkpt lat="43.439230" lon="-5.023410"/>
      <trkpt lat="43.439450" lon="-5.024530"/>
      <trkpt lat="43.439550" lon="-5.025360"/>
      <trkpt lat="43.439620" lon="-5.026160"/>
      <trkpt lat="43.439930" lon="-5.031460"/>
      <trkpt lat="43.439990" lon="-5.032640"/>
      <trkpt lat="43.440000" lon="-5.033350"/>
      <trkpt lat="43.440010" lon="-5.033830"/>
      <trkpt lat="43.440000" lon="-5.034580"/>
      <trkpt lat="43.439970" lon="-5.035290"/>
      <trkpt lat="43.439890" lon="-5.036220"/>
      <trkpt lat="43.439790" lon="-5.036990"/>
      <trkpt lat="43.439660" lon="-5.037770"/>
      <trkpt lat="43.439440" lon="-5.038760"/>
      <trkpt lat="43.439240" lon="-5.039540"/>
      <trkpt lat="43.439140" lon="-5.039980"/>
      <trkpt lat="43.439020" lon="-5.040390"/>
      <trkpt lat="43.438980" lon="-5.040500"/>
      <trkpt lat="43.438730" lon="-5.041220"/>
      <trkpt lat="43.438640" lon="-5.041580"/>
      <trkpt lat="43.438570" lon="-5.042000"/>
      <trkpt lat="43.438530" lon="-5.042480"/>
      <trkpt lat="43.438540" lon="-5.042920"/>
      <trkpt lat="43.438570" lon="-5.043710"/>
      <trkpt lat="43.438520" lon="-5.044080"/>
      <trkpt lat="43.438410" lon="-5.044370"/>
      <trkpt lat="43.438270" lon="-5.044570"/>
      <trkpt lat="43.438040" lon="-5.044780"/>
      <trkpt lat="43.437790" lon="-5.044970"/>
      <trkpt lat="43.437630" lon="-5.045100"/>
      <trkpt lat="43.437330" lon="-5.045430"/>
      <trkpt lat="43.437120" lon="-5.045780"/>
      <trkpt lat="43.436930" lon="-5.046170"/>
      <trkpt lat="43.436800" lon="-5.046570"/>
      <trkpt lat="43.436690" lon="-5.047090"/>
      <trkpt lat="43.436670" lon="-5.047670"/>
      <trkpt lat="43.436700" lon="-5.048190"/>
      <trkpt lat="43.436800" lon="-5.048720"/>
      <trkpt lat="43.436980" lon="-5.049320"/>
      <trkpt lat="43.437310" lon="-5.050130"/>
      <trkpt lat="43.437800" lon="-5.050990"/>
      <trkpt lat="43.438580" lon="-5.052290"/>
      <trkpt lat="43.439510" lon="-5.053830"/>
      <trkpt lat="43.439720" lon="-5.054140"/>
      <trkpt lat="43.439810" lon="-5.054270"/>
      <trkpt lat="43.439990" lon="-5.054480"/>
      <trkpt lat="43.440120" lon="-5.054610"/>
      <trkpt lat="43.440250" lon="-5.054690"/>
      <trkpt lat="43.440320" lon="-5.054670"/>
      <trkpt lat="43.440390" lon="-5.054680"/>
      <trkpt lat="43.440470" lon="-5.054720"/>
      <trkpt lat="43.440540" lon="-5.054790"/>
      <trkpt lat="43.440600" lon="-5.054890"/>
      <trkpt lat="43.440630" lon="-5.055000"/>
      <trkpt lat="43.440680" lon="-5.055060"/>
      <trkpt lat="43.440740" lon="-5.055130"/>
      <trkpt lat="43.440780" lon="-5.055170"/>
      <trkpt lat="43.440830" lon="-5.055200"/>
      <trkpt lat="43.440920" lon="-5.055240"/>
      <trkpt lat="43.440960" lon="-5.055240"/>
      <trkpt lat="43.440990" lon="-5.055230"/>
      <trkpt lat="43.441050" lon="-5.055210"/>
      <trkpt lat="43.441130" lon="-5.055180"/>
      <trkpt lat="43.441360" lon="-5.055080"/>
      <trkpt lat="43.441450" lon="-5.055040"/>
      <trkpt lat="43.441550" lon="-5.055020"/>
      <trkpt lat="43.441640" lon="-5.055000"/>
      <trkpt lat="43.441750" lon="-5.055000"/>
      <trkpt lat="43.442010" lon="-5.055000"/>
      <trkpt lat="43.442220" lon="-5.055000"/>
      <trkpt lat="43.442480" lon="-5.054960"/>
      <trkpt lat="43.442600" lon="-5.054910"/>
      <trkpt lat="43.442730" lon="-5.054840"/>
      <trkpt lat="43.442830" lon="-5.054760"/>
      <trkpt lat="43.442870" lon="-5.054720"/>
      <trkpt lat="43.443560" lon="-5.053940"/>
      <trkpt lat="43.444260" lon="-5.053220"/>
      <trkpt lat="43.444730" lon="-5.052720"/>
      <trkpt lat="43.444930" lon="-5.052520"/>
      <trkpt lat="43.445130" lon="-5.052350"/>
      <trkpt lat="43.445920" lon="-5.051810"/>
      <trkpt lat="43.446160" lon="-5.051650"/>
      <trkpt lat="43.446400" lon="-5.051520"/>
      <trkpt lat="43.446640" lon="-5.051410"/>
      <trkpt lat="43.446900" lon="-5.051310"/>
      <trkpt lat="43.447310" lon="-5.051150"/>
      <trkpt lat="43.447470" lon="-5.051110"/>
      <trkpt lat="43.447600" lon="-5.051090"/>
      <trkpt lat="43.447700" lon="-5.051100"/>
      <trkpt lat="43.447780" lon="-5.051110"/>
      <trkpt lat="43.447890" lon="-5.051160"/>
      <trkpt lat="43.448000" lon="-5.051230"/>
      <trkpt lat="43.448120" lon="-5.051340"/>
      <trkpt lat="43.448220" lon="-5.051470"/>
      <trkpt lat="43.448300" lon="-5.051630"/>
      <trkpt lat="43.448380" lon="-5.051840"/>
      <trkpt lat="43.448550" lon="-5.052390"/>
      <trkpt lat="43.448610" lon="-5.052540"/>
      <trkpt lat="43.448680" lon="-5.052710"/>
      <trkpt lat="43.448790" lon="-5.052940"/>
      <trkpt lat="43.449460" lon="-5.054190"/>
      <trkpt lat="43.449860" lon="-5.054930"/>
      <trkpt lat="43.449980" lon="-5.055150"/>
      <trkpt lat="43.450080" lon="-5.055320"/>
      <trkpt lat="43.450200" lon="-5.055480"/>
      <trkpt lat="43.450430" lon="-5.055770"/>
      <trkpt lat="43.450520" lon="-5.055930"/>
      <trkpt lat="43.450610" lon="-5.056120"/>
      <trkpt lat="43.450670" lon="-5.056280"/>
      <trkpt lat="43.450730" lon="-5.056490"/>
      <trkpt lat="43.450820" lon="-5.056710"/>
      <trkpt lat="43.450900" lon="-5.056890"/>
      <trkpt lat="43.451200" lon="-5.057420"/>
      <trkpt lat="43.451330" lon="-5.057650"/>
      <trkpt lat="43.451430" lon="-5.057800"/>
      <trkpt lat="43.451540" lon="-5.057920"/>
      <trkpt lat="43.451650" lon="-5.058030"/>
      <trkpt lat="43.451840" lon="-5.058180"/>
      <trkpt lat="43.451950" lon="-5.058260"/>
      <trkpt lat="43.452570" lon="-5.058710"/>
      <trkpt lat="43.452840" lon="-5.058940"/>
      <trkpt lat="43.453310" lon="-5.059370"/>
      <trkpt lat="43.454210" lon="-5.060310"/>
      <trkpt lat="43.454580" lon="-5.060530"/>
      <trkpt lat="43.454660" lon="-5.060560"/>
      <trkpt lat="43.454840" lon="-5.060590"/>
      <trkpt lat="43.456090" lon="-5.060630"/>
      <trkpt lat="43.456280" lon="-5.060680"/>
      <trkpt lat="43.456390" lon="-5.060720"/>
      <trkpt lat="43.456440" lon="-5.060730"/>
      <trkpt lat="43.456750" lon="-5.060850"/>
      <trkpt lat="43.457130" lon="-5.061010"/>
      <trkpt lat="43.457250" lon="-5.061060"/>
      <trkpt lat="43.457430" lon="-5.061130"/>
      <trkpt lat="43.457680" lon="-5.061230"/>
      <trkpt lat="43.457960" lon="-5.061340"/>
      <trkpt lat="43.458060" lon="-5.061370"/>
      <trkpt lat="43.458250" lon="-5.061400"/>
      <trkpt lat="43.458480" lon="-5.061380"/>
      <trkpt lat="43.458820" lon="-5.061310"/>
      <trkpt lat="43.459080" lon="-5.061260"/>
      <trkpt lat="43.459340" lon="-5.061190"/>
      <trkpt lat="43.459610" lon="-5.061120"/>
      <trkpt lat="43.459970" lon="-5.060890"/>
      <trkpt lat="43.460310" lon="-5.060680"/>
      <trkpt lat="43.460430" lon="-5.060630"/>
      <trkpt lat="43.460840" lon="-5.060510"/>
      <trkpt lat="43.460880" lon="-5.060500"/>
      <trkpt lat="43.460930" lon="-5.060480"/>
      <trkpt lat="43.461120" lon="-5.060420"/>
      <trkpt lat="43.461140" lon="-5.060420"/>
      <trkpt lat="43.461240" lon="-5.060390"/>
      <trkpt lat="43.461310" lon="-5.060390"/>
      <trkpt lat="43.461360" lon="-5.060390"/>
      <trkpt lat="43.461420" lon="-5.060330"/>
      <trkpt lat="43.461520" lon="-5.060290"/>
      <trkpt lat="43.461610" lon="-5.060270"/>
      <trkpt lat="43.461700" lon="-5.060220"/>
      <trkpt lat="43.461760" lon="-5.060090"/>
      <trkpt lat="43.461900" lon="-5.059870"/>
      <trkpt lat="43.462490" lon="-5.058950"/>
      <trkpt lat="43.462610" lon="-5.058770"/>
      <trkpt lat="43.462860" lon="-5.058370"/>
      <trkpt lat="43.463020" lon="-5.058120"/>
      <trkpt lat="43.463520" lon="-5.057320"/>
      <trkpt lat="43.463570" lon="-5.057240"/>
      <trkpt lat="43.463310" lon="-5.056980"/>
      <trkpt lat="43.463260" lon="-5.056920"/>
      <trkpt lat="43.463210" lon="-5.056870"/>
      <trkpt lat="43.463180" lon="-5.056800"/>
      <trkpt lat="43.463130" lon="-5.056640"/>
      <trkpt lat="43.462930" lon="-5.056300"/>
      <trkpt lat="43.462890" lon="-5.056280"/>
      <trkpt lat="43.462850" lon="-5.056270"/>
      <trkpt lat="43.462790" lon="-5.056270"/>
      <trkpt lat="43.462680" lon="-5.056320"/>
      <trkpt lat="43.462480" lon="-5.056400"/>
      <trkpt lat="43.462430" lon="-5.056430"/>
      <trkpt lat="43.462380" lon="-5.056480"/>
      <trkpt lat="43.462320" lon="-5.056550"/>
      <trkpt lat="43.462080" lon="-5.056920"/>
      <trkpt lat="43.461960" lon="-5.057100"/>
      <trkpt lat="43.461870" lon="-5.057240"/>
      <trkpt lat="43.461800" lon="-5.057410"/>
      <trkpt lat="43.461750" lon="-5.057560"/>
      <trkpt lat="43.461710" lon="-5.057650"/>
      <trkpt lat="43.461650" lon="-5.057730"/>
      <trkpt lat="43.461600" lon="-5.057770"/>
      <trkpt lat="43.461550" lon="-5.057820"/>
      <trkpt lat="43.461480" lon="-5.057880"/>
      <trkpt lat="43.461400" lon="-5.057940"/>
      <trkpt lat="43.461280" lon="-5.058040"/>
      <trkpt lat="43.461210" lon="-5.058130"/>
      <trkpt lat="43.461160" lon="-5.058250"/>
      <trkpt lat="43.461130" lon="-5.058380"/>
      <trkpt lat="43.461130" lon="-5.058490"/>
      <trkpt lat="43.461150" lon="-5.058720"/>
      <trkpt lat="43.461150" lon="-5.058850"/>
      <trkpt lat="43.461150" lon="-5.058860"/>
      <trkpt lat="43.461150" lon="-5.058930"/>
      <trkpt lat="43.461140" lon="-5.058990"/>
      <trkpt lat="43.461120" lon="-5.059110"/>
      <trkpt lat="43.461090" lon="-5.059250"/>
      <trkpt lat="43.461070" lon="-5.059340"/>
      <trkpt lat="43.461040" lon="-5.059400"/>
      <trkpt lat="43.461000" lon="-5.059480"/>
      <trkpt lat="43.460930" lon="-5.059560"/>
      <trkpt lat="43.460890" lon="-5.059590"/>
      <trkpt lat="43.460860" lon="-5.059610"/>
      <trkpt lat="43.460770" lon="-5.059650"/>
      <trkpt lat="43.460710" lon="-5.059660"/>
      <trkpt lat="43.460670" lon="-5.059640"/>
      <trkpt lat="43.460610" lon="-5.059600"/>
      <trkpt lat="43.460550" lon="-5.059520"/>
      <trkpt lat="43.460390" lon="-5.059290"/>
      <trkpt lat="43.460270" lon="-5.059130"/>
      <trkpt lat="43.460210" lon="-5.059070"/>
      <trkpt lat="43.459870" lon="-5.058810"/>
      <trkpt lat="43.459810" lon="-5.058780"/>
      <trkpt lat="43.459750" lon="-5.058750"/>
      <trkpt lat="43.459760" lon="-5.058800"/>
      <trkpt lat="43.459810" lon="-5.058950"/>
      <trkpt lat="43.459820" lon="-5.058980"/>
      <trkpt lat="43.459850" lon="-5.059050"/>
      <trkpt lat="43.459910" lon="-5.059210"/>
      <trkpt lat="43.459970" lon="-5.059340"/>
      <trkpt lat="43.460050" lon="-5.059520"/>
      <trkpt lat="43.460110" lon="-5.059640"/>
      <trkpt lat="43.460140" lon="-5.059770"/>
      <trkpt lat="43.460170" lon="-5.059940"/>
      <trkpt lat="43.460170" lon="-5.060110"/>
      <trkpt lat="43.460180" lon="-5.060190"/>
      <trkpt lat="43.460160" lon="-5.060310"/>
      <trkpt lat="43.460120" lon="-5.060420"/>
      <trkpt lat="43.460070" lon="-5.060500"/>
      <trkpt lat="43.459970" lon="-5.060590"/>
      <trkpt lat="43.459860" lon="-5.060720"/>
      <trkpt lat="43.459770" lon="-5.060820"/>
      <trkpt lat="43.459720" lon="-5.060860"/>
      <trkpt lat="43.459670" lon="-5.060910"/>
      <trkpt lat="43.459600" lon="-5.060960"/>
      <trkpt lat="43.459520" lon="-5.061000"/>
      <trkpt lat="43.459490" lon="-5.061010"/>
      <trkpt lat="43.459370" lon="-5.061050"/>
      <trkpt lat="43.459260" lon="-5.061080"/>
      <trkpt lat="43.459160" lon="-5.061120"/>
      <trkpt lat="43.459070" lon="-5.061140"/>
      <trkpt lat="43.459010" lon="-5.061140"/>
      <trkpt lat="43.458910" lon="-5.061120"/>
      <trkpt lat="43.458860" lon="-5.061120"/>
      <trkpt lat="43.458830" lon="-5.061170"/>
      <trkpt lat="43.458820" lon="-5.061250"/>
      <trkpt lat="43.458820" lon="-5.061310"/>
      <trkpt lat="43.459080" lon="-5.061260"/>
      <trkpt lat="43.459340" lon="-5.061190"/>
      <trkpt lat="43.459610" lon="-5.061120"/>
      <trkpt lat="43.459970" lon="-5.060890"/>
      <trkpt lat="43.460310" lon="-5.060680"/>
      <trkpt lat="43.460430" lon="-5.060630"/>
      <trkpt lat="43.460840" lon="-5.060510"/>
      <trkpt lat="43.460880" lon="-5.060500"/>
      <trkpt lat="43.460930" lon="-5.060480"/>
      <trkpt lat="43.461120" lon="-5.060420"/>
      <trkpt lat="43.461140" lon="-5.060420"/>
      <trkpt lat="43.461240" lon="-5.060390"/>
      <trkpt lat="43.461310" lon="-5.060390"/>
      <trkpt lat="43.461360" lon="-5.060390"/>
      <trkpt lat="43.461420" lon="-5.060330"/>
      <trkpt lat="43.461520" lon="-5.060290"/>
      <trkpt lat="43.461610" lon="-5.060270"/>
      <trkpt lat="43.461670" lon="-5.060290"/>
      <trkpt lat="43.461720" lon="-5.060330"/>
      <trkpt lat="43.461760" lon="-5.060380"/>
      <trkpt lat="43.461780" lon="-5.060440"/>
      <trkpt lat="43.461780" lon="-5.060530"/>
      <trkpt lat="43.461730" lon="-5.060630"/>
      <trkpt lat="43.461640" lon="-5.060710"/>
      <trkpt lat="43.461600" lon="-5.060810"/>
      <trkpt lat="43.461580" lon="-5.060880"/>
      <trkpt lat="43.461580" lon="-5.060970"/>
      <trkpt lat="43.461620" lon="-5.061060"/>
      <trkpt lat="43.461620" lon="-5.061070"/>
      <trkpt lat="43.462360" lon="-5.063350"/>
      <trkpt lat="43.462410" lon="-5.063510"/>
      <trkpt lat="43.462690" lon="-5.064410"/>
      <trkpt lat="43.462720" lon="-5.064490"/>
      <trkpt lat="43.462740" lon="-5.064530"/>
      <trkpt lat="43.462800" lon="-5.064730"/>
      <trkpt lat="43.462900" lon="-5.064940"/>
      <trkpt lat="43.463020" lon="-5.065100"/>
      <trkpt lat="43.463060" lon="-5.065160"/>
      <trkpt lat="43.463240" lon="-5.065330"/>
      <trkpt lat="43.463360" lon="-5.065430"/>
      <trkpt lat="43.463420" lon="-5.065470"/>
      <trkpt lat="43.463620" lon="-5.065680"/>
      <trkpt lat="43.463720" lon="-5.065870"/>
      <trkpt lat="43.463780" lon="-5.065990"/>
      <trkpt lat="43.463820" lon="-5.066130"/>
      <trkpt lat="43.463830" lon="-5.066300"/>
      <trkpt lat="43.463810" lon="-5.066460"/>
      <trkpt lat="43.463760" lon="-5.066610"/>
      <trkpt lat="43.463670" lon="-5.066770"/>
      <trkpt lat="43.463330" lon="-5.067220"/>
      <trkpt lat="43.462910" lon="-5.067780"/>
      <trkpt lat="43.462820" lon="-5.067960"/>
      <trkpt lat="43.462780" lon="-5.068070"/>
      <trkpt lat="43.462760" lon="-5.068200"/>
      <trkpt lat="43.462720" lon="-5.068680"/>
      <trkpt lat="43.462660" lon="-5.069270"/>
      <trkpt lat="43.462670" lon="-5.069490"/>
      <trkpt lat="43.462710" lon="-5.069710"/>
      <trkpt lat="43.462970" lon="-5.070620"/>
      <trkpt lat="43.463090" lon="-5.071120"/>
      <trkpt lat="43.463150" lon="-5.071260"/>
      <trkpt lat="43.463200" lon="-5.071420"/>
      <trkpt lat="43.463250" lon="-5.071540"/>
      <trkpt lat="43.463370" lon="-5.071850"/>
      <trkpt lat="43.463430" lon="-5.072080"/>
      <trkpt lat="43.463440" lon="-5.072120"/>
      <trkpt lat="43.463490" lon="-5.072410"/>
      <trkpt lat="43.463510" lon="-5.072730"/>
      <trkpt lat="43.463560" lon="-5.073560"/>
      <trkpt lat="43.463580" lon="-5.073750"/>
      <trkpt lat="43.463610" lon="-5.073890"/>
      <trkpt lat="43.463800" lon="-5.074260"/>
      <trkpt lat="43.464070" lon="-5.074770"/>
      <trkpt lat="43.464240" lon="-5.075140"/>
      <trkpt lat="43.464290" lon="-5.075280"/>
      <trkpt lat="43.464320" lon="-5.075430"/>
      <trkpt lat="43.464410" lon="-5.075950"/>
      <trkpt lat="43.464540" lon="-5.076740"/>
      <trkpt lat="43.464720" lon="-5.077930"/>
      <trkpt lat="43.464730" lon="-5.078310"/>
      <trkpt lat="43.464650" lon="-5.078760"/>
      <trkpt lat="43.464490" lon="-5.079630"/>
      <trkpt lat="43.464430" lon="-5.079970"/>
      <trkpt lat="43.464410" lon="-5.080140"/>
      <trkpt lat="43.464420" lon="-5.080300"/>
      <trkpt lat="43.464460" lon="-5.080560"/>
      <trkpt lat="43.464500" lon="-5.080740"/>
      <trkpt lat="43.464560" lon="-5.080950"/>
      <trkpt lat="43.464610" lon="-5.081050"/>
      <trkpt lat="43.464700" lon="-5.081280"/>
      <trkpt lat="43.464770" lon="-5.081450"/>
      <trkpt lat="43.464810" lon="-5.081550"/>
      <trkpt lat="43.464870" lon="-5.081690"/>
      <trkpt lat="43.464900" lon="-5.081830"/>
      <trkpt lat="43.464950" lon="-5.082030"/>
      <trkpt lat="43.465010" lon="-5.082150"/>
      <trkpt lat="43.465080" lon="-5.082260"/>
      <trkpt lat="43.465320" lon="-5.082450"/>
      <trkpt lat="43.465380" lon="-5.082520"/>
      <trkpt lat="43.465440" lon="-5.082620"/>
      <trkpt lat="43.465480" lon="-5.082810"/>
      <trkpt lat="43.465480" lon="-5.082960"/>
      <trkpt lat="43.465460" lon="-5.083130"/>
      <trkpt lat="43.465400" lon="-5.083450"/>
      <trkpt lat="43.465380" lon="-5.083690"/>
      <trkpt lat="43.465370" lon="-5.085020"/>
      <trkpt lat="43.465360" lon="-5.085300"/>
      <trkpt lat="43.465330" lon="-5.085470"/>
      <trkpt lat="43.465260" lon="-5.085620"/>
      <trkpt lat="43.465260" lon="-5.085800"/>
      <trkpt lat="43.465350" lon="-5.086260"/>
      <trkpt lat="43.465400" lon="-5.086500"/>
      <trkpt lat="43.465310" lon="-5.087190"/>
      <trkpt lat="43.465250" lon="-5.087570"/>
      <trkpt lat="43.465180" lon="-5.087780"/>
      <trkpt lat="43.465100" lon="-5.087920"/>
      <trkpt lat="43.464940" lon="-5.088110"/>
      <trkpt lat="43.464810" lon="-5.088330"/>
      <trkpt lat="43.464770" lon="-5.088550"/>
      <trkpt lat="43.464820" lon="-5.088870"/>
      <trkpt lat="43.464850" lon="-5.089260"/>
      <trkpt lat="43.464820" lon="-5.089460"/>
      <trkpt lat="43.464770" lon="-5.089690"/>
      <trkpt lat="43.464750" lon="-5.089810"/>
      <trkpt lat="43.464750" lon="-5.089870"/>
      <trkpt lat="43.464780" lon="-5.089910"/>
      <trkpt lat="43.464790" lon="-5.089970"/>
      <trkpt lat="43.464800" lon="-5.090020"/>
      <trkpt lat="43.464800" lon="-5.090080"/>
      <trkpt lat="43.464800" lon="-5.090130"/>
      <trkpt lat="43.464780" lon="-5.090180"/>
      <trkpt lat="43.464750" lon="-5.090230"/>
      <trkpt lat="43.464720" lon="-5.090270"/>
      <trkpt lat="43.464680" lon="-5.090300"/>
      <trkpt lat="43.464630" lon="-5.090310"/>
      <trkpt lat="43.464590" lon="-5.090310"/>
      <trkpt lat="43.464550" lon="-5.090290"/>
      <trkpt lat="43.464470" lon="-5.090280"/>
      <trkpt lat="43.464410" lon="-5.090290"/>
      <trkpt lat="43.464350" lon="-5.090330"/>
      <trkpt lat="43.464280" lon="-5.090390"/>
      <trkpt lat="43.464200" lon="-5.090430"/>
      <trkpt lat="43.464150" lon="-5.090460"/>
      <trkpt lat="43.464100" lon="-5.090490"/>
      <trkpt lat="43.464020" lon="-5.090510"/>
      <trkpt lat="43.463950" lon="-5.090520"/>
      <trkpt lat="43.463840" lon="-5.090520"/>
      <trkpt lat="43.463750" lon="-5.090510"/>
      <trkpt lat="43.463610" lon="-5.090490"/>
      <trkpt lat="43.463500" lon="-5.090530"/>
      <trkpt lat="43.463390" lon="-5.090640"/>
      <trkpt lat="43.463300" lon="-5.090940"/>
      <trkpt lat="43.463260" lon="-5.091270"/>
      <trkpt lat="43.463310" lon="-5.091590"/>
      <trkpt lat="43.463410" lon="-5.091720"/>
      <trkpt lat="43.463590" lon="-5.091790"/>
      <trkpt lat="43.463710" lon="-5.091860"/>
      <trkpt lat="43.463940" lon="-5.092110"/>
      <trkpt lat="43.464070" lon="-5.092330"/>
      <trkpt lat="43.464080" lon="-5.092510"/>
      <trkpt lat="43.464060" lon="-5.092720"/>
      <trkpt lat="43.463990" lon="-5.092840"/>
      <trkpt lat="43.463880" lon="-5.092930"/>
      <trkpt lat="43.463620" lon="-5.093150"/>
      <trkpt lat="43.463540" lon="-5.093300"/>
      <trkpt lat="43.463520" lon="-5.093400"/>
      <trkpt lat="43.463530" lon="-5.093500"/>
      <trkpt lat="43.463600" lon="-5.093650"/>
      <trkpt lat="43.463680" lon="-5.093790"/>
      <trkpt lat="43.463800" lon="-5.094000"/>
      <trkpt lat="43.463860" lon="-5.094210"/>
      <trkpt lat="43.463870" lon="-5.094500"/>
      <trkpt lat="43.463880" lon="-5.094940"/>
      <trkpt lat="43.463840" lon="-5.095100"/>
      <trkpt lat="43.463750" lon="-5.095260"/>
      <trkpt lat="43.463700" lon="-5.095340"/>
      <trkpt lat="43.463680" lon="-5.095440"/>
      <trkpt lat="43.463670" lon="-5.095570"/>
      <trkpt lat="43.463730" lon="-5.095700"/>
      <trkpt lat="43.463820" lon="-5.095790"/>
      <trkpt lat="43.463960" lon="-5.095960"/>
      <trkpt lat="43.464050" lon="-5.096190"/>
      <trkpt lat="43.464090" lon="-5.096690"/>
      <trkpt lat="43.464070" lon="-5.097060"/>
      <trkpt lat="43.464040" lon="-5.097270"/>
      <trkpt lat="43.463980" lon="-5.097560"/>
      <trkpt lat="43.463960" lon="-5.098050"/>
      <trkpt lat="43.463930" lon="-5.098820"/>
      <trkpt lat="43.463950" lon="-5.099030"/>
      <trkpt lat="43.464020" lon="-5.099250"/>
      <trkpt lat="43.464160" lon="-5.099410"/>
      <trkpt lat="43.464270" lon="-5.099520"/>
      <trkpt lat="43.464310" lon="-5.099690"/>
      <trkpt lat="43.464330" lon="-5.099830"/>
      <trkpt lat="43.464310" lon="-5.100100"/>
      <trkpt lat="43.464280" lon="-5.100480"/>
      <trkpt lat="43.464160" lon="-5.101140"/>
      <trkpt lat="43.464050" lon="-5.101550"/>
      <trkpt lat="43.464000" lon="-5.101830"/>
      <trkpt lat="43.463940" lon="-5.101960"/>
      <trkpt lat="43.463880" lon="-5.102150"/>
      <trkpt lat="43.463890" lon="-5.102400"/>
      <trkpt lat="43.463960" lon="-5.102670"/>
      <trkpt lat="43.464040" lon="-5.103170"/>
      <trkpt lat="43.464080" lon="-5.103380"/>
      <trkpt lat="43.464080" lon="-5.103560"/>
      <trkpt lat="43.464030" lon="-5.103880"/>
      <trkpt lat="43.463960" lon="-5.104260"/>
      <trkpt lat="43.463920" lon="-5.104850"/>
      <trkpt lat="43.463920" lon="-5.105490"/>
      <trkpt lat="43.463930" lon="-5.106010"/>
      <trkpt lat="43.463880" lon="-5.106410"/>
      <trkpt lat="43.463860" lon="-5.106570"/>
      <trkpt lat="43.463870" lon="-5.106840"/>
      <trkpt lat="43.463920" lon="-5.107050"/>
      <trkpt lat="43.463990" lon="-5.107350"/>
      <trkpt lat="43.464270" lon="-5.108510"/>
      <trkpt lat="43.464320" lon="-5.108790"/>
      <trkpt lat="43.464340" lon="-5.108950"/>
      <trkpt lat="43.464330" lon="-5.109100"/>
      <trkpt lat="43.464230" lon="-5.109490"/>
      <trkpt lat="43.464170" lon="-5.109740"/>
      <trkpt lat="43.464160" lon="-5.109890"/>
      <trkpt lat="43.464160" lon="-5.110030"/>
      <trkpt lat="43.464230" lon="-5.110650"/>
      <trkpt lat="43.464310" lon="-5.111270"/>
      <trkpt lat="43.464430" lon="-5.112200"/>
      <trkpt lat="43.464580" lon="-5.113450"/>
      <trkpt lat="43.464580" lon="-5.113580"/>
      <trkpt lat="43.464560" lon="-5.113700"/>
      <trkpt lat="43.464490" lon="-5.113970"/>
      <trkpt lat="43.464460" lon="-5.114110"/>
      <trkpt lat="43.464450" lon="-5.114270"/>
      <trkpt lat="43.464490" lon="-5.114800"/>
      <trkpt lat="43.464510" lon="-5.115100"/>
      <trkpt lat="43.464690" lon="-5.117930"/>
      <trkpt lat="43.464720" lon="-5.118200"/>
      <trkpt lat="43.464740" lon="-5.118270"/>
      <trkpt lat="43.464770" lon="-5.118340"/>
      <trkpt lat="43.464820" lon="-5.118420"/>
      <trkpt lat="43.464880" lon="-5.118480"/>
      <trkpt lat="43.464930" lon="-5.118560"/>
      <trkpt lat="43.464950" lon="-5.118650"/>
      <trkpt lat="43.464950" lon="-5.118760"/>
      <trkpt lat="43.464930" lon="-5.118850"/>
      <trkpt lat="43.464880" lon="-5.118930"/>
      <trkpt lat="43.464830" lon="-5.119050"/>
      <trkpt lat="43.464810" lon="-5.119120"/>
      <trkpt lat="43.464790" lon="-5.119200"/>
      <trkpt lat="43.464770" lon="-5.119310"/>
      <trkpt lat="43.464810" lon="-5.119950"/>
      <trkpt lat="43.464850" lon="-5.120570"/>
      <trkpt lat="43.464870" lon="-5.120730"/>
      <trkpt lat="43.464890" lon="-5.120860"/>
      <trkpt lat="43.464930" lon="-5.121000"/>
      <trkpt lat="43.465620" lon="-5.122970"/>
      <trkpt lat="43.465650" lon="-5.123110"/>
      <trkpt lat="43.465640" lon="-5.123250"/>
      <trkpt lat="43.465570" lon="-5.123640"/>
      <trkpt lat="43.465510" lon="-5.124000"/>
      <trkpt lat="43.465430" lon="-5.124270"/>
      <trkpt lat="43.465350" lon="-5.124490"/>
      <trkpt lat="43.465290" lon="-5.124590"/>
      <trkpt lat="43.465210" lon="-5.124680"/>
      <trkpt lat="43.465140" lon="-5.124720"/>
      <trkpt lat="43.464890" lon="-5.124790"/>
      <trkpt lat="43.464820" lon="-5.124830"/>
      <trkpt lat="43.464780" lon="-5.124900"/>
      <trkpt lat="43.464740" lon="-5.124980"/>
      <trkpt lat="43.464730" lon="-5.125080"/>
      <trkpt lat="43.464690" lon="-5.125370"/>
      <trkpt lat="43.464660" lon="-5.125470"/>
      <trkpt lat="43.464620" lon="-5.125550"/>
      <trkpt lat="43.464550" lon="-5.125610"/>
      <trkpt lat="43.464320" lon="-5.125760"/>
      <trkpt lat="43.464220" lon="-5.125860"/>
      <trkpt lat="43.464160" lon="-5.126020"/>
      <trkpt lat="43.464130" lon="-5.126220"/>
      <trkpt lat="43.464240" lon="-5.127170"/>
      <trkpt lat="43.464310" lon="-5.127340"/>
      <trkpt lat="43.464490" lon="-5.127550"/>
      <trkpt lat="43.464770" lon="-5.127830"/>
      <trkpt lat="43.465140" lon="-5.128280"/>
      <trkpt lat="43.465370" lon="-5.128510"/>
      <trkpt lat="43.465600" lon="-5.128830"/>
      <trkpt lat="43.465830" lon="-5.129130"/>
      <trkpt lat="43.466280" lon="-5.129570"/>
      <trkpt lat="43.466490" lon="-5.129770"/>
      <trkpt lat="43.466640" lon="-5.129930"/>
      <trkpt lat="43.466790" lon="-5.130100"/>
      <trkpt lat="43.466870" lon="-5.130190"/>
      <trkpt lat="43.466950" lon="-5.130280"/>
      <trkpt lat="43.467100" lon="-5.130530"/>
      <trkpt lat="43.467140" lon="-5.130610"/>
      <trkpt lat="43.467220" lon="-5.130800"/>
      <trkpt lat="43.467420" lon="-5.131320"/>
      <trkpt lat="43.467480" lon="-5.131440"/>
      <trkpt lat="43.467520" lon="-5.131610"/>
      <trkpt lat="43.467580" lon="-5.131860"/>
      <trkpt lat="43.467670" lon="-5.132280"/>
      <trkpt lat="43.467750" lon="-5.132620"/>
      <trkpt lat="43.467770" lon="-5.132760"/>
      <trkpt lat="43.467760" lon="-5.132950"/>
      <trkpt lat="43.467670" lon="-5.133520"/>
      <trkpt lat="43.467670" lon="-5.133630"/>
      <trkpt lat="43.467710" lon="-5.133720"/>
      <trkpt lat="43.467780" lon="-5.133800"/>
      <trkpt lat="43.467890" lon="-5.133820"/>
      <trkpt lat="43.468000" lon="-5.133800"/>
      <trkpt lat="43.468100" lon="-5.133810"/>
      <trkpt lat="43.468170" lon="-5.133850"/>
      <trkpt lat="43.468220" lon="-5.133910"/>
      <trkpt lat="43.468250" lon="-5.133990"/>
      <trkpt lat="43.468240" lon="-5.134110"/>
      <trkpt lat="43.468180" lon="-5.134480"/>
      <trkpt lat="43.468180" lon="-5.134620"/>
      <trkpt lat="43.468210" lon="-5.134750"/>
      <trkpt lat="43.468280" lon="-5.134860"/>
      <trkpt lat="43.468370" lon="-5.134920"/>
      <trkpt lat="43.468470" lon="-5.134950"/>
      <trkpt lat="43.468550" lon="-5.134930"/>
      <trkpt lat="43.468640" lon="-5.134870"/>
      <trkpt lat="43.468750" lon="-5.134680"/>
      <trkpt lat="43.468950" lon="-5.134170"/>
      <trkpt lat="43.469150" lon="-5.133620"/>
      <trkpt lat="43.469220" lon="-5.133420"/>
      <trkpt lat="43.469330" lon="-5.133290"/>
      <trkpt lat="43.469460" lon="-5.133220"/>
      <trkpt lat="43.469620" lon="-5.133140"/>
      <trkpt lat="43.469870" lon="-5.133040"/>
      <trkpt lat="43.470000" lon="-5.133020"/>
      <trkpt lat="43.470100" lon="-5.133050"/>
      <trkpt lat="43.470210" lon="-5.133140"/>
      <trkpt lat="43.470270" lon="-5.133230"/>
      <trkpt lat="43.470310" lon="-5.133410"/>
      <trkpt lat="43.470360" lon="-5.133730"/>
      <trkpt lat="43.470420" lon="-5.133890"/>
      <trkpt lat="43.470500" lon="-5.134000"/>
      <trkpt lat="43.470590" lon="-5.134060"/>
      <trkpt lat="43.471130" lon="-5.134040"/>
      <trkpt lat="43.471260" lon="-5.134040"/>
      <trkpt lat="43.471420" lon="-5.134070"/>
      <trkpt lat="43.471590" lon="-5.134100"/>
      <trkpt lat="43.471770" lon="-5.134060"/>
      <trkpt lat="43.471910" lon="-5.134030"/>
      <trkpt lat="43.472140" lon="-5.134040"/>
      <trkpt lat="43.472260" lon="-5.134060"/>
      <trkpt lat="43.472400" lon="-5.134110"/>
      <trkpt lat="43.472520" lon="-5.134200"/>
      <trkpt lat="43.472620" lon="-5.134320"/>
      <trkpt lat="43.472680" lon="-5.134490"/>
      <trkpt lat="43.472830" lon="-5.135460"/>
      <trkpt lat="43.472870" lon="-5.135810"/>
      <trkpt lat="43.472890" lon="-5.136350"/>
      <trkpt lat="43.472890" lon="-5.136730"/>
      <trkpt lat="43.472880" lon="-5.137030"/>
      <trkpt lat="43.472840" lon="-5.137280"/>
      <trkpt lat="43.472710" lon="-5.138030"/>
      <trkpt lat="43.472660" lon="-5.138310"/>
      <trkpt lat="43.472640" lon="-5.138630"/>
      <trkpt lat="43.472660" lon="-5.139170"/>
      <trkpt lat="43.472700" lon="-5.140000"/>
      <trkpt lat="43.472680" lon="-5.140600"/>
      <trkpt lat="43.472660" lon="-5.140960"/>
      <trkpt lat="43.472620" lon="-5.141230"/>
      <trkpt lat="43.472580" lon="-5.141520"/>
      <trkpt lat="43.472470" lon="-5.142180"/>
      <trkpt lat="43.472450" lon="-5.142410"/>
      <trkpt lat="43.472460" lon="-5.142550"/>
      <trkpt lat="43.472530" lon="-5.142670"/>
      <trkpt lat="43.472680" lon="-5.142750"/>
      <trkpt lat="43.472830" lon="-5.142820"/>
      <trkpt lat="43.472930" lon="-5.142940"/>
      <trkpt lat="43.472990" lon="-5.143140"/>
      <trkpt lat="43.473070" lon="-5.143620"/>
      <trkpt lat="43.473120" lon="-5.143770"/>
      <trkpt lat="43.473200" lon="-5.143940"/>
      <trkpt lat="43.473460" lon="-5.144350"/>
      <trkpt lat="43.473550" lon="-5.144490"/>
      <trkpt lat="43.473800" lon="-5.144900"/>
      <trkpt lat="43.473890" lon="-5.145080"/>
      <trkpt lat="43.473960" lon="-5.145310"/>
      <trkpt lat="43.474180" lon="-5.146260"/>
      <trkpt lat="43.474310" lon="-5.146880"/>
      <trkpt lat="43.474320" lon="-5.147010"/>
      <trkpt lat="43.474330" lon="-5.147070"/>
      <trkpt lat="43.474350" lon="-5.147640"/>
      <trkpt lat="43.474350" lon="-5.147940"/>
      <trkpt lat="43.474330" lon="-5.148110"/>
      <trkpt lat="43.474310" lon="-5.148300"/>
      <trkpt lat="43.474250" lon="-5.148540"/>
      <trkpt lat="43.474180" lon="-5.148690"/>
      <trkpt lat="43.473940" lon="-5.149150"/>
      <trkpt lat="43.473880" lon="-5.149290"/>
      <trkpt lat="43.473860" lon="-5.149440"/>
      <trkpt lat="43.473850" lon="-5.149590"/>
      <trkpt lat="43.473880" lon="-5.149760"/>
      <trkpt lat="43.473940" lon="-5.149950"/>
      <trkpt lat="43.473990" lon="-5.150060"/>
      <trkpt lat="43.474050" lon="-5.150120"/>
      <trkpt lat="43.474120" lon="-5.150190"/>
      <trkpt lat="43.474260" lon="-5.150290"/>
      <trkpt lat="43.474370" lon="-5.150390"/>
      <trkpt lat="43.474460" lon="-5.150570"/>
      <trkpt lat="43.474510" lon="-5.150760"/>
      <trkpt lat="43.474500" lon="-5.150930"/>
      <trkpt lat="43.474480" lon="-5.151090"/>
      <trkpt lat="43.474420" lon="-5.151210"/>
      <trkpt lat="43.474360" lon="-5.151290"/>
      <trkpt lat="43.474210" lon="-5.151370"/>
      <trkpt lat="43.473970" lon="-5.151470"/>
      <trkpt lat="43.473840" lon="-5.151560"/>
      <trkpt lat="43.473760" lon="-5.151660"/>
      <trkpt lat="43.473710" lon="-5.151800"/>
      <trkpt lat="43.473670" lon="-5.151920"/>
      <trkpt lat="43.473580" lon="-5.152390"/>
      <trkpt lat="43.473530" lon="-5.152570"/>
      <trkpt lat="43.473430" lon="-5.152780"/>
      <trkpt lat="43.473170" lon="-5.153320"/>
      <trkpt lat="43.473130" lon="-5.153530"/>
      <trkpt lat="43.473140" lon="-5.153750"/>
      <trkpt lat="43.473210" lon="-5.153940"/>
      <trkpt lat="43.473270" lon="-5.154080"/>
      <trkpt lat="43.473390" lon="-5.154190"/>
      <trkpt lat="43.473550" lon="-5.154310"/>
      <trkpt lat="43.473690" lon="-5.154420"/>
      <trkpt lat="43.473820" lon="-5.154600"/>
      <trkpt lat="43.473910" lon="-5.154770"/>
      <trkpt lat="43.474010" lon="-5.155180"/>
      <trkpt lat="43.474060" lon="-5.155470"/>
      <trkpt lat="43.474080" lon="-5.155700"/>
      <trkpt lat="43.474050" lon="-5.155890"/>
      <trkpt lat="43.474000" lon="-5.156000"/>
      <trkpt lat="43.473930" lon="-5.156070"/>
      <trkpt lat="43.473830" lon="-5.156110"/>
      <trkpt lat="43.473690" lon="-5.156090"/>
      <trkpt lat="43.473550" lon="-5.156030"/>
      <trkpt lat="43.473430" lon="-5.155900"/>
      <trkpt lat="43.473360" lon="-5.155770"/>
      <trkpt lat="43.473310" lon="-5.155610"/>
      <trkpt lat="43.473260" lon="-5.155390"/>
      <trkpt lat="43.473210" lon="-5.155220"/>
      <trkpt lat="43.473140" lon="-5.155120"/>
      <trkpt lat="43.473050" lon="-5.155050"/>
      <trkpt lat="43.472980" lon="-5.155020"/>
      <trkpt lat="43.472370" lon="-5.154930"/>
      <trkpt lat="43.472260" lon="-5.154930"/>
      <trkpt lat="43.472140" lon="-5.155000"/>
      <trkpt lat="43.472060" lon="-5.155100"/>
      <trkpt lat="43.471810" lon="-5.155700"/>
      <trkpt lat="43.471720" lon="-5.156000"/>
      <trkpt lat="43.471540" lon="-5.156740"/>
      <trkpt lat="43.471500" lon="-5.156990"/>
      <trkpt lat="43.471520" lon="-5.157260"/>
      <trkpt lat="43.471580" lon="-5.157430"/>
      <trkpt lat="43.471680" lon="-5.157590"/>
      <trkpt lat="43.471770" lon="-5.157660"/>
      <trkpt lat="43.471840" lon="-5.157680"/>
      <trkpt lat="43.472110" lon="-5.157790"/>
      <trkpt lat="43.472230" lon="-5.157880"/>
      <trkpt lat="43.472350" lon="-5.158000"/>
      <trkpt lat="43.472530" lon="-5.158280"/>
      <trkpt lat="43.472620" lon="-5.158490"/>
      <trkpt lat="43.472670" lon="-5.158690"/>
      <trkpt lat="43.472710" lon="-5.158990"/>
      <trkpt lat="43.472760" lon="-5.159260"/>
      <trkpt lat="43.472780" lon="-5.159320"/>
      <trkpt lat="43.472850" lon="-5.159500"/>
      <trkpt lat="43.473260" lon="-5.160370"/>
      <trkpt lat="43.473410" lon="-5.160710"/>
      <trkpt lat="43.473440" lon="-5.160810"/>
      <trkpt lat="43.473460" lon="-5.160890"/>
      <trkpt lat="43.473460" lon="-5.161090"/>
      <trkpt lat="43.473420" lon="-5.161260"/>
      <trkpt lat="43.473270" lon="-5.161680"/>
      <trkpt lat="43.473220" lon="-5.161900"/>
      <trkpt lat="43.473200" lon="-5.162080"/>
      <trkpt lat="43.473220" lon="-5.162260"/>
      <trkpt lat="43.473290" lon="-5.162410"/>
      <trkpt lat="43.473440" lon="-5.162620"/>
      <trkpt lat="43.473540" lon="-5.162770"/>
      <trkpt lat="43.473630" lon="-5.162970"/>
      <trkpt lat="43.473650" lon="-5.163130"/>
      <trkpt lat="43.473670" lon="-5.163360"/>
      <trkpt lat="43.473620" lon="-5.164360"/>
      <trkpt lat="43.473590" lon="-5.164880"/>
      <trkpt lat="43.473440" lon="-5.165770"/>
      <trkpt lat="43.473330" lon="-5.166510"/>
      <trkpt lat="43.473210" lon="-5.167200"/>
      <trkpt lat="43.473060" lon="-5.168080"/>
      <trkpt lat="43.473000" lon="-5.168290"/>
      <trkpt lat="43.472920" lon="-5.168460"/>
      <trkpt lat="43.472790" lon="-5.168680"/>
      <trkpt lat="43.472610" lon="-5.168990"/>
      <trkpt lat="43.472420" lon="-5.169320"/>
      <trkpt lat="43.472310" lon="-5.169460"/>
      <trkpt lat="43.472200" lon="-5.169580"/>
      <trkpt lat="43.472030" lon="-5.169660"/>
      <trkpt lat="43.471850" lon="-5.169720"/>
      <trkpt lat="43.471630" lon="-5.169800"/>
      <trkpt lat="43.471450" lon="-5.169920"/>
      <trkpt lat="43.471330" lon="-5.170070"/>
      <trkpt lat="43.471200" lon="-5.170290"/>
      <trkpt lat="43.471130" lon="-5.170500"/>
      <trkpt lat="43.471060" lon="-5.171020"/>
      <trkpt lat="43.470990" lon="-5.171340"/>
      <trkpt lat="43.470800" lon="-5.171910"/>
      <trkpt lat="43.470670" lon="-5.172170"/>
      <trkpt lat="43.470510" lon="-5.172340"/>
      <trkpt lat="43.470520" lon="-5.172420"/>
      <trkpt lat="43.470520" lon="-5.172490"/>
      <trkpt lat="43.470490" lon="-5.172570"/>
      <trkpt lat="43.470450" lon="-5.172620"/>
      <trkpt lat="43.470400" lon="-5.172660"/>
      <trkpt lat="43.470310" lon="-5.172680"/>
      <trkpt lat="43.470290" lon="-5.172660"/>
      <trkpt lat="43.470240" lon="-5.172630"/>
      <trkpt lat="43.470200" lon="-5.172570"/>
      <trkpt lat="43.470170" lon="-5.172500"/>
      <trkpt lat="43.470160" lon="-5.172420"/>
      <trkpt lat="43.470180" lon="-5.172340"/>
      <trkpt lat="43.470200" lon="-5.172270"/>
      <trkpt lat="43.469880" lon="-5.172000"/>
      <trkpt lat="43.469660" lon="-5.171960"/>
      <trkpt lat="43.469550" lon="-5.171970"/>
      <trkpt lat="43.469450" lon="-5.172020"/>
      <trkpt lat="43.469350" lon="-5.172130"/>
      <trkpt lat="43.469270" lon="-5.172280"/>
      <trkpt lat="43.469170" lon="-5.172640"/>
      <trkpt lat="43.469120" lon="-5.173010"/>
      <trkpt lat="43.469060" lon="-5.173480"/>
      <trkpt lat="43.469040" lon="-5.173950"/>
      <trkpt lat="43.469050" lon="-5.174510"/>
      <trkpt lat="43.469090" lon="-5.174920"/>
      <trkpt lat="43.469130" lon="-5.175300"/>
      <trkpt lat="43.469210" lon="-5.175780"/>
      <trkpt lat="43.469320" lon="-5.176290"/>
      <trkpt lat="43.469450" lon="-5.176830"/>
      <trkpt lat="43.469850" lon="-5.178210"/>
      <trkpt lat="43.470150" lon="-5.179070"/>
      <trkpt lat="43.470320" lon="-5.179630"/>
      <trkpt lat="43.470460" lon="-5.180200"/>
      <trkpt lat="43.470570" lon="-5.180830"/>
      <trkpt lat="43.470650" lon="-5.181490"/>
      <trkpt lat="43.470680" lon="-5.182140"/>
      <trkpt lat="43.470670" lon="-5.182730"/>
      <trkpt lat="43.470630" lon="-5.183500"/>
      <trkpt lat="43.470520" lon="-5.184410"/>
      <trkpt lat="43.470360" lon="-5.185350"/>
      <trkpt lat="43.470160" lon="-5.186700"/>
      <trkpt lat="43.470110" lon="-5.187060"/>
      <trkpt lat="43.470070" lon="-5.187350"/>
      <trkpt lat="43.470020" lon="-5.187970"/>
      <trkpt lat="43.469960" lon="-5.189180"/>
      <trkpt lat="43.469980" lon="-5.190020"/>
      <trkpt lat="43.470060" lon="-5.190880"/>
      <trkpt lat="43.470160" lon="-5.191750"/>
      <trkpt lat="43.470330" lon="-5.192860"/>
      <trkpt lat="43.470470" lon="-5.193880"/>
      <trkpt lat="43.470590" lon="-5.194980"/>
      <trkpt lat="43.470650" lon="-5.195620"/>
      <trkpt lat="43.470670" lon="-5.196300"/>
      <trkpt lat="43.470680" lon="-5.196950"/>
      <trkpt lat="43.470680" lon="-5.197550"/>
      <trkpt lat="43.470640" lon="-5.198260"/>
      <trkpt lat="43.470590" lon="-5.199010"/>
      <trkpt lat="43.470560" lon="-5.199300"/>
      <trkpt lat="43.470510" lon="-5.199800"/>
      <trkpt lat="43.470400" lon="-5.200580"/>
      <trkpt lat="43.470250" lon="-5.201410"/>
      <trkpt lat="43.470070" lon="-5.202180"/>
      <trkpt lat="43.469680" lon="-5.203720"/>
      <trkpt lat="43.469280" lon="-5.205270"/>
      <trkpt lat="43.469170" lon="-5.205830"/>
      <trkpt lat="43.469060" lon="-5.206360"/>
      <trkpt lat="43.468970" lon="-5.206960"/>
      <trkpt lat="43.468890" lon="-5.207880"/>
      <trkpt lat="43.468860" lon="-5.208690"/>
      <trkpt lat="43.468860" lon="-5.209580"/>
      <trkpt lat="43.468940" lon="-5.210530"/>
      <trkpt lat="43.469000" lon="-5.211200"/>
      <trkpt lat="43.469030" lon="-5.211450"/>
      <trkpt lat="43.469240" lon="-5.212580"/>
      <trkpt lat="43.469510" lon="-5.213620"/>
      <trkpt lat="43.469810" lon="-5.214510"/>
      <trkpt lat="43.470130" lon="-5.215350"/>
      <trkpt lat="43.470420" lon="-5.216000"/>
      <trkpt lat="43.471040" lon="-5.217280"/>
      <trkpt lat="43.471410" lon="-5.218030"/>
      <trkpt lat="43.471780" lon="-5.218810"/>
      <trkpt lat="43.472030" lon="-5.219400"/>
      <trkpt lat="43.472270" lon="-5.220010"/>
      <trkpt lat="43.472390" lon="-5.220390"/>
      <trkpt lat="43.472520" lon="-5.220800"/>
      <trkpt lat="43.472630" lon="-5.221270"/>
      <trkpt lat="43.472730" lon="-5.221730"/>
      <trkpt lat="43.472810" lon="-5.222240"/>
      <trkpt lat="43.472810" lon="-5.222280"/>
      <trkpt lat="43.472880" lon="-5.222780"/>
      <trkpt lat="43.472930" lon="-5.223400"/>
      <trkpt lat="43.472940" lon="-5.224000"/>
      <trkpt lat="43.472920" lon="-5.224850"/>
      <trkpt lat="43.472900" lon="-5.225090"/>
      <trkpt lat="43.472830" lon="-5.225810"/>
      <trkpt lat="43.472690" lon="-5.226620"/>
      <trkpt lat="43.472540" lon="-5.227280"/>
      <trkpt lat="43.472320" lon="-5.228030"/>
      <trkpt lat="43.471950" lon="-5.229360"/>
      <trkpt lat="43.471800" lon="-5.230060"/>
      <trkpt lat="43.471690" lon="-5.230640"/>
      <trkpt lat="43.471610" lon="-5.231460"/>
      <trkpt lat="43.471580" lon="-5.232270"/>
      <trkpt lat="43.471600" lon="-5.233050"/>
      <trkpt lat="43.471680" lon="-5.233780"/>
      <trkpt lat="43.471780" lon="-5.234420"/>
      <trkpt lat="43.471820" lon="-5.234640"/>
      <trkpt lat="43.472010" lon="-5.235420"/>
      <trkpt lat="43.472240" lon="-5.236110"/>
      <trkpt lat="43.472680" lon="-5.237270"/>
      <trkpt lat="43.473080" lon="-5.238340"/>
      <trkpt lat="43.473360" lon="-5.239210"/>
      <trkpt lat="43.473540" lon="-5.239950"/>
      <trkpt lat="43.473650" lon="-5.240470"/>
      <trkpt lat="43.473790" lon="-5.241360"/>
      <trkpt lat="43.473880" lon="-5.242230"/>
      <trkpt lat="43.473950" lon="-5.243420"/>
      <trkpt lat="43.474030" lon="-5.244400"/>
      <trkpt lat="43.474150" lon="-5.245380"/>
      <trkpt lat="43.474310" lon="-5.246130"/>
      <trkpt lat="43.474520" lon="-5.246920"/>
      <trkpt lat="43.474820" lon="-5.247760"/>
      <trkpt lat="43.475280" lon="-5.248730"/>
      <trkpt lat="43.475580" lon="-5.249240"/>
      <trkpt lat="43.475910" lon="-5.249730"/>
      <trkpt lat="43.476380" lon="-5.250310"/>
      <trkpt lat="43.476850" lon="-5.250790"/>
      <trkpt lat="43.476960" lon="-5.250900"/>
      <trkpt lat="43.478100" lon="-5.252000"/>
      <trkpt lat="43.478730" lon="-5.252680"/>
      <trkpt lat="43.479320" lon="-5.253440"/>
      <trkpt lat="43.479760" lon="-5.254090"/>
      <trkpt lat="43.480200" lon="-5.254830"/>
      <trkpt lat="43.480410" lon="-5.255240"/>
      <trkpt lat="43.480510" lon="-5.255420"/>
      <trkpt lat="43.481050" lon="-5.256630"/>
      <trkpt lat="43.481400" lon="-5.257670"/>
      <trkpt lat="43.481850" lon="-5.259380"/>
      <trkpt lat="43.481980" lon="-5.260130"/>
      <trkpt lat="43.482070" lon="-5.260730"/>
      <trkpt lat="43.482140" lon="-5.261340"/>
      <trkpt lat="43.482210" lon="-5.262420"/>
      <trkpt lat="43.482220" lon="-5.263040"/>
      <trkpt lat="43.482200" lon="-5.263670"/>
      <trkpt lat="43.482170" lon="-5.264340"/>
      <trkpt lat="43.482120" lon="-5.265000"/>
      <trkpt lat="43.482040" lon="-5.265640"/>
      <trkpt lat="43.481940" lon="-5.266290"/>
      <trkpt lat="43.481810" lon="-5.267000"/>
      <trkpt lat="43.481780" lon="-5.267140"/>
      <trkpt lat="43.481640" lon="-5.267710"/>
      <trkpt lat="43.481250" lon="-5.269190"/>
      <trkpt lat="43.480770" lon="-5.271060"/>
      <trkpt lat="43.480590" lon="-5.271980"/>
      <trkpt lat="43.480440" lon="-5.272890"/>
      <trkpt lat="43.480350" lon="-5.274070"/>
      <trkpt lat="43.480320" lon="-5.275230"/>
      <trkpt lat="43.480350" lon="-5.276100"/>
      <trkpt lat="43.480430" lon="-5.276940"/>
      <trkpt lat="43.480580" lon="-5.278000"/>
      <trkpt lat="43.480760" lon="-5.278880"/>
      <trkpt lat="43.480790" lon="-5.279010"/>
      <trkpt lat="43.480910" lon="-5.279510"/>
      <trkpt lat="43.481060" lon="-5.280030"/>
      <trkpt lat="43.481380" lon="-5.281090"/>
      <trkpt lat="43.481960" lon="-5.282950"/>
      <trkpt lat="43.482160" lon="-5.283850"/>
      <trkpt lat="43.482290" lon="-5.284800"/>
      <trkpt lat="43.482350" lon="-5.285700"/>
      <trkpt lat="43.482340" lon="-5.286620"/>
      <trkpt lat="43.482270" lon="-5.287320"/>
      <trkpt lat="43.482190" lon="-5.287990"/>
      <trkpt lat="43.482030" lon="-5.288750"/>
      <trkpt lat="43.481830" lon="-5.289460"/>
      <trkpt lat="43.481480" lon="-5.290480"/>
      <trkpt lat="43.481270" lon="-5.291070"/>
      <trkpt lat="43.481060" lon="-5.291740"/>
      <trkpt lat="43.480840" lon="-5.292550"/>
      <trkpt lat="43.480660" lon="-5.293610"/>
      <trkpt lat="43.480600" lon="-5.294210"/>
      <trkpt lat="43.480580" lon="-5.294780"/>
      <trkpt lat="43.480600" lon="-5.295870"/>
      <trkpt lat="43.480720" lon="-5.296810"/>
      <trkpt lat="43.480890" lon="-5.297770"/>
      <trkpt lat="43.481350" lon="-5.299720"/>
      <trkpt lat="43.481770" lon="-5.301340"/>
      <trkpt lat="43.481990" lon="-5.302190"/>
      <trkpt lat="43.482200" lon="-5.302950"/>
      <trkpt lat="43.482570" lon="-5.304150"/>
      <trkpt lat="43.482970" lon="-5.305320"/>
      <trkpt lat="43.483450" lon="-5.306400"/>
      <trkpt lat="43.483960" lon="-5.307360"/>
      <trkpt lat="43.484260" lon="-5.307820"/>
      <trkpt lat="43.484680" lon="-5.308440"/>
      <trkpt lat="43.485460" lon="-5.309540"/>
      <trkpt lat="43.485800" lon="-5.310030"/>
      <trkpt lat="43.486110" lon="-5.310560"/>
      <trkpt lat="43.486410" lon="-5.311080"/>
      <trkpt lat="43.486670" lon="-5.311630"/>
      <trkpt lat="43.486840" lon="-5.312000"/>
      <trkpt lat="43.486940" lon="-5.312250"/>
      <trkpt lat="43.487020" lon="-5.312450"/>
      <trkpt lat="43.487320" lon="-5.313300"/>
      <trkpt lat="43.487800" lon="-5.314830"/>
      <trkpt lat="43.487970" lon="-5.315360"/>
      <trkpt lat="43.488200" lon="-5.315990"/>
      <trkpt lat="43.488450" lon="-5.316570"/>
      <trkpt lat="43.488710" lon="-5.317110"/>
      <trkpt lat="43.489110" lon="-5.317790"/>
      <trkpt lat="43.489340" lon="-5.318130"/>
      <trkpt lat="43.489720" lon="-5.318640"/>
      <trkpt lat="43.490070" lon="-5.319040"/>
      <trkpt lat="43.490450" lon="-5.319440"/>
      <trkpt lat="43.491660" lon="-5.320520"/>
      <trkpt lat="43.492060" lon="-5.320950"/>
      <trkpt lat="43.492370" lon="-5.321340"/>
      <trkpt lat="43.492580" lon="-5.321610"/>
      <trkpt lat="43.492680" lon="-5.321740"/>
      <trkpt lat="43.492960" lon="-5.322190"/>
      <trkpt lat="43.493250" lon="-5.322720"/>
      <trkpt lat="43.493510" lon="-5.323320"/>
      <trkpt lat="43.494140" lon="-5.324890"/>
      <trkpt lat="43.494430" lon="-5.325530"/>
      <trkpt lat="43.494760" lon="-5.326110"/>
      <trkpt lat="43.495060" lon="-5.326580"/>
      <trkpt lat="43.495350" lon="-5.326980"/>
      <trkpt lat="43.495740" lon="-5.327430"/>
      <trkpt lat="43.496180" lon="-5.327870"/>
      <trkpt lat="43.496540" lon="-5.328170"/>
      <trkpt lat="43.496920" lon="-5.328450"/>
      <trkpt lat="43.497290" lon="-5.328680"/>
      <trkpt lat="43.497670" lon="-5.328870"/>
      <trkpt lat="43.498120" lon="-5.329060"/>
      <trkpt lat="43.498520" lon="-5.329180"/>
      <trkpt lat="43.498760" lon="-5.329240"/>
      <trkpt lat="43.498790" lon="-5.329250"/>
      <trkpt lat="43.499190" lon="-5.329320"/>
      <trkpt lat="43.499550" lon="-5.329380"/>
      <trkpt lat="43.500550" lon="-5.329550"/>
      <trkpt lat="43.501550" lon="-5.329810"/>
      <trkpt lat="43.501920" lon="-5.329940"/>
      <trkpt lat="43.502190" lon="-5.330050"/>
      <trkpt lat="43.502710" lon="-5.330290"/>
      <trkpt lat="43.502870" lon="-5.330370"/>
      <trkpt lat="43.503550" lon="-5.330810"/>
      <trkpt lat="43.504110" lon="-5.331250"/>
      <trkpt lat="43.504390" lon="-5.331510"/>
      <trkpt lat="43.504650" lon="-5.331780"/>
      <trkpt lat="43.505090" lon="-5.332300"/>
      <trkpt lat="43.505340" lon="-5.332650"/>
      <trkpt lat="43.505490" lon="-5.332930"/>
      <trkpt lat="43.505810" lon="-5.333520"/>
      <trkpt lat="43.506090" lon="-5.334170"/>
      <trkpt lat="43.506320" lon="-5.334860"/>
      <trkpt lat="43.506420" lon="-5.335270"/>
      <trkpt lat="43.506510" lon="-5.335650"/>
      <trkpt lat="43.506640" lon="-5.336470"/>
      <trkpt lat="43.506660" lon="-5.336660"/>
      <trkpt lat="43.506700" lon="-5.337560"/>
      <trkpt lat="43.506680" lon="-5.338330"/>
      <trkpt lat="43.506630" lon="-5.338810"/>
      <trkpt lat="43.506570" lon="-5.339270"/>
      <trkpt lat="43.506410" lon="-5.340020"/>
      <trkpt lat="43.506180" lon="-5.340820"/>
      <trkpt lat="43.506050" lon="-5.341180"/>
      <trkpt lat="43.505790" lon="-5.341780"/>
      <trkpt lat="43.505400" lon="-5.342530"/>
      <trkpt lat="43.505000" lon="-5.343250"/>
      <trkpt lat="43.504670" lon="-5.343860"/>
      <trkpt lat="43.504360" lon="-5.344490"/>
      <trkpt lat="43.504170" lon="-5.344960"/>
      <trkpt lat="43.504000" lon="-5.345420"/>
      <trkpt lat="43.503820" lon="-5.346100"/>
      <trkpt lat="43.503710" lon="-5.346610"/>
      <trkpt lat="43.503670" lon="-5.346780"/>
      <trkpt lat="43.503590" lon="-5.347500"/>
      <trkpt lat="43.503560" lon="-5.348200"/>
      <trkpt lat="43.503590" lon="-5.349000"/>
      <trkpt lat="43.503650" lon="-5.349950"/>
      <trkpt lat="43.503770" lon="-5.350970"/>
      <trkpt lat="43.503840" lon="-5.351990"/>
      <trkpt lat="43.503850" lon="-5.352310"/>
      <trkpt lat="43.503840" lon="-5.352630"/>
      <trkpt lat="43.503810" lon="-5.353280"/>
      <trkpt lat="43.503760" lon="-5.353710"/>
      <trkpt lat="43.503700" lon="-5.354140"/>
      <trkpt lat="43.503540" lon="-5.354870"/>
      <trkpt lat="43.503370" lon="-5.355480"/>
      <trkpt lat="43.503140" lon="-5.356110"/>
      <trkpt lat="43.502610" lon="-5.357420"/>
      <trkpt lat="43.502200" lon="-5.358410"/>
      <trkpt lat="43.502050" lon="-5.358760"/>
      <trkpt lat="43.500980" lon="-5.361380"/>
      <trkpt lat="43.500580" lon="-5.362260"/>
      <trkpt lat="43.500160" lon="-5.363010"/>
      <trkpt lat="43.499920" lon="-5.363400"/>
      <trkpt lat="43.499650" lon="-5.363770"/>
      <trkpt lat="43.499120" lon="-5.364430"/>
      <trkpt lat="43.498000" lon="-5.365700"/>
      <trkpt lat="43.497800" lon="-5.365920"/>
      <trkpt lat="43.497390" lon="-5.366500"/>
      <trkpt lat="43.497030" lon="-5.367110"/>
      <trkpt lat="43.496740" lon="-5.367690"/>
      <trkpt lat="43.496640" lon="-5.367960"/>
      <trkpt lat="43.496500" lon="-5.368310"/>
      <trkpt lat="43.496300" lon="-5.369030"/>
      <trkpt lat="43.496200" lon="-5.369460"/>
      <trkpt lat="43.496120" lon="-5.369950"/>
      <trkpt lat="43.496060" lon="-5.370430"/>
      <trkpt lat="43.496020" lon="-5.370900"/>
      <trkpt lat="43.496010" lon="-5.371760"/>
      <trkpt lat="43.496070" lon="-5.372520"/>
      <trkpt lat="43.496130" lon="-5.372960"/>
      <trkpt lat="43.496180" lon="-5.373370"/>
      <trkpt lat="43.496380" lon="-5.374330"/>
      <trkpt lat="43.497050" lon="-5.377510"/>
      <trkpt lat="43.497410" lon="-5.379150"/>
      <trkpt lat="43.497570" lon="-5.379770"/>
      <trkpt lat="43.497690" lon="-5.380220"/>
      <trkpt lat="43.498090" lon="-5.381220"/>
      <trkpt lat="43.498480" lon="-5.382040"/>
      <trkpt lat="43.498950" lon="-5.382950"/>
      <trkpt lat="43.499390" lon="-5.383870"/>
      <trkpt lat="43.499580" lon="-5.384400"/>
      <trkpt lat="43.499770" lon="-5.384960"/>
      <trkpt lat="43.499930" lon="-5.385570"/>
      <trkpt lat="43.500070" lon="-5.386250"/>
      <trkpt lat="43.500500" lon="-5.389090"/>
      <trkpt lat="43.500760" lon="-5.390800"/>
      <trkpt lat="43.500830" lon="-5.391240"/>
      <trkpt lat="43.500920" lon="-5.391790"/>
      <trkpt lat="43.501070" lon="-5.392860"/>
      <trkpt lat="43.501120" lon="-5.393470"/>
      <trkpt lat="43.501150" lon="-5.394080"/>
      <trkpt lat="43.501140" lon="-5.394640"/>
      <trkpt lat="43.501120" lon="-5.395210"/>
      <trkpt lat="43.501020" lon="-5.396300"/>
      <trkpt lat="43.500910" lon="-5.397530"/>
      <trkpt lat="43.500860" lon="-5.398630"/>
      <trkpt lat="43.500880" lon="-5.399740"/>
      <trkpt lat="43.501000" lon="-5.400990"/>
      <trkpt lat="43.501210" lon="-5.402210"/>
      <trkpt lat="43.501470" lon="-5.403430"/>
      <trkpt lat="43.501540" lon="-5.403740"/>
      <trkpt lat="43.501740" lon="-5.404720"/>
      <trkpt lat="43.501910" lon="-5.405700"/>
      <trkpt lat="43.501950" lon="-5.406160"/>
      <trkpt lat="43.501970" lon="-5.406610"/>
      <trkpt lat="43.501980" lon="-5.407500"/>
      <trkpt lat="43.501930" lon="-5.408260"/>
      <trkpt lat="43.501800" lon="-5.409020"/>
      <trkpt lat="43.501670" lon="-5.409630"/>
      <trkpt lat="43.501460" lon="-5.410320"/>
      <trkpt lat="43.501220" lon="-5.410910"/>
      <trkpt lat="43.500920" lon="-5.411550"/>
      <trkpt lat="43.500640" lon="-5.412030"/>
      <trkpt lat="43.500330" lon="-5.412480"/>
      <trkpt lat="43.499950" lon="-5.412940"/>
      <trkpt lat="43.499610" lon="-5.413280"/>
      <trkpt lat="43.499270" lon="-5.413580"/>
      <trkpt lat="43.498930" lon="-5.413840"/>
      <trkpt lat="43.498450" lon="-5.414130"/>
      <trkpt lat="43.497990" lon="-5.414360"/>
      <trkpt lat="43.497330" lon="-5.414630"/>
      <trkpt lat="43.496210" lon="-5.415070"/>
      <trkpt lat="43.495920" lon="-5.415200"/>
      <trkpt lat="43.495580" lon="-5.415370"/>
      <trkpt lat="43.495280" lon="-5.415580"/>
      <trkpt lat="43.495020" lon="-5.415770"/>
      <trkpt lat="43.494610" lon="-5.416130"/>
      <trkpt lat="43.493660" lon="-5.416940"/>
      <trkpt lat="43.492340" lon="-5.418100"/>
      <trkpt lat="43.491820" lon="-5.418570"/>
      <trkpt lat="43.491320" lon="-5.419040"/>
      <trkpt lat="43.491030" lon="-5.419380"/>
      <trkpt lat="43.490820" lon="-5.419670"/>
      <trkpt lat="43.490770" lon="-5.419720"/>
      <trkpt lat="43.490370" lon="-5.420330"/>
      <trkpt lat="43.490180" lon="-5.420700"/>
      <trkpt lat="43.489980" lon="-5.421110"/>
      <trkpt lat="43.489810" lon="-5.421540"/>
      <trkpt lat="43.489640" lon="-5.422030"/>
      <trkpt lat="43.489450" lon="-5.422750"/>
      <trkpt lat="43.489250" lon="-5.423670"/>
      <trkpt lat="43.489030" lon="-5.424880"/>
      <trkpt lat="43.488890" lon="-5.425590"/>
      <trkpt lat="43.488500" lon="-5.427720"/>
      <trkpt lat="43.488210" lon="-5.429310"/>
      <trkpt lat="43.487990" lon="-5.430470"/>
      <trkpt lat="43.487950" lon="-5.430680"/>
      <trkpt lat="43.487880" lon="-5.431040"/>
      <trkpt lat="43.487390" lon="-5.433830"/>
      <trkpt lat="43.487300" lon="-5.434400"/>
      <trkpt lat="43.487200" lon="-5.435080"/>
      <trkpt lat="43.487140" lon="-5.435590"/>
      <trkpt lat="43.487090" lon="-5.436160"/>
      <trkpt lat="43.487030" lon="-5.436860"/>
      <trkpt lat="43.486970" lon="-5.437710"/>
      <trkpt lat="43.486930" lon="-5.438310"/>
      <trkpt lat="43.486910" lon="-5.438820"/>
      <trkpt lat="43.486910" lon="-5.439310"/>
      <trkpt lat="43.486930" lon="-5.439900"/>
      <trkpt lat="43.486940" lon="-5.440390"/>
      <trkpt lat="43.487180" lon="-5.442670"/>
      <trkpt lat="43.487280" lon="-5.443610"/>
      <trkpt lat="43.487310" lon="-5.443900"/>
      <trkpt lat="43.487370" lon="-5.444320"/>
      <trkpt lat="43.487410" lon="-5.444700"/>
      <trkpt lat="43.487480" lon="-5.445390"/>
      <trkpt lat="43.487510" lon="-5.446070"/>
      <trkpt lat="43.487510" lon="-5.446810"/>
      <trkpt lat="43.487500" lon="-5.447350"/>
      <trkpt lat="43.487470" lon="-5.447890"/>
      <trkpt lat="43.487390" lon="-5.448730"/>
      <trkpt lat="43.487240" lon="-5.449570"/>
      <trkpt lat="43.487190" lon="-5.449950"/>
      <trkpt lat="43.487090" lon="-5.450400"/>
      <trkpt lat="43.486880" lon="-5.451210"/>
      <trkpt lat="43.486580" lon="-5.452100"/>
      <trkpt lat="43.486420" lon="-5.452550"/>
      <trkpt lat="43.486200" lon="-5.453060"/>
      <trkpt lat="43.486030" lon="-5.453430"/>
      <trkpt lat="43.485860" lon="-5.453800"/>
      <trkpt lat="43.485420" lon="-5.454590"/>
      <trkpt lat="43.485340" lon="-5.454710"/>
      <trkpt lat="43.484920" lon="-5.455310"/>
      <trkpt lat="43.484580" lon="-5.455760"/>
      <trkpt lat="43.484260" lon="-5.456180"/>
      <trkpt lat="43.483600" lon="-5.456860"/>
      <trkpt lat="43.483080" lon="-5.457320"/>
      <trkpt lat="43.482560" lon="-5.457720"/>
      <trkpt lat="43.481750" lon="-5.458220"/>
      <trkpt lat="43.480920" lon="-5.458660"/>
      <trkpt lat="43.479790" lon="-5.459300"/>
      <trkpt lat="43.478750" lon="-5.459960"/>
      <trkpt lat="43.478040" lon="-5.460490"/>
      <trkpt lat="43.477490" lon="-5.460930"/>
      <trkpt lat="43.477330" lon="-5.461050"/>
      <trkpt lat="43.476750" lon="-5.461590"/>
      <trkpt lat="43.476270" lon="-5.462050"/>
      <trkpt lat="43.475980" lon="-5.462360"/>
      <trkpt lat="43.475450" lon="-5.462930"/>
      <trkpt lat="43.474920" lon="-5.463560"/>
      <trkpt lat="43.474420" lon="-5.464190"/>
      <trkpt lat="43.473940" lon="-5.464850"/>
      <trkpt lat="43.473470" lon="-5.465540"/>
      <trkpt lat="43.473000" lon="-5.466290"/>
      <trkpt lat="43.472530" lon="-5.467090"/>
      <trkpt lat="43.472000" lon="-5.468140"/>
      <trkpt lat="43.471490" lon="-5.469220"/>
      <trkpt lat="43.471340" lon="-5.469590"/>
      <trkpt lat="43.471120" lon="-5.470120"/>
      <trkpt lat="43.470650" lon="-5.471370"/>
      <trkpt lat="43.470240" lon="-5.472650"/>
      <trkpt lat="43.469990" lon="-5.473570"/>
      <trkpt lat="43.469780" lon="-5.474410"/>
      <trkpt lat="43.469650" lon="-5.475000"/>
      <trkpt lat="43.469530" lon="-5.475580"/>
      <trkpt lat="43.469190" lon="-5.477190"/>
      <trkpt lat="43.469040" lon="-5.477930"/>
      <trkpt lat="43.468940" lon="-5.478400"/>
      <trkpt lat="43.468830" lon="-5.479030"/>
      <trkpt lat="43.468710" lon="-5.479510"/>
      <trkpt lat="43.468470" lon="-5.480290"/>
      <trkpt lat="43.467990" lon="-5.481630"/>
      <trkpt lat="43.467690" lon="-5.482360"/>
      <trkpt lat="43.467330" lon="-5.483200"/>
      <trkpt lat="43.467220" lon="-5.483460"/>
      <trkpt lat="43.467100" lon="-5.483720"/>
      <trkpt lat="43.466870" lon="-5.484240"/>
      <trkpt lat="43.466690" lon="-5.484670"/>
      <trkpt lat="43.466600" lon="-5.484900"/>
      <trkpt lat="43.466540" lon="-5.485080"/>
      <trkpt lat="43.466460" lon="-5.485320"/>
      <trkpt lat="43.466410" lon="-5.485540"/>
      <trkpt lat="43.466340" lon="-5.485850"/>
      <trkpt lat="43.466280" lon="-5.486190"/>
      <trkpt lat="43.466230" lon="-5.486520"/>
      <trkpt lat="43.466190" lon="-5.486830"/>
      <trkpt lat="43.466170" lon="-5.487140"/>
      <trkpt lat="43.466170" lon="-5.487410"/>
      <trkpt lat="43.466170" lon="-5.487700"/>
      <trkpt lat="43.466180" lon="-5.487970"/>
      <trkpt lat="43.466200" lon="-5.488260"/>
      <trkpt lat="43.466230" lon="-5.488550"/>
      <trkpt lat="43.466260" lon="-5.488800"/>
      <trkpt lat="43.466300" lon="-5.489090"/>
      <trkpt lat="43.466360" lon="-5.489400"/>
      <trkpt lat="43.466480" lon="-5.490030"/>
      <trkpt lat="43.466700" lon="-5.491090"/>
      <trkpt lat="43.466790" lon="-5.491530"/>
      <trkpt lat="43.466880" lon="-5.491940"/>
      <trkpt lat="43.466960" lon="-5.492360"/>
      <trkpt lat="43.467040" lon="-5.492780"/>
      <trkpt lat="43.467160" lon="-5.493380"/>
      <trkpt lat="43.467210" lon="-5.493750"/>
      <trkpt lat="43.467250" lon="-5.494060"/>
      <trkpt lat="43.467280" lon="-5.494310"/>
      <trkpt lat="43.467300" lon="-5.494580"/>
      <trkpt lat="43.467310" lon="-5.494860"/>
      <trkpt lat="43.467310" lon="-5.495150"/>
      <trkpt lat="43.467310" lon="-5.495450"/>
      <trkpt lat="43.467300" lon="-5.495720"/>
      <trkpt lat="43.467270" lon="-5.496030"/>
      <trkpt lat="43.467240" lon="-5.496350"/>
      <trkpt lat="43.467200" lon="-5.496660"/>
      <trkpt lat="43.467150" lon="-5.496970"/>
      <trkpt lat="43.467100" lon="-5.497220"/>
      <trkpt lat="43.467040" lon="-5.497500"/>
      <trkpt lat="43.466960" lon="-5.497800"/>
      <trkpt lat="43.466510" lon="-5.499590"/>
      <trkpt lat="43.466430" lon="-5.499890"/>
      <trkpt lat="43.465960" lon="-5.501680"/>
      <trkpt lat="43.465820" lon="-5.502220"/>
      <trkpt lat="43.465720" lon="-5.502630"/>
      <trkpt lat="43.465620" lon="-5.502990"/>
      <trkpt lat="43.465430" lon="-5.503600"/>
      <trkpt lat="43.465370" lon="-5.503770"/>
      <trkpt lat="43.465320" lon="-5.503900"/>
      <trkpt lat="43.465230" lon="-5.504150"/>
      <trkpt lat="43.465130" lon="-5.504420"/>
      <trkpt lat="43.465020" lon="-5.504700"/>
      <trkpt lat="43.464900" lon="-5.504960"/>
      <trkpt lat="43.464780" lon="-5.505220"/>
      <trkpt lat="43.464630" lon="-5.505550"/>
      <trkpt lat="43.464040" lon="-5.506730"/>
      <trkpt lat="43.463870" lon="-5.507090"/>
      <trkpt lat="43.463720" lon="-5.507440"/>
      <trkpt lat="43.463580" lon="-5.507790"/>
      <trkpt lat="43.463460" lon="-5.508130"/>
      <trkpt lat="43.463350" lon="-5.508490"/>
      <trkpt lat="43.463280" lon="-5.508740"/>
      <trkpt lat="43.463210" lon="-5.508990"/>
      <trkpt lat="43.463160" lon="-5.509210"/>
      <trkpt lat="43.463100" lon="-5.509500"/>
      <trkpt lat="43.463030" lon="-5.509830"/>
      <trkpt lat="43.462980" lon="-5.510090"/>
      <trkpt lat="43.462940" lon="-5.510350"/>
      <trkpt lat="43.462920" lon="-5.510540"/>
      <trkpt lat="43.462890" lon="-5.510850"/>
      <trkpt lat="43.462870" lon="-5.511170"/>
      <trkpt lat="43.462850" lon="-5.511480"/>
      <trkpt lat="43.462840" lon="-5.511780"/>
      <trkpt lat="43.462840" lon="-5.512030"/>
      <trkpt lat="43.462840" lon="-5.512320"/>
      <trkpt lat="43.462850" lon="-5.512620"/>
      <trkpt lat="43.462880" lon="-5.512990"/>
      <trkpt lat="43.462900" lon="-5.513280"/>
      <trkpt lat="43.462940" lon="-5.513600"/>
      <trkpt lat="43.462970" lon="-5.513860"/>
      <trkpt lat="43.463020" lon="-5.514200"/>
      <trkpt lat="43.463080" lon="-5.514510"/>
      <trkpt lat="43.463140" lon="-5.514850"/>
      <trkpt lat="43.463220" lon="-5.515170"/>
      <trkpt lat="43.463230" lon="-5.515220"/>
      <trkpt lat="43.463290" lon="-5.515450"/>
      <trkpt lat="43.463390" lon="-5.515760"/>
      <trkpt lat="43.463490" lon="-5.516080"/>
      <trkpt lat="43.463600" lon="-5.516370"/>
      <trkpt lat="43.463720" lon="-5.516700"/>
      <trkpt lat="43.463840" lon="-5.517010"/>
      <trkpt lat="43.463980" lon="-5.517310"/>
      <trkpt lat="43.464130" lon="-5.517640"/>
      <trkpt lat="43.464250" lon="-5.517870"/>
      <trkpt lat="43.464400" lon="-5.518140"/>
      <trkpt lat="43.464550" lon="-5.518380"/>
      <trkpt lat="43.464690" lon="-5.518620"/>
      <trkpt lat="43.464870" lon="-5.518860"/>
      <trkpt lat="43.465070" lon="-5.519100"/>
      <trkpt lat="43.465280" lon="-5.519330"/>
      <trkpt lat="43.465470" lon="-5.519530"/>
      <trkpt lat="43.465680" lon="-5.519720"/>
      <trkpt lat="43.465890" lon="-5.519910"/>
      <trkpt lat="43.466090" lon="-5.520080"/>
      <trkpt lat="43.466290" lon="-5.520230"/>
      <trkpt lat="43.466480" lon="-5.520370"/>
      <trkpt lat="43.466690" lon="-5.520500"/>
      <trkpt lat="43.466940" lon="-5.520650"/>
      <trkpt lat="43.467190" lon="-5.520780"/>
      <trkpt lat="43.470440" lon="-5.523200"/>
      <trkpt lat="43.478890" lon="-5.526410"/>
      <trkpt lat="43.480430" lon="-5.527290"/>
      <trkpt lat="43.480880" lon="-5.527480"/>
      <trkpt lat="43.481490" lon="-5.527730"/>
      <trkpt lat="43.482240" lon="-5.528010"/>
      <trkpt lat="43.487640" lon="-5.530170"/>
      <trkpt lat="43.492830" lon="-5.531910"/>
      <trkpt lat="43.494250" lon="-5.532460"/>
      <trkpt lat="43.494780" lon="-5.532700"/>
      <trkpt lat="43.495330" lon="-5.533030"/>
      <trkpt lat="43.495840" lon="-5.533380"/>
      <trkpt lat="43.496120" lon="-5.533600"/>
      <trkpt lat="43.496180" lon="-5.533640"/>
      <trkpt lat="43.496550" lon="-5.534000"/>
      <trkpt lat="43.497060" lon="-5.534580"/>
      <trkpt lat="43.497450" lon="-5.535080"/>
      <trkpt lat="43.497740" lon="-5.535540"/>
      <trkpt lat="43.497980" lon="-5.535940"/>
      <trkpt lat="43.498200" lon="-5.536330"/>
      <trkpt lat="43.498620" lon="-5.537090"/>
      <trkpt lat="43.499350" lon="-5.538330"/>
      <trkpt lat="43.499850" lon="-5.539080"/>
      <trkpt lat="43.500380" lon="-5.539790"/>
      <trkpt lat="43.500840" lon="-5.540330"/>
      <trkpt lat="43.501190" lon="-5.540720"/>
      <trkpt lat="43.501730" lon="-5.541270"/>
      <trkpt lat="43.502220" lon="-5.541730"/>
      <trkpt lat="43.502720" lon="-5.542130"/>
      <trkpt lat="43.502900" lon="-5.542270"/>
      <trkpt lat="43.503140" lon="-5.542460"/>
      <trkpt lat="43.503660" lon="-5.542820"/>
      <trkpt lat="43.504280" lon="-5.543260"/>
      <trkpt lat="43.504860" lon="-5.543660"/>
      <trkpt lat="43.505440" lon="-5.544090"/>
      <trkpt lat="43.506000" lon="-5.544600"/>
      <trkpt lat="43.506300" lon="-5.544930"/>
      <trkpt lat="43.506590" lon="-5.545320"/>
      <trkpt lat="43.507120" lon="-5.546140"/>
      <trkpt lat="43.507500" lon="-5.546960"/>
      <trkpt lat="43.507840" lon="-5.547850"/>
      <trkpt lat="43.508000" lon="-5.548480"/>
      <trkpt lat="43.508130" lon="-5.549120"/>
      <trkpt lat="43.508260" lon="-5.550000"/>
      <trkpt lat="43.508290" lon="-5.550740"/>
      <trkpt lat="43.508300" lon="-5.551000"/>
      <trkpt lat="43.508260" lon="-5.552030"/>
      <trkpt lat="43.508190" lon="-5.553430"/>
      <trkpt lat="43.508180" lon="-5.554350"/>
      <trkpt lat="43.508220" lon="-5.555130"/>
      <trkpt lat="43.508320" lon="-5.556050"/>
      <trkpt lat="43.508460" lon="-5.556950"/>
      <trkpt lat="43.508630" lon="-5.557790"/>
      <trkpt lat="43.508880" lon="-5.558660"/>
      <trkpt lat="43.509180" lon="-5.559490"/>
      <trkpt lat="43.509530" lon="-5.560330"/>
      <trkpt lat="43.509970" lon="-5.561240"/>
      <trkpt lat="43.510520" lon="-5.562280"/>
      <trkpt lat="43.510610" lon="-5.562460"/>
      <trkpt lat="43.510790" lon="-5.562800"/>
      <trkpt lat="43.511750" lon="-5.564600"/>
      <trkpt lat="43.511970" lon="-5.565080"/>
      <trkpt lat="43.512110" lon="-5.565420"/>
      <trkpt lat="43.512310" lon="-5.566020"/>
      <trkpt lat="43.512390" lon="-5.566320"/>
      <trkpt lat="43.512580" lon="-5.567140"/>
      <trkpt lat="43.512670" lon="-5.567740"/>
      <trkpt lat="43.512710" lon="-5.568300"/>
      <trkpt lat="43.512730" lon="-5.568850"/>
      <trkpt lat="43.512730" lon="-5.569210"/>
      <trkpt lat="43.512710" lon="-5.569700"/>
      <trkpt lat="43.512660" lon="-5.570390"/>
      <trkpt lat="43.512590" lon="-5.571060"/>
      <trkpt lat="43.512470" lon="-5.571950"/>
      <trkpt lat="43.512290" lon="-5.572790"/>
      <trkpt lat="43.512220" lon="-5.573130"/>
      <trkpt lat="43.512120" lon="-5.573470"/>
      <trkpt lat="43.511950" lon="-5.574120"/>
      <trkpt lat="43.511730" lon="-5.574740"/>
      <trkpt lat="43.511500" lon="-5.575260"/>
      <trkpt lat="43.511320" lon="-5.575670"/>
      <trkpt lat="43.511170" lon="-5.575920"/>
      <trkpt lat="43.510920" lon="-5.576290"/>
      <trkpt lat="43.510630" lon="-5.576680"/>
      <trkpt lat="43.510490" lon="-5.576860"/>
      <trkpt lat="43.510340" lon="-5.577020"/>
      <trkpt lat="43.510180" lon="-5.577190"/>
      <trkpt lat="43.509870" lon="-5.577460"/>
      <trkpt lat="43.509600" lon="-5.577670"/>
      <trkpt lat="43.508100" lon="-5.578610"/>
      <trkpt lat="43.507860" lon="-5.578780"/>
      <trkpt lat="43.507620" lon="-5.578970"/>
      <trkpt lat="43.506180" lon="-5.580590"/>
      <trkpt lat="43.505160" lon="-5.582170"/>
      <trkpt lat="43.504880" lon="-5.582830"/>
      <trkpt lat="43.504220" lon="-5.584340"/>
      <trkpt lat="43.503980" lon="-5.585140"/>
      <trkpt lat="43.503730" lon="-5.586300"/>
      <trkpt lat="43.503610" lon="-5.587300"/>
      <trkpt lat="43.503580" lon="-5.587980"/>
      <trkpt lat="43.503580" lon="-5.588640"/>
      <trkpt lat="43.503650" lon="-5.589410"/>
      <trkpt lat="43.503770" lon="-5.590140"/>
      <trkpt lat="43.503900" lon="-5.590710"/>
      <trkpt lat="43.504140" lon="-5.591450"/>
      <trkpt lat="43.504420" lon="-5.592110"/>
      <trkpt lat="43.504780" lon="-5.592780"/>
      <trkpt lat="43.505170" lon="-5.593360"/>
      <trkpt lat="43.505660" lon="-5.593940"/>
      <trkpt lat="43.506200" lon="-5.594440"/>
      <trkpt lat="43.506620" lon="-5.594730"/>
      <trkpt lat="43.506940" lon="-5.594900"/>
      <trkpt lat="43.508730" lon="-5.595800"/>
      <trkpt lat="43.509260" lon="-5.596210"/>
      <trkpt lat="43.509840" lon="-5.596800"/>
      <trkpt lat="43.510090" lon="-5.597120"/>
      <trkpt lat="43.510300" lon="-5.597460"/>
      <trkpt lat="43.510380" lon="-5.597620"/>
      <trkpt lat="43.510630" lon="-5.598120"/>
      <trkpt lat="43.510850" lon="-5.598620"/>
      <trkpt lat="43.511020" lon="-5.599140"/>
      <trkpt lat="43.511170" lon="-5.599730"/>
      <trkpt lat="43.511280" lon="-5.600400"/>
      <trkpt lat="43.511340" lon="-5.601070"/>
      <trkpt lat="43.511350" lon="-5.601740"/>
      <trkpt lat="43.511330" lon="-5.602120"/>
      <trkpt lat="43.511300" lon="-5.602440"/>
      <trkpt lat="43.511190" lon="-5.603220"/>
      <trkpt lat="43.510920" lon="-5.604730"/>
      <trkpt lat="43.510820" lon="-5.605390"/>
      <trkpt lat="43.510770" lon="-5.606050"/>
      <trkpt lat="43.510770" lon="-5.606730"/>
      <trkpt lat="43.510820" lon="-5.607390"/>
      <trkpt lat="43.510920" lon="-5.607990"/>
      <trkpt lat="43.511040" lon="-5.608530"/>
      <trkpt lat="43.511180" lon="-5.609050"/>
      <trkpt lat="43.511350" lon="-5.609520"/>
      <trkpt lat="43.511500" lon="-5.609890"/>
      <trkpt lat="43.511810" lon="-5.610500"/>
      <trkpt lat="43.512130" lon="-5.611130"/>
      <trkpt lat="43.512780" lon="-5.612350"/>
      <trkpt lat="43.513080" lon="-5.612990"/>
      <trkpt lat="43.513250" lon="-5.613440"/>
      <trkpt lat="43.513360" lon="-5.613700"/>
      <trkpt lat="43.513600" lon="-5.614400"/>
      <trkpt lat="43.513790" lon="-5.615120"/>
      <trkpt lat="43.514200" lon="-5.617210"/>
      <trkpt lat="43.514350" lon="-5.618940"/>
      <trkpt lat="43.514370" lon="-5.621340"/>
      <trkpt lat="43.514440" lon="-5.622370"/>
      <trkpt lat="43.514580" lon="-5.623400"/>
      <trkpt lat="43.514780" lon="-5.624390"/>
      <trkpt lat="43.515050" lon="-5.625390"/>
      <trkpt lat="43.515090" lon="-5.625520"/>
      <trkpt lat="43.515520" lon="-5.626720"/>
      <trkpt lat="43.515920" lon="-5.627610"/>
      <trkpt lat="43.516290" lon="-5.628290"/>
      <trkpt lat="43.516880" lon="-5.629220"/>
      <trkpt lat="43.517540" lon="-5.630120"/>
      <trkpt lat="43.518860" lon="-5.631860"/>
      <trkpt lat="43.519300" lon="-5.632460"/>
      <trkpt lat="43.519530" lon="-5.632770"/>
      <trkpt lat="43.520530" lon="-5.634100"/>
      <trkpt lat="43.520970" lon="-5.634610"/>
      <trkpt lat="43.521290" lon="-5.635120"/>
      <trkpt lat="43.521420" lon="-5.635370"/>
      <trkpt lat="43.521750" lon="-5.636050"/>
      <trkpt lat="43.521940" lon="-5.636450"/>
      <trkpt lat="43.522530" lon="-5.637640"/>
      <trkpt lat="43.522740" lon="-5.637940"/>
      <trkpt lat="43.523020" lon="-5.638230"/>
      <trkpt lat="43.523420" lon="-5.638500"/>
      <trkpt lat="43.523960" lon="-5.638850"/>
      <trkpt lat="43.524200" lon="-5.639030"/>
      <trkpt lat="43.524410" lon="-5.639110"/>
      <trkpt lat="43.524580" lon="-5.639070"/>
      <trkpt lat="43.524640" lon="-5.638990"/>
      <trkpt lat="43.524710" lon="-5.638980"/>
      <trkpt lat="43.524770" lon="-5.638980"/>
      <trkpt lat="43.524830" lon="-5.639030"/>
      <trkpt lat="43.524870" lon="-5.639100"/>
      <trkpt lat="43.524890" lon="-5.639190"/>
      <trkpt lat="43.524910" lon="-5.639290"/>
      <trkpt lat="43.524910" lon="-5.639390"/>
      <trkpt lat="43.524890" lon="-5.639490"/>
      <trkpt lat="43.524860" lon="-5.639590"/>
      <trkpt lat="43.524790" lon="-5.639780"/>
      <trkpt lat="43.524760" lon="-5.639970"/>
      <trkpt lat="43.524790" lon="-5.640320"/>
      <trkpt lat="43.524800" lon="-5.640410"/>
      <trkpt lat="43.524850" lon="-5.641000"/>
      <trkpt lat="43.524870" lon="-5.641200"/>
      <trkpt lat="43.524910" lon="-5.641370"/>
      <trkpt lat="43.524970" lon="-5.641540"/>
      <trkpt lat="43.525100" lon="-5.641780"/>
      <trkpt lat="43.525250" lon="-5.641990"/>
      <trkpt lat="43.525370" lon="-5.642100"/>
      <trkpt lat="43.525470" lon="-5.642170"/>
      <trkpt lat="43.525520" lon="-5.642210"/>
      <trkpt lat="43.525890" lon="-5.642390"/>
      <trkpt lat="43.526070" lon="-5.642470"/>
      <trkpt lat="43.526110" lon="-5.642490"/>
      <trkpt lat="43.526150" lon="-5.642510"/>
      <trkpt lat="43.526210" lon="-5.642540"/>
      <trkpt lat="43.526410" lon="-5.642630"/>
      <trkpt lat="43.526610" lon="-5.642720"/>
      <trkpt lat="43.526770" lon="-5.642790"/>
      <trkpt lat="43.526900" lon="-5.642850"/>
      <trkpt lat="43.527540" lon="-5.643140"/>
      <trkpt lat="43.527630" lon="-5.643180"/>
      <trkpt lat="43.527700" lon="-5.643210"/>
      <trkpt lat="43.527930" lon="-5.643320"/>
      <trkpt lat="43.528080" lon="-5.643390"/>
      <trkpt lat="43.528140" lon="-5.643420"/>
      <trkpt lat="43.528230" lon="-5.643460"/>
      <trkpt lat="43.528350" lon="-5.643540"/>
      <trkpt lat="43.528760" lon="-5.643860"/>
      <trkpt lat="43.528780" lon="-5.643880"/>
      <trkpt lat="43.528840" lon="-5.643930"/>
      <trkpt lat="43.528990" lon="-5.644050"/>
      <trkpt lat="43.529120" lon="-5.644160"/>
      <trkpt lat="43.529150" lon="-5.644180"/>
      <trkpt lat="43.529210" lon="-5.644200"/>
      <trkpt lat="43.529270" lon="-5.644220"/>
      <trkpt lat="43.529410" lon="-5.644240"/>
      <trkpt lat="43.529450" lon="-5.644250"/>
      <trkpt lat="43.529550" lon="-5.644270"/>
      <trkpt lat="43.529590" lon="-5.644270"/>
      <trkpt lat="43.529610" lon="-5.644270"/>
      <trkpt lat="43.529830" lon="-5.644310"/>
      <trkpt lat="43.529850" lon="-5.644310"/>
      <trkpt lat="43.529950" lon="-5.644330"/>
      <trkpt lat="43.530260" lon="-5.644370"/>
      <trkpt lat="43.530410" lon="-5.644410"/>
      <trkpt lat="43.530550" lon="-5.644440"/>
      <trkpt lat="43.530640" lon="-5.644490"/>
      <trkpt lat="43.530720" lon="-5.644540"/>
      <trkpt lat="43.530870" lon="-5.644660"/>
      <trkpt lat="43.531120" lon="-5.644870"/>
      <trkpt lat="43.531140" lon="-5.644880"/>
      <trkpt lat="43.531300" lon="-5.645020"/>
      <trkpt lat="43.531400" lon="-5.645110"/>
      <trkpt lat="43.531440" lon="-5.645140"/>
      <trkpt lat="43.531650" lon="-5.645330"/>
      <trkpt lat="43.531780" lon="-5.645420"/>
      <trkpt lat="43.532040" lon="-5.645660"/>
      <trkpt lat="43.532170" lon="-5.645760"/>
      <trkpt lat="43.532300" lon="-5.645820"/>
      <trkpt lat="43.532430" lon="-5.645820"/>
      <trkpt lat="43.532450" lon="-5.645820"/>
      <trkpt lat="43.532550" lon="-5.645820"/>
      <trkpt lat="43.532630" lon="-5.645820"/>
      <trkpt lat="43.532780" lon="-5.645820"/>
      <trkpt lat="43.533150" lon="-5.645810"/>
      <trkpt lat="43.533380" lon="-5.645820"/>
      <trkpt lat="43.533520" lon="-5.645850"/>
      <trkpt lat="43.533580" lon="-5.645860"/>
      <trkpt lat="43.533800" lon="-5.645900"/>
      <trkpt lat="43.533920" lon="-5.645930"/>
      <trkpt lat="43.533970" lon="-5.645940"/>
      <trkpt lat="43.534060" lon="-5.645960"/>
      <trkpt lat="43.534300" lon="-5.645980"/>
      <trkpt lat="43.534860" lon="-5.646070"/>
      <trkpt lat="43.534890" lon="-5.646070"/>
      <trkpt lat="43.534980" lon="-5.646020"/>
      <trkpt lat="43.535060" lon="-5.646080"/>
      <trkpt lat="43.535100" lon="-5.646120"/>
      <trkpt lat="43.535120" lon="-5.646160"/>
      <trkpt lat="43.535300" lon="-5.646520"/>
      <trkpt lat="43.535350" lon="-5.646620"/>
      <trkpt lat="43.535470" lon="-5.646830"/>
      <trkpt lat="43.535540" lon="-5.646960"/>
      <trkpt lat="43.535570" lon="-5.647020"/>
      <trkpt lat="43.535610" lon="-5.647090"/>
      <trkpt lat="43.535990" lon="-5.647770"/>
      <trkpt lat="43.536020" lon="-5.647810"/>
      <trkpt lat="43.536060" lon="-5.647890"/>
      <trkpt lat="43.536270" lon="-5.648280"/>
      <trkpt lat="43.536560" lon="-5.648800"/>
      <trkpt lat="43.536680" lon="-5.649020"/>
      <trkpt lat="43.536910" lon="-5.649440"/>
      <trkpt lat="43.536940" lon="-5.649520"/>
      <trkpt lat="43.537060" lon="-5.649870"/>
      <trkpt lat="43.537160" lon="-5.650230"/>
      <trkpt lat="43.537170" lon="-5.650250"/>
      <trkpt lat="43.537260" lon="-5.650520"/>
      <trkpt lat="43.537310" lon="-5.650720"/>
      <trkpt lat="43.537340" lon="-5.650900"/>
      <trkpt lat="43.537350" lon="-5.650970"/>
      <trkpt lat="43.537360" lon="-5.651150"/>
      <trkpt lat="43.537360" lon="-5.651300"/>
      <trkpt lat="43.537390" lon="-5.652100"/>
      <trkpt lat="43.537410" lon="-5.652500"/>
      <trkpt lat="43.537430" lon="-5.652870"/>
      <trkpt lat="43.537430" lon="-5.652980"/>
      <trkpt lat="43.537440" lon="-5.653220"/>
      <trkpt lat="43.537450" lon="-5.653370"/>
      <trkpt lat="43.537460" lon="-5.653640"/>
      <trkpt lat="43.537470" lon="-5.653840"/>
      <trkpt lat="43.537530" lon="-5.655030"/>
      <trkpt lat="43.537530" lon="-5.655180"/>
      <trkpt lat="43.537570" lon="-5.655880"/>
      <trkpt lat="43.537570" lon="-5.655980"/>
      <trkpt lat="43.537580" lon="-5.656110"/>
      <trkpt lat="43.537610" lon="-5.656510"/>
      <trkpt lat="43.537630" lon="-5.656810"/>
      <trkpt lat="43.537630" lon="-5.656870"/>
      <trkpt lat="43.537630" lon="-5.657020"/>
      <trkpt lat="43.537620" lon="-5.657180"/>
      <trkpt lat="43.537610" lon="-5.657620"/>
      <trkpt lat="43.537580" lon="-5.658410"/>
      <trkpt lat="43.537580" lon="-5.658520"/>
      <trkpt lat="43.537560" lon="-5.658920"/>
      <trkpt lat="43.537560" lon="-5.659050"/>
      <trkpt lat="43.537550" lon="-5.659160"/>
      <trkpt lat="43.537540" lon="-5.659660"/>
      <trkpt lat="43.537530" lon="-5.659770"/>
      <trkpt lat="43.537340" lon="-5.660230"/>
      <trkpt lat="43.537270" lon="-5.660410"/>
      <trkpt lat="43.537250" lon="-5.660480"/>
      <trkpt lat="43.537200" lon="-5.660690"/>
      <trkpt lat="43.537190" lon="-5.660730"/>
      <trkpt lat="43.537090" lon="-5.661160"/>
      <trkpt lat="43.537040" lon="-5.661360"/>
      <trkpt lat="43.537000" lon="-5.661540"/>
      <trkpt lat="43.536950" lon="-5.661720"/>
      <trkpt lat="43.536910" lon="-5.661850"/>
      <trkpt lat="43.536890" lon="-5.661960"/>
      <trkpt lat="43.536900" lon="-5.662200"/>
      <trkpt lat="43.536920" lon="-5.662330"/>
      <trkpt lat="43.537000" lon="-5.662520"/>
      <trkpt lat="43.537030" lon="-5.662570"/>
      <trkpt lat="43.537060" lon="-5.662650"/>
      <trkpt lat="43.537100" lon="-5.662720"/>
      <trkpt lat="43.537150" lon="-5.662840"/>
      <trkpt lat="43.537850" lon="-5.664420"/>
      <trkpt lat="43.537930" lon="-5.664610"/>
      <trkpt lat="43.537970" lon="-5.664690"/>
      <trkpt lat="43.538040" lon="-5.664850"/>
      <trkpt lat="43.538270" lon="-5.665400"/>
      <trkpt lat="43.538370" lon="-5.665610"/>
      <trkpt lat="43.538450" lon="-5.665790"/>
      <trkpt lat="43.538480" lon="-5.665860"/>
      <trkpt lat="43.538510" lon="-5.665920"/>
      <trkpt lat="43.538620" lon="-5.666160"/>
      <trkpt lat="43.538700" lon="-5.666300"/>
      <trkpt lat="43.538490" lon="-5.666320"/>
      <trkpt lat="43.538230" lon="-5.666350"/>
      <trkpt lat="43.537940" lon="-5.666350"/>
      <trkpt lat="43.537860" lon="-5.666340"/>
      <trkpt lat="43.537340" lon="-5.666220"/>
      <trkpt lat="43.536830" lon="-5.666100"/>
      <trkpt lat="43.536690" lon="-5.666070"/>
      <trkpt lat="43.536600" lon="-5.666180"/>
      <trkpt lat="43.536480" lon="-5.666310"/>
      <trkpt lat="43.536100" lon="-5.666760"/>
      <trkpt lat="43.536170" lon="-5.666880"/>
      <trkpt lat="43.536540" lon="-5.667480"/>
      <trkpt lat="43.536580" lon="-5.667540"/>
      <trkpt lat="43.536630" lon="-5.667510"/>
      <trkpt lat="43.537060" lon="-5.667190"/>
    </trkseg>
  </trk>
</gpx>