<?xml version="1.0" encoding="UTF-8"?>
<gpx version="1.1" creator="trip-planner"
     xmlns="http://www.topografix.com/GPX/1/1">
  <metadata>
    <name>Gijon - San Vicente de la Barquera</name>
    <time>2026-08-08T07:59:41Z</time>
  </metadata>
  <wpt lat="43.537055" lon="-5.667170">
    <name>Gijón</name>
  </wpt>
  <wpt lat="43.386368" lon="-4.398566">
    <name>San Vicente de la Barquera</name>
  </wpt>
  <trk>
    <name>Gijon - San Vicente de la Barquera</name>
    <trkseg>
      <trkpt lat="43.537060" lon="-5.667190"/>
      <trkpt lat="43.537530" lon="-5.666850"/>
      <trkpt lat="43.537920" lon="-5.666540"/>
      <trkpt lat="43.537930" lon="-5.666430"/>
      <trkpt lat="43.537940" lon="-5.666350"/>
      <trkpt lat="43.537860" lon="-5.666340"/>
      <trkpt lat="43.537340" lon="-5.666220"/>
      <trkpt lat="43.537400" lon="-5.666140"/>
      <trkpt lat="43.538070" lon="-5.665360"/>
      <trkpt lat="43.538130" lon="-5.665300"/>
      <trkpt lat="43.537970" lon="-5.664910"/>
      <trkpt lat="43.537880" lon="-5.664700"/>
      <trkpt lat="43.537770" lon="-5.664480"/>
      <trkpt lat="43.537580" lon="-5.664070"/>
      <trkpt lat="43.537480" lon="-5.663840"/>
      <trkpt lat="43.537230" lon="-5.663290"/>
      <trkpt lat="43.537060" lon="-5.662910"/>
      <trkpt lat="43.537020" lon="-5.662840"/>
      <trkpt lat="43.536960" lon="-5.662710"/>
      <trkpt lat="43.536830" lon="-5.662370"/>
      <trkpt lat="43.536770" lon="-5.662340"/>
      <trkpt lat="43.536210" lon="-5.662050"/>
      <trkpt lat="43.536020" lon="-5.661960"/>
      <trkpt lat="43.535940" lon="-5.661920"/>
      <trkpt lat="43.536100" lon="-5.661300"/>
      <trkpt lat="43.536190" lon="-5.660950"/>
      <trkpt lat="43.536210" lon="-5.660870"/>
      <trkpt lat="43.536250" lon="-5.660710"/>
      <trkpt lat="43.536360" lon="-5.660250"/>
      <trkpt lat="43.536400" lon="-5.660100"/>
      <trkpt lat="43.536360" lon="-5.659790"/>
      <trkpt lat="43.536340" lon="-5.659660"/>
      <trkpt lat="43.536300" lon="-5.659390"/>
      <trkpt lat="43.536270" lon="-5.659120"/>
      <trkpt lat="43.536210" lon="-5.658660"/>
      <trkpt lat="43.536200" lon="-5.658520"/>
      <trkpt lat="43.536070" lon="-5.657570"/>
      <trkpt lat="43.535970" lon="-5.656880"/>
      <trkpt lat="43.535920" lon="-5.656490"/>
      <trkpt lat="43.535900" lon="-5.656340"/>
      <trkpt lat="43.535810" lon="-5.655640"/>
      <trkpt lat="43.535790" lon="-5.655510"/>
      <trkpt lat="43.535770" lon="-5.655370"/>
      <trkpt lat="43.535750" lon="-5.655260"/>
      <trkpt lat="43.535660" lon="-5.654560"/>
      <trkpt lat="43.535640" lon="-5.654410"/>
      <trkpt lat="43.535570" lon="-5.653800"/>
      <trkpt lat="43.535550" lon="-5.653610"/>
      <trkpt lat="43.535530" lon="-5.653320"/>
      <trkpt lat="43.535520" lon="-5.653280"/>
      <trkpt lat="43.535520" lon="-5.653160"/>
      <trkpt lat="43.535500" lon="-5.652630"/>
      <trkpt lat="43.535500" lon="-5.652360"/>
      <trkpt lat="43.535490" lon="-5.652240"/>
      <trkpt lat="43.535440" lon="-5.650790"/>
      <trkpt lat="43.535440" lon="-5.650660"/>
      <trkpt lat="43.535380" lon="-5.649320"/>
      <trkpt lat="43.535360" lon="-5.648980"/>
      <trkpt lat="43.535340" lon="-5.648480"/>
      <trkpt lat="43.535330" lon="-5.648350"/>
      <trkpt lat="43.535330" lon="-5.648270"/>
      <trkpt lat="43.535320" lon="-5.648000"/>
      <trkpt lat="43.535300" lon="-5.647510"/>
      <trkpt lat="43.535280" lon="-5.647060"/>
      <trkpt lat="43.535280" lon="-5.647020"/>
      <trkpt lat="43.535270" lon="-5.646850"/>
      <trkpt lat="43.535260" lon="-5.646750"/>
      <trkpt lat="43.535260" lon="-5.646700"/>
      <trkpt lat="43.535250" lon="-5.646620"/>
      <trkpt lat="43.535200" lon="-5.646590"/>
      <trkpt lat="43.535180" lon="-5.646580"/>
      <trkpt lat="43.535010" lon="-5.646480"/>
      <trkpt lat="43.534950" lon="-5.646440"/>
      <trkpt lat="43.534830" lon="-5.646340"/>
      <trkpt lat="43.534700" lon="-5.646260"/>
      <trkpt lat="43.534200" lon="-5.646040"/>
      <trkpt lat="43.534060" lon="-5.645960"/>
      <trkpt lat="43.533970" lon="-5.645940"/>
      <trkpt lat="43.533920" lon="-5.645930"/>
      <trkpt lat="43.533800" lon="-5.645900"/>
      <trkpt lat="43.533580" lon="-5.645860"/>
      <trkpt lat="43.533520" lon="-5.645850"/>
      <trkpt lat="43.533380" lon="-5.645820"/>
      <trkpt lat="43.533150" lon="-5.645810"/>
      <trkpt lat="43.532780" lon="-5.645820"/>
      <trkpt lat="43.532630" lon="-5.645820"/>
      <trkpt lat="43.532550" lon="-5.645820"/>
      <trkpt lat="43.532450" lon="-5.645820"/>
      <trkpt lat="43.532430" lon="-5.645820"/>
      <trkpt lat="43.532300" lon="-5.645820"/>
      <trkpt lat="43.532170" lon="-5.645880"/>
      <trkpt lat="43.532060" lon="-5.645950"/>
      <trkpt lat="43.532000" lon="-5.645970"/>
      <trkpt lat="43.531940" lon="-5.645970"/>
      <trkpt lat="43.531890" lon="-5.645910"/>
      <trkpt lat="43.531860" lon="-5.645820"/>
      <trkpt lat="43.531860" lon="-5.645690"/>
      <trkpt lat="43.531830" lon="-5.645570"/>
      <trkpt lat="43.531790" lon="-5.645510"/>
      <trkpt lat="43.531690" lon="-5.645400"/>
      <trkpt lat="43.531650" lon="-5.645330"/>
      <trkpt lat="43.531440" lon="-5.645140"/>
      <trkpt lat="43.531400" lon="-5.645110"/>
      <trkpt lat="43.531300" lon="-5.645020"/>
      <trkpt lat="43.531140" lon="-5.644880"/>
      <trkpt lat="43.531120" lon="-5.644870"/>
      <trkpt lat="43.530870" lon="-5.644660"/>
      <trkpt lat="43.530720" lon="-5.644540"/>
      <trkpt lat="43.530640" lon="-5.644490"/>
      <trkpt lat="43.530550" lon="-5.644440"/>
      <trkpt lat="43.530410" lon="-5.644410"/>
      <trkpt lat="43.530260" lon="-5.644370"/>
      <trkpt lat="43.529950" lon="-5.644330"/>
      <trkpt lat="43.529850" lon="-5.644310"/>
      <trkpt lat="43.529830" lon="-5.644310"/>
      <trkpt lat="43.529610" lon="-5.644270"/>
      <trkpt lat="43.529590" lon="-5.644270"/>
      <trkpt lat="43.529550" lon="-5.644270"/>
      <trkpt lat="43.529450" lon="-5.644250"/>
      <trkpt lat="43.529410" lon="-5.644240"/>
      <trkpt lat="43.529270" lon="-5.644220"/>
      <trkpt lat="43.529210" lon="-5.644200"/>
      <trkpt lat="43.529150" lon="-5.644180"/>
      <trkpt lat="43.529120" lon="-5.644160"/>
      <trkpt lat="43.528990" lon="-5.644050"/>
      <trkpt lat="43.528840" lon="-5.643930"/>
      <trkpt lat="43.528780" lon="-5.643880"/>
      <trkpt lat="43.528760" lon="-5.643860"/>
      <trkpt lat="43.528350" lon="-5.643540"/>
      <trkpt lat="43.528230" lon="-5.643460"/>
      <trkpt lat="43.528140" lon="-5.643420"/>
      <trkpt lat="43.528080" lon="-5.643390"/>
      <trkpt lat="43.527930" lon="-5.643320"/>
      <trkpt lat="43.527700" lon="-5.643210"/>
      <trkpt lat="43.527630" lon="-5.643180"/>
      <trkpt lat="43.527540" lon="-5.643140"/>
      <trkpt lat="43.526900" lon="-5.642850"/>
      <trkpt lat="43.526770" lon="-5.642790"/>
      <trkpt lat="43.526610" lon="-5.642720"/>
      <trkpt lat="43.526410" lon="-5.642630"/>
      <trkpt lat="43.526210" lon="-5.642540"/>
      <trkpt lat="43.526150" lon="-5.642510"/>
      <trkpt lat="43.526110" lon="-5.642490"/>
      <trkpt lat="43.526070" lon="-5.642470"/>
      <trkpt lat="43.525890" lon="-5.642390"/>
      <trkpt lat="43.525520" lon="-5.642210"/>
      <trkpt lat="43.525470" lon="-5.642170"/>
      <trkpt lat="43.525370" lon="-5.642100"/>
      <trkpt lat="43.525250" lon="-5.641990"/>
      <trkpt lat="43.525100" lon="-5.641780"/>
      <trkpt lat="43.524970" lon="-5.641540"/>
      <trkpt lat="43.524910" lon="-5.641370"/>
      <trkpt lat="43.524870" lon="-5.641200"/>
      <trkpt lat="43.524850" lon="-5.641000"/>
      <trkpt lat="43.524800" lon="-5.640410"/>
      <trkpt lat="43.524790" lon="-5.640320"/>
      <trkpt lat="43.524760" lon="-5.639970"/>
      <trkpt lat="43.524700" lon="-5.639800"/>
      <trkpt lat="43.524610" lon="-5.639650"/>
      <trkpt lat="43.524570" lon="-5.639590"/>
      <trkpt lat="43.524540" lon="-5.639520"/>
      <trkpt lat="43.524520" lon="-5.639440"/>
      <trkpt lat="43.524400" lon="-5.639310"/>
      <trkpt lat="43.524010" lon="-5.639130"/>
      <trkpt lat="43.522500" lon="-5.638460"/>
      <trkpt lat="43.521920" lon="-5.638230"/>
      <trkpt lat="43.520850" lon="-5.637760"/>
      <trkpt lat="43.520590" lon="-5.637630"/>
      <trkpt lat="43.520400" lon="-5.637460"/>
      <trkpt lat="43.520280" lon="-5.637220"/>
      <trkpt lat="43.520210" lon="-5.637010"/>
      <trkpt lat="43.520180" lon="-5.636830"/>
      <trkpt lat="43.520200" lon="-5.636550"/>
      <trkpt lat="43.520240" lon="-5.636250"/>
      <trkpt lat="43.520330" lon="-5.635920"/>
      <trkpt lat="43.520410" lon="-5.635600"/>
      <trkpt lat="43.520460" lon="-5.635330"/>
      <trkpt lat="43.520470" lon="-5.635050"/>
      <trkpt lat="43.520440" lon="-5.634680"/>
      <trkpt lat="43.520360" lon="-5.634410"/>
      <trkpt lat="43.520240" lon="-5.634150"/>
      <trkpt lat="43.519180" lon="-5.632670"/>
      <trkpt lat="43.518860" lon="-5.632160"/>
      <trkpt lat="43.517440" lon="-5.630270"/>
      <trkpt lat="43.516770" lon="-5.629390"/>
      <trkpt lat="43.516170" lon="-5.628450"/>
      <trkpt lat="43.515760" lon="-5.627680"/>
      <trkpt lat="43.515370" lon="-5.626810"/>
      <trkpt lat="43.514930" lon="-5.625590"/>
      <trkpt lat="43.514910" lon="-5.625540"/>
      <trkpt lat="43.514610" lon="-5.624440"/>
      <trkpt lat="43.514420" lon="-5.623440"/>
      <trkpt lat="43.514280" lon="-5.622400"/>
      <trkpt lat="43.514200" lon="-5.621360"/>
      <trkpt lat="43.514200" lon="-5.618950"/>
      <trkpt lat="43.514070" lon="-5.617240"/>
      <trkpt lat="43.513640" lon="-5.615180"/>
      <trkpt lat="43.513440" lon="-5.614460"/>
      <trkpt lat="43.513200" lon="-5.613770"/>
      <trkpt lat="43.513110" lon="-5.613550"/>
      <trkpt lat="43.512920" lon="-5.613080"/>
      <trkpt lat="43.512630" lon="-5.612440"/>
      <trkpt lat="43.511990" lon="-5.611230"/>
      <trkpt lat="43.511660" lon="-5.610620"/>
      <trkpt lat="43.511360" lon="-5.610000"/>
      <trkpt lat="43.511100" lon="-5.609340"/>
      <trkpt lat="43.510990" lon="-5.608990"/>
      <trkpt lat="43.510880" lon="-5.608580"/>
      <trkpt lat="43.510740" lon="-5.608010"/>
      <trkpt lat="43.510630" lon="-5.607280"/>
      <trkpt lat="43.510600" lon="-5.606580"/>
      <trkpt lat="43.510610" lon="-5.606000"/>
      <trkpt lat="43.510660" lon="-5.605320"/>
      <trkpt lat="43.510750" lon="-5.604710"/>
      <trkpt lat="43.510830" lon="-5.604240"/>
      <trkpt lat="43.511030" lon="-5.603180"/>
      <trkpt lat="43.511140" lon="-5.602390"/>
      <trkpt lat="43.511160" lon="-5.602070"/>
      <trkpt lat="43.511180" lon="-5.601730"/>
      <trkpt lat="43.511180" lon="-5.601070"/>
      <trkpt lat="43.511120" lon="-5.600420"/>
      <trkpt lat="43.511010" lon="-5.599750"/>
      <trkpt lat="43.510830" lon="-5.599120"/>
      <trkpt lat="43.510680" lon="-5.598660"/>
      <trkpt lat="43.510500" lon="-5.598230"/>
      <trkpt lat="43.510150" lon="-5.597630"/>
      <trkpt lat="43.509960" lon="-5.597310"/>
      <trkpt lat="43.509710" lon="-5.596990"/>
      <trkpt lat="43.509450" lon="-5.596680"/>
      <trkpt lat="43.509120" lon="-5.596380"/>
      <trkpt lat="43.508740" lon="-5.596100"/>
      <trkpt lat="43.508080" lon="-5.595710"/>
      <trkpt lat="43.506930" lon="-5.595160"/>
      <trkpt lat="43.506190" lon="-5.594690"/>
      <trkpt lat="43.505640" lon="-5.594220"/>
      <trkpt lat="43.505590" lon="-5.594150"/>
      <trkpt lat="43.505040" lon="-5.593510"/>
      <trkpt lat="43.504630" lon="-5.592900"/>
      <trkpt lat="43.504440" lon="-5.592570"/>
      <trkpt lat="43.504260" lon="-5.592220"/>
      <trkpt lat="43.503960" lon="-5.591520"/>
      <trkpt lat="43.503740" lon="-5.590840"/>
      <trkpt lat="43.503710" lon="-5.590750"/>
      <trkpt lat="43.503650" lon="-5.590530"/>
      <trkpt lat="43.503430" lon="-5.589460"/>
      <trkpt lat="43.503360" lon="-5.588650"/>
      <trkpt lat="43.503330" lon="-5.587980"/>
      <trkpt lat="43.503350" lon="-5.587290"/>
      <trkpt lat="43.503420" lon="-5.586710"/>
      <trkpt lat="43.503520" lon="-5.585950"/>
      <trkpt lat="43.503800" lon="-5.584860"/>
      <trkpt lat="43.504000" lon="-5.584170"/>
      <trkpt lat="43.504650" lon="-5.582650"/>
      <trkpt lat="43.504970" lon="-5.581970"/>
      <trkpt lat="43.506030" lon="-5.580280"/>
      <trkpt lat="43.507270" lon="-5.578850"/>
      <trkpt lat="43.507600" lon="-5.578570"/>
      <trkpt lat="43.507940" lon="-5.578320"/>
      <trkpt lat="43.509520" lon="-5.577400"/>
      <trkpt lat="43.509870" lon="-5.577120"/>
      <trkpt lat="43.510100" lon="-5.576940"/>
      <trkpt lat="43.510450" lon="-5.576580"/>
      <trkpt lat="43.510870" lon="-5.576030"/>
      <trkpt lat="43.511270" lon="-5.575350"/>
      <trkpt lat="43.511350" lon="-5.575170"/>
      <trkpt lat="43.511420" lon="-5.575040"/>
      <trkpt lat="43.511570" lon="-5.574650"/>
      <trkpt lat="43.511750" lon="-5.574180"/>
      <trkpt lat="43.511980" lon="-5.573350"/>
      <trkpt lat="43.512150" lon="-5.572640"/>
      <trkpt lat="43.512300" lon="-5.571850"/>
      <trkpt lat="43.512420" lon="-5.571060"/>
      <trkpt lat="43.512510" lon="-5.570280"/>
      <trkpt lat="43.512550" lon="-5.569690"/>
      <trkpt lat="43.512570" lon="-5.569320"/>
      <trkpt lat="43.512570" lon="-5.568830"/>
      <trkpt lat="43.512550" lon="-5.568310"/>
      <trkpt lat="43.512520" lon="-5.567890"/>
      <trkpt lat="43.512440" lon="-5.567290"/>
      <trkpt lat="43.512340" lon="-5.566770"/>
      <trkpt lat="43.512200" lon="-5.566240"/>
      <trkpt lat="43.511870" lon="-5.565310"/>
      <trkpt lat="43.511570" lon="-5.564670"/>
      <trkpt lat="43.510650" lon="-5.562930"/>
      <trkpt lat="43.510480" lon="-5.562600"/>
      <trkpt lat="43.510380" lon="-5.562420"/>
      <trkpt lat="43.509820" lon="-5.561330"/>
      <trkpt lat="43.509390" lon="-5.560440"/>
      <trkpt lat="43.508980" lon="-5.559500"/>
      <trkpt lat="43.508730" lon="-5.558760"/>
      <trkpt lat="43.508530" lon="-5.557980"/>
      <trkpt lat="43.508300" lon="-5.557050"/>
      <trkpt lat="43.508140" lon="-5.556060"/>
      <trkpt lat="43.508050" lon="-5.555110"/>
      <trkpt lat="43.508010" lon="-5.554400"/>
      <trkpt lat="43.508020" lon="-5.553490"/>
      <trkpt lat="43.508100" lon="-5.551960"/>
      <trkpt lat="43.508140" lon="-5.550960"/>
      <trkpt lat="43.508130" lon="-5.550700"/>
      <trkpt lat="43.508090" lon="-5.550000"/>
      <trkpt lat="43.507980" lon="-5.549200"/>
      <trkpt lat="43.507840" lon="-5.548560"/>
      <trkpt lat="43.507680" lon="-5.547950"/>
      <trkpt lat="43.507360" lon="-5.547060"/>
      <trkpt lat="43.506970" lon="-5.546260"/>
      <trkpt lat="43.506500" lon="-5.545510"/>
      <trkpt lat="43.506160" lon="-5.545060"/>
      <trkpt lat="43.505910" lon="-5.544770"/>
      <trkpt lat="43.505510" lon="-5.544360"/>
      <trkpt lat="43.504810" lon="-5.543810"/>
      <trkpt lat="43.504220" lon="-5.543400"/>
      <trkpt lat="43.503600" lon="-5.542980"/>
      <trkpt lat="43.503080" lon="-5.542610"/>
      <trkpt lat="43.502840" lon="-5.542440"/>
      <trkpt lat="43.502630" lon="-5.542270"/>
      <trkpt lat="43.502320" lon="-5.542010"/>
      <trkpt lat="43.502110" lon="-5.541830"/>
      <trkpt lat="43.501640" lon="-5.541390"/>
      <trkpt lat="43.501110" lon="-5.540860"/>
      <trkpt lat="43.500750" lon="-5.540460"/>
      <trkpt lat="43.500260" lon="-5.539880"/>
      <trkpt lat="43.499960" lon="-5.539500"/>
      <trkpt lat="43.499710" lon="-5.539140"/>
      <trkpt lat="43.499190" lon="-5.538380"/>
      <trkpt lat="43.498520" lon="-5.537240"/>
      <trkpt lat="43.498100" lon="-5.536470"/>
      <trkpt lat="43.497710" lon="-5.535800"/>
      <trkpt lat="43.497350" lon="-5.535240"/>
      <trkpt lat="43.496970" lon="-5.534690"/>
      <trkpt lat="43.496500" lon="-5.534180"/>
      <trkpt lat="43.496130" lon="-5.533830"/>
      <trkpt lat="43.496070" lon="-5.533770"/>
      <trkpt lat="43.495790" lon="-5.533540"/>
      <trkpt lat="43.495260" lon="-5.533180"/>
      <trkpt lat="43.495020" lon="-5.533060"/>
      <trkpt lat="43.494810" lon="-5.532950"/>
      <trkpt lat="43.494200" lon="-5.532690"/>
      <trkpt lat="43.492870" lon="-5.532260"/>
      <trkpt lat="43.487590" lon="-5.530490"/>
      <trkpt lat="43.482160" lon="-5.528430"/>
      <trkpt lat="43.481410" lon="-5.528130"/>
      <trkpt lat="43.480800" lon="-5.527890"/>
      <trkpt lat="43.480340" lon="-5.527700"/>
      <trkpt lat="43.478780" lon="-5.526820"/>
      <trkpt lat="43.470300" lon="-5.523530"/>
      <trkpt lat="43.467290" lon="-5.521330"/>
      <trkpt lat="43.466960" lon="-5.521150"/>
      <trkpt lat="43.466730" lon="-5.521020"/>
      <trkpt lat="43.466500" lon="-5.520880"/>
      <trkpt lat="43.466300" lon="-5.520740"/>
      <trkpt lat="43.466130" lon="-5.520630"/>
      <trkpt lat="43.465950" lon="-5.520500"/>
      <trkpt lat="43.465760" lon="-5.520350"/>
      <trkpt lat="43.465580" lon="-5.520200"/>
      <trkpt lat="43.465400" lon="-5.520020"/>
      <trkpt lat="43.465190" lon="-5.519810"/>
      <trkpt lat="43.464970" lon="-5.519580"/>
      <trkpt lat="43.464780" lon="-5.519350"/>
      <trkpt lat="43.464590" lon="-5.519120"/>
      <trkpt lat="43.464390" lon="-5.518850"/>
      <trkpt lat="43.464230" lon="-5.518590"/>
      <trkpt lat="43.464090" lon="-5.518340"/>
      <trkpt lat="43.463940" lon="-5.518080"/>
      <trkpt lat="43.463800" lon="-5.517800"/>
      <trkpt lat="43.463680" lon="-5.517550"/>
      <trkpt lat="43.463570" lon="-5.517310"/>
      <trkpt lat="43.463450" lon="-5.517010"/>
      <trkpt lat="43.463340" lon="-5.516730"/>
      <trkpt lat="43.463240" lon="-5.516450"/>
      <trkpt lat="43.463150" lon="-5.516180"/>
      <trkpt lat="43.463070" lon="-5.515930"/>
      <trkpt lat="43.463010" lon="-5.515690"/>
      <trkpt lat="43.462950" lon="-5.515440"/>
      <trkpt lat="43.462920" lon="-5.515290"/>
      <trkpt lat="43.462890" lon="-5.515160"/>
      <trkpt lat="43.462840" lon="-5.514940"/>
      <trkpt lat="43.462790" lon="-5.514680"/>
      <trkpt lat="43.462750" lon="-5.514410"/>
      <trkpt lat="43.462700" lon="-5.514110"/>
      <trkpt lat="43.462660" lon="-5.513840"/>
      <trkpt lat="43.462640" lon="-5.513630"/>
      <trkpt lat="43.462630" lon="-5.513390"/>
      <trkpt lat="43.462610" lon="-5.513150"/>
      <trkpt lat="43.462600" lon="-5.512850"/>
      <trkpt lat="43.462600" lon="-5.512530"/>
      <trkpt lat="43.462600" lon="-5.512230"/>
      <trkpt lat="43.462610" lon="-5.511950"/>
      <trkpt lat="43.462620" lon="-5.511660"/>
      <trkpt lat="43.462640" lon="-5.511400"/>
      <trkpt lat="43.462670" lon="-5.511070"/>
      <trkpt lat="43.462710" lon="-5.510760"/>
      <trkpt lat="43.462760" lon="-5.510410"/>
      <trkpt lat="43.462830" lon="-5.509970"/>
      <trkpt lat="43.462910" lon="-5.509550"/>
      <trkpt lat="43.462990" lon="-5.509190"/>
      <trkpt lat="43.463070" lon="-5.508900"/>
      <trkpt lat="43.463160" lon="-5.508530"/>
      <trkpt lat="43.463270" lon="-5.508170"/>
      <trkpt lat="43.463390" lon="-5.507830"/>
      <trkpt lat="43.463500" lon="-5.507530"/>
      <trkpt lat="43.463630" lon="-5.507220"/>
      <trkpt lat="43.463790" lon="-5.506860"/>
      <trkpt lat="43.463920" lon="-5.506590"/>
      <trkpt lat="43.464420" lon="-5.505570"/>
      <trkpt lat="43.464590" lon="-5.505220"/>
      <trkpt lat="43.464720" lon="-5.504930"/>
      <trkpt lat="43.464870" lon="-5.504600"/>
      <trkpt lat="43.464960" lon="-5.504380"/>
      <trkpt lat="43.465030" lon="-5.504200"/>
      <trkpt lat="43.465100" lon="-5.504020"/>
      <trkpt lat="43.465190" lon="-5.503750"/>
      <trkpt lat="43.465220" lon="-5.503670"/>
      <trkpt lat="43.465290" lon="-5.503460"/>
      <trkpt lat="43.465390" lon="-5.503150"/>
      <trkpt lat="43.465490" lon="-5.502820"/>
      <trkpt lat="43.465580" lon="-5.502500"/>
      <trkpt lat="43.465670" lon="-5.502140"/>
      <trkpt lat="43.465810" lon="-5.501620"/>
      <trkpt lat="43.466630" lon="-5.498350"/>
      <trkpt lat="43.466760" lon="-5.497920"/>
      <trkpt lat="43.466820" lon="-5.497680"/>
      <trkpt lat="43.466870" lon="-5.497460"/>
      <trkpt lat="43.466920" lon="-5.497270"/>
      <trkpt lat="43.466960" lon="-5.497020"/>
      <trkpt lat="43.467010" lon="-5.496750"/>
      <trkpt lat="43.467030" lon="-5.496490"/>
      <trkpt lat="43.467050" lon="-5.496270"/>
      <trkpt lat="43.467050" lon="-5.496050"/>
      <trkpt lat="43.467050" lon="-5.495830"/>
      <trkpt lat="43.467040" lon="-5.495600"/>
      <trkpt lat="43.467020" lon="-5.495360"/>
      <trkpt lat="43.466990" lon="-5.495100"/>
      <trkpt lat="43.466950" lon="-5.494840"/>
      <trkpt lat="43.466890" lon="-5.494570"/>
      <trkpt lat="43.466820" lon="-5.494320"/>
      <trkpt lat="43.466730" lon="-5.494050"/>
      <trkpt lat="43.466640" lon="-5.493810"/>
      <trkpt lat="43.466560" lon="-5.493620"/>
      <trkpt lat="43.466440" lon="-5.493370"/>
      <trkpt lat="43.466330" lon="-5.493160"/>
      <trkpt lat="43.466180" lon="-5.492910"/>
      <trkpt lat="43.466010" lon="-5.492670"/>
      <trkpt lat="43.465870" lon="-5.492440"/>
      <trkpt lat="43.465540" lon="-5.491980"/>
      <trkpt lat="43.465420" lon="-5.491790"/>
      <trkpt lat="43.465270" lon="-5.491550"/>
      <trkpt lat="43.465140" lon="-5.491310"/>
      <trkpt lat="43.465030" lon="-5.491090"/>
      <trkpt lat="43.464950" lon="-5.490910"/>
      <trkpt lat="43.464880" lon="-5.490740"/>
      <trkpt lat="43.464820" lon="-5.490550"/>
      <trkpt lat="43.464760" lon="-5.490370"/>
      <trkpt lat="43.464700" lon="-5.490140"/>
      <trkpt lat="43.464650" lon="-5.489960"/>
      <trkpt lat="43.464600" lon="-5.489730"/>
      <trkpt lat="43.464560" lon="-5.489460"/>
      <trkpt lat="43.464530" lon="-5.489160"/>
      <trkpt lat="43.464520" lon="-5.488860"/>
      <trkpt lat="43.464510" lon="-5.488530"/>
      <trkpt lat="43.464530" lon="-5.488250"/>
      <trkpt lat="43.464550" lon="-5.488000"/>
      <trkpt lat="43.464570" lon="-5.487790"/>
      <trkpt lat="43.464620" lon="-5.487510"/>
      <trkpt lat="43.464670" lon="-5.487230"/>
      <trkpt lat="43.464720" lon="-5.487030"/>
      <trkpt lat="43.464780" lon="-5.486800"/>
      <trkpt lat="43.464860" lon="-5.486570"/>
      <trkpt lat="43.464990" lon="-5.486250"/>
      <trkpt lat="43.465130" lon="-5.485960"/>
      <trkpt lat="43.465250" lon="-5.485740"/>
      <trkpt lat="43.465390" lon="-5.485520"/>
      <trkpt lat="43.465520" lon="-5.485320"/>
      <trkpt lat="43.465650" lon="-5.485140"/>
      <trkpt lat="43.465880" lon="-5.484840"/>
      <trkpt lat="43.466110" lon="-5.484540"/>
      <trkpt lat="43.466310" lon="-5.484270"/>
      <trkpt lat="43.466520" lon="-5.483960"/>
      <trkpt lat="43.466710" lon="-5.483690"/>
      <trkpt lat="43.466840" lon="-5.483480"/>
      <trkpt lat="43.466970" lon="-5.483240"/>
      <trkpt lat="43.467090" lon="-5.483000"/>
      <trkpt lat="43.467650" lon="-5.481860"/>
      <trkpt lat="43.467800" lon="-5.481450"/>
      <trkpt lat="43.467980" lon="-5.481000"/>
      <trkpt lat="43.468130" lon="-5.480570"/>
      <trkpt lat="43.468270" lon="-5.480140"/>
      <trkpt lat="43.468430" lon="-5.479640"/>
      <trkpt lat="43.468540" lon="-5.479250"/>
      <trkpt lat="43.468620" lon="-5.478940"/>
      <trkpt lat="43.468700" lon="-5.478640"/>
      <trkpt lat="43.468760" lon="-5.478390"/>
      <trkpt lat="43.468830" lon="-5.478080"/>
      <trkpt lat="43.469030" lon="-5.477170"/>
      <trkpt lat="43.469410" lon="-5.475300"/>
      <trkpt lat="43.469490" lon="-5.474930"/>
      <trkpt lat="43.469650" lon="-5.474240"/>
      <trkpt lat="43.469860" lon="-5.473400"/>
      <trkpt lat="43.470100" lon="-5.472540"/>
      <trkpt lat="43.470510" lon="-5.471240"/>
      <trkpt lat="43.470970" lon="-5.470030"/>
      <trkpt lat="43.471190" lon="-5.469490"/>
      <trkpt lat="43.471340" lon="-5.469130"/>
      <trkpt lat="43.471850" lon="-5.468030"/>
      <trkpt lat="43.472420" lon="-5.466960"/>
      <trkpt lat="43.472900" lon="-5.466120"/>
      <trkpt lat="43.473350" lon="-5.465380"/>
      <trkpt lat="43.473830" lon="-5.464690"/>
      <trkpt lat="43.474290" lon="-5.464040"/>
      <trkpt lat="43.474780" lon="-5.463410"/>
      <trkpt lat="43.475320" lon="-5.462790"/>
      <trkpt lat="43.475900" lon="-5.462150"/>
      <trkpt lat="43.476680" lon="-5.461370"/>
      <trkpt lat="43.477400" lon="-5.460760"/>
      <trkpt lat="43.477530" lon="-5.460650"/>
      <trkpt lat="43.478530" lon="-5.459890"/>
      <trkpt lat="43.479040" lon="-5.459530"/>
      <trkpt lat="43.479560" lon="-5.459220"/>
      <trkpt lat="43.480620" lon="-5.458600"/>
      <trkpt lat="43.480930" lon="-5.458430"/>
      <trkpt lat="43.481670" lon="-5.458030"/>
      <trkpt lat="43.482420" lon="-5.457580"/>
      <trkpt lat="43.482920" lon="-5.457200"/>
      <trkpt lat="43.483410" lon="-5.456780"/>
      <trkpt lat="43.483760" lon="-5.456450"/>
      <trkpt lat="43.484170" lon="-5.456000"/>
      <trkpt lat="43.484510" lon="-5.455580"/>
      <trkpt lat="43.484830" lon="-5.455160"/>
      <trkpt lat="43.485230" lon="-5.454560"/>
      <trkpt lat="43.485400" lon="-5.454270"/>
      <trkpt lat="43.485720" lon="-5.453690"/>
      <trkpt lat="43.485890" lon="-5.453340"/>
      <trkpt lat="43.486060" lon="-5.452980"/>
      <trkpt lat="43.486320" lon="-5.452380"/>
      <trkpt lat="43.486630" lon="-5.451430"/>
      <trkpt lat="43.486860" lon="-5.450640"/>
      <trkpt lat="43.486930" lon="-5.450340"/>
      <trkpt lat="43.487040" lon="-5.449890"/>
      <trkpt lat="43.487170" lon="-5.449160"/>
      <trkpt lat="43.487280" lon="-5.448300"/>
      <trkpt lat="43.487320" lon="-5.447740"/>
      <trkpt lat="43.487340" lon="-5.447280"/>
      <trkpt lat="43.487350" lon="-5.446800"/>
      <trkpt lat="43.487350" lon="-5.446230"/>
      <trkpt lat="43.487330" lon="-5.445790"/>
      <trkpt lat="43.487310" lon="-5.445410"/>
      <trkpt lat="43.487250" lon="-5.444710"/>
      <trkpt lat="43.487210" lon="-5.444350"/>
      <trkpt lat="43.487080" lon="-5.443270"/>
      <trkpt lat="43.487010" lon="-5.442720"/>
      <trkpt lat="43.486910" lon="-5.441620"/>
      <trkpt lat="43.486790" lon="-5.440420"/>
      <trkpt lat="43.486760" lon="-5.439940"/>
      <trkpt lat="43.486750" lon="-5.439690"/>
      <trkpt lat="43.486750" lon="-5.439360"/>
      <trkpt lat="43.486750" lon="-5.438810"/>
      <trkpt lat="43.486770" lon="-5.438270"/>
      <trkpt lat="43.486810" lon="-5.437650"/>
      <trkpt lat="43.486860" lon="-5.437000"/>
      <trkpt lat="43.486920" lon="-5.436310"/>
      <trkpt lat="43.486980" lon="-5.435740"/>
      <trkpt lat="43.487030" lon="-5.435290"/>
      <trkpt lat="43.487090" lon="-5.434800"/>
      <trkpt lat="43.487170" lon="-5.434290"/>
      <trkpt lat="43.487270" lon="-5.433680"/>
      <trkpt lat="43.487760" lon="-5.431000"/>
      <trkpt lat="43.487830" lon="-5.430630"/>
      <trkpt lat="43.488070" lon="-5.429310"/>
      <trkpt lat="43.488370" lon="-5.427450"/>
      <trkpt lat="43.488700" lon="-5.425760"/>
      <trkpt lat="43.488820" lon="-5.425060"/>
      <trkpt lat="43.489110" lon="-5.423550"/>
      <trkpt lat="43.489300" lon="-5.422630"/>
      <trkpt lat="43.489480" lon="-5.421980"/>
      <trkpt lat="43.489670" lon="-5.421400"/>
      <trkpt lat="43.489860" lon="-5.420980"/>
      <trkpt lat="43.490040" lon="-5.420580"/>
      <trkpt lat="43.490230" lon="-5.420220"/>
      <trkpt lat="43.490620" lon="-5.419600"/>
      <trkpt lat="43.490690" lon="-5.419520"/>
      <trkpt lat="43.490890" lon="-5.419250"/>
      <trkpt lat="43.491230" lon="-5.418850"/>
      <trkpt lat="43.491660" lon="-5.418450"/>
      <trkpt lat="43.492090" lon="-5.418060"/>
      <trkpt lat="43.493540" lon="-5.416780"/>
      <trkpt lat="43.494580" lon="-5.415860"/>
      <trkpt lat="43.495000" lon="-5.415520"/>
      <trkpt lat="43.495410" lon="-5.415240"/>
      <trkpt lat="43.495820" lon="-5.415010"/>
      <trkpt lat="43.496240" lon="-5.414820"/>
      <trkpt lat="43.497340" lon="-5.414390"/>
      <trkpt lat="43.497920" lon="-5.414150"/>
      <trkpt lat="43.498360" lon="-5.413930"/>
      <trkpt lat="43.498440" lon="-5.413900"/>
      <trkpt lat="43.498850" lon="-5.413640"/>
      <trkpt lat="43.499260" lon="-5.413320"/>
      <trkpt lat="43.499780" lon="-5.412840"/>
      <trkpt lat="43.500290" lon="-5.412200"/>
      <trkpt lat="43.500540" lon="-5.411830"/>
      <trkpt lat="43.500650" lon="-5.411640"/>
      <trkpt lat="43.500770" lon="-5.411440"/>
      <trkpt lat="43.501130" lon="-5.410700"/>
      <trkpt lat="43.501340" lon="-5.410120"/>
      <trkpt lat="43.501540" lon="-5.409460"/>
      <trkpt lat="43.501670" lon="-5.408880"/>
      <trkpt lat="43.501750" lon="-5.408250"/>
      <trkpt lat="43.501820" lon="-5.407480"/>
      <trkpt lat="43.501810" lon="-5.406640"/>
      <trkpt lat="43.501740" lon="-5.405740"/>
      <trkpt lat="43.501380" lon="-5.403780"/>
      <trkpt lat="43.501310" lon="-5.403490"/>
      <trkpt lat="43.501030" lon="-5.402190"/>
      <trkpt lat="43.500830" lon="-5.400980"/>
      <trkpt lat="43.500710" lon="-5.399770"/>
      <trkpt lat="43.500690" lon="-5.398650"/>
      <trkpt lat="43.500740" lon="-5.397530"/>
      <trkpt lat="43.500860" lon="-5.396270"/>
      <trkpt lat="43.500950" lon="-5.395210"/>
      <trkpt lat="43.500970" lon="-5.394610"/>
      <trkpt lat="43.500980" lon="-5.394020"/>
      <trkpt lat="43.500950" lon="-5.393460"/>
      <trkpt lat="43.500900" lon="-5.392920"/>
      <trkpt lat="43.500760" lon="-5.391820"/>
      <trkpt lat="43.500670" lon="-5.391260"/>
      <trkpt lat="43.500610" lon="-5.390870"/>
      <trkpt lat="43.500350" lon="-5.389120"/>
      <trkpt lat="43.499880" lon="-5.386160"/>
      <trkpt lat="43.499770" lon="-5.385590"/>
      <trkpt lat="43.499610" lon="-5.385010"/>
      <trkpt lat="43.499420" lon="-5.384420"/>
      <trkpt lat="43.499190" lon="-5.383880"/>
      <trkpt lat="43.498810" lon="-5.383050"/>
      <trkpt lat="43.498380" lon="-5.382240"/>
      <trkpt lat="43.497950" lon="-5.381350"/>
      <trkpt lat="43.497550" lon="-5.380250"/>
      <trkpt lat="43.497430" lon="-5.379840"/>
      <trkpt lat="43.497250" lon="-5.379220"/>
      <trkpt lat="43.496900" lon="-5.377560"/>
      <trkpt lat="43.496230" lon="-5.374400"/>
      <trkpt lat="43.496040" lon="-5.373450"/>
      <trkpt lat="43.495960" lon="-5.373010"/>
      <trkpt lat="43.495900" lon="-5.372550"/>
      <trkpt lat="43.495850" lon="-5.371790"/>
      <trkpt lat="43.495860" lon="-5.370890"/>
      <trkpt lat="43.495890" lon="-5.370420"/>
      <trkpt lat="43.495950" lon="-5.369940"/>
      <trkpt lat="43.496030" lon="-5.369470"/>
      <trkpt lat="43.496140" lon="-5.368980"/>
      <trkpt lat="43.496350" lon="-5.368260"/>
      <trkpt lat="43.496490" lon="-5.367870"/>
      <trkpt lat="43.496610" lon="-5.367570"/>
      <trkpt lat="43.496890" lon="-5.366970"/>
      <trkpt lat="43.497260" lon="-5.366340"/>
      <trkpt lat="43.497680" lon="-5.365790"/>
      <trkpt lat="43.497860" lon="-5.365550"/>
      <trkpt lat="43.499030" lon="-5.364230"/>
      <trkpt lat="43.499540" lon="-5.363590"/>
      <trkpt lat="43.499790" lon="-5.363240"/>
      <trkpt lat="43.500040" lon="-5.362850"/>
      <trkpt lat="43.500440" lon="-5.362110"/>
      <trkpt lat="43.500830" lon="-5.361260"/>
      <trkpt lat="43.501910" lon="-5.358650"/>
      <trkpt lat="43.502050" lon="-5.358320"/>
      <trkpt lat="43.502460" lon="-5.357320"/>
      <trkpt lat="43.503000" lon="-5.356000"/>
      <trkpt lat="43.503220" lon="-5.355390"/>
      <trkpt lat="43.503390" lon="-5.354790"/>
      <trkpt lat="43.503550" lon="-5.354040"/>
      <trkpt lat="43.503610" lon="-5.353630"/>
      <trkpt lat="43.503650" lon="-5.353220"/>
      <trkpt lat="43.503680" lon="-5.352610"/>
      <trkpt lat="43.503680" lon="-5.351970"/>
      <trkpt lat="43.503610" lon="-5.351000"/>
      <trkpt lat="43.503500" lon="-5.350010"/>
      <trkpt lat="43.503420" lon="-5.348980"/>
      <trkpt lat="43.503400" lon="-5.348150"/>
      <trkpt lat="43.503430" lon="-5.347470"/>
      <trkpt lat="43.503530" lon="-5.346790"/>
      <trkpt lat="43.503560" lon="-5.346590"/>
      <trkpt lat="43.503650" lon="-5.346070"/>
      <trkpt lat="43.503850" lon="-5.345370"/>
      <trkpt lat="43.504020" lon="-5.344870"/>
      <trkpt lat="43.504220" lon="-5.344380"/>
      <trkpt lat="43.504540" lon="-5.343720"/>
      <trkpt lat="43.504870" lon="-5.343110"/>
      <trkpt lat="43.505250" lon="-5.342460"/>
      <trkpt lat="43.505590" lon="-5.341800"/>
      <trkpt lat="43.505830" lon="-5.341270"/>
      <trkpt lat="43.506050" lon="-5.340710"/>
      <trkpt lat="43.506250" lon="-5.340000"/>
      <trkpt lat="43.506400" lon="-5.339270"/>
      <trkpt lat="43.506460" lon="-5.338820"/>
      <trkpt lat="43.506510" lon="-5.338350"/>
      <trkpt lat="43.506530" lon="-5.337950"/>
      <trkpt lat="43.506530" lon="-5.337550"/>
      <trkpt lat="43.506530" lon="-5.337140"/>
      <trkpt lat="43.506490" lon="-5.336740"/>
      <trkpt lat="43.506440" lon="-5.336270"/>
      <trkpt lat="43.506370" lon="-5.335820"/>
      <trkpt lat="43.506290" lon="-5.335390"/>
      <trkpt lat="43.506270" lon="-5.335330"/>
      <trkpt lat="43.506160" lon="-5.334910"/>
      <trkpt lat="43.505970" lon="-5.334340"/>
      <trkpt lat="43.505860" lon="-5.334040"/>
      <trkpt lat="43.505740" lon="-5.333760"/>
      <trkpt lat="43.505550" lon="-5.333370"/>
      <trkpt lat="43.505170" lon="-5.332700"/>
      <trkpt lat="43.504880" lon="-5.332320"/>
      <trkpt lat="43.504500" lon="-5.331870"/>
      <trkpt lat="43.504260" lon="-5.331620"/>
      <trkpt lat="43.503980" lon="-5.331380"/>
      <trkpt lat="43.503490" lon="-5.330990"/>
      <trkpt lat="43.502850" lon="-5.330590"/>
      <trkpt lat="43.502470" lon="-5.330380"/>
      <trkpt lat="43.501980" lon="-5.330180"/>
      <trkpt lat="43.501470" lon="-5.330000"/>
      <trkpt lat="43.500540" lon="-5.329760"/>
      <trkpt lat="43.499210" lon="-5.329520"/>
      <trkpt lat="43.498790" lon="-5.329450"/>
      <trkpt lat="43.498770" lon="-5.329450"/>
      <trkpt lat="43.498410" lon="-5.329340"/>
      <trkpt lat="43.497970" lon="-5.329210"/>
      <trkpt lat="43.497560" lon="-5.329030"/>
      <trkpt lat="43.496880" lon="-5.328650"/>
      <trkpt lat="43.496460" lon="-5.328340"/>
      <trkpt lat="43.496040" lon="-5.327990"/>
      <trkpt lat="43.495590" lon="-5.327520"/>
      <trkpt lat="43.495180" lon="-5.327030"/>
      <trkpt lat="43.494860" lon="-5.326590"/>
      <trkpt lat="43.494570" lon="-5.326120"/>
      <trkpt lat="43.494280" lon="-5.325570"/>
      <trkpt lat="43.493970" lon="-5.324910"/>
      <trkpt lat="43.493350" lon="-5.323380"/>
      <trkpt lat="43.493090" lon="-5.322810"/>
      <trkpt lat="43.492800" lon="-5.322270"/>
      <trkpt lat="43.492520" lon="-5.321840"/>
      <trkpt lat="43.492490" lon="-5.321800"/>
      <trkpt lat="43.492220" lon="-5.321440"/>
      <trkpt lat="43.491870" lon="-5.321040"/>
      <trkpt lat="43.491480" lon="-5.320640"/>
      <trkpt lat="43.490490" lon="-5.319760"/>
      <trkpt lat="43.489840" lon="-5.319100"/>
      <trkpt lat="43.489420" lon="-5.318580"/>
      <trkpt lat="43.489000" lon="-5.317970"/>
      <trkpt lat="43.488580" lon="-5.317260"/>
      <trkpt lat="43.488290" lon="-5.316660"/>
      <trkpt lat="43.488050" lon="-5.316100"/>
      <trkpt lat="43.487810" lon="-5.315430"/>
      <trkpt lat="43.487590" lon="-5.314750"/>
      <trkpt lat="43.487150" lon="-5.313310"/>
      <trkpt lat="43.486850" lon="-5.312480"/>
      <trkpt lat="43.486800" lon="-5.312360"/>
      <trkpt lat="43.486680" lon="-5.312070"/>
      <trkpt lat="43.486510" lon="-5.311700"/>
      <trkpt lat="43.486260" lon="-5.311190"/>
      <trkpt lat="43.485990" lon="-5.310680"/>
      <trkpt lat="43.485650" lon="-5.310140"/>
      <trkpt lat="43.485290" lon="-5.309610"/>
      <trkpt lat="43.484530" lon="-5.308550"/>
      <trkpt lat="43.484150" lon="-5.307990"/>
      <trkpt lat="43.483800" lon="-5.307460"/>
      <trkpt lat="43.483280" lon="-5.306460"/>
      <trkpt lat="43.482820" lon="-5.305400"/>
      <trkpt lat="43.482420" lon="-5.304240"/>
      <trkpt lat="43.482060" lon="-5.303040"/>
      <trkpt lat="43.481850" lon="-5.302280"/>
      <trkpt lat="43.481620" lon="-5.301440"/>
      <trkpt lat="43.481190" lon="-5.299790"/>
      <trkpt lat="43.480730" lon="-5.297810"/>
      <trkpt lat="43.480550" lon="-5.296850"/>
      <trkpt lat="43.480430" lon="-5.295880"/>
      <trkpt lat="43.480420" lon="-5.294730"/>
      <trkpt lat="43.480450" lon="-5.294160"/>
      <trkpt lat="43.480510" lon="-5.293590"/>
      <trkpt lat="43.480600" lon="-5.292940"/>
      <trkpt lat="43.480730" lon="-5.292300"/>
      <trkpt lat="43.480910" lon="-5.291660"/>
      <trkpt lat="43.481110" lon="-5.291040"/>
      <trkpt lat="43.481320" lon="-5.290420"/>
      <trkpt lat="43.481660" lon="-5.289440"/>
      <trkpt lat="43.481870" lon="-5.288710"/>
      <trkpt lat="43.482020" lon="-5.287970"/>
      <trkpt lat="43.482120" lon="-5.287270"/>
      <trkpt lat="43.482170" lon="-5.286560"/>
      <trkpt lat="43.482180" lon="-5.285680"/>
      <trkpt lat="43.482160" lon="-5.285240"/>
      <trkpt lat="43.482120" lon="-5.284780"/>
      <trkpt lat="43.482030" lon="-5.284090"/>
      <trkpt lat="43.481900" lon="-5.283450"/>
      <trkpt lat="43.481800" lon="-5.283030"/>
      <trkpt lat="43.481580" lon="-5.282260"/>
      <trkpt lat="43.481220" lon="-5.281110"/>
      <trkpt lat="43.480600" lon="-5.278990"/>
      <trkpt lat="43.480580" lon="-5.278910"/>
      <trkpt lat="43.480410" lon="-5.277970"/>
      <trkpt lat="43.480260" lon="-5.276910"/>
      <trkpt lat="43.480190" lon="-5.276080"/>
      <trkpt lat="43.480150" lon="-5.275230"/>
      <trkpt lat="43.480190" lon="-5.274100"/>
      <trkpt lat="43.480280" lon="-5.272870"/>
      <trkpt lat="43.480420" lon="-5.271940"/>
      <trkpt lat="43.480610" lon="-5.271030"/>
      <trkpt lat="43.481070" lon="-5.269200"/>
      <trkpt lat="43.481490" lon="-5.267640"/>
      <trkpt lat="43.481610" lon="-5.267090"/>
      <trkpt lat="43.481650" lon="-5.266920"/>
      <trkpt lat="43.481800" lon="-5.266170"/>
      <trkpt lat="43.481880" lon="-5.265560"/>
      <trkpt lat="43.481960" lon="-5.264930"/>
      <trkpt lat="43.482010" lon="-5.264300"/>
      <trkpt lat="43.482040" lon="-5.263630"/>
      <trkpt lat="43.482050" lon="-5.263000"/>
      <trkpt lat="43.482050" lon="-5.262360"/>
      <trkpt lat="43.481970" lon="-5.261350"/>
      <trkpt lat="43.481910" lon="-5.260760"/>
      <trkpt lat="43.481820" lon="-5.260180"/>
      <trkpt lat="43.481630" lon="-5.259190"/>
      <trkpt lat="43.481460" lon="-5.258480"/>
      <trkpt lat="43.481230" lon="-5.257680"/>
      <trkpt lat="43.480890" lon="-5.256730"/>
      <trkpt lat="43.480330" lon="-5.255450"/>
      <trkpt lat="43.480260" lon="-5.255340"/>
      <trkpt lat="43.480010" lon="-5.254860"/>
      <trkpt lat="43.479650" lon="-5.254250"/>
      <trkpt lat="43.479260" lon="-5.253670"/>
      <trkpt lat="43.478430" lon="-5.252640"/>
      <trkpt lat="43.477650" lon="-5.251830"/>
      <trkpt lat="43.477150" lon="-5.251360"/>
      <trkpt lat="43.476900" lon="-5.251130"/>
      <trkpt lat="43.476650" lon="-5.250870"/>
      <trkpt lat="43.476340" lon="-5.250550"/>
      <trkpt lat="43.476060" lon="-5.250230"/>
      <trkpt lat="43.475840" lon="-5.249930"/>
      <trkpt lat="43.475460" lon="-5.249400"/>
      <trkpt lat="43.475120" lon="-5.248800"/>
      <trkpt lat="43.474680" lon="-5.247880"/>
      <trkpt lat="43.474360" lon="-5.247020"/>
      <trkpt lat="43.474140" lon="-5.246200"/>
      <trkpt lat="43.473980" lon="-5.245410"/>
      <trkpt lat="43.473880" lon="-5.244590"/>
      <trkpt lat="43.473790" lon="-5.243420"/>
      <trkpt lat="43.473710" lon="-5.242270"/>
      <trkpt lat="43.473630" lon="-5.241430"/>
      <trkpt lat="43.473490" lon="-5.240500"/>
      <trkpt lat="43.473370" lon="-5.239940"/>
      <trkpt lat="43.473210" lon="-5.239300"/>
      <trkpt lat="43.472940" lon="-5.238450"/>
      <trkpt lat="43.472540" lon="-5.237390"/>
      <trkpt lat="43.472100" lon="-5.236250"/>
      <trkpt lat="43.471890" lon="-5.235610"/>
      <trkpt lat="43.471700" lon="-5.234870"/>
      <trkpt lat="43.471630" lon="-5.234480"/>
      <trkpt lat="43.471500" lon="-5.233760"/>
      <trkpt lat="43.471440" lon="-5.233010"/>
      <trkpt lat="43.471420" lon="-5.232250"/>
      <trkpt lat="43.471440" lon="-5.231450"/>
      <trkpt lat="43.471530" lon="-5.230600"/>
      <trkpt lat="43.471650" lon="-5.229950"/>
      <trkpt lat="43.471810" lon="-5.229230"/>
      <trkpt lat="43.472170" lon="-5.227930"/>
      <trkpt lat="43.472380" lon="-5.227230"/>
      <trkpt lat="43.472530" lon="-5.226580"/>
      <trkpt lat="43.472660" lon="-5.225830"/>
      <trkpt lat="43.472730" lon="-5.225250"/>
      <trkpt lat="43.472750" lon="-5.225000"/>
      <trkpt lat="43.472780" lon="-5.223950"/>
      <trkpt lat="43.472770" lon="-5.223420"/>
      <trkpt lat="43.472720" lon="-5.222860"/>
      <trkpt lat="43.472650" lon="-5.222280"/>
      <trkpt lat="43.472560" lon="-5.221730"/>
      <trkpt lat="43.472470" lon="-5.221290"/>
      <trkpt lat="43.472360" lon="-5.220880"/>
      <trkpt lat="43.472240" lon="-5.220480"/>
      <trkpt lat="43.472120" lon="-5.220110"/>
      <trkpt lat="43.471890" lon="-5.219500"/>
      <trkpt lat="43.471630" lon="-5.218910"/>
      <trkpt lat="43.471270" lon="-5.218120"/>
      <trkpt lat="43.470900" lon="-5.217400"/>
      <trkpt lat="43.470280" lon="-5.216110"/>
      <trkpt lat="43.469960" lon="-5.215380"/>
      <trkpt lat="43.469640" lon="-5.214550"/>
      <trkpt lat="43.469360" lon="-5.213710"/>
      <trkpt lat="43.469100" lon="-5.212690"/>
      <trkpt lat="43.468860" lon="-5.211480"/>
      <trkpt lat="43.468840" lon="-5.211240"/>
      <trkpt lat="43.468770" lon="-5.210550"/>
      <trkpt lat="43.468710" lon="-5.209610"/>
      <trkpt lat="43.468700" lon="-5.208710"/>
      <trkpt lat="43.468720" lon="-5.207860"/>
      <trkpt lat="43.468820" lon="-5.206880"/>
      <trkpt lat="43.468910" lon="-5.206310"/>
      <trkpt lat="43.469000" lon="-5.205740"/>
      <trkpt lat="43.469540" lon="-5.203590"/>
      <trkpt lat="43.469920" lon="-5.202110"/>
      <trkpt lat="43.470090" lon="-5.201350"/>
      <trkpt lat="43.470230" lon="-5.200540"/>
      <trkpt lat="43.470350" lon="-5.199780"/>
      <trkpt lat="43.470400" lon="-5.199290"/>
      <trkpt lat="43.470430" lon="-5.199020"/>
      <trkpt lat="43.470480" lon="-5.198300"/>
      <trkpt lat="43.470510" lon="-5.197550"/>
      <trkpt lat="43.470520" lon="-5.196950"/>
      <trkpt lat="43.470510" lon="-5.196280"/>
      <trkpt lat="43.470480" lon="-5.195670"/>
      <trkpt lat="43.470440" lon="-5.194990"/>
      <trkpt lat="43.470320" lon="-5.193930"/>
      <trkpt lat="43.470190" lon="-5.192930"/>
      <trkpt lat="43.470000" lon="-5.191760"/>
      <trkpt lat="43.469890" lon="-5.190900"/>
      <trkpt lat="43.469820" lon="-5.190000"/>
      <trkpt lat="43.469820" lon="-5.189190"/>
      <trkpt lat="43.469860" lon="-5.187940"/>
      <trkpt lat="43.469910" lon="-5.187310"/>
      <trkpt lat="43.469940" lon="-5.187070"/>
      <trkpt lat="43.470000" lon="-5.186650"/>
      <trkpt lat="43.470210" lon="-5.185290"/>
      <trkpt lat="43.470350" lon="-5.184400"/>
      <trkpt lat="43.470470" lon="-5.183480"/>
      <trkpt lat="43.470510" lon="-5.182780"/>
      <trkpt lat="43.470530" lon="-5.182170"/>
      <trkpt lat="43.470500" lon="-5.181520"/>
      <trkpt lat="43.470420" lon="-5.180840"/>
      <trkpt lat="43.470290" lon="-5.180220"/>
      <trkpt lat="43.470170" lon="-5.179710"/>
      <trkpt lat="43.469990" lon="-5.179120"/>
      <trkpt lat="43.469710" lon="-5.178340"/>
      <trkpt lat="43.469380" lon="-5.177350"/>
      <trkpt lat="43.469230" lon="-5.176830"/>
      <trkpt lat="43.469200" lon="-5.176730"/>
      <trkpt lat="43.469030" lon="-5.175990"/>
      <trkpt lat="43.468900" lon="-5.175180"/>
      <trkpt lat="43.468820" lon="-5.174400"/>
      <trkpt lat="43.468780" lon="-5.173780"/>
      <trkpt lat="43.468780" lon="-5.173240"/>
      <trkpt lat="43.468770" lon="-5.172950"/>
      <trkpt lat="43.468820" lon="-5.172150"/>
      <trkpt lat="43.468890" lon="-5.171460"/>
      <trkpt lat="43.468950" lon="-5.171080"/>
      <trkpt lat="43.469110" lon="-5.170310"/>
      <trkpt lat="43.469360" lon="-5.169400"/>
      <trkpt lat="43.469650" lon="-5.168550"/>
      <trkpt lat="43.470070" lon="-5.167440"/>
      <trkpt lat="43.470350" lon="-5.166640"/>
      <trkpt lat="43.470560" lon="-5.165920"/>
      <trkpt lat="43.470720" lon="-5.165220"/>
      <trkpt lat="43.470840" lon="-5.164520"/>
      <trkpt lat="43.470920" lon="-5.163750"/>
      <trkpt lat="43.470980" lon="-5.162890"/>
      <trkpt lat="43.470990" lon="-5.162040"/>
      <trkpt lat="43.470970" lon="-5.161560"/>
      <trkpt lat="43.470970" lon="-5.161260"/>
      <trkpt lat="43.470890" lon="-5.160370"/>
      <trkpt lat="43.470730" lon="-5.159290"/>
      <trkpt lat="43.470610" lon="-5.158700"/>
      <trkpt lat="43.470490" lon="-5.158170"/>
      <trkpt lat="43.470220" lon="-5.157250"/>
      <trkpt lat="43.470050" lon="-5.156760"/>
      <trkpt lat="43.469870" lon="-5.156260"/>
      <trkpt lat="43.469580" lon="-5.155560"/>
      <trkpt lat="43.468460" lon="-5.153130"/>
      <trkpt lat="43.467080" lon="-5.150770"/>
      <trkpt lat="43.464640" lon="-5.146590"/>
      <trkpt lat="43.462520" lon="-5.142090"/>
      <trkpt lat="43.462270" lon="-5.141280"/>
      <trkpt lat="43.462030" lon="-5.140390"/>
      <trkpt lat="43.461860" lon="-5.139510"/>
      <trkpt lat="43.461750" lon="-5.138640"/>
      <trkpt lat="43.461730" lon="-5.137930"/>
      <trkpt lat="43.461740" lon="-5.137230"/>
      <trkpt lat="43.461810" lon="-5.135820"/>
      <trkpt lat="43.461830" lon="-5.135000"/>
      <trkpt lat="43.461820" lon="-5.134230"/>
      <trkpt lat="43.461770" lon="-5.133430"/>
      <trkpt lat="43.461670" lon="-5.132600"/>
      <trkpt lat="43.461580" lon="-5.132080"/>
      <trkpt lat="43.461480" lon="-5.131550"/>
      <trkpt lat="43.461280" lon="-5.130730"/>
      <trkpt lat="43.460950" lon="-5.129660"/>
      <trkpt lat="43.460840" lon="-5.129300"/>
      <trkpt lat="43.460710" lon="-5.128920"/>
      <trkpt lat="43.460450" lon="-5.128100"/>
      <trkpt lat="43.460370" lon="-5.127800"/>
      <trkpt lat="43.460270" lon="-5.127410"/>
      <trkpt lat="43.460170" lon="-5.127000"/>
      <trkpt lat="43.460080" lon="-5.126530"/>
      <trkpt lat="43.459940" lon="-5.125750"/>
      <trkpt lat="43.459880" lon="-5.125220"/>
      <trkpt lat="43.459830" lon="-5.124740"/>
      <trkpt lat="43.459790" lon="-5.123990"/>
      <trkpt lat="43.459790" lon="-5.123880"/>
      <trkpt lat="43.459750" lon="-5.122870"/>
      <trkpt lat="43.459750" lon="-5.121930"/>
      <trkpt lat="43.459740" lon="-5.121490"/>
      <trkpt lat="43.459730" lon="-5.121120"/>
      <trkpt lat="43.459670" lon="-5.120320"/>
      <trkpt lat="43.459560" lon="-5.119490"/>
      <trkpt lat="43.459420" lon="-5.118740"/>
      <trkpt lat="43.459390" lon="-5.118640"/>
      <trkpt lat="43.459300" lon="-5.118270"/>
      <trkpt lat="43.459010" lon="-5.117340"/>
      <trkpt lat="43.458800" lon="-5.116800"/>
      <trkpt lat="43.458510" lon="-5.116180"/>
      <trkpt lat="43.458190" lon="-5.115570"/>
      <trkpt lat="43.457860" lon="-5.115050"/>
      <trkpt lat="43.457520" lon="-5.114600"/>
      <trkpt lat="43.457070" lon="-5.114060"/>
      <trkpt lat="43.456650" lon="-5.113620"/>
      <trkpt lat="43.455890" lon="-5.112890"/>
      <trkpt lat="43.455020" lon="-5.112070"/>
      <trkpt lat="43.454280" lon="-5.111340"/>
      <trkpt lat="43.453550" lon="-5.110640"/>
      <trkpt lat="43.453410" lon="-5.110510"/>
      <trkpt lat="43.452780" lon="-5.109880"/>
      <trkpt lat="43.452330" lon="-5.109450"/>
      <trkpt lat="43.452140" lon="-5.109240"/>
      <trkpt lat="43.451750" lon="-5.108800"/>
      <trkpt lat="43.451350" lon="-5.108320"/>
      <trkpt lat="43.450930" lon="-5.107720"/>
      <trkpt lat="43.450630" lon="-5.107280"/>
      <trkpt lat="43.450330" lon="-5.106800"/>
      <trkpt lat="43.450030" lon="-5.106270"/>
      <trkpt lat="43.449750" lon="-5.105710"/>
      <trkpt lat="43.449410" lon="-5.104970"/>
      <trkpt lat="43.449190" lon="-5.104410"/>
      <trkpt lat="43.448990" lon="-5.103870"/>
      <trkpt lat="43.448760" lon="-5.103180"/>
      <trkpt lat="43.448570" lon="-5.102520"/>
      <trkpt lat="43.448260" lon="-5.101270"/>
      <trkpt lat="43.448090" lon="-5.100600"/>
      <trkpt lat="43.448020" lon="-5.100320"/>
      <trkpt lat="43.447930" lon="-5.099970"/>
      <trkpt lat="43.447770" lon="-5.099450"/>
      <trkpt lat="43.447560" lon="-5.098850"/>
      <trkpt lat="43.447310" lon="-5.098260"/>
      <trkpt lat="43.447100" lon="-5.097820"/>
      <trkpt lat="43.446770" lon="-5.097230"/>
      <trkpt lat="43.446490" lon="-5.096800"/>
      <trkpt lat="43.446200" lon="-5.096390"/>
      <trkpt lat="43.445450" lon="-5.095490"/>
      <trkpt lat="43.444640" lon="-5.094570"/>
      <trkpt lat="43.441520" lon="-5.090080"/>
      <trkpt lat="43.441130" lon="-5.089270"/>
      <trkpt lat="43.440940" lon="-5.088810"/>
      <trkpt lat="43.440780" lon="-5.088350"/>
      <trkpt lat="43.440660" lon="-5.087970"/>
      <trkpt lat="43.440610" lon="-5.087780"/>
      <trkpt lat="43.440470" lon="-5.087210"/>
      <trkpt lat="43.440330" lon="-5.086370"/>
      <trkpt lat="43.440240" lon="-5.085500"/>
      <trkpt lat="43.440220" lon="-5.084510"/>
      <trkpt lat="43.440240" lon="-5.083500"/>
      <trkpt lat="43.440280" lon="-5.082530"/>
      <trkpt lat="43.440280" lon="-5.081800"/>
      <trkpt lat="43.440240" lon="-5.081010"/>
      <trkpt lat="43.440200" lon="-5.080600"/>
      <trkpt lat="43.440140" lon="-5.080180"/>
      <trkpt lat="43.440070" lon="-5.079730"/>
      <trkpt lat="43.440060" lon="-5.079670"/>
      <trkpt lat="43.439950" lon="-5.079170"/>
      <trkpt lat="43.439790" lon="-5.078590"/>
      <trkpt lat="43.439590" lon="-5.078000"/>
      <trkpt lat="43.439190" lon="-5.076910"/>
      <trkpt lat="43.438640" lon="-5.075500"/>
      <trkpt lat="43.438050" lon="-5.073980"/>
      <trkpt lat="43.437500" lon="-5.072560"/>
      <trkpt lat="43.436950" lon="-5.071140"/>
      <trkpt lat="43.436430" lon="-5.069720"/>
      <trkpt lat="43.436050" lon="-5.068540"/>
      <trkpt lat="43.435980" lon="-5.068310"/>
      <trkpt lat="43.435750" lon="-5.067370"/>
      <trkpt lat="43.435530" lon="-5.066400"/>
      <trkpt lat="43.435330" lon="-5.065310"/>
      <trkpt lat="43.435220" lon="-5.064590"/>
      <trkpt lat="43.435120" lon="-5.063830"/>
      <trkpt lat="43.435010" lon="-5.062750"/>
      <trkpt lat="43.434950" lon="-5.061800"/>
      <trkpt lat="43.434920" lon="-5.060950"/>
      <trkpt lat="43.434900" lon="-5.060110"/>
      <trkpt lat="43.434930" lon="-5.059100"/>
      <trkpt lat="43.434990" lon="-5.058050"/>
      <trkpt lat="43.435050" lon="-5.057030"/>
      <trkpt lat="43.435060" lon="-5.056880"/>
      <trkpt lat="43.435080" lon="-5.056710"/>
      <trkpt lat="43.435660" lon="-5.051570"/>
      <trkpt lat="43.435820" lon="-5.050390"/>
      <trkpt lat="43.435880" lon="-5.049890"/>
      <trkpt lat="43.436070" lon="-5.048580"/>
      <trkpt lat="43.436160" lon="-5.047910"/>
      <trkpt lat="43.436280" lon="-5.047190"/>
      <trkpt lat="43.436360" lon="-5.046690"/>
      <trkpt lat="43.436470" lon="-5.046150"/>
      <trkpt lat="43.436660" lon="-5.045560"/>
      <trkpt lat="43.436890" lon="-5.044900"/>
      <trkpt lat="43.436910" lon="-5.044860"/>
      <trkpt lat="43.437760" lon="-5.042910"/>
      <trkpt lat="43.438600" lon="-5.040900"/>
      <trkpt lat="43.438860" lon="-5.040160"/>
      <trkpt lat="43.439100" lon="-5.039400"/>
      <trkpt lat="43.439300" lon="-5.038660"/>
      <trkpt lat="43.439490" lon="-5.037750"/>
      <trkpt lat="43.439630" lon="-5.036960"/>
      <trkpt lat="43.439730" lon="-5.036160"/>
      <trkpt lat="43.439810" lon="-5.035270"/>
      <trkpt lat="43.439840" lon="-5.034570"/>
      <trkpt lat="43.439840" lon="-5.033820"/>
      <trkpt lat="43.439830" lon="-5.033350"/>
      <trkpt lat="43.439800" lon="-5.032680"/>
      <trkpt lat="43.439720" lon="-5.031480"/>
      <trkpt lat="43.439540" lon="-5.029640"/>
      <trkpt lat="43.439340" lon="-5.028010"/>
      <trkpt lat="43.439110" lon="-5.026530"/>
      <trkpt lat="43.438820" lon="-5.024850"/>
      <trkpt lat="43.438160" lon="-5.021450"/>
      <trkpt lat="43.438110" lon="-5.021190"/>
      <trkpt lat="43.437790" lon="-5.019560"/>
      <trkpt lat="43.437680" lon="-5.018940"/>
      <trkpt lat="43.437220" lon="-5.016550"/>
      <trkpt lat="43.436980" lon="-5.015310"/>
      <trkpt lat="43.436760" lon="-5.014040"/>
      <trkpt lat="43.436600" lon="-5.012970"/>
      <trkpt lat="43.436430" lon="-5.011800"/>
      <trkpt lat="43.436200" lon="-5.010030"/>
      <trkpt lat="43.436090" lon="-5.009250"/>
      <trkpt lat="43.435970" lon="-5.008310"/>
      <trkpt lat="43.435860" lon="-5.007520"/>
      <trkpt lat="43.435580" lon="-5.005360"/>
      <trkpt lat="43.435330" lon="-5.003520"/>
      <trkpt lat="43.435030" lon="-5.001240"/>
      <trkpt lat="43.434870" lon="-5.000040"/>
      <trkpt lat="43.434730" lon="-4.998830"/>
      <trkpt lat="43.434690" lon="-4.998460"/>
      <trkpt lat="43.434660" lon="-4.997820"/>
      <trkpt lat="43.434670" lon="-4.997340"/>
      <trkpt lat="43.434680" lon="-4.997080"/>
      <trkpt lat="43.434710" lon="-4.996650"/>
      <trkpt lat="43.434800" lon="-4.995900"/>
      <trkpt lat="43.434910" lon="-4.995280"/>
      <trkpt lat="43.435230" lon="-4.994190"/>
      <trkpt lat="43.435760" lon="-4.992590"/>
      <trkpt lat="43.436230" lon="-4.991160"/>
      <trkpt lat="43.436400" lon="-4.990620"/>
      <trkpt lat="43.436600" lon="-4.989950"/>
      <trkpt lat="43.436770" lon="-4.989290"/>
      <trkpt lat="43.437030" lon="-4.988220"/>
      <trkpt lat="43.437240" lon="-4.987120"/>
      <trkpt lat="43.437490" lon="-4.985620"/>
      <trkpt lat="43.437510" lon="-4.985420"/>
      <trkpt lat="43.437670" lon="-4.984010"/>
      <trkpt lat="43.437800" lon="-4.982410"/>
      <trkpt lat="43.437890" lon="-4.981020"/>
      <trkpt lat="43.438040" lon="-4.978760"/>
      <trkpt lat="43.438400" lon="-4.973180"/>
      <trkpt lat="43.438410" lon="-4.972980"/>
      <trkpt lat="43.438660" lon="-4.970030"/>
      <trkpt lat="43.438950" lon="-4.967080"/>
      <trkpt lat="43.439450" lon="-4.962060"/>
      <trkpt lat="43.439550" lon="-4.961050"/>
      <trkpt lat="43.439790" lon="-4.958740"/>
      <trkpt lat="43.439940" lon="-4.957220"/>
      <trkpt lat="43.440000" lon="-4.956650"/>
      <trkpt lat="43.440020" lon="-4.956400"/>
      <trkpt lat="43.440160" lon="-4.955260"/>
      <trkpt lat="43.440360" lon="-4.953940"/>
      <trkpt lat="43.440580" lon="-4.952770"/>
      <trkpt lat="43.440850" lon="-4.951620"/>
      <trkpt lat="43.441230" lon="-4.950240"/>
      <trkpt lat="43.441600" lon="-4.948950"/>
      <trkpt lat="43.441610" lon="-4.948950"/>
      <trkpt lat="43.442010" lon="-4.947590"/>
      <trkpt lat="43.442410" lon="-4.946230"/>
      <trkpt lat="43.442750" lon="-4.944990"/>
      <trkpt lat="43.443050" lon="-4.943660"/>
      <trkpt lat="43.443240" lon="-4.942660"/>
      <trkpt lat="43.443390" lon="-4.941690"/>
      <trkpt lat="43.443510" lon="-4.940690"/>
      <trkpt lat="43.443560" lon="-4.940230"/>
      <trkpt lat="43.443610" lon="-4.939660"/>
      <trkpt lat="43.443670" lon="-4.938690"/>
      <trkpt lat="43.443750" lon="-4.937030"/>
      <trkpt lat="43.443770" lon="-4.936620"/>
      <trkpt lat="43.443830" lon="-4.935600"/>
      <trkpt lat="43.443920" lon="-4.934580"/>
      <trkpt lat="43.444000" lon="-4.933820"/>
      <trkpt lat="43.444130" lon="-4.932670"/>
      <trkpt lat="43.444300" lon="-4.931470"/>
      <trkpt lat="43.444630" lon="-4.928920"/>
      <trkpt lat="43.444980" lon="-4.926320"/>
      <trkpt lat="43.445160" lon="-4.925020"/>
      <trkpt lat="43.445170" lon="-4.924880"/>
      <trkpt lat="43.445280" lon="-4.923850"/>
      <trkpt lat="43.445340" lon="-4.923000"/>
      <trkpt lat="43.445380" lon="-4.922170"/>
      <trkpt lat="43.445370" lon="-4.921390"/>
      <trkpt lat="43.445350" lon="-4.920460"/>
      <trkpt lat="43.445270" lon="-4.919470"/>
      <trkpt lat="43.445190" lon="-4.918680"/>
      <trkpt lat="43.445060" lon="-4.917820"/>
      <trkpt lat="43.444900" lon="-4.917000"/>
      <trkpt lat="43.444640" lon="-4.915790"/>
      <trkpt lat="43.444250" lon="-4.914180"/>
      <trkpt lat="43.443960" lon="-4.912880"/>
      <trkpt lat="43.443900" lon="-4.912630"/>
      <trkpt lat="43.443760" lon="-4.911850"/>
      <trkpt lat="43.443640" lon="-4.911040"/>
      <trkpt lat="43.443500" lon="-4.909700"/>
      <trkpt lat="43.443440" lon="-4.908400"/>
      <trkpt lat="43.443450" lon="-4.907190"/>
      <trkpt lat="43.443480" lon="-4.906560"/>
      <trkpt lat="43.443510" lon="-4.906090"/>
      <trkpt lat="43.443600" lon="-4.905160"/>
      <trkpt lat="43.443670" lon="-4.904530"/>
      <trkpt lat="43.443760" lon="-4.903820"/>
      <trkpt lat="43.443840" lon="-4.903270"/>
      <trkpt lat="43.443980" lon="-4.902200"/>
      <trkpt lat="43.444180" lon="-4.900740"/>
      <trkpt lat="43.444190" lon="-4.900660"/>
      <trkpt lat="43.444260" lon="-4.899960"/>
      <trkpt lat="43.444350" lon="-4.898970"/>
      <trkpt lat="43.444390" lon="-4.898210"/>
      <trkpt lat="43.444410" lon="-4.897410"/>
      <trkpt lat="43.444410" lon="-4.895930"/>
      <trkpt lat="43.444380" lon="-4.895340"/>
      <trkpt lat="43.444380" lon="-4.895160"/>
      <trkpt lat="43.444300" lon="-4.893360"/>
      <trkpt lat="43.444240" lon="-4.891770"/>
      <trkpt lat="43.444150" lon="-4.889390"/>
      <trkpt lat="43.444120" lon="-4.888410"/>
      <trkpt lat="43.444110" lon="-4.888250"/>
      <trkpt lat="43.444040" lon="-4.887170"/>
      <trkpt lat="43.443950" lon="-4.886400"/>
      <trkpt lat="43.443870" lon="-4.885860"/>
      <trkpt lat="43.443740" lon="-4.885250"/>
      <trkpt lat="43.443530" lon="-4.884450"/>
      <trkpt lat="43.443400" lon="-4.883930"/>
      <trkpt lat="43.443000" lon="-4.882390"/>
      <trkpt lat="43.442940" lon="-4.882160"/>
      <trkpt lat="43.442770" lon="-4.881520"/>
      <trkpt lat="43.442090" lon="-4.878880"/>
      <trkpt lat="43.441530" lon="-4.876580"/>
      <trkpt lat="43.441440" lon="-4.876240"/>
      <trkpt lat="43.441210" lon="-4.875440"/>
      <trkpt lat="43.441010" lon="-4.874870"/>
      <trkpt lat="43.440760" lon="-4.874380"/>
      <trkpt lat="43.440390" lon="-4.873760"/>
      <trkpt lat="43.440100" lon="-4.873360"/>
      <trkpt lat="43.439870" lon="-4.873100"/>
      <trkpt lat="43.439640" lon="-4.872890"/>
      <trkpt lat="43.439350" lon="-4.872660"/>
      <trkpt lat="43.438890" lon="-4.872350"/>
      <trkpt lat="43.437740" lon="-4.871570"/>
      <trkpt lat="43.436050" lon="-4.870420"/>
      <trkpt lat="43.435040" lon="-4.869730"/>
      <trkpt lat="43.434710" lon="-4.869520"/>
      <trkpt lat="43.434410" lon="-4.869280"/>
      <trkpt lat="43.433800" lon="-4.868790"/>
      <trkpt lat="43.433250" lon="-4.868220"/>
      <trkpt lat="43.432800" lon="-4.867600"/>
      <trkpt lat="43.432440" lon="-4.866930"/>
      <trkpt lat="43.432210" lon="-4.866400"/>
      <trkpt lat="43.431990" lon="-4.865750"/>
      <trkpt lat="43.431840" lon="-4.865110"/>
      <trkpt lat="43.431740" lon="-4.864520"/>
      <trkpt lat="43.431690" lon="-4.863840"/>
      <trkpt lat="43.431680" lon="-4.863470"/>
      <trkpt lat="43.431690" lon="-4.862860"/>
      <trkpt lat="43.431770" lon="-4.861730"/>
      <trkpt lat="43.431840" lon="-4.861100"/>
      <trkpt lat="43.431950" lon="-4.859970"/>
      <trkpt lat="43.432030" lon="-4.859030"/>
      <trkpt lat="43.432040" lon="-4.858920"/>
      <trkpt lat="43.432100" lon="-4.857940"/>
      <trkpt lat="43.432130" lon="-4.856930"/>
      <trkpt lat="43.432140" lon="-4.855970"/>
      <trkpt lat="43.432110" lon="-4.855110"/>
      <trkpt lat="43.432060" lon="-4.854380"/>
      <trkpt lat="43.431920" lon="-4.853090"/>
      <trkpt lat="43.431750" lon="-4.851990"/>
      <trkpt lat="43.431480" lon="-4.850610"/>
      <trkpt lat="43.430970" lon="-4.848700"/>
      <trkpt lat="43.430380" lon="-4.846860"/>
      <trkpt lat="43.429980" lon="-4.845670"/>
      <trkpt lat="43.429180" lon="-4.843360"/>
      <trkpt lat="43.428550" lon="-4.841530"/>
      <trkpt lat="43.428390" lon="-4.840950"/>
      <trkpt lat="43.428220" lon="-4.840170"/>
      <trkpt lat="43.428100" lon="-4.839410"/>
      <trkpt lat="43.428040" lon="-4.838530"/>
      <trkpt lat="43.428050" lon="-4.837690"/>
      <trkpt lat="43.428110" lon="-4.836870"/>
      <trkpt lat="43.428190" lon="-4.836140"/>
      <trkpt lat="43.428380" lon="-4.834740"/>
      <trkpt lat="43.428390" lon="-4.834680"/>
      <trkpt lat="43.428560" lon="-4.833290"/>
      <trkpt lat="43.428620" lon="-4.832760"/>
      <trkpt lat="43.428650" lon="-4.832420"/>
      <trkpt lat="43.428670" lon="-4.832040"/>
      <trkpt lat="43.428670" lon="-4.831430"/>
      <trkpt lat="43.428630" lon="-4.830700"/>
      <trkpt lat="43.428510" lon="-4.829830"/>
      <trkpt lat="43.428350" lon="-4.829110"/>
      <trkpt lat="43.428150" lon="-4.828420"/>
      <trkpt lat="43.427740" lon="-4.827170"/>
      <trkpt lat="43.427030" lon="-4.825130"/>
      <trkpt lat="43.426790" lon="-4.824490"/>
      <trkpt lat="43.426760" lon="-4.824400"/>
      <trkpt lat="43.426550" lon="-4.823920"/>
      <trkpt lat="43.426320" lon="-4.823440"/>
      <trkpt lat="43.426180" lon="-4.823160"/>
      <trkpt lat="43.425810" lon="-4.822410"/>
      <trkpt lat="43.425690" lon="-4.822170"/>
      <trkpt lat="43.425430" lon="-4.821600"/>
      <trkpt lat="43.425200" lon="-4.821050"/>
      <trkpt lat="43.425060" lon="-4.820590"/>
      <trkpt lat="43.424940" lon="-4.820140"/>
      <trkpt lat="43.424880" lon="-4.819880"/>
      <trkpt lat="43.424800" lon="-4.819480"/>
      <trkpt lat="43.424740" lon="-4.819120"/>
      <trkpt lat="43.424700" lon="-4.818810"/>
      <trkpt lat="43.424680" lon="-4.818450"/>
      <trkpt lat="43.424630" lon="-4.817430"/>
      <trkpt lat="43.424500" lon="-4.814610"/>
      <trkpt lat="43.424370" lon="-4.811770"/>
      <trkpt lat="43.424340" lon="-4.811300"/>
      <trkpt lat="43.424280" lon="-4.810320"/>
      <trkpt lat="43.424200" lon="-4.809690"/>
      <trkpt lat="43.424080" lon="-4.809020"/>
      <trkpt lat="43.423880" lon="-4.808000"/>
      <trkpt lat="43.423510" lon="-4.806830"/>
      <trkpt lat="43.423150" lon="-4.805720"/>
      <trkpt lat="43.422810" lon="-4.804610"/>
      <trkpt lat="43.422690" lon="-4.804030"/>
      <trkpt lat="43.422590" lon="-4.803480"/>
      <trkpt lat="43.422460" lon="-4.802320"/>
      <trkpt lat="43.422250" lon="-4.800480"/>
      <trkpt lat="43.422160" lon="-4.799810"/>
      <trkpt lat="43.422070" lon="-4.799430"/>
      <trkpt lat="43.421970" lon="-4.798990"/>
      <trkpt lat="43.421770" lon="-4.798250"/>
      <trkpt lat="43.421510" lon="-4.797530"/>
      <trkpt lat="43.421240" lon="-4.796870"/>
      <trkpt lat="43.420920" lon="-4.796240"/>
      <trkpt lat="43.420330" lon="-4.795150"/>
      <trkpt lat="43.418330" lon="-4.791910"/>
      <trkpt lat="43.417800" lon="-4.791130"/>
      <trkpt lat="43.417400" lon="-4.790600"/>
      <trkpt lat="43.417230" lon="-4.790370"/>
      <trkpt lat="43.416660" lon="-4.789630"/>
      <trkpt lat="43.416190" lon="-4.789040"/>
      <trkpt lat="43.415140" lon="-4.787690"/>
      <trkpt lat="43.414590" lon="-4.786980"/>
      <trkpt lat="43.414090" lon="-4.786310"/>
      <trkpt lat="43.413690" lon="-4.785720"/>
      <trkpt lat="43.413320" lon="-4.785090"/>
      <trkpt lat="43.412830" lon="-4.784150"/>
      <trkpt lat="43.412510" lon="-4.783360"/>
      <trkpt lat="43.412230" lon="-4.782520"/>
      <trkpt lat="43.412000" lon="-4.781670"/>
      <trkpt lat="43.411780" lon="-4.780790"/>
      <trkpt lat="43.411560" lon="-4.779640"/>
      <trkpt lat="43.411550" lon="-4.779550"/>
      <trkpt lat="43.411210" lon="-4.777910"/>
      <trkpt lat="43.411070" lon="-4.777190"/>
      <trkpt lat="43.410650" lon="-4.775230"/>
      <trkpt lat="43.410470" lon="-4.774510"/>
      <trkpt lat="43.410290" lon="-4.773900"/>
      <trkpt lat="43.410040" lon="-4.773110"/>
      <trkpt lat="43.409740" lon="-4.772200"/>
      <trkpt lat="43.409410" lon="-4.771320"/>
      <trkpt lat="43.408820" lon="-4.769870"/>
      <trkpt lat="43.407580" lon="-4.766910"/>
      <trkpt lat="43.407150" lon="-4.765880"/>
      <trkpt lat="43.407010" lon="-4.765520"/>
      <trkpt lat="43.406970" lon="-4.765420"/>
      <trkpt lat="43.406900" lon="-4.765240"/>
      <trkpt lat="43.406750" lon="-4.764860"/>
      <trkpt lat="43.406470" lon="-4.764230"/>
      <trkpt lat="43.406390" lon="-4.764020"/>
      <trkpt lat="43.405810" lon="-4.762520"/>
      <trkpt lat="43.405580" lon="-4.761850"/>
      <trkpt lat="43.405310" lon="-4.760980"/>
      <trkpt lat="43.405030" lon="-4.759930"/>
      <trkpt lat="43.404990" lon="-4.759780"/>
      <trkpt lat="43.404660" lon="-4.758320"/>
      <trkpt lat="43.404480" lon="-4.757230"/>
      <trkpt lat="43.404330" lon="-4.756090"/>
      <trkpt lat="43.404270" lon="-4.755470"/>
      <trkpt lat="43.404210" lon="-4.754940"/>
      <trkpt lat="43.404150" lon="-4.753760"/>
      <trkpt lat="43.404130" lon="-4.752620"/>
      <trkpt lat="43.404150" lon="-4.750110"/>
      <trkpt lat="43.404140" lon="-4.748890"/>
      <trkpt lat="43.404130" lon="-4.748390"/>
      <trkpt lat="43.404120" lon="-4.748170"/>
      <trkpt lat="43.404050" lon="-4.746210"/>
      <trkpt lat="43.403970" lon="-4.744680"/>
      <trkpt lat="43.403870" lon="-4.743360"/>
      <trkpt lat="43.403850" lon="-4.743150"/>
      <trkpt lat="43.403450" lon="-4.738670"/>
      <trkpt lat="43.403290" lon="-4.736710"/>
      <trkpt lat="43.403070" lon="-4.734360"/>
      <trkpt lat="43.402790" lon="-4.731060"/>
      <trkpt lat="43.402770" lon="-4.730890"/>
      <trkpt lat="43.402620" lon="-4.729270"/>
      <trkpt lat="43.402480" lon="-4.728170"/>
      <trkpt lat="43.402190" lon="-4.726510"/>
      <trkpt lat="43.401980" lon="-4.725510"/>
      <trkpt lat="43.401700" lon="-4.724460"/>
      <trkpt lat="43.401510" lon="-4.723820"/>
      <trkpt lat="43.401170" lon="-4.722800"/>
      <trkpt lat="43.400780" lon="-4.721820"/>
      <trkpt lat="43.400300" lon="-4.720710"/>
      <trkpt lat="43.400100" lon="-4.720290"/>
      <trkpt lat="43.399890" lon="-4.719830"/>
      <trkpt lat="43.399740" lon="-4.719510"/>
      <trkpt lat="43.399440" lon="-4.718820"/>
      <trkpt lat="43.399070" lon="-4.717840"/>
      <trkpt lat="43.398830" lon="-4.716990"/>
      <trkpt lat="43.398720" lon="-4.716540"/>
      <trkpt lat="43.398680" lon="-4.716280"/>
      <trkpt lat="43.398510" lon="-4.715300"/>
      <trkpt lat="43.398430" lon="-4.714490"/>
      <trkpt lat="43.398400" lon="-4.713730"/>
      <trkpt lat="43.398430" lon="-4.712630"/>
      <trkpt lat="43.398460" lon="-4.712210"/>
      <trkpt lat="43.398500" lon="-4.711830"/>
      <trkpt lat="43.398660" lon="-4.710630"/>
      <trkpt lat="43.398800" lon="-4.709770"/>
      <trkpt lat="43.398820" lon="-4.709620"/>
      <trkpt lat="43.398930" lon="-4.708900"/>
      <trkpt lat="43.399000" lon="-4.708440"/>
      <trkpt lat="43.399060" lon="-4.708130"/>
      <trkpt lat="43.399090" lon="-4.707900"/>
      <trkpt lat="43.399160" lon="-4.707490"/>
      <trkpt lat="43.399200" lon="-4.707230"/>
      <trkpt lat="43.399350" lon="-4.706430"/>
      <trkpt lat="43.399440" lon="-4.705960"/>
      <trkpt lat="43.399530" lon="-4.705510"/>
      <trkpt lat="43.399840" lon="-4.703930"/>
      <trkpt lat="43.400020" lon="-4.703010"/>
      <trkpt lat="43.400650" lon="-4.700180"/>
      <trkpt lat="43.400790" lon="-4.699570"/>
      <trkpt lat="43.401150" lon="-4.698070"/>
      <trkpt lat="43.401510" lon="-4.696670"/>
      <trkpt lat="43.401750" lon="-4.695670"/>
      <trkpt lat="43.401830" lon="-4.695340"/>
      <trkpt lat="43.402080" lon="-4.694070"/>
      <trkpt lat="43.402300" lon="-4.692780"/>
      <trkpt lat="43.402490" lon="-4.691470"/>
      <trkpt lat="43.402630" lon="-4.690110"/>
      <trkpt lat="43.402760" lon="-4.688310"/>
      <trkpt lat="43.402800" lon="-4.686570"/>
      <trkpt lat="43.402780" lon="-4.684960"/>
      <trkpt lat="43.402690" lon="-4.683540"/>
      <trkpt lat="43.402670" lon="-4.683330"/>
      <trkpt lat="43.402650" lon="-4.682840"/>
      <trkpt lat="43.402550" lon="-4.681700"/>
      <trkpt lat="43.402390" lon="-4.680380"/>
      <trkpt lat="43.402190" lon="-4.679080"/>
      <trkpt lat="43.401820" lon="-4.676450"/>
      <trkpt lat="43.401470" lon="-4.674110"/>
      <trkpt lat="43.401120" lon="-4.671750"/>
      <trkpt lat="43.401080" lon="-4.671420"/>
      <trkpt lat="43.400790" lon="-4.669410"/>
      <trkpt lat="43.400420" lon="-4.666990"/>
      <trkpt lat="43.400400" lon="-4.666840"/>
      <trkpt lat="43.400270" lon="-4.666030"/>
      <trkpt lat="43.400000" lon="-4.664620"/>
      <trkpt lat="43.399910" lon="-4.664230"/>
      <trkpt lat="43.399640" lon="-4.663120"/>
      <trkpt lat="43.399550" lon="-4.662790"/>
      <trkpt lat="43.399310" lon="-4.661990"/>
      <trkpt lat="43.399040" lon="-4.661170"/>
      <trkpt lat="43.398790" lon="-4.660440"/>
      <trkpt lat="43.398610" lon="-4.659970"/>
      <trkpt lat="43.398500" lon="-4.659710"/>
      <trkpt lat="43.398260" lon="-4.659130"/>
      <trkpt lat="43.398000" lon="-4.658500"/>
      <trkpt lat="43.397710" lon="-4.657790"/>
      <trkpt lat="43.397210" lon="-4.656600"/>
      <trkpt lat="43.396680" lon="-4.655330"/>
      <trkpt lat="43.396170" lon="-4.654190"/>
      <trkpt lat="43.396020" lon="-4.653830"/>
      <trkpt lat="43.395190" lon="-4.651850"/>
      <trkpt lat="43.394820" lon="-4.650920"/>
      <trkpt lat="43.394590" lon="-4.650370"/>
      <trkpt lat="43.394400" lon="-4.649870"/>
      <trkpt lat="43.394240" lon="-4.649430"/>
      <trkpt lat="43.394100" lon="-4.648930"/>
      <trkpt lat="43.394060" lon="-4.648810"/>
      <trkpt lat="43.393900" lon="-4.648130"/>
      <trkpt lat="43.393760" lon="-4.647390"/>
      <trkpt lat="43.393640" lon="-4.646550"/>
      <trkpt lat="43.393590" lon="-4.645950"/>
      <trkpt lat="43.393550" lon="-4.645350"/>
      <trkpt lat="43.393530" lon="-4.644760"/>
      <trkpt lat="43.393490" lon="-4.643510"/>
      <trkpt lat="43.393430" lon="-4.642240"/>
      <trkpt lat="43.393390" lon="-4.641600"/>
      <trkpt lat="43.393330" lon="-4.640880"/>
      <trkpt lat="43.393220" lon="-4.639470"/>
      <trkpt lat="43.393130" lon="-4.638610"/>
      <trkpt lat="43.392920" lon="-4.636640"/>
      <trkpt lat="43.392810" lon="-4.635780"/>
      <trkpt lat="43.392720" lon="-4.635040"/>
      <trkpt lat="43.392590" lon="-4.634210"/>
      <trkpt lat="43.392160" lon="-4.631060"/>
      <trkpt lat="43.391960" lon="-4.629430"/>
      <trkpt lat="43.391800" lon="-4.627880"/>
      <trkpt lat="43.391680" lon="-4.626380"/>
      <trkpt lat="43.391610" lon="-4.625560"/>
      <trkpt lat="43.391550" lon="-4.624460"/>
      <trkpt lat="43.391550" lon="-4.624380"/>
      <trkpt lat="43.391520" lon="-4.623780"/>
      <trkpt lat="43.391500" lon="-4.623210"/>
      <trkpt lat="43.391460" lon="-4.622070"/>
      <trkpt lat="43.391440" lon="-4.620980"/>
      <trkpt lat="43.391440" lon="-4.619870"/>
      <trkpt lat="43.391450" lon="-4.618750"/>
      <trkpt lat="43.391470" lon="-4.617520"/>
      <trkpt lat="43.391480" lon="-4.617080"/>
      <trkpt lat="43.391550" lon="-4.615770"/>
      <trkpt lat="43.391650" lon="-4.613960"/>
      <trkpt lat="43.391680" lon="-4.613510"/>
      <trkpt lat="43.391790" lon="-4.612320"/>
      <trkpt lat="43.391810" lon="-4.612120"/>
      <trkpt lat="43.392700" lon="-4.604100"/>
      <trkpt lat="43.392850" lon="-4.601990"/>
      <trkpt lat="43.393040" lon="-4.599880"/>
      <trkpt lat="43.393170" lon="-4.598760"/>
      <trkpt lat="43.393300" lon="-4.597600"/>
      <trkpt lat="43.393430" lon="-4.596410"/>
      <trkpt lat="43.393460" lon="-4.595860"/>
      <trkpt lat="43.393460" lon="-4.595250"/>
      <trkpt lat="43.393440" lon="-4.594830"/>
      <trkpt lat="43.393420" lon="-4.594490"/>
      <trkpt lat="43.393390" lon="-4.594190"/>
      <trkpt lat="43.393320" lon="-4.593640"/>
      <trkpt lat="43.393210" lon="-4.593010"/>
      <trkpt lat="43.393060" lon="-4.592390"/>
      <trkpt lat="43.392890" lon="-4.591810"/>
      <trkpt lat="43.392670" lon="-4.591200"/>
      <trkpt lat="43.392310" lon="-4.590430"/>
      <trkpt lat="43.392200" lon="-4.590200"/>
      <trkpt lat="43.392010" lon="-4.589870"/>
      <trkpt lat="43.391770" lon="-4.589490"/>
      <trkpt lat="43.391550" lon="-4.589170"/>
      <trkpt lat="43.391360" lon="-4.588930"/>
      <trkpt lat="43.391290" lon="-4.588840"/>
      <trkpt lat="43.391120" lon="-4.588640"/>
      <trkpt lat="43.390830" lon="-4.588310"/>
      <trkpt lat="43.390460" lon="-4.587980"/>
      <trkpt lat="43.390140" lon="-4.587710"/>
      <trkpt lat="43.389770" lon="-4.587450"/>
      <trkpt lat="43.389590" lon="-4.587330"/>
      <trkpt lat="43.389410" lon="-4.587240"/>
      <trkpt lat="43.389030" lon="-4.587040"/>
      <trkpt lat="43.388620" lon="-4.586870"/>
      <trkpt lat="43.388250" lon="-4.586720"/>
      <trkpt lat="43.387520" lon="-4.586410"/>
      <trkpt lat="43.387320" lon="-4.586310"/>
      <trkpt lat="43.387150" lon="-4.586220"/>
      <trkpt lat="43.386810" lon="-4.586050"/>
      <trkpt lat="43.386490" lon="-4.585840"/>
      <trkpt lat="43.386040" lon="-4.585510"/>
      <trkpt lat="43.385740" lon="-4.585250"/>
      <trkpt lat="43.385370" lon="-4.584890"/>
      <trkpt lat="43.384930" lon="-4.584370"/>
      <trkpt lat="43.384660" lon="-4.583990"/>
      <trkpt lat="43.384420" lon="-4.583640"/>
      <trkpt lat="43.384220" lon="-4.583300"/>
      <trkpt lat="43.384010" lon="-4.582930"/>
      <trkpt lat="43.383850" lon="-4.582560"/>
      <trkpt lat="43.383780" lon="-4.582430"/>
      <trkpt lat="43.383700" lon="-4.582240"/>
      <trkpt lat="43.383560" lon="-4.581880"/>
      <trkpt lat="43.383440" lon="-4.581530"/>
      <trkpt lat="43.383320" lon="-4.581170"/>
      <trkpt lat="43.383220" lon="-4.580790"/>
      <trkpt lat="43.383160" lon="-4.580570"/>
      <trkpt lat="43.383130" lon="-4.580430"/>
      <trkpt lat="43.382790" lon="-4.578890"/>
      <trkpt lat="43.382580" lon="-4.577890"/>
      <trkpt lat="43.382260" lon="-4.576590"/>
      <trkpt lat="43.382100" lon="-4.575950"/>
      <trkpt lat="43.382030" lon="-4.575660"/>
      <trkpt lat="43.381920" lon="-4.575140"/>
      <trkpt lat="43.381810" lon="-4.574540"/>
      <trkpt lat="43.381720" lon="-4.573910"/>
      <trkpt lat="43.381640" lon="-4.573210"/>
      <trkpt lat="43.381610" lon="-4.572550"/>
      <trkpt lat="43.381600" lon="-4.571910"/>
      <trkpt lat="43.381640" lon="-4.571140"/>
      <trkpt lat="43.381690" lon="-4.570500"/>
      <trkpt lat="43.381700" lon="-4.570340"/>
      <trkpt lat="43.381770" lon="-4.569810"/>
      <trkpt lat="43.381830" lon="-4.569380"/>
      <trkpt lat="43.381860" lon="-4.569150"/>
      <trkpt lat="43.381910" lon="-4.568910"/>
      <trkpt lat="43.382040" lon="-4.568340"/>
      <trkpt lat="43.382200" lon="-4.567740"/>
      <trkpt lat="43.382380" lon="-4.567140"/>
      <trkpt lat="43.382640" lon="-4.566340"/>
      <trkpt lat="43.382880" lon="-4.565500"/>
      <trkpt lat="43.382940" lon="-4.565250"/>
      <trkpt lat="43.382990" lon="-4.565030"/>
      <trkpt lat="43.383030" lon="-4.564830"/>
      <trkpt lat="43.383070" lon="-4.564600"/>
      <trkpt lat="43.383100" lon="-4.564440"/>
      <trkpt lat="43.383130" lon="-4.564260"/>
      <trkpt lat="43.383150" lon="-4.564070"/>
      <trkpt lat="43.383170" lon="-4.563890"/>
      <trkpt lat="43.383210" lon="-4.563490"/>
      <trkpt lat="43.383230" lon="-4.563040"/>
      <trkpt lat="43.383250" lon="-4.562620"/>
      <trkpt lat="43.383230" lon="-4.562200"/>
      <trkpt lat="43.383220" lon="-4.561870"/>
      <trkpt lat="43.383200" lon="-4.561610"/>
      <trkpt lat="43.383170" lon="-4.561300"/>
      <trkpt lat="43.383130" lon="-4.560960"/>
      <trkpt lat="43.383050" lon="-4.560440"/>
      <trkpt lat="43.382940" lon="-4.559920"/>
      <trkpt lat="43.382800" lon="-4.559390"/>
      <trkpt lat="43.382610" lon="-4.558680"/>
      <trkpt lat="43.381180" lon="-4.553470"/>
      <trkpt lat="43.380970" lon="-4.552720"/>
      <trkpt lat="43.380640" lon="-4.551620"/>
      <trkpt lat="43.380340" lon="-4.550640"/>
      <trkpt lat="43.380020" lon="-4.549610"/>
      <trkpt lat="43.379820" lon="-4.548900"/>
      <trkpt lat="43.379600" lon="-4.548140"/>
      <trkpt lat="43.379370" lon="-4.547180"/>
      <trkpt lat="43.379320" lon="-4.546990"/>
      <trkpt lat="43.379000" lon="-4.545630"/>
      <trkpt lat="43.378780" lon="-4.544750"/>
      <trkpt lat="43.378570" lon="-4.543810"/>
      <trkpt lat="43.378200" lon="-4.542090"/>
      <trkpt lat="43.377830" lon="-4.540400"/>
      <trkpt lat="43.377540" lon="-4.539210"/>
      <trkpt lat="43.377340" lon="-4.538420"/>
      <trkpt lat="43.377090" lon="-4.537430"/>
      <trkpt lat="43.376950" lon="-4.536820"/>
      <trkpt lat="43.376810" lon="-4.536240"/>
      <trkpt lat="43.376720" lon="-4.535840"/>
      <trkpt lat="43.376640" lon="-4.535410"/>
      <trkpt lat="43.376560" lon="-4.535050"/>
      <trkpt lat="43.376480" lon="-4.534620"/>
      <trkpt lat="43.376380" lon="-4.534060"/>
      <trkpt lat="43.376310" lon="-4.533640"/>
      <trkpt lat="43.376250" lon="-4.533230"/>
      <trkpt lat="43.376210" lon="-4.532900"/>
      <trkpt lat="43.376170" lon="-4.532550"/>
      <trkpt lat="43.376120" lon="-4.532100"/>
      <trkpt lat="43.376080" lon="-4.531640"/>
      <trkpt lat="43.376050" lon="-4.531280"/>
      <trkpt lat="43.376030" lon="-4.530940"/>
      <trkpt lat="43.376010" lon="-4.530550"/>
      <trkpt lat="43.375990" lon="-4.530240"/>
      <trkpt lat="43.375990" lon="-4.529930"/>
      <trkpt lat="43.375980" lon="-4.529530"/>
      <trkpt lat="43.375980" lon="-4.529110"/>
      <trkpt lat="43.375980" lon="-4.528720"/>
      <trkpt lat="43.376000" lon="-4.528320"/>
      <trkpt lat="43.376010" lon="-4.527910"/>
      <trkpt lat="43.376030" lon="-4.527540"/>
      <trkpt lat="43.376060" lon="-4.527140"/>
      <trkpt lat="43.376090" lon="-4.526800"/>
      <trkpt lat="43.376130" lon="-4.526490"/>
      <trkpt lat="43.376170" lon="-4.526170"/>
      <trkpt lat="43.376210" lon="-4.525890"/>
      <trkpt lat="43.376260" lon="-4.525620"/>
      <trkpt lat="43.376320" lon="-4.525340"/>
      <trkpt lat="43.376380" lon="-4.525080"/>
      <trkpt lat="43.376450" lon="-4.524820"/>
      <trkpt lat="43.376530" lon="-4.524520"/>
      <trkpt lat="43.376610" lon="-4.524270"/>
      <trkpt lat="43.376680" lon="-4.524070"/>
      <trkpt lat="43.376760" lon="-4.523860"/>
      <trkpt lat="43.376840" lon="-4.523620"/>
      <trkpt lat="43.376970" lon="-4.523290"/>
      <trkpt lat="43.377030" lon="-4.523130"/>
      <trkpt lat="43.377100" lon="-4.522940"/>
      <trkpt lat="43.377170" lon="-4.522760"/>
      <trkpt lat="43.377230" lon="-4.522590"/>
      <trkpt lat="43.377290" lon="-4.522410"/>
      <trkpt lat="43.377350" lon="-4.522210"/>
      <trkpt lat="43.377400" lon="-4.522020"/>
      <trkpt lat="43.377440" lon="-4.521820"/>
      <trkpt lat="43.377480" lon="-4.521630"/>
      <trkpt lat="43.377510" lon="-4.521410"/>
      <trkpt lat="43.377540" lon="-4.521220"/>
      <trkpt lat="43.377560" lon="-4.521010"/>
      <trkpt lat="43.377580" lon="-4.520820"/>
      <trkpt lat="43.377590" lon="-4.520630"/>
      <trkpt lat="43.377590" lon="-4.520540"/>
      <trkpt lat="43.377600" lon="-4.520400"/>
      <trkpt lat="43.377600" lon="-4.520280"/>
      <trkpt lat="43.377590" lon="-4.520190"/>
      <trkpt lat="43.377590" lon="-4.519990"/>
      <trkpt lat="43.377580" lon="-4.519780"/>
      <trkpt lat="43.377560" lon="-4.519570"/>
      <trkpt lat="43.377530" lon="-4.519370"/>
      <trkpt lat="43.377500" lon="-4.519170"/>
      <trkpt lat="43.377470" lon="-4.518960"/>
      <trkpt lat="43.377430" lon="-4.518770"/>
      <trkpt lat="43.377380" lon="-4.518570"/>
      <trkpt lat="43.377330" lon="-4.518370"/>
      <trkpt lat="43.377270" lon="-4.518180"/>
      <trkpt lat="43.377210" lon="-4.518000"/>
      <trkpt lat="43.377140" lon="-4.517810"/>
      <trkpt lat="43.377080" lon="-4.517640"/>
      <trkpt lat="43.376890" lon="-4.517200"/>
      <trkpt lat="43.376620" lon="-4.516560"/>
      <trkpt lat="43.376320" lon="-4.515850"/>
      <trkpt lat="43.376240" lon="-4.515630"/>
      <trkpt lat="43.376170" lon="-4.515440"/>
      <trkpt lat="43.376100" lon="-4.515260"/>
      <trkpt lat="43.376040" lon="-4.515070"/>
      <trkpt lat="43.375980" lon="-4.514880"/>
      <trkpt lat="43.375920" lon="-4.514680"/>
      <trkpt lat="43.375870" lon="-4.514480"/>
      <trkpt lat="43.375820" lon="-4.514280"/>
      <trkpt lat="43.375780" lon="-4.514080"/>
      <trkpt lat="43.375740" lon="-4.513870"/>
      <trkpt lat="43.375700" lon="-4.513670"/>
      <trkpt lat="43.375670" lon="-4.513470"/>
      <trkpt lat="43.375650" lon="-4.513260"/>
      <trkpt lat="43.375620" lon="-4.513050"/>
      <trkpt lat="43.375610" lon="-4.512840"/>
      <trkpt lat="43.375590" lon="-4.512640"/>
      <trkpt lat="43.375580" lon="-4.512430"/>
      <trkpt lat="43.375580" lon="-4.512200"/>
      <trkpt lat="43.375570" lon="-4.511960"/>
      <trkpt lat="43.375580" lon="-4.511730"/>
      <trkpt lat="43.375590" lon="-4.511520"/>
      <trkpt lat="43.375600" lon="-4.511310"/>
      <trkpt lat="43.375620" lon="-4.511110"/>
      <trkpt lat="43.375640" lon="-4.510920"/>
      <trkpt lat="43.375660" lon="-4.510710"/>
      <trkpt lat="43.375690" lon="-4.510500"/>
      <trkpt lat="43.375730" lon="-4.510290"/>
      <trkpt lat="43.375760" lon="-4.510090"/>
      <trkpt lat="43.375800" lon="-4.509890"/>
      <trkpt lat="43.375850" lon="-4.509670"/>
      <trkpt lat="43.375930" lon="-4.509290"/>
      <trkpt lat="43.375990" lon="-4.509020"/>
      <trkpt lat="43.376010" lon="-4.508890"/>
      <trkpt lat="43.376040" lon="-4.508740"/>
      <trkpt lat="43.376070" lon="-4.508610"/>
      <trkpt lat="43.376110" lon="-4.508390"/>
      <trkpt lat="43.376140" lon="-4.508200"/>
      <trkpt lat="43.376180" lon="-4.507990"/>
      <trkpt lat="43.376200" lon="-4.507800"/>
      <trkpt lat="43.376230" lon="-4.507580"/>
      <trkpt lat="43.376260" lon="-4.507380"/>
      <trkpt lat="43.376280" lon="-4.507170"/>
      <trkpt lat="43.376290" lon="-4.506980"/>
      <trkpt lat="43.376310" lon="-4.506770"/>
      <trkpt lat="43.376320" lon="-4.506550"/>
      <trkpt lat="43.376330" lon="-4.506360"/>
      <trkpt lat="43.376330" lon="-4.506150"/>
      <trkpt lat="43.376340" lon="-4.505940"/>
      <trkpt lat="43.376330" lon="-4.505740"/>
      <trkpt lat="43.376330" lon="-4.505520"/>
      <trkpt lat="43.376320" lon="-4.505320"/>
      <trkpt lat="43.376320" lon="-4.505110"/>
      <trkpt lat="43.376300" lon="-4.504910"/>
      <trkpt lat="43.376290" lon="-4.504700"/>
      <trkpt lat="43.376270" lon="-4.504490"/>
      <trkpt lat="43.376250" lon="-4.504290"/>
      <trkpt lat="43.376220" lon="-4.504090"/>
      <trkpt lat="43.376200" lon="-4.503890"/>
      <trkpt lat="43.376160" lon="-4.503680"/>
      <trkpt lat="43.376130" lon="-4.503480"/>
      <trkpt lat="43.376100" lon="-4.503280"/>
      <trkpt lat="43.376060" lon="-4.503080"/>
      <trkpt lat="43.376020" lon="-4.502890"/>
      <trkpt lat="43.375980" lon="-4.502680"/>
      <trkpt lat="43.375930" lon="-4.502480"/>
      <trkpt lat="43.375890" lon="-4.502300"/>
      <trkpt lat="43.375850" lon="-4.502090"/>
      <trkpt lat="43.375800" lon="-4.501890"/>
      <trkpt lat="43.375760" lon="-4.501690"/>
      <trkpt lat="43.375720" lon="-4.501490"/>
      <trkpt lat="43.375680" lon="-4.501290"/>
      <trkpt lat="43.375650" lon="-4.501090"/>
      <trkpt lat="43.375620" lon="-4.500890"/>
      <trkpt lat="43.375590" lon="-4.500700"/>
      <trkpt lat="43.375560" lon="-4.500480"/>
      <trkpt lat="43.375540" lon="-4.500270"/>
      <trkpt lat="43.375520" lon="-4.500070"/>
      <trkpt lat="43.375500" lon="-4.499860"/>
      <trkpt lat="43.375490" lon="-4.499660"/>
      <trkpt lat="43.375480" lon="-4.499450"/>
      <trkpt lat="43.375480" lon="-4.499240"/>
      <trkpt lat="43.375470" lon="-4.499040"/>
      <trkpt lat="43.375470" lon="-4.498830"/>
      <trkpt lat="43.375470" lon="-4.498620"/>
      <trkpt lat="43.375480" lon="-4.498420"/>
      <trkpt lat="43.375480" lon="-4.498210"/>
      <trkpt lat="43.375490" lon="-4.498000"/>
      <trkpt lat="43.375500" lon="-4.497800"/>
      <trkpt lat="43.375510" lon="-4.497590"/>
      <trkpt lat="43.375520" lon="-4.497380"/>
      <trkpt lat="43.375530" lon="-4.497180"/>
      <trkpt lat="43.375530" lon="-4.496970"/>
      <trkpt lat="43.375540" lon="-4.496760"/>
      <trkpt lat="43.375540" lon="-4.496560"/>
      <trkpt lat="43.375540" lon="-4.496350"/>
      <trkpt lat="43.375530" lon="-4.496150"/>
      <trkpt lat="43.375510" lon="-4.495940"/>
      <trkpt lat="43.375500" lon="-4.495730"/>
      <trkpt lat="43.375480" lon="-4.495530"/>
      <trkpt lat="43.375450" lon="-4.495320"/>
      <trkpt lat="43.375430" lon="-4.495210"/>
      <trkpt lat="43.375400" lon="-4.495000"/>
      <trkpt lat="43.375370" lon="-4.494810"/>
      <trkpt lat="43.375320" lon="-4.494600"/>
      <trkpt lat="43.375280" lon="-4.494400"/>
      <trkpt lat="43.375230" lon="-4.494210"/>
      <trkpt lat="43.375180" lon="-4.494010"/>
      <trkpt lat="43.375120" lon="-4.493820"/>
      <trkpt lat="43.375060" lon="-4.493620"/>
      <trkpt lat="43.374990" lon="-4.493430"/>
      <trkpt lat="43.374930" lon="-4.493250"/>
      <trkpt lat="43.374850" lon="-4.493070"/>
      <trkpt lat="43.374780" lon="-4.492890"/>
      <trkpt lat="43.374700" lon="-4.492720"/>
      <trkpt lat="43.374610" lon="-4.492530"/>
      <trkpt lat="43.374540" lon="-4.492390"/>
      <trkpt lat="43.374500" lon="-4.492320"/>
      <trkpt lat="43.374430" lon="-4.492190"/>
      <trkpt lat="43.374320" lon="-4.492010"/>
      <trkpt lat="43.374220" lon="-4.491850"/>
      <trkpt lat="43.374120" lon="-4.491680"/>
      <trkpt lat="43.374010" lon="-4.491510"/>
      <trkpt lat="43.373900" lon="-4.491350"/>
      <trkpt lat="43.373800" lon="-4.491190"/>
      <trkpt lat="43.373700" lon="-4.491040"/>
      <trkpt lat="43.373600" lon="-4.490880"/>
      <trkpt lat="43.373500" lon="-4.490720"/>
      <trkpt lat="43.373400" lon="-4.490560"/>
      <trkpt lat="43.373300" lon="-4.490390"/>
      <trkpt lat="43.373200" lon="-4.490180"/>
      <trkpt lat="43.373130" lon="-4.490050"/>
      <trkpt lat="43.373050" lon="-4.489880"/>
      <trkpt lat="43.372970" lon="-4.489700"/>
      <trkpt lat="43.372900" lon="-4.489520"/>
      <trkpt lat="43.372830" lon="-4.489340"/>
      <trkpt lat="43.372760" lon="-4.489150"/>
      <trkpt lat="43.372720" lon="-4.489050"/>
      <trkpt lat="43.372690" lon="-4.488950"/>
      <trkpt lat="43.372630" lon="-4.488760"/>
      <trkpt lat="43.372580" lon="-4.488570"/>
      <trkpt lat="43.372520" lon="-4.488370"/>
      <trkpt lat="43.372470" lon="-4.488180"/>
      <trkpt lat="43.372420" lon="-4.487980"/>
      <trkpt lat="43.372370" lon="-4.487780"/>
      <trkpt lat="43.372320" lon="-4.487590"/>
      <trkpt lat="43.372270" lon="-4.487390"/>
      <trkpt lat="43.372220" lon="-4.487200"/>
      <trkpt lat="43.372160" lon="-4.487000"/>
      <trkpt lat="43.372100" lon="-4.486810"/>
      <trkpt lat="43.372040" lon="-4.486620"/>
      <trkpt lat="43.371980" lon="-4.486430"/>
      <trkpt lat="43.371910" lon="-4.486240"/>
      <trkpt lat="43.371830" lon="-4.486060"/>
      <trkpt lat="43.371750" lon="-4.485870"/>
      <trkpt lat="43.371670" lon="-4.485700"/>
      <trkpt lat="43.371590" lon="-4.485530"/>
      <trkpt lat="43.371500" lon="-4.485360"/>
      <trkpt lat="43.371410" lon="-4.485180"/>
      <trkpt lat="43.371310" lon="-4.485010"/>
      <trkpt lat="43.371210" lon="-4.484830"/>
      <trkpt lat="43.371120" lon="-4.484690"/>
      <trkpt lat="43.371030" lon="-4.484540"/>
      <trkpt lat="43.370940" lon="-4.484380"/>
      <trkpt lat="43.370840" lon="-4.484220"/>
      <trkpt lat="43.370730" lon="-4.484050"/>
      <trkpt lat="43.370640" lon="-4.483900"/>
      <trkpt lat="43.370550" lon="-4.483730"/>
      <trkpt lat="43.370460" lon="-4.483560"/>
      <trkpt lat="43.370380" lon="-4.483390"/>
      <trkpt lat="43.370300" lon="-4.483210"/>
      <trkpt lat="43.370220" lon="-4.483030"/>
      <trkpt lat="43.370140" lon="-4.482860"/>
      <trkpt lat="43.370080" lon="-4.482680"/>
      <trkpt lat="43.370010" lon="-4.482480"/>
      <trkpt lat="43.369940" lon="-4.482290"/>
      <trkpt lat="43.369890" lon="-4.482100"/>
      <trkpt lat="43.369830" lon="-4.481910"/>
      <trkpt lat="43.369780" lon="-4.481700"/>
      <trkpt lat="43.369730" lon="-4.481500"/>
      <trkpt lat="43.369690" lon="-4.481300"/>
      <trkpt lat="43.369650" lon="-4.481110"/>
      <trkpt lat="43.369610" lon="-4.480900"/>
      <trkpt lat="43.369580" lon="-4.480720"/>
      <trkpt lat="43.369550" lon="-4.480490"/>
      <trkpt lat="43.369530" lon="-4.480280"/>
      <trkpt lat="43.369510" lon="-4.480080"/>
      <trkpt lat="43.369500" lon="-4.479870"/>
      <trkpt lat="43.369490" lon="-4.479670"/>
      <trkpt lat="43.369480" lon="-4.479460"/>
      <trkpt lat="43.369480" lon="-4.479250"/>
      <trkpt lat="43.369480" lon="-4.479030"/>
      <trkpt lat="43.369490" lon="-4.478820"/>
      <trkpt lat="43.369500" lon="-4.478620"/>
      <trkpt lat="43.369510" lon="-4.478410"/>
      <trkpt lat="43.369530" lon="-4.478210"/>
      <trkpt lat="43.369550" lon="-4.478050"/>
      <trkpt lat="43.369570" lon="-4.477880"/>
      <trkpt lat="43.369600" lon="-4.477680"/>
      <trkpt lat="43.369630" lon="-4.477470"/>
      <trkpt lat="43.369670" lon="-4.477270"/>
      <trkpt lat="43.369710" lon="-4.477070"/>
      <trkpt lat="43.369760" lon="-4.476870"/>
      <trkpt lat="43.369810" lon="-4.476680"/>
      <trkpt lat="43.369860" lon="-4.476480"/>
      <trkpt lat="43.369920" lon="-4.476280"/>
      <trkpt lat="43.369980" lon="-4.476090"/>
      <trkpt lat="43.370040" lon="-4.475900"/>
      <trkpt lat="43.370100" lon="-4.475710"/>
      <trkpt lat="43.370160" lon="-4.475510"/>
      <trkpt lat="43.370220" lon="-4.475320"/>
      <trkpt lat="43.370280" lon="-4.475130"/>
      <trkpt lat="43.370330" lon="-4.474940"/>
      <trkpt lat="43.370390" lon="-4.474740"/>
      <trkpt lat="43.370440" lon="-4.474550"/>
      <trkpt lat="43.370490" lon="-4.474340"/>
      <trkpt lat="43.370530" lon="-4.474140"/>
      <trkpt lat="43.370580" lon="-4.473950"/>
      <trkpt lat="43.370620" lon="-4.473740"/>
      <trkpt lat="43.370650" lon="-4.473530"/>
      <trkpt lat="43.370690" lon="-4.473330"/>
      <trkpt lat="43.370720" lon="-4.473130"/>
      <trkpt lat="43.370750" lon="-4.472920"/>
      <trkpt lat="43.370770" lon="-4.472710"/>
      <trkpt lat="43.370790" lon="-4.472510"/>
      <trkpt lat="43.370810" lon="-4.472300"/>
      <trkpt lat="43.370830" lon="-4.472090"/>
      <trkpt lat="43.370840" lon="-4.471880"/>
      <trkpt lat="43.370850" lon="-4.471670"/>
      <trkpt lat="43.370860" lon="-4.471470"/>
      <trkpt lat="43.370870" lon="-4.471260"/>
      <trkpt lat="43.370870" lon="-4.471050"/>
      <trkpt lat="43.370870" lon="-4.470840"/>
      <trkpt lat="43.370880" lon="-4.470620"/>
      <trkpt lat="43.370890" lon="-4.470000"/>
      <trkpt lat="43.370900" lon="-4.469390"/>
      <trkpt lat="43.370910" lon="-4.468960"/>
      <trkpt lat="43.370910" lon="-4.466610"/>
      <trkpt lat="43.370910" lon="-4.466430"/>
      <trkpt lat="43.370910" lon="-4.466340"/>
      <trkpt lat="43.370910" lon="-4.466250"/>
      <trkpt lat="43.370910" lon="-4.466110"/>
      <trkpt lat="43.370900" lon="-4.465970"/>
      <trkpt lat="43.370890" lon="-4.465810"/>
      <trkpt lat="43.370880" lon="-4.465590"/>
      <trkpt lat="43.370860" lon="-4.465410"/>
      <trkpt lat="43.370850" lon="-4.465280"/>
      <trkpt lat="43.370840" lon="-4.465130"/>
      <trkpt lat="43.370820" lon="-4.465010"/>
      <trkpt lat="43.370800" lon="-4.464850"/>
      <trkpt lat="43.370780" lon="-4.464650"/>
      <trkpt lat="43.370750" lon="-4.464440"/>
      <trkpt lat="43.370710" lon="-4.464230"/>
      <trkpt lat="43.370680" lon="-4.464040"/>
      <trkpt lat="43.370640" lon="-4.463860"/>
      <trkpt lat="43.370590" lon="-4.463620"/>
      <trkpt lat="43.370580" lon="-4.463570"/>
      <trkpt lat="43.370580" lon="-4.463540"/>
      <trkpt lat="43.370570" lon="-4.463510"/>
      <trkpt lat="43.370570" lon="-4.463480"/>
      <trkpt lat="43.370570" lon="-4.463450"/>
      <trkpt lat="43.370580" lon="-4.463410"/>
      <trkpt lat="43.370590" lon="-4.463380"/>
      <trkpt lat="43.370600" lon="-4.463350"/>
      <trkpt lat="43.370610" lon="-4.463330"/>
      <trkpt lat="43.370630" lon="-4.463300"/>
      <trkpt lat="43.370640" lon="-4.463280"/>
      <trkpt lat="43.370660" lon="-4.463270"/>
      <trkpt lat="43.370680" lon="-4.463250"/>
      <trkpt lat="43.370700" lon="-4.463250"/>
      <trkpt lat="43.371110" lon="-4.463200"/>
      <trkpt lat="43.371280" lon="-4.463170"/>
      <trkpt lat="43.371330" lon="-4.463160"/>
      <trkpt lat="43.371400" lon="-4.463150"/>
      <trkpt lat="43.371470" lon="-4.463140"/>
      <trkpt lat="43.371560" lon="-4.463130"/>
      <trkpt lat="43.371640" lon="-4.463120"/>
      <trkpt lat="43.371700" lon="-4.463120"/>
      <trkpt lat="43.371900" lon="-4.463090"/>
      <trkpt lat="43.372070" lon="-4.463070"/>
      <trkpt lat="43.372140" lon="-4.463060"/>
      <trkpt lat="43.372190" lon="-4.463060"/>
      <trkpt lat="43.372230" lon="-4.463070"/>
      <trkpt lat="43.372280" lon="-4.463080"/>
      <trkpt lat="43.372330" lon="-4.463110"/>
      <trkpt lat="43.372380" lon="-4.463140"/>
      <trkpt lat="43.372430" lon="-4.463170"/>
      <trkpt lat="43.372480" lon="-4.463220"/>
      <trkpt lat="43.372520" lon="-4.463270"/>
      <trkpt lat="43.372570" lon="-4.463340"/>
      <trkpt lat="43.372700" lon="-4.463490"/>
      <trkpt lat="43.372730" lon="-4.463530"/>
      <trkpt lat="43.372770" lon="-4.463560"/>
      <trkpt lat="43.372840" lon="-4.463600"/>
      <trkpt lat="43.372890" lon="-4.463630"/>
      <trkpt lat="43.372930" lon="-4.463620"/>
      <trkpt lat="43.372980" lon="-4.463630"/>
      <trkpt lat="43.373100" lon="-4.463550"/>
      <trkpt lat="43.373150" lon="-4.463510"/>
      <trkpt lat="43.373200" lon="-4.463440"/>
      <trkpt lat="43.373240" lon="-4.463360"/>
      <trkpt lat="43.373360" lon="-4.463060"/>
      <trkpt lat="43.373500" lon="-4.462650"/>
      <trkpt lat="43.373750" lon="-4.461930"/>
      <trkpt lat="43.373780" lon="-4.461840"/>
      <trkpt lat="43.374120" lon="-4.460860"/>
      <trkpt lat="43.374240" lon="-4.460510"/>
      <trkpt lat="43.374260" lon="-4.460430"/>
      <trkpt lat="43.374290" lon="-4.460350"/>
      <trkpt lat="43.374320" lon="-4.460260"/>
      <trkpt lat="43.374440" lon="-4.459920"/>
      <trkpt lat="43.374530" lon="-4.459640"/>
      <trkpt lat="43.374750" lon="-4.458990"/>
      <trkpt lat="43.374790" lon="-4.458860"/>
      <trkpt lat="43.374850" lon="-4.458660"/>
      <trkpt lat="43.374970" lon="-4.458310"/>
      <trkpt lat="43.375120" lon="-4.457870"/>
      <trkpt lat="43.375250" lon="-4.457540"/>
      <trkpt lat="43.375410" lon="-4.457150"/>
      <trkpt lat="43.375690" lon="-4.456610"/>
      <trkpt lat="43.375950" lon="-4.456160"/>
      <trkpt lat="43.376020" lon="-4.456030"/>
      <trkpt lat="43.376330" lon="-4.455480"/>
      <trkpt lat="43.376780" lon="-4.454640"/>
      <trkpt lat="43.377440" lon="-4.453470"/>
      <trkpt lat="43.377890" lon="-4.452600"/>
      <trkpt lat="43.378010" lon="-4.452310"/>
      <trkpt lat="43.378120" lon="-4.452020"/>
      <trkpt lat="43.378730" lon="-4.450250"/>
      <trkpt lat="43.378820" lon="-4.449970"/>
      <trkpt lat="43.378910" lon="-4.449630"/>
      <trkpt lat="43.378990" lon="-4.449290"/>
      <trkpt lat="43.379160" lon="-4.448320"/>
      <trkpt lat="43.379420" lon="-4.447060"/>
      <trkpt lat="43.379480" lon="-4.446650"/>
      <trkpt lat="43.379510" lon="-4.446250"/>
      <trkpt lat="43.379510" lon="-4.445760"/>
      <trkpt lat="43.379490" lon="-4.445200"/>
      <trkpt lat="43.379510" lon="-4.444740"/>
      <trkpt lat="43.379550" lon="-4.444400"/>
      <trkpt lat="43.379640" lon="-4.444020"/>
      <trkpt lat="43.379750" lon="-4.443510"/>
      <trkpt lat="43.379840" lon="-4.443030"/>
      <trkpt lat="43.379870" lon="-4.442570"/>
      <trkpt lat="43.379850" lon="-4.441950"/>
      <trkpt lat="43.379810" lon="-4.441360"/>
      <trkpt lat="43.379770" lon="-4.440920"/>
      <trkpt lat="43.379740" lon="-4.440400"/>
      <trkpt lat="43.379750" lon="-4.439980"/>
      <trkpt lat="43.379830" lon="-4.439530"/>
      <trkpt lat="43.380150" lon="-4.438640"/>
      <trkpt lat="43.380300" lon="-4.438270"/>
      <trkpt lat="43.380440" lon="-4.437800"/>
      <trkpt lat="43.380560" lon="-4.437380"/>
      <trkpt lat="43.380630" lon="-4.437120"/>
      <trkpt lat="43.380710" lon="-4.436930"/>
      <trkpt lat="43.380840" lon="-4.436640"/>
      <trkpt lat="43.381030" lon="-4.436350"/>
      <trkpt lat="43.381320" lon="-4.435980"/>
      <trkpt lat="43.381550" lon="-4.435690"/>
      <trkpt lat="43.381700" lon="-4.435380"/>
      <trkpt lat="43.381760" lon="-4.435150"/>
      <trkpt lat="43.381810" lon="-4.434730"/>
      <trkpt lat="43.381870" lon="-4.434230"/>
      <trkpt lat="43.381920" lon="-4.433700"/>
      <trkpt lat="43.382000" lon="-4.433020"/>
      <trkpt lat="43.382010" lon="-4.432880"/>
      <trkpt lat="43.382090" lon="-4.432360"/>
      <trkpt lat="43.382180" lon="-4.431940"/>
      <trkpt lat="43.382290" lon="-4.431550"/>
      <trkpt lat="43.382630" lon="-4.430720"/>
      <trkpt lat="43.382750" lon="-4.430440"/>
      <trkpt lat="43.382910" lon="-4.430100"/>
      <trkpt lat="43.383210" lon="-4.429540"/>
      <trkpt lat="43.383810" lon="-4.428470"/>
      <trkpt lat="43.383880" lon="-4.428360"/>
      <trkpt lat="43.384110" lon="-4.427840"/>
      <trkpt lat="43.384260" lon="-4.427350"/>
      <trkpt lat="43.384330" lon="-4.427010"/>
      <trkpt lat="43.384390" lon="-4.426690"/>
      <trkpt lat="43.384420" lon="-4.426440"/>
      <trkpt lat="43.384450" lon="-4.426130"/>
      <trkpt lat="43.384450" lon="-4.425940"/>
      <trkpt lat="43.384450" lon="-4.425710"/>
      <trkpt lat="43.384430" lon="-4.425460"/>
      <trkpt lat="43.384420" lon="-4.425260"/>
      <trkpt lat="43.384390" lon="-4.425020"/>
      <trkpt lat="43.384340" lon="-4.424650"/>
      <trkpt lat="43.384180" lon="-4.423540"/>
      <trkpt lat="43.384010" lon="-4.422300"/>
      <trkpt lat="43.383970" lon="-4.421990"/>
      <trkpt lat="43.383930" lon="-4.421680"/>
      <trkpt lat="43.383920" lon="-4.421490"/>
      <trkpt lat="43.383900" lon="-4.421260"/>
      <trkpt lat="43.383880" lon="-4.420820"/>
      <trkpt lat="43.383820" lon="-4.419150"/>
      <trkpt lat="43.383820" lon="-4.418850"/>
      <trkpt lat="43.383840" lon="-4.418480"/>
      <trkpt lat="43.383870" lon="-4.418150"/>
      <trkpt lat="43.383910" lon="-4.417750"/>
      <trkpt lat="43.383970" lon="-4.417490"/>
      <trkpt lat="43.384010" lon="-4.417380"/>
      <trkpt lat="43.384390" lon="-4.416630"/>
      <trkpt lat="43.384670" lon="-4.416040"/>
      <trkpt lat="43.384840" lon="-4.415650"/>
      <trkpt lat="43.385020" lon="-4.415190"/>
      <trkpt lat="43.385160" lon="-4.414760"/>
      <trkpt lat="43.385380" lon="-4.414050"/>
      <trkpt lat="43.385450" lon="-4.413870"/>
      <trkpt lat="43.385540" lon="-4.413710"/>
      <trkpt lat="43.385660" lon="-4.413570"/>
      <trkpt lat="43.385790" lon="-4.413470"/>
      <trkpt lat="43.385910" lon="-4.413410"/>
      <trkpt lat="43.386020" lon="-4.413380"/>
      <trkpt lat="43.386210" lon="-4.413370"/>
      <trkpt lat="43.386410" lon="-4.413350"/>
      <trkpt lat="43.386560" lon="-4.413330"/>
      <trkpt lat="43.386680" lon="-4.413290"/>
      <trkpt lat="43.386730" lon="-4.413260"/>
      <trkpt lat="43.386830" lon="-4.413200"/>
      <trkpt lat="43.386980" lon="-4.413110"/>
      <trkpt lat="43.387030" lon="-4.413060"/>
      <trkpt lat="43.387090" lon="-4.413000"/>
      <trkpt lat="43.387210" lon="-4.412870"/>
      <trkpt lat="43.387300" lon="-4.412740"/>
      <trkpt lat="43.387380" lon="-4.412590"/>
      <trkpt lat="43.387470" lon="-4.412400"/>
      <trkpt lat="43.387540" lon="-4.412240"/>
      <trkpt lat="43.387590" lon="-4.412050"/>
      <trkpt lat="43.387640" lon="-4.411800"/>
      <trkpt lat="43.387650" lon="-4.411750"/>
      <trkpt lat="43.387810" lon="-4.410730"/>
      <trkpt lat="43.387830" lon="-4.410570"/>
      <trkpt lat="43.387880" lon="-4.410300"/>
      <trkpt lat="43.387990" lon="-4.409860"/>
      <trkpt lat="43.388330" lon="-4.409190"/>
      <trkpt lat="43.388380" lon="-4.409060"/>
      <trkpt lat="43.388410" lon="-4.408970"/>
      <trkpt lat="43.388430" lon="-4.408910"/>
      <trkpt lat="43.388430" lon="-4.408890"/>
      <trkpt lat="43.388450" lon="-4.408810"/>
      <trkpt lat="43.388460" lon="-4.408710"/>
      <trkpt lat="43.388460" lon="-4.408620"/>
      <trkpt lat="43.388460" lon="-4.408520"/>
      <trkpt lat="43.388450" lon="-4.408410"/>
      <trkpt lat="43.388430" lon="-4.408290"/>
      <trkpt lat="43.388390" lon="-4.408010"/>
      <trkpt lat="43.388330" lon="-4.407540"/>
      <trkpt lat="43.388300" lon="-4.407240"/>
      <trkpt lat="43.388270" lon="-4.406890"/>
      <trkpt lat="43.388210" lon="-4.406220"/>
      <trkpt lat="43.388190" lon="-4.406010"/>
      <trkpt lat="43.388180" lon="-4.405810"/>
      <trkpt lat="43.388180" lon="-4.405690"/>
      <trkpt lat="43.388180" lon="-4.405590"/>
      <trkpt lat="43.388180" lon="-4.405500"/>
      <trkpt lat="43.388190" lon="-4.405430"/>
      <trkpt lat="43.388200" lon="-4.405360"/>
      <trkpt lat="43.388210" lon="-4.405290"/>
      <trkpt lat="43.388240" lon="-4.405180"/>
      <trkpt lat="43.388370" lon="-4.404580"/>
      <trkpt lat="43.388400" lon="-4.404440"/>
      <trkpt lat="43.388410" lon="-4.404380"/>
      <trkpt lat="43.388420" lon="-4.404300"/>
      <trkpt lat="43.388430" lon="-4.404220"/>
      <trkpt lat="43.388440" lon="-4.404120"/>
      <trkpt lat="43.388440" lon="-4.403990"/>
      <trkpt lat="43.388440" lon="-4.403900"/>
      <trkpt lat="43.388440" lon="-4.403810"/>
      <trkpt lat="43.388430" lon="-4.403720"/>
      <trkpt lat="43.388420" lon="-4.403630"/>
      <trkpt lat="43.388410" lon="-4.403540"/>
      <trkpt lat="43.388400" lon="-4.403470"/>
      <trkpt lat="43.388380" lon="-4.403370"/>
      <trkpt lat="43.388360" lon="-4.403290"/>
      <trkpt lat="43.388340" lon="-4.403210"/>
      <trkpt lat="43.388320" lon="-4.403130"/>
      <trkpt lat="43.388290" lon="-4.403050"/>
      <trkpt lat="43.388260" lon="-4.402960"/>
      <trkpt lat="43.388230" lon="-4.402890"/>
      <trkpt lat="43.388190" lon="-4.402810"/>
      <trkpt lat="43.388150" lon="-4.402730"/>
      <trkpt lat="43.387980" lon="-4.402380"/>
      <trkpt lat="43.387780" lon="-4.402010"/>
      <trkpt lat="43.387680" lon="-4.401810"/>
      <trkpt lat="43.387580" lon="-4.401600"/>
      <trkpt lat="43.387540" lon="-4.401510"/>
      <trkpt lat="43.387510" lon="-4.401420"/>
      <trkpt lat="43.387480" lon="-4.401320"/>
      <trkpt lat="43.387440" lon="-4.401210"/>
      <trkpt lat="43.387410" lon="-4.401080"/>
      <trkpt lat="43.387390" lon="-4.401000"/>
      <trkpt lat="43.387380" lon="-4.400910"/>
      <trkpt lat="43.387360" lon="-4.400810"/>
      <trkpt lat="43.387350" lon="-4.400690"/>
      <trkpt lat="43.387340" lon="-4.400570"/>
      <trkpt lat="43.387330" lon="-4.400460"/>
      <trkpt lat="43.387330" lon="-4.400340"/>
      <trkpt lat="43.387340" lon="-4.400210"/>
      <trkpt lat="43.387350" lon="-4.400070"/>
      <trkpt lat="43.387350" lon="-4.399970"/>
      <trkpt lat="43.387360" lon="-4.399850"/>
      <trkpt lat="43.387360" lon="-4.399740"/>
      <trkpt lat="43.387360" lon="-4.399580"/>
      <trkpt lat="43.387360" lon="-4.399520"/>
      <trkpt lat="43.387360" lon="-4.399460"/>
      <trkpt lat="43.387350" lon="-4.399300"/>
      <trkpt lat="43.387330" lon="-4.399300"/>
      <trkpt lat="43.387300" lon="-4.399280"/>
      <trkpt lat="43.387280" lon="-4.399260"/>
      <trkpt lat="43.387260" lon="-4.399220"/>
      <trkpt lat="43.387250" lon="-4.399190"/>
      <trkpt lat="43.387250" lon="-4.399150"/>
      <trkpt lat="43.387260" lon="-4.399110"/>
      <trkpt lat="43.387270" lon="-4.399070"/>
      <trkpt lat="43.387290" lon="-4.399050"/>
      <trkpt lat="43.387240" lon="-4.398970"/>
      <trkpt lat="43.387210" lon="-4.398920"/>
      <trkpt lat="43.387180" lon="-4.398880"/>
      <trkpt lat="43.387150" lon="-4.398840"/>
      <trkpt lat="43.387140" lon="-4.398820"/>
      <trkpt lat="43.387120" lon="-4.398800"/>
      <trkpt lat="43.387090" lon="-4.398780"/>
      <trkpt lat="43.387070" lon="-4.398750"/>
      <trkpt lat="43.387020" lon="-4.398710"/>
      <trkpt lat="43.387000" lon="-4.398700"/>
      <trkpt lat="43.386970" lon="-4.398680"/>
      <trkpt lat="43.386940" lon="-4.398660"/>
      <trkpt lat="43.386430" lon="-4.398370"/>
    </trkseg>
  </trk>
</gpx>