<?xml version="1.0" encoding="UTF-8"?>
<gpx version="1.1" creator="trip-planner"
     xmlns="http://www.topografix.com/GPX/1/1">
  <metadata>
    <name>Potes - Fuente De - San Glorio - Beyos - Cangas de Onis</name>
    <time>2026-08-15T10:28:56Z</time>
  </metadata>
  <wpt lat="43.154381" lon="-4.622185">
    <name>Potes</name>
  </wpt>
  <wpt lat="43.143100" lon="-4.812400">
    <name>Fuente De</name>
  </wpt>
  <wpt lat="43.154381" lon="-4.622185">
    <name>Potes</name>
  </wpt>
  <wpt lat="42.985600" lon="-5.001100">
    <name>Riano</name>
  </wpt>
  <wpt lat="43.351964" lon="-5.128428">
    <name>Cangas de Onis</name>
  </wpt>
  <trk>
    <name>Potes - Fuente De - San Glorio - Beyos - Cangas de Onis</name>
    <trkseg>
      <trkpt lat="43.154160" lon="-4.622120"/>
      <trkpt lat="43.154160" lon="-4.622120"/>
      <trkpt lat="43.154100" lon="-4.622260"/>
      <trkpt lat="43.153920" lon="-4.622710"/>
      <trkpt lat="43.153860" lon="-4.622810"/>
      <trkpt lat="43.153830" lon="-4.622840"/>
      <trkpt lat="43.153730" lon="-4.622830"/>
      <trkpt lat="43.153670" lon="-4.622790"/>
      <trkpt lat="43.153610" lon="-4.622990"/>
      <trkpt lat="43.153560" lon="-4.623160"/>
      <trkpt lat="43.153510" lon="-4.623360"/>
      <trkpt lat="43.153500" lon="-4.623470"/>
      <trkpt lat="43.153540" lon="-4.623570"/>
      <trkpt lat="43.153590" lon="-4.623660"/>
      <trkpt lat="43.153630" lon="-4.623710"/>
      <trkpt lat="43.153750" lon="-4.623880"/>
      <trkpt lat="43.153790" lon="-4.623920"/>
      <trkpt lat="43.153860" lon="-4.624020"/>
      <trkpt lat="43.153880" lon="-4.624060"/>
      <trkpt lat="43.154080" lon="-4.624310"/>
      <trkpt lat="43.154150" lon="-4.624420"/>
      <trkpt lat="43.154180" lon="-4.624520"/>
      <trkpt lat="43.154210" lon="-4.624620"/>
      <trkpt lat="43.154240" lon="-4.624760"/>
      <trkpt lat="43.154240" lon="-4.624980"/>
      <trkpt lat="43.154230" lon="-4.625310"/>
      <trkpt lat="43.154210" lon="-4.625420"/>
      <trkpt lat="43.154210" lon="-4.625450"/>
      <trkpt lat="43.154200" lon="-4.625540"/>
      <trkpt lat="43.154190" lon="-4.625630"/>
      <trkpt lat="43.154160" lon="-4.625960"/>
      <trkpt lat="43.154140" lon="-4.626260"/>
      <trkpt lat="43.154120" lon="-4.626430"/>
      <trkpt lat="43.154100" lon="-4.626600"/>
      <trkpt lat="43.154080" lon="-4.626790"/>
      <trkpt lat="43.154070" lon="-4.626960"/>
      <trkpt lat="43.154040" lon="-4.627220"/>
      <trkpt lat="43.153970" lon="-4.627990"/>
      <trkpt lat="43.153960" lon="-4.628100"/>
      <trkpt lat="43.153930" lon="-4.628500"/>
      <trkpt lat="43.153900" lon="-4.628860"/>
      <trkpt lat="43.153880" lon="-4.629090"/>
      <trkpt lat="43.153870" lon="-4.629220"/>
      <trkpt lat="43.153840" lon="-4.629560"/>
      <trkpt lat="43.153830" lon="-4.629720"/>
      <trkpt lat="43.153830" lon="-4.629900"/>
      <trkpt lat="43.153830" lon="-4.630130"/>
      <trkpt lat="43.153830" lon="-4.630340"/>
      <trkpt lat="43.153830" lon="-4.630410"/>
      <trkpt lat="43.153830" lon="-4.630460"/>
      <trkpt lat="43.153850" lon="-4.630810"/>
      <trkpt lat="43.153850" lon="-4.630870"/>
      <trkpt lat="43.153850" lon="-4.630900"/>
      <trkpt lat="43.153860" lon="-4.631310"/>
      <trkpt lat="43.153880" lon="-4.631460"/>
      <trkpt lat="43.153940" lon="-4.631790"/>
      <trkpt lat="43.153980" lon="-4.631930"/>
      <trkpt lat="43.154000" lon="-4.631980"/>
      <trkpt lat="43.154070" lon="-4.632250"/>
      <trkpt lat="43.154140" lon="-4.632450"/>
      <trkpt lat="43.154150" lon="-4.632500"/>
      <trkpt lat="43.154230" lon="-4.632750"/>
      <trkpt lat="43.154230" lon="-4.632770"/>
      <trkpt lat="43.154340" lon="-4.633040"/>
      <trkpt lat="43.154460" lon="-4.633280"/>
      <trkpt lat="43.154610" lon="-4.633570"/>
      <trkpt lat="43.154670" lon="-4.633730"/>
      <trkpt lat="43.154760" lon="-4.633980"/>
      <trkpt lat="43.154810" lon="-4.634230"/>
      <trkpt lat="43.154850" lon="-4.634420"/>
      <trkpt lat="43.154870" lon="-4.634600"/>
      <trkpt lat="43.154890" lon="-4.634770"/>
      <trkpt lat="43.154910" lon="-4.634940"/>
      <trkpt lat="43.154910" lon="-4.635050"/>
      <trkpt lat="43.154910" lon="-4.635210"/>
      <trkpt lat="43.154910" lon="-4.635250"/>
      <trkpt lat="43.154910" lon="-4.635330"/>
      <trkpt lat="43.154930" lon="-4.635480"/>
      <trkpt lat="43.154940" lon="-4.635650"/>
      <trkpt lat="43.154980" lon="-4.635810"/>
      <trkpt lat="43.155070" lon="-4.636060"/>
      <trkpt lat="43.155160" lon="-4.636340"/>
      <trkpt lat="43.155310" lon="-4.636780"/>
      <trkpt lat="43.155480" lon="-4.637220"/>
      <trkpt lat="43.155550" lon="-4.637390"/>
      <trkpt lat="43.155660" lon="-4.637610"/>
      <trkpt lat="43.155750" lon="-4.637780"/>
      <trkpt lat="43.155980" lon="-4.638170"/>
      <trkpt lat="43.156140" lon="-4.638430"/>
      <trkpt lat="43.156300" lon="-4.638690"/>
      <trkpt lat="43.156390" lon="-4.638830"/>
      <trkpt lat="43.156460" lon="-4.638990"/>
      <trkpt lat="43.156540" lon="-4.639140"/>
      <trkpt lat="43.156610" lon="-4.639300"/>
      <trkpt lat="43.156670" lon="-4.639470"/>
      <trkpt lat="43.156710" lon="-4.639650"/>
      <trkpt lat="43.156780" lon="-4.639910"/>
      <trkpt lat="43.156840" lon="-4.640150"/>
      <trkpt lat="43.156880" lon="-4.640320"/>
      <trkpt lat="43.156920" lon="-4.640480"/>
      <trkpt lat="43.156960" lon="-4.640640"/>
      <trkpt lat="43.157020" lon="-4.640850"/>
      <trkpt lat="43.157050" lon="-4.641050"/>
      <trkpt lat="43.157100" lon="-4.641250"/>
      <trkpt lat="43.157160" lon="-4.641400"/>
      <trkpt lat="43.157230" lon="-4.641570"/>
      <trkpt lat="43.157310" lon="-4.641710"/>
      <trkpt lat="43.157410" lon="-4.641840"/>
      <trkpt lat="43.157510" lon="-4.641960"/>
      <trkpt lat="43.157620" lon="-4.642080"/>
      <trkpt lat="43.157710" lon="-4.642190"/>
      <trkpt lat="43.157820" lon="-4.642340"/>
      <trkpt lat="43.157910" lon="-4.642460"/>
      <trkpt lat="43.157980" lon="-4.642580"/>
      <trkpt lat="43.158040" lon="-4.642740"/>
      <trkpt lat="43.158080" lon="-4.642900"/>
      <trkpt lat="43.158110" lon="-4.643080"/>
      <trkpt lat="43.158130" lon="-4.643320"/>
      <trkpt lat="43.158140" lon="-4.643560"/>
      <trkpt lat="43.158160" lon="-4.643710"/>
      <trkpt lat="43.158180" lon="-4.643920"/>
      <trkpt lat="43.158210" lon="-4.644100"/>
      <trkpt lat="43.158240" lon="-4.644270"/>
      <trkpt lat="43.158280" lon="-4.644460"/>
      <trkpt lat="43.158320" lon="-4.644640"/>
      <trkpt lat="43.158360" lon="-4.644810"/>
      <trkpt lat="43.158410" lon="-4.644980"/>
      <trkpt lat="43.158470" lon="-4.645160"/>
      <trkpt lat="43.158530" lon="-4.645400"/>
      <trkpt lat="43.158550" lon="-4.645550"/>
      <trkpt lat="43.158560" lon="-4.645730"/>
      <trkpt lat="43.158570" lon="-4.645930"/>
      <trkpt lat="43.158580" lon="-4.646120"/>
      <trkpt lat="43.158570" lon="-4.646250"/>
      <trkpt lat="43.158550" lon="-4.646480"/>
      <trkpt lat="43.158530" lon="-4.646630"/>
      <trkpt lat="43.158490" lon="-4.646750"/>
      <trkpt lat="43.158460" lon="-4.646860"/>
      <trkpt lat="43.158410" lon="-4.646970"/>
      <trkpt lat="43.158340" lon="-4.647100"/>
      <trkpt lat="43.158270" lon="-4.647200"/>
      <trkpt lat="43.158210" lon="-4.647300"/>
      <trkpt lat="43.158160" lon="-4.647400"/>
      <trkpt lat="43.158130" lon="-4.647470"/>
      <trkpt lat="43.158100" lon="-4.647560"/>
      <trkpt lat="43.158060" lon="-4.647680"/>
      <trkpt lat="43.158010" lon="-4.647870"/>
      <trkpt lat="43.157990" lon="-4.647960"/>
      <trkpt lat="43.157960" lon="-4.648030"/>
      <trkpt lat="43.157920" lon="-4.648100"/>
      <trkpt lat="43.157890" lon="-4.648170"/>
      <trkpt lat="43.157860" lon="-4.648220"/>
      <trkpt lat="43.157800" lon="-4.648290"/>
      <trkpt lat="43.157750" lon="-4.648350"/>
      <trkpt lat="43.157630" lon="-4.648440"/>
      <trkpt lat="43.157510" lon="-4.648530"/>
      <trkpt lat="43.157410" lon="-4.648600"/>
      <trkpt lat="43.157380" lon="-4.648630"/>
      <trkpt lat="43.157170" lon="-4.648870"/>
      <trkpt lat="43.157080" lon="-4.649020"/>
      <trkpt lat="43.157000" lon="-4.649160"/>
      <trkpt lat="43.156920" lon="-4.649310"/>
      <trkpt lat="43.156850" lon="-4.649480"/>
      <trkpt lat="43.156820" lon="-4.649600"/>
      <trkpt lat="43.156790" lon="-4.649700"/>
      <trkpt lat="43.156770" lon="-4.649750"/>
      <trkpt lat="43.156710" lon="-4.649930"/>
      <trkpt lat="43.156660" lon="-4.650100"/>
      <trkpt lat="43.156600" lon="-4.650280"/>
      <trkpt lat="43.156530" lon="-4.650480"/>
      <trkpt lat="43.156460" lon="-4.650700"/>
      <trkpt lat="43.156320" lon="-4.651150"/>
      <trkpt lat="43.156260" lon="-4.651340"/>
      <trkpt lat="43.156200" lon="-4.651530"/>
      <trkpt lat="43.156160" lon="-4.651710"/>
      <trkpt lat="43.156140" lon="-4.651870"/>
      <trkpt lat="43.156130" lon="-4.652070"/>
      <trkpt lat="43.156150" lon="-4.652250"/>
      <trkpt lat="43.156200" lon="-4.652440"/>
      <trkpt lat="43.156270" lon="-4.652650"/>
      <trkpt lat="43.156330" lon="-4.652790"/>
      <trkpt lat="43.156390" lon="-4.652950"/>
      <trkpt lat="43.156460" lon="-4.653110"/>
      <trkpt lat="43.156520" lon="-4.653270"/>
      <trkpt lat="43.156590" lon="-4.653450"/>
      <trkpt lat="43.156630" lon="-4.653610"/>
      <trkpt lat="43.156670" lon="-4.653780"/>
      <trkpt lat="43.156710" lon="-4.653950"/>
      <trkpt lat="43.156750" lon="-4.654170"/>
      <trkpt lat="43.156800" lon="-4.654320"/>
      <trkpt lat="43.156860" lon="-4.654510"/>
      <trkpt lat="43.156920" lon="-4.654680"/>
      <trkpt lat="43.156970" lon="-4.654840"/>
      <trkpt lat="43.157040" lon="-4.655010"/>
      <trkpt lat="43.157170" lon="-4.655300"/>
      <trkpt lat="43.157230" lon="-4.655450"/>
      <trkpt lat="43.157290" lon="-4.655590"/>
      <trkpt lat="43.157350" lon="-4.655810"/>
      <trkpt lat="43.157430" lon="-4.656130"/>
      <trkpt lat="43.157440" lon="-4.656180"/>
      <trkpt lat="43.157480" lon="-4.656520"/>
      <trkpt lat="43.157500" lon="-4.656770"/>
      <trkpt lat="43.157530" lon="-4.657070"/>
      <trkpt lat="43.157600" lon="-4.657430"/>
      <trkpt lat="43.157650" lon="-4.657670"/>
      <trkpt lat="43.157670" lon="-4.657910"/>
      <trkpt lat="43.157710" lon="-4.658420"/>
      <trkpt lat="43.157730" lon="-4.658600"/>
      <trkpt lat="43.157750" lon="-4.658910"/>
      <trkpt lat="43.157770" lon="-4.659140"/>
      <trkpt lat="43.157780" lon="-4.659490"/>
      <trkpt lat="43.157820" lon="-4.659900"/>
      <trkpt lat="43.157860" lon="-4.660480"/>
      <trkpt lat="43.157880" lon="-4.660850"/>
      <trkpt lat="43.157870" lon="-4.661030"/>
      <trkpt lat="43.157860" lon="-4.661220"/>
      <trkpt lat="43.157830" lon="-4.661450"/>
      <trkpt lat="43.157790" lon="-4.661620"/>
      <trkpt lat="43.157720" lon="-4.661950"/>
      <trkpt lat="43.157630" lon="-4.662290"/>
      <trkpt lat="43.157520" lon="-4.662640"/>
      <trkpt lat="43.157440" lon="-4.662950"/>
      <trkpt lat="43.157390" lon="-4.663200"/>
      <trkpt lat="43.157290" lon="-4.663520"/>
      <trkpt lat="43.157240" lon="-4.663700"/>
      <trkpt lat="43.157200" lon="-4.663870"/>
      <trkpt lat="43.157130" lon="-4.664100"/>
      <trkpt lat="43.157030" lon="-4.664380"/>
      <trkpt lat="43.156960" lon="-4.664630"/>
      <trkpt lat="43.156870" lon="-4.664900"/>
      <trkpt lat="43.156840" lon="-4.665090"/>
      <trkpt lat="43.156800" lon="-4.665270"/>
      <trkpt lat="43.156770" lon="-4.665440"/>
      <trkpt lat="43.156730" lon="-4.665640"/>
      <trkpt lat="43.156700" lon="-4.665800"/>
      <trkpt lat="43.156680" lon="-4.665910"/>
      <trkpt lat="43.156620" lon="-4.666180"/>
      <trkpt lat="43.156590" lon="-4.666300"/>
      <trkpt lat="43.156550" lon="-4.666490"/>
      <trkpt lat="43.156510" lon="-4.666710"/>
      <trkpt lat="43.156460" lon="-4.666910"/>
      <trkpt lat="43.156430" lon="-4.666990"/>
      <trkpt lat="43.156380" lon="-4.667090"/>
      <trkpt lat="43.156320" lon="-4.667180"/>
      <trkpt lat="43.156210" lon="-4.667340"/>
      <trkpt lat="43.156110" lon="-4.667440"/>
      <trkpt lat="43.156000" lon="-4.667540"/>
      <trkpt lat="43.155840" lon="-4.667650"/>
      <trkpt lat="43.155690" lon="-4.667800"/>
      <trkpt lat="43.155570" lon="-4.667940"/>
      <trkpt lat="43.155490" lon="-4.668070"/>
      <trkpt lat="43.155410" lon="-4.668240"/>
      <trkpt lat="43.155350" lon="-4.668450"/>
      <trkpt lat="43.155300" lon="-4.668710"/>
      <trkpt lat="43.155250" lon="-4.668940"/>
      <trkpt lat="43.155220" lon="-4.669110"/>
      <trkpt lat="43.155110" lon="-4.669480"/>
      <trkpt lat="43.155050" lon="-4.669650"/>
      <trkpt lat="43.154990" lon="-4.669810"/>
      <trkpt lat="43.154950" lon="-4.669980"/>
      <trkpt lat="43.154830" lon="-4.670360"/>
      <trkpt lat="43.154740" lon="-4.670640"/>
      <trkpt lat="43.154680" lon="-4.670830"/>
      <trkpt lat="43.154620" lon="-4.671020"/>
      <trkpt lat="43.154560" lon="-4.671200"/>
      <trkpt lat="43.154490" lon="-4.671370"/>
      <trkpt lat="43.154350" lon="-4.671680"/>
      <trkpt lat="43.154220" lon="-4.671990"/>
      <trkpt lat="43.154140" lon="-4.672160"/>
      <trkpt lat="43.154080" lon="-4.672320"/>
      <trkpt lat="43.153990" lon="-4.672510"/>
      <trkpt lat="43.153790" lon="-4.672960"/>
      <trkpt lat="43.153710" lon="-4.673110"/>
      <trkpt lat="43.153640" lon="-4.673260"/>
      <trkpt lat="43.153550" lon="-4.673420"/>
      <trkpt lat="43.153480" lon="-4.673560"/>
      <trkpt lat="43.153420" lon="-4.673640"/>
      <trkpt lat="43.153280" lon="-4.673800"/>
      <trkpt lat="43.153180" lon="-4.673930"/>
      <trkpt lat="43.153070" lon="-4.674070"/>
      <trkpt lat="43.153000" lon="-4.674190"/>
      <trkpt lat="43.152930" lon="-4.674400"/>
      <trkpt lat="43.152880" lon="-4.674540"/>
      <trkpt lat="43.152830" lon="-4.674710"/>
      <trkpt lat="43.152770" lon="-4.674890"/>
      <trkpt lat="43.152700" lon="-4.675100"/>
      <trkpt lat="43.152620" lon="-4.675310"/>
      <trkpt lat="43.152510" lon="-4.675550"/>
      <trkpt lat="43.152440" lon="-4.675720"/>
      <trkpt lat="43.152380" lon="-4.675900"/>
      <trkpt lat="43.152360" lon="-4.676090"/>
      <trkpt lat="43.152350" lon="-4.676270"/>
      <trkpt lat="43.152360" lon="-4.676470"/>
      <trkpt lat="43.152390" lon="-4.676600"/>
      <trkpt lat="43.152400" lon="-4.676630"/>
      <trkpt lat="43.152460" lon="-4.676800"/>
      <trkpt lat="43.152560" lon="-4.676970"/>
      <trkpt lat="43.152630" lon="-4.677090"/>
      <trkpt lat="43.152800" lon="-4.677380"/>
      <trkpt lat="43.152970" lon="-4.677760"/>
      <trkpt lat="43.153020" lon="-4.677910"/>
      <trkpt lat="43.153070" lon="-4.678050"/>
      <trkpt lat="43.153120" lon="-4.678220"/>
      <trkpt lat="43.153160" lon="-4.678400"/>
      <trkpt lat="43.153240" lon="-4.678760"/>
      <trkpt lat="43.153410" lon="-4.679680"/>
      <trkpt lat="43.153500" lon="-4.680210"/>
      <trkpt lat="43.153540" lon="-4.680410"/>
      <trkpt lat="43.153600" lon="-4.680720"/>
      <trkpt lat="43.153640" lon="-4.680900"/>
      <trkpt lat="43.153690" lon="-4.681100"/>
      <trkpt lat="43.153830" lon="-4.681620"/>
      <trkpt lat="43.153900" lon="-4.681830"/>
      <trkpt lat="43.153940" lon="-4.682000"/>
      <trkpt lat="43.154050" lon="-4.682330"/>
      <trkpt lat="43.154110" lon="-4.682490"/>
      <trkpt lat="43.154150" lon="-4.682610"/>
      <trkpt lat="43.154370" lon="-4.683130"/>
      <trkpt lat="43.154400" lon="-4.683220"/>
      <trkpt lat="43.154420" lon="-4.683290"/>
      <trkpt lat="43.154490" lon="-4.683490"/>
      <trkpt lat="43.154550" lon="-4.683800"/>
      <trkpt lat="43.154560" lon="-4.683850"/>
      <trkpt lat="43.154630" lon="-4.684140"/>
      <trkpt lat="43.154690" lon="-4.684440"/>
      <trkpt lat="43.154740" lon="-4.684630"/>
      <trkpt lat="43.154790" lon="-4.684780"/>
      <trkpt lat="43.154860" lon="-4.684950"/>
      <trkpt lat="43.154930" lon="-4.685090"/>
      <trkpt lat="43.155020" lon="-4.685240"/>
      <trkpt lat="43.155110" lon="-4.685330"/>
      <trkpt lat="43.155210" lon="-4.685440"/>
      <trkpt lat="43.155340" lon="-4.685540"/>
      <trkpt lat="43.155450" lon="-4.685610"/>
      <trkpt lat="43.155540" lon="-4.685660"/>
      <trkpt lat="43.155640" lon="-4.685740"/>
      <trkpt lat="43.155730" lon="-4.685860"/>
      <trkpt lat="43.155790" lon="-4.685990"/>
      <trkpt lat="43.155810" lon="-4.686150"/>
      <trkpt lat="43.155800" lon="-4.686300"/>
      <trkpt lat="43.155790" lon="-4.686560"/>
      <trkpt lat="43.155700" lon="-4.687150"/>
      <trkpt lat="43.155620" lon="-4.687700"/>
      <trkpt lat="43.155560" lon="-4.688030"/>
      <trkpt lat="43.155470" lon="-4.688450"/>
      <trkpt lat="43.155410" lon="-4.688750"/>
      <trkpt lat="43.155360" lon="-4.688960"/>
      <trkpt lat="43.155310" lon="-4.689100"/>
      <trkpt lat="43.155200" lon="-4.689260"/>
      <trkpt lat="43.155100" lon="-4.689370"/>
      <trkpt lat="43.154960" lon="-4.689450"/>
      <trkpt lat="43.154730" lon="-4.689560"/>
      <trkpt lat="43.154310" lon="-4.689740"/>
      <trkpt lat="43.153300" lon="-4.690170"/>
      <trkpt lat="43.152900" lon="-4.690330"/>
      <trkpt lat="43.152610" lon="-4.690480"/>
      <trkpt lat="43.152430" lon="-4.690620"/>
      <trkpt lat="43.152310" lon="-4.690780"/>
      <trkpt lat="43.152220" lon="-4.690910"/>
      <trkpt lat="43.152110" lon="-4.691120"/>
      <trkpt lat="43.151850" lon="-4.691720"/>
      <trkpt lat="43.151800" lon="-4.691810"/>
      <trkpt lat="43.151690" lon="-4.692030"/>
      <trkpt lat="43.151620" lon="-4.692210"/>
      <trkpt lat="43.151530" lon="-4.692510"/>
      <trkpt lat="43.151470" lon="-4.692810"/>
      <trkpt lat="43.151460" lon="-4.692880"/>
      <trkpt lat="43.151420" lon="-4.693090"/>
      <trkpt lat="43.151400" lon="-4.693190"/>
      <trkpt lat="43.151360" lon="-4.693410"/>
      <trkpt lat="43.151320" lon="-4.693580"/>
      <trkpt lat="43.151300" lon="-4.693720"/>
      <trkpt lat="43.151310" lon="-4.693950"/>
      <trkpt lat="43.151300" lon="-4.694370"/>
      <trkpt lat="43.151300" lon="-4.694440"/>
      <trkpt lat="43.151290" lon="-4.694500"/>
      <trkpt lat="43.151290" lon="-4.694570"/>
      <trkpt lat="43.151240" lon="-4.694730"/>
      <trkpt lat="43.151180" lon="-4.694880"/>
      <trkpt lat="43.151100" lon="-4.695000"/>
      <trkpt lat="43.151000" lon="-4.695130"/>
      <trkpt lat="43.150920" lon="-4.695220"/>
      <trkpt lat="43.150800" lon="-4.695310"/>
      <trkpt lat="43.150580" lon="-4.695450"/>
      <trkpt lat="43.150460" lon="-4.695520"/>
      <trkpt lat="43.150200" lon="-4.695700"/>
      <trkpt lat="43.149980" lon="-4.695830"/>
      <trkpt lat="43.149720" lon="-4.696020"/>
      <trkpt lat="43.149470" lon="-4.696200"/>
      <trkpt lat="43.149320" lon="-4.696320"/>
      <trkpt lat="43.148890" lon="-4.696650"/>
      <trkpt lat="43.148740" lon="-4.696790"/>
      <trkpt lat="43.148570" lon="-4.696930"/>
      <trkpt lat="43.148080" lon="-4.697380"/>
      <trkpt lat="43.147910" lon="-4.697570"/>
      <trkpt lat="43.147790" lon="-4.697790"/>
      <trkpt lat="43.147650" lon="-4.698110"/>
      <trkpt lat="43.147570" lon="-4.698410"/>
      <trkpt lat="43.147560" lon="-4.698700"/>
      <trkpt lat="43.147560" lon="-4.699000"/>
      <trkpt lat="43.147580" lon="-4.699230"/>
      <trkpt lat="43.147620" lon="-4.699550"/>
      <trkpt lat="43.147720" lon="-4.700120"/>
      <trkpt lat="43.147790" lon="-4.700440"/>
      <trkpt lat="43.147850" lon="-4.700650"/>
      <trkpt lat="43.147920" lon="-4.700850"/>
      <trkpt lat="43.148010" lon="-4.701050"/>
      <trkpt lat="43.148030" lon="-4.701090"/>
      <trkpt lat="43.148140" lon="-4.701270"/>
      <trkpt lat="43.148300" lon="-4.701480"/>
      <trkpt lat="43.148400" lon="-4.701650"/>
      <trkpt lat="43.148510" lon="-4.701810"/>
      <trkpt lat="43.148560" lon="-4.702000"/>
      <trkpt lat="43.148580" lon="-4.702180"/>
      <trkpt lat="43.148560" lon="-4.702360"/>
      <trkpt lat="43.148500" lon="-4.702550"/>
      <trkpt lat="43.148420" lon="-4.702700"/>
      <trkpt lat="43.148240" lon="-4.702940"/>
      <trkpt lat="43.147910" lon="-4.703320"/>
      <trkpt lat="43.147680" lon="-4.703530"/>
      <trkpt lat="43.147490" lon="-4.703650"/>
      <trkpt lat="43.147320" lon="-4.703720"/>
      <trkpt lat="43.147230" lon="-4.703740"/>
      <trkpt lat="43.147120" lon="-4.703750"/>
      <trkpt lat="43.146910" lon="-4.703740"/>
      <trkpt lat="43.146620" lon="-4.703690"/>
      <trkpt lat="43.146400" lon="-4.703690"/>
      <trkpt lat="43.146160" lon="-4.703720"/>
      <trkpt lat="43.145930" lon="-4.703760"/>
      <trkpt lat="43.145660" lon="-4.703770"/>
      <trkpt lat="43.145460" lon="-4.703760"/>
      <trkpt lat="43.145130" lon="-4.703780"/>
      <trkpt lat="43.144860" lon="-4.703820"/>
      <trkpt lat="43.144590" lon="-4.703850"/>
      <trkpt lat="43.144400" lon="-4.703820"/>
      <trkpt lat="43.144170" lon="-4.703770"/>
      <trkpt lat="43.144070" lon="-4.703760"/>
      <trkpt lat="43.143970" lon="-4.703770"/>
      <trkpt lat="43.143850" lon="-4.703800"/>
      <trkpt lat="43.143710" lon="-4.703910"/>
      <trkpt lat="43.143580" lon="-4.704040"/>
      <trkpt lat="43.143420" lon="-4.704230"/>
      <trkpt lat="43.143270" lon="-4.704520"/>
      <trkpt lat="43.143200" lon="-4.704690"/>
      <trkpt lat="43.143150" lon="-4.704900"/>
      <trkpt lat="43.143070" lon="-4.705630"/>
      <trkpt lat="43.143050" lon="-4.706060"/>
      <trkpt lat="43.143030" lon="-4.706490"/>
      <trkpt lat="43.143060" lon="-4.706790"/>
      <trkpt lat="43.143090" lon="-4.706980"/>
      <trkpt lat="43.143110" lon="-4.707180"/>
      <trkpt lat="43.143080" lon="-4.707420"/>
      <trkpt lat="43.143040" lon="-4.707740"/>
      <trkpt lat="43.142980" lon="-4.708090"/>
      <trkpt lat="43.142970" lon="-4.708270"/>
      <trkpt lat="43.142980" lon="-4.708400"/>
      <trkpt lat="43.143020" lon="-4.708610"/>
      <trkpt lat="43.143040" lon="-4.708800"/>
      <trkpt lat="43.143060" lon="-4.708990"/>
      <trkpt lat="43.143070" lon="-4.709140"/>
      <trkpt lat="43.143050" lon="-4.709340"/>
      <trkpt lat="43.142970" lon="-4.709550"/>
      <trkpt lat="43.142820" lon="-4.709780"/>
      <trkpt lat="43.142360" lon="-4.710360"/>
      <trkpt lat="43.142080" lon="-4.710700"/>
      <trkpt lat="43.142000" lon="-4.710780"/>
      <trkpt lat="43.141900" lon="-4.710900"/>
      <trkpt lat="43.141750" lon="-4.711030"/>
      <trkpt lat="43.141600" lon="-4.711090"/>
      <trkpt lat="43.141480" lon="-4.711140"/>
      <trkpt lat="43.141380" lon="-4.711160"/>
      <trkpt lat="43.141320" lon="-4.711180"/>
      <trkpt lat="43.141020" lon="-4.711220"/>
      <trkpt lat="43.140760" lon="-4.711330"/>
      <trkpt lat="43.140510" lon="-4.711450"/>
      <trkpt lat="43.140390" lon="-4.711520"/>
      <trkpt lat="43.140170" lon="-4.711550"/>
      <trkpt lat="43.139880" lon="-4.711610"/>
      <trkpt lat="43.139320" lon="-4.711880"/>
      <trkpt lat="43.139140" lon="-4.711980"/>
      <trkpt lat="43.138950" lon="-4.712030"/>
      <trkpt lat="43.138800" lon="-4.712030"/>
      <trkpt lat="43.138660" lon="-4.712010"/>
      <trkpt lat="43.138550" lon="-4.711950"/>
      <trkpt lat="43.138530" lon="-4.711940"/>
      <trkpt lat="43.138300" lon="-4.711790"/>
      <trkpt lat="43.138250" lon="-4.711760"/>
      <trkpt lat="43.138230" lon="-4.711750"/>
      <trkpt lat="43.138150" lon="-4.711730"/>
      <trkpt lat="43.138050" lon="-4.711710"/>
      <trkpt lat="43.137900" lon="-4.711710"/>
      <trkpt lat="43.137480" lon="-4.711850"/>
      <trkpt lat="43.137260" lon="-4.711940"/>
      <trkpt lat="43.137070" lon="-4.712020"/>
      <trkpt lat="43.136890" lon="-4.712130"/>
      <trkpt lat="43.136690" lon="-4.712290"/>
      <trkpt lat="43.136560" lon="-4.712460"/>
      <trkpt lat="43.136410" lon="-4.712680"/>
      <trkpt lat="43.136290" lon="-4.712920"/>
      <trkpt lat="43.136080" lon="-4.713340"/>
      <trkpt lat="43.135730" lon="-4.714040"/>
      <trkpt lat="43.135510" lon="-4.714520"/>
      <trkpt lat="43.135290" lon="-4.714970"/>
      <trkpt lat="43.135220" lon="-4.715100"/>
      <trkpt lat="43.135080" lon="-4.715400"/>
      <trkpt lat="43.134880" lon="-4.715790"/>
      <trkpt lat="43.134790" lon="-4.715890"/>
      <trkpt lat="43.134670" lon="-4.715980"/>
      <trkpt lat="43.134460" lon="-4.716070"/>
      <trkpt lat="43.134400" lon="-4.716090"/>
      <trkpt lat="43.133870" lon="-4.716220"/>
      <trkpt lat="43.133730" lon="-4.716270"/>
      <trkpt lat="43.133470" lon="-4.716390"/>
      <trkpt lat="43.133320" lon="-4.716450"/>
      <trkpt lat="43.133090" lon="-4.716590"/>
      <trkpt lat="43.132940" lon="-4.716730"/>
      <trkpt lat="43.132820" lon="-4.716880"/>
      <trkpt lat="43.132700" lon="-4.717060"/>
      <trkpt lat="43.132620" lon="-4.717220"/>
      <trkpt lat="43.132530" lon="-4.717420"/>
      <trkpt lat="43.132490" lon="-4.717660"/>
      <trkpt lat="43.132470" lon="-4.717890"/>
      <trkpt lat="43.132460" lon="-4.718070"/>
      <trkpt lat="43.132470" lon="-4.718250"/>
      <trkpt lat="43.132490" lon="-4.718490"/>
      <trkpt lat="43.132590" lon="-4.718870"/>
      <trkpt lat="43.132700" lon="-4.719140"/>
      <trkpt lat="43.132800" lon="-4.719370"/>
      <trkpt lat="43.132870" lon="-4.719610"/>
      <trkpt lat="43.132910" lon="-4.719900"/>
      <trkpt lat="43.132900" lon="-4.720130"/>
      <trkpt lat="43.132860" lon="-4.720400"/>
      <trkpt lat="43.132790" lon="-4.720850"/>
      <trkpt lat="43.132750" lon="-4.721110"/>
      <trkpt lat="43.132740" lon="-4.721350"/>
      <trkpt lat="43.132750" lon="-4.721530"/>
      <trkpt lat="43.132790" lon="-4.721720"/>
      <trkpt lat="43.132920" lon="-4.722200"/>
      <trkpt lat="43.132950" lon="-4.722390"/>
      <trkpt lat="43.132950" lon="-4.722570"/>
      <trkpt lat="43.132910" lon="-4.722790"/>
      <trkpt lat="43.132840" lon="-4.722980"/>
      <trkpt lat="43.132740" lon="-4.723130"/>
      <trkpt lat="43.132520" lon="-4.723350"/>
      <trkpt lat="43.132140" lon="-4.723640"/>
      <trkpt lat="43.131570" lon="-4.724110"/>
      <trkpt lat="43.131400" lon="-4.724250"/>
      <trkpt lat="43.131130" lon="-4.724470"/>
      <trkpt lat="43.130870" lon="-4.724690"/>
      <trkpt lat="43.130520" lon="-4.725000"/>
      <trkpt lat="43.130300" lon="-4.725220"/>
      <trkpt lat="43.130070" lon="-4.725490"/>
      <trkpt lat="43.129590" lon="-4.726040"/>
      <trkpt lat="43.128960" lon="-4.726770"/>
      <trkpt lat="43.128840" lon="-4.726900"/>
      <trkpt lat="43.128720" lon="-4.727000"/>
      <trkpt lat="43.128700" lon="-4.727010"/>
      <trkpt lat="43.128600" lon="-4.727080"/>
      <trkpt lat="43.128470" lon="-4.727140"/>
      <trkpt lat="43.128270" lon="-4.727190"/>
      <trkpt lat="43.127790" lon="-4.727190"/>
      <trkpt lat="43.127520" lon="-4.727150"/>
      <trkpt lat="43.126950" lon="-4.727130"/>
      <trkpt lat="43.126760" lon="-4.727140"/>
      <trkpt lat="43.126670" lon="-4.727170"/>
      <trkpt lat="43.126550" lon="-4.727230"/>
      <trkpt lat="43.126440" lon="-4.727320"/>
      <trkpt lat="43.126330" lon="-4.727470"/>
      <trkpt lat="43.126260" lon="-4.727620"/>
      <trkpt lat="43.126190" lon="-4.727870"/>
      <trkpt lat="43.126050" lon="-4.728550"/>
      <trkpt lat="43.125930" lon="-4.728950"/>
      <trkpt lat="43.125850" lon="-4.729170"/>
      <trkpt lat="43.125740" lon="-4.729370"/>
      <trkpt lat="43.125570" lon="-4.729660"/>
      <trkpt lat="43.125450" lon="-4.729830"/>
      <trkpt lat="43.125270" lon="-4.730040"/>
      <trkpt lat="43.125050" lon="-4.730270"/>
      <trkpt lat="43.124820" lon="-4.730470"/>
      <trkpt lat="43.124460" lon="-4.730730"/>
      <trkpt lat="43.124190" lon="-4.730860"/>
      <trkpt lat="43.123930" lon="-4.730980"/>
      <trkpt lat="43.123680" lon="-4.731060"/>
      <trkpt lat="43.123430" lon="-4.731110"/>
      <trkpt lat="43.123200" lon="-4.731140"/>
      <trkpt lat="43.122920" lon="-4.731150"/>
      <trkpt lat="43.122660" lon="-4.731150"/>
      <trkpt lat="43.122390" lon="-4.731110"/>
      <trkpt lat="43.122180" lon="-4.731060"/>
      <trkpt lat="43.121960" lon="-4.730980"/>
      <trkpt lat="43.121760" lon="-4.730900"/>
      <trkpt lat="43.121520" lon="-4.730790"/>
      <trkpt lat="43.121340" lon="-4.730680"/>
      <trkpt lat="43.121160" lon="-4.730570"/>
      <trkpt lat="43.120710" lon="-4.730190"/>
      <trkpt lat="43.120290" lon="-4.729830"/>
      <trkpt lat="43.119990" lon="-4.729590"/>
      <trkpt lat="43.119760" lon="-4.729440"/>
      <trkpt lat="43.119410" lon="-4.729260"/>
      <trkpt lat="43.119090" lon="-4.729150"/>
      <trkpt lat="43.118960" lon="-4.729100"/>
      <trkpt lat="43.118680" lon="-4.729060"/>
      <trkpt lat="43.118410" lon="-4.729030"/>
      <trkpt lat="43.118130" lon="-4.729050"/>
      <trkpt lat="43.117940" lon="-4.729070"/>
      <trkpt lat="43.117720" lon="-4.729110"/>
      <trkpt lat="43.117520" lon="-4.729160"/>
      <trkpt lat="43.117040" lon="-4.729300"/>
      <trkpt lat="43.116780" lon="-4.729350"/>
      <trkpt lat="43.116510" lon="-4.729380"/>
      <trkpt lat="43.116330" lon="-4.729370"/>
      <trkpt lat="43.116240" lon="-4.729380"/>
      <trkpt lat="43.115970" lon="-4.729340"/>
      <trkpt lat="43.115820" lon="-4.729320"/>
      <trkpt lat="43.115700" lon="-4.729290"/>
      <trkpt lat="43.115120" lon="-4.729160"/>
      <trkpt lat="43.114650" lon="-4.729060"/>
      <trkpt lat="43.114540" lon="-4.729030"/>
      <trkpt lat="43.114480" lon="-4.729010"/>
      <trkpt lat="43.114080" lon="-4.728850"/>
      <trkpt lat="43.113660" lon="-4.728680"/>
      <trkpt lat="43.113560" lon="-4.728640"/>
      <trkpt lat="43.113490" lon="-4.728610"/>
      <trkpt lat="43.113200" lon="-4.728460"/>
      <trkpt lat="43.113090" lon="-4.728400"/>
      <trkpt lat="43.112980" lon="-4.728340"/>
      <trkpt lat="43.112840" lon="-4.728270"/>
      <trkpt lat="43.112560" lon="-4.728130"/>
      <trkpt lat="43.112440" lon="-4.728130"/>
      <trkpt lat="43.112330" lon="-4.728140"/>
      <trkpt lat="43.112280" lon="-4.728150"/>
      <trkpt lat="43.112140" lon="-4.728190"/>
      <trkpt lat="43.111980" lon="-4.728250"/>
      <trkpt lat="43.111880" lon="-4.728280"/>
      <trkpt lat="43.111540" lon="-4.728380"/>
      <trkpt lat="43.111190" lon="-4.728590"/>
      <trkpt lat="43.110850" lon="-4.728920"/>
      <trkpt lat="43.110600" lon="-4.729210"/>
      <trkpt lat="43.110400" lon="-4.729440"/>
      <trkpt lat="43.110250" lon="-4.729610"/>
      <trkpt lat="43.110130" lon="-4.729730"/>
      <trkpt lat="43.109970" lon="-4.729960"/>
      <trkpt lat="43.109910" lon="-4.730080"/>
      <trkpt lat="43.109840" lon="-4.730230"/>
      <trkpt lat="43.109800" lon="-4.730440"/>
      <trkpt lat="43.109750" lon="-4.730820"/>
      <trkpt lat="43.109670" lon="-4.731880"/>
      <trkpt lat="43.109620" lon="-4.732490"/>
      <trkpt lat="43.109580" lon="-4.732990"/>
      <trkpt lat="43.109570" lon="-4.733330"/>
      <trkpt lat="43.109560" lon="-4.733750"/>
      <trkpt lat="43.109570" lon="-4.734830"/>
      <trkpt lat="43.109580" lon="-4.735480"/>
      <trkpt lat="43.109600" lon="-4.735770"/>
      <trkpt lat="43.109680" lon="-4.735980"/>
      <trkpt lat="43.109800" lon="-4.736150"/>
      <trkpt lat="43.110000" lon="-4.736360"/>
      <trkpt lat="43.110210" lon="-4.736550"/>
      <trkpt lat="43.110260" lon="-4.736610"/>
      <trkpt lat="43.110340" lon="-4.736740"/>
      <trkpt lat="43.110380" lon="-4.736820"/>
      <trkpt lat="43.110420" lon="-4.736930"/>
      <trkpt lat="43.110440" lon="-4.737040"/>
      <trkpt lat="43.110460" lon="-4.737410"/>
      <trkpt lat="43.110500" lon="-4.738030"/>
      <trkpt lat="43.110500" lon="-4.738580"/>
      <trkpt lat="43.110480" lon="-4.738940"/>
      <trkpt lat="43.110410" lon="-4.739300"/>
      <trkpt lat="43.110200" lon="-4.739800"/>
      <trkpt lat="43.110160" lon="-4.739960"/>
      <trkpt lat="43.110090" lon="-4.740520"/>
      <trkpt lat="43.110060" lon="-4.741080"/>
      <trkpt lat="43.110060" lon="-4.741560"/>
      <trkpt lat="43.110090" lon="-4.741720"/>
      <trkpt lat="43.110190" lon="-4.742080"/>
      <trkpt lat="43.110490" lon="-4.742720"/>
      <trkpt lat="43.110650" lon="-4.743020"/>
      <trkpt lat="43.110710" lon="-4.743190"/>
      <trkpt lat="43.110840" lon="-4.743720"/>
      <trkpt lat="43.111110" lon="-4.744970"/>
      <trkpt lat="43.111290" lon="-4.745680"/>
      <trkpt lat="43.111360" lon="-4.745840"/>
      <trkpt lat="43.111530" lon="-4.746120"/>
      <trkpt lat="43.111830" lon="-4.746520"/>
      <trkpt lat="43.111900" lon="-4.746670"/>
      <trkpt lat="43.111960" lon="-4.746840"/>
      <trkpt lat="43.112030" lon="-4.747200"/>
      <trkpt lat="43.112040" lon="-4.747570"/>
      <trkpt lat="43.112030" lon="-4.747760"/>
      <trkpt lat="43.111990" lon="-4.747930"/>
      <trkpt lat="43.111960" lon="-4.748010"/>
      <trkpt lat="43.111890" lon="-4.748120"/>
      <trkpt lat="43.111800" lon="-4.748250"/>
      <trkpt lat="43.111690" lon="-4.748380"/>
      <trkpt lat="43.111470" lon="-4.748590"/>
      <trkpt lat="43.111270" lon="-4.748840"/>
      <trkpt lat="43.111180" lon="-4.749000"/>
      <trkpt lat="43.111110" lon="-4.749160"/>
      <trkpt lat="43.111060" lon="-4.749390"/>
      <trkpt lat="43.111030" lon="-4.749740"/>
      <trkpt lat="43.111050" lon="-4.749940"/>
      <trkpt lat="43.111080" lon="-4.750110"/>
      <trkpt lat="43.111180" lon="-4.750450"/>
      <trkpt lat="43.111460" lon="-4.751100"/>
      <trkpt lat="43.111550" lon="-4.751450"/>
      <trkpt lat="43.111640" lon="-4.752000"/>
      <trkpt lat="43.111800" lon="-4.753490"/>
      <trkpt lat="43.111820" lon="-4.754050"/>
      <trkpt lat="43.111790" lon="-4.754230"/>
      <trkpt lat="43.111750" lon="-4.754400"/>
      <trkpt lat="43.111360" lon="-4.755170"/>
      <trkpt lat="43.111270" lon="-4.755310"/>
      <trkpt lat="43.111170" lon="-4.755480"/>
      <trkpt lat="43.111110" lon="-4.755610"/>
      <trkpt lat="43.111060" lon="-4.755780"/>
      <trkpt lat="43.111050" lon="-4.755930"/>
      <trkpt lat="43.111050" lon="-4.756110"/>
      <trkpt lat="43.111100" lon="-4.756310"/>
      <trkpt lat="43.111160" lon="-4.756460"/>
      <trkpt lat="43.111260" lon="-4.756630"/>
      <trkpt lat="43.111400" lon="-4.756920"/>
      <trkpt lat="43.111450" lon="-4.757150"/>
      <trkpt lat="43.111450" lon="-4.757420"/>
      <trkpt lat="43.111320" lon="-4.757950"/>
      <trkpt lat="43.111310" lon="-4.758150"/>
      <trkpt lat="43.111340" lon="-4.758360"/>
      <trkpt lat="43.111400" lon="-4.758530"/>
      <trkpt lat="43.111480" lon="-4.758660"/>
      <trkpt lat="43.111610" lon="-4.758760"/>
      <trkpt lat="43.112060" lon="-4.758980"/>
      <trkpt lat="43.112190" lon="-4.759110"/>
      <trkpt lat="43.112290" lon="-4.759280"/>
      <trkpt lat="43.112360" lon="-4.759520"/>
      <trkpt lat="43.112360" lon="-4.759760"/>
      <trkpt lat="43.112330" lon="-4.760160"/>
      <trkpt lat="43.112310" lon="-4.760620"/>
      <trkpt lat="43.112340" lon="-4.760850"/>
      <trkpt lat="43.112430" lon="-4.761200"/>
      <trkpt lat="43.112540" lon="-4.761500"/>
      <trkpt lat="43.112580" lon="-4.761620"/>
      <trkpt lat="43.112600" lon="-4.761780"/>
      <trkpt lat="43.112610" lon="-4.762120"/>
      <trkpt lat="43.112600" lon="-4.762520"/>
      <trkpt lat="43.112640" lon="-4.762990"/>
      <trkpt lat="43.112720" lon="-4.763430"/>
      <trkpt lat="43.112870" lon="-4.763830"/>
      <trkpt lat="43.113160" lon="-4.764380"/>
      <trkpt lat="43.113400" lon="-4.764800"/>
      <trkpt lat="43.113660" lon="-4.765250"/>
      <trkpt lat="43.113850" lon="-4.765590"/>
      <trkpt lat="43.114040" lon="-4.765980"/>
      <trkpt lat="43.114160" lon="-4.766390"/>
      <trkpt lat="43.114220" lon="-4.766780"/>
      <trkpt lat="43.114240" lon="-4.767120"/>
      <trkpt lat="43.114240" lon="-4.767490"/>
      <trkpt lat="43.114230" lon="-4.767760"/>
      <trkpt lat="43.114220" lon="-4.767900"/>
      <trkpt lat="43.114210" lon="-4.768040"/>
      <trkpt lat="43.114200" lon="-4.768270"/>
      <trkpt lat="43.114190" lon="-4.768860"/>
      <trkpt lat="43.114220" lon="-4.769170"/>
      <trkpt lat="43.114290" lon="-4.769440"/>
      <trkpt lat="43.114310" lon="-4.769600"/>
      <trkpt lat="43.114320" lon="-4.769770"/>
      <trkpt lat="43.114290" lon="-4.770120"/>
      <trkpt lat="43.114270" lon="-4.770440"/>
      <trkpt lat="43.114240" lon="-4.770900"/>
      <trkpt lat="43.114240" lon="-4.771130"/>
      <trkpt lat="43.114280" lon="-4.771350"/>
      <trkpt lat="43.114500" lon="-4.771970"/>
      <trkpt lat="43.114690" lon="-4.772310"/>
      <trkpt lat="43.114930" lon="-4.772660"/>
      <trkpt lat="43.115110" lon="-4.772880"/>
      <trkpt lat="43.115390" lon="-4.773200"/>
      <trkpt lat="43.115730" lon="-4.773530"/>
      <trkpt lat="43.116090" lon="-4.773840"/>
      <trkpt lat="43.116380" lon="-4.774030"/>
      <trkpt lat="43.116610" lon="-4.774240"/>
      <trkpt lat="43.116700" lon="-4.774370"/>
      <trkpt lat="43.116830" lon="-4.774700"/>
      <trkpt lat="43.116930" lon="-4.775230"/>
      <trkpt lat="43.117050" lon="-4.775590"/>
      <trkpt lat="43.117120" lon="-4.775730"/>
      <trkpt lat="43.117220" lon="-4.775870"/>
      <trkpt lat="43.117330" lon="-4.775980"/>
      <trkpt lat="43.117450" lon="-4.776070"/>
      <trkpt lat="43.117710" lon="-4.776170"/>
      <trkpt lat="43.117930" lon="-4.776250"/>
      <trkpt lat="43.118080" lon="-4.776360"/>
      <trkpt lat="43.118200" lon="-4.776480"/>
      <trkpt lat="43.118430" lon="-4.776800"/>
      <trkpt lat="43.118570" lon="-4.776970"/>
      <trkpt lat="43.118720" lon="-4.777100"/>
      <trkpt lat="43.118840" lon="-4.777140"/>
      <trkpt lat="43.119000" lon="-4.777190"/>
      <trkpt lat="43.119240" lon="-4.777250"/>
      <trkpt lat="43.119380" lon="-4.777340"/>
      <trkpt lat="43.119500" lon="-4.777420"/>
      <trkpt lat="43.119710" lon="-4.777660"/>
      <trkpt lat="43.119860" lon="-4.777970"/>
      <trkpt lat="43.119950" lon="-4.778120"/>
      <trkpt lat="43.120060" lon="-4.778230"/>
      <trkpt lat="43.120360" lon="-4.778430"/>
      <trkpt lat="43.120590" lon="-4.778580"/>
      <trkpt lat="43.120710" lon="-4.778730"/>
      <trkpt lat="43.120850" lon="-4.778950"/>
      <trkpt lat="43.120920" lon="-4.779150"/>
      <trkpt lat="43.121020" lon="-4.779460"/>
      <trkpt lat="43.121140" lon="-4.779740"/>
      <trkpt lat="43.121160" lon="-4.779790"/>
      <trkpt lat="43.121240" lon="-4.779940"/>
      <trkpt lat="43.121340" lon="-4.780070"/>
      <trkpt lat="43.121550" lon="-4.780290"/>
      <trkpt lat="43.122180" lon="-4.780850"/>
      <trkpt lat="43.122340" lon="-4.780960"/>
      <trkpt lat="43.122570" lon="-4.781050"/>
      <trkpt lat="43.123110" lon="-4.781250"/>
      <trkpt lat="43.123230" lon="-4.781300"/>
      <trkpt lat="43.123460" lon="-4.781440"/>
      <trkpt lat="43.123630" lon="-4.781610"/>
      <trkpt lat="43.123800" lon="-4.781780"/>
      <trkpt lat="43.124020" lon="-4.782020"/>
      <trkpt lat="43.124250" lon="-4.782230"/>
      <trkpt lat="43.124690" lon="-4.782520"/>
      <trkpt lat="43.124800" lon="-4.782600"/>
      <trkpt lat="43.125070" lon="-4.782780"/>
      <trkpt lat="43.125790" lon="-4.783250"/>
      <trkpt lat="43.125860" lon="-4.783290"/>
      <trkpt lat="43.126020" lon="-4.783400"/>
      <trkpt lat="43.126220" lon="-4.783590"/>
      <trkpt lat="43.126360" lon="-4.783740"/>
      <trkpt lat="43.126490" lon="-4.783940"/>
      <trkpt lat="43.126720" lon="-4.784270"/>
      <trkpt lat="43.127060" lon="-4.784850"/>
      <trkpt lat="43.127180" lon="-4.785100"/>
      <trkpt lat="43.127270" lon="-4.785270"/>
      <trkpt lat="43.127420" lon="-4.785580"/>
      <trkpt lat="43.127480" lon="-4.785690"/>
      <trkpt lat="43.127560" lon="-4.785860"/>
      <trkpt lat="43.127590" lon="-4.785930"/>
      <trkpt lat="43.127630" lon="-4.785980"/>
      <trkpt lat="43.127700" lon="-4.786050"/>
      <trkpt lat="43.127750" lon="-4.786090"/>
      <trkpt lat="43.127790" lon="-4.786120"/>
      <trkpt lat="43.127900" lon="-4.786180"/>
      <trkpt lat="43.127960" lon="-4.786220"/>
      <trkpt lat="43.128030" lon="-4.786270"/>
      <trkpt lat="43.128080" lon="-4.786310"/>
      <trkpt lat="43.128140" lon="-4.786370"/>
      <trkpt lat="43.128210" lon="-4.786510"/>
      <trkpt lat="43.128230" lon="-4.786560"/>
      <trkpt lat="43.128280" lon="-4.786740"/>
      <trkpt lat="43.128310" lon="-4.786910"/>
      <trkpt lat="43.128370" lon="-4.787170"/>
      <trkpt lat="43.128420" lon="-4.787340"/>
      <trkpt lat="43.128450" lon="-4.787450"/>
      <trkpt lat="43.128490" lon="-4.787580"/>
      <trkpt lat="43.128560" lon="-4.787790"/>
      <trkpt lat="43.128710" lon="-4.788270"/>
      <trkpt lat="43.128720" lon="-4.788350"/>
      <trkpt lat="43.128800" lon="-4.788730"/>
      <trkpt lat="43.128890" lon="-4.789180"/>
      <trkpt lat="43.128930" lon="-4.789500"/>
      <trkpt lat="43.128950" lon="-4.789760"/>
      <trkpt lat="43.128950" lon="-4.790100"/>
      <trkpt lat="43.128920" lon="-4.790750"/>
      <trkpt lat="43.128880" lon="-4.791120"/>
      <trkpt lat="43.128840" lon="-4.791630"/>
      <trkpt lat="43.128790" lon="-4.792130"/>
      <trkpt lat="43.128750" lon="-4.792670"/>
      <trkpt lat="43.128710" lon="-4.793090"/>
      <trkpt lat="43.128700" lon="-4.793290"/>
      <trkpt lat="43.128710" lon="-4.793480"/>
      <trkpt lat="43.128750" lon="-4.793670"/>
      <trkpt lat="43.128810" lon="-4.793830"/>
      <trkpt lat="43.128940" lon="-4.794090"/>
      <trkpt lat="43.129330" lon="-4.794930"/>
      <trkpt lat="43.129820" lon="-4.795690"/>
      <trkpt lat="43.129950" lon="-4.795890"/>
      <trkpt lat="43.130090" lon="-4.796280"/>
      <trkpt lat="43.130200" lon="-4.797040"/>
      <trkpt lat="43.130320" lon="-4.797710"/>
      <trkpt lat="43.130360" lon="-4.798050"/>
      <trkpt lat="43.130740" lon="-4.800030"/>
      <trkpt lat="43.130790" lon="-4.800370"/>
      <trkpt lat="43.130820" lon="-4.800710"/>
      <trkpt lat="43.130810" lon="-4.801050"/>
      <trkpt lat="43.130730" lon="-4.801380"/>
      <trkpt lat="43.130560" lon="-4.802030"/>
      <trkpt lat="43.130510" lon="-4.802360"/>
      <trkpt lat="43.130500" lon="-4.802680"/>
      <trkpt lat="43.130480" lon="-4.802880"/>
      <trkpt lat="43.130470" lon="-4.803390"/>
      <trkpt lat="43.130400" lon="-4.804370"/>
      <trkpt lat="43.130390" lon="-4.804680"/>
      <trkpt lat="43.130410" lon="-4.804990"/>
      <trkpt lat="43.130470" lon="-4.805360"/>
      <trkpt lat="43.130530" lon="-4.805730"/>
      <trkpt lat="43.130620" lon="-4.806020"/>
      <trkpt lat="43.130860" lon="-4.806640"/>
      <trkpt lat="43.130940" lon="-4.806830"/>
      <trkpt lat="43.131100" lon="-4.807270"/>
      <trkpt lat="43.131240" lon="-4.807530"/>
      <trkpt lat="43.131410" lon="-4.807800"/>
      <trkpt lat="43.131760" lon="-4.808240"/>
      <trkpt lat="43.132420" lon="-4.808730"/>
      <trkpt lat="43.132920" lon="-4.809180"/>
      <trkpt lat="43.133220" lon="-4.809480"/>
      <trkpt lat="43.133440" lon="-4.809690"/>
      <trkpt lat="43.133770" lon="-4.809970"/>
      <trkpt lat="43.134470" lon="-4.810620"/>
      <trkpt lat="43.134680" lon="-4.810850"/>
      <trkpt lat="43.134940" lon="-4.811060"/>
      <trkpt lat="43.135100" lon="-4.811090"/>
      <trkpt lat="43.135220" lon="-4.811070"/>
      <trkpt lat="43.135340" lon="-4.811030"/>
      <trkpt lat="43.135600" lon="-4.810850"/>
      <trkpt lat="43.135790" lon="-4.810710"/>
      <trkpt lat="43.135980" lon="-4.810600"/>
      <trkpt lat="43.136040" lon="-4.810580"/>
      <trkpt lat="43.136110" lon="-4.810580"/>
      <trkpt lat="43.136230" lon="-4.810590"/>
      <trkpt lat="43.136480" lon="-4.810650"/>
      <trkpt lat="43.136720" lon="-4.810690"/>
      <trkpt lat="43.137460" lon="-4.810870"/>
      <trkpt lat="43.137730" lon="-4.810930"/>
      <trkpt lat="43.137840" lon="-4.810930"/>
      <trkpt lat="43.137940" lon="-4.810890"/>
      <trkpt lat="43.138110" lon="-4.810770"/>
      <trkpt lat="43.138300" lon="-4.810530"/>
      <trkpt lat="43.138560" lon="-4.810210"/>
      <trkpt lat="43.138690" lon="-4.810070"/>
      <trkpt lat="43.138880" lon="-4.809870"/>
      <trkpt lat="43.139080" lon="-4.809720"/>
      <trkpt lat="43.139380" lon="-4.809630"/>
      <trkpt lat="43.139600" lon="-4.809570"/>
      <trkpt lat="43.139890" lon="-4.809530"/>
      <trkpt lat="43.140080" lon="-4.809510"/>
      <trkpt lat="43.140290" lon="-4.809580"/>
      <trkpt lat="43.140770" lon="-4.809830"/>
      <trkpt lat="43.141250" lon="-4.810030"/>
      <trkpt lat="43.141380" lon="-4.810060"/>
      <trkpt lat="43.141510" lon="-4.810070"/>
      <trkpt lat="43.141770" lon="-4.810050"/>
      <trkpt lat="43.142270" lon="-4.810010"/>
      <trkpt lat="43.142520" lon="-4.810060"/>
      <trkpt lat="43.142760" lon="-4.810150"/>
      <trkpt lat="43.143460" lon="-4.810510"/>
      <trkpt lat="43.143620" lon="-4.810590"/>
      <trkpt lat="43.143810" lon="-4.810690"/>
      <trkpt lat="43.143890" lon="-4.810730"/>
      <trkpt lat="43.144040" lon="-4.810830"/>
      <trkpt lat="43.144120" lon="-4.810940"/>
      <trkpt lat="43.144190" lon="-4.811080"/>
      <trkpt lat="43.144250" lon="-4.811270"/>
      <trkpt lat="43.144280" lon="-4.811510"/>
      <trkpt lat="43.144290" lon="-4.811600"/>
      <trkpt lat="43.144330" lon="-4.811860"/>
      <trkpt lat="43.144360" lon="-4.812060"/>
      <trkpt lat="43.144390" lon="-4.812370"/>
      <trkpt lat="43.144400" lon="-4.812530"/>
      <trkpt lat="43.144400" lon="-4.812610"/>
      <trkpt lat="43.144390" lon="-4.812710"/>
      <trkpt lat="43.144380" lon="-4.812820"/>
      <trkpt lat="43.144380" lon="-4.812850"/>
      <trkpt lat="43.144370" lon="-4.812880"/>
      <trkpt lat="43.144360" lon="-4.812910"/>
      <trkpt lat="43.144320" lon="-4.813130"/>
      <trkpt lat="43.144280" lon="-4.813250"/>
      <trkpt lat="43.144210" lon="-4.813340"/>
      <trkpt lat="43.144180" lon="-4.813370"/>
      <trkpt lat="43.144090" lon="-4.813440"/>
      <trkpt lat="43.143970" lon="-4.813450"/>
      <trkpt lat="43.143890" lon="-4.813430"/>
      <trkpt lat="43.143850" lon="-4.813410"/>
      <trkpt lat="43.143800" lon="-4.813370"/>
      <trkpt lat="43.143720" lon="-4.813260"/>
      <trkpt lat="43.143680" lon="-4.813180"/>
      <trkpt lat="43.143620" lon="-4.813040"/>
      <trkpt lat="43.143580" lon="-4.812930"/>
      <trkpt lat="43.143540" lon="-4.812850"/>
      <trkpt lat="43.143460" lon="-4.812770"/>
      <trkpt lat="43.143390" lon="-4.812720"/>
      <trkpt lat="43.143300" lon="-4.812670"/>
      <trkpt lat="43.143110" lon="-4.812610"/>
      <trkpt lat="43.143090" lon="-4.812600"/>
      <trkpt lat="43.143050" lon="-4.812590"/>
      <trkpt lat="43.142970" lon="-4.812580"/>
      <trkpt lat="43.142920" lon="-4.812560"/>
      <trkpt lat="43.142910" lon="-4.812500"/>
      <trkpt lat="43.142930" lon="-4.812440"/>
      <trkpt lat="43.142960" lon="-4.812420"/>
      <trkpt lat="43.142990" lon="-4.812420"/>
      <trkpt lat="43.143020" lon="-4.812440"/>
      <trkpt lat="43.143060" lon="-4.812470"/>
      <trkpt lat="43.143100" lon="-4.812520"/>
      <trkpt lat="43.143110" lon="-4.812540"/>
      <trkpt lat="43.143420" lon="-4.812640"/>
      <trkpt lat="43.143550" lon="-4.812760"/>
      <trkpt lat="43.143650" lon="-4.812900"/>
      <trkpt lat="43.143730" lon="-4.813130"/>
      <trkpt lat="43.143800" lon="-4.813240"/>
      <trkpt lat="43.143850" lon="-4.813300"/>
      <trkpt lat="43.143890" lon="-4.813320"/>
      <trkpt lat="43.143960" lon="-4.813350"/>
      <trkpt lat="43.144030" lon="-4.813340"/>
      <trkpt lat="43.144070" lon="-4.813330"/>
      <trkpt lat="43.144170" lon="-4.813270"/>
      <trkpt lat="43.144220" lon="-4.813200"/>
      <trkpt lat="43.144250" lon="-4.813110"/>
      <trkpt lat="43.144270" lon="-4.813000"/>
      <trkpt lat="43.144270" lon="-4.812920"/>
      <trkpt lat="43.144260" lon="-4.812890"/>
      <trkpt lat="43.144250" lon="-4.812860"/>
      <trkpt lat="43.144250" lon="-4.812830"/>
      <trkpt lat="43.144260" lon="-4.812790"/>
      <trkpt lat="43.144270" lon="-4.812770"/>
      <trkpt lat="43.144300" lon="-4.812750"/>
      <trkpt lat="43.144320" lon="-4.812750"/>
      <trkpt lat="43.144340" lon="-4.812760"/>
      <trkpt lat="43.144400" lon="-4.812610"/>
      <trkpt lat="43.144400" lon="-4.812530"/>
      <trkpt lat="43.144390" lon="-4.812370"/>
      <trkpt lat="43.144360" lon="-4.812060"/>
      <trkpt lat="43.144330" lon="-4.811860"/>
      <trkpt lat="43.144290" lon="-4.811600"/>
      <trkpt lat="43.144280" lon="-4.811510"/>
      <trkpt lat="43.144250" lon="-4.811270"/>
      <trkpt lat="43.144190" lon="-4.811080"/>
      <trkpt lat="43.144120" lon="-4.810940"/>
      <trkpt lat="43.144040" lon="-4.810830"/>
      <trkpt lat="43.143890" lon="-4.810730"/>
      <trkpt lat="43.143810" lon="-4.810690"/>
      <trkpt lat="43.143620" lon="-4.810590"/>
      <trkpt lat="43.143460" lon="-4.810510"/>
      <trkpt lat="43.142760" lon="-4.810150"/>
      <trkpt lat="43.142520" lon="-4.810060"/>
      <trkpt lat="43.142270" lon="-4.810010"/>
      <trkpt lat="43.141770" lon="-4.810050"/>
      <trkpt lat="43.141510" lon="-4.810070"/>
      <trkpt lat="43.141380" lon="-4.810060"/>
      <trkpt lat="43.141250" lon="-4.810030"/>
      <trkpt lat="43.140770" lon="-4.809830"/>
      <trkpt lat="43.140290" lon="-4.809580"/>
      <trkpt lat="43.140080" lon="-4.809510"/>
      <trkpt lat="43.139890" lon="-4.809530"/>
      <trkpt lat="43.139600" lon="-4.809570"/>
      <trkpt lat="43.139380" lon="-4.809630"/>
      <trkpt lat="43.139080" lon="-4.809720"/>
      <trkpt lat="43.138880" lon="-4.809870"/>
      <trkpt lat="43.138690" lon="-4.810070"/>
      <trkpt lat="43.138560" lon="-4.810210"/>
      <trkpt lat="43.138300" lon="-4.810530"/>
      <trkpt lat="43.138110" lon="-4.810770"/>
      <trkpt lat="43.137940" lon="-4.810890"/>
      <trkpt lat="43.137840" lon="-4.810930"/>
      <trkpt lat="43.137730" lon="-4.810930"/>
      <trkpt lat="43.137460" lon="-4.810870"/>
      <trkpt lat="43.136720" lon="-4.810690"/>
      <trkpt lat="43.136480" lon="-4.810650"/>
      <trkpt lat="43.136230" lon="-4.810590"/>
      <trkpt lat="43.136110" lon="-4.810580"/>
      <trkpt lat="43.136040" lon="-4.810580"/>
      <trkpt lat="43.135980" lon="-4.810600"/>
      <trkpt lat="43.135790" lon="-4.810710"/>
      <trkpt lat="43.135600" lon="-4.810850"/>
      <trkpt lat="43.135340" lon="-4.811030"/>
      <trkpt lat="43.135220" lon="-4.811070"/>
      <trkpt lat="43.135100" lon="-4.811090"/>
      <trkpt lat="43.134940" lon="-4.811060"/>
      <trkpt lat="43.134680" lon="-4.810850"/>
      <trkpt lat="43.134470" lon="-4.810620"/>
      <trkpt lat="43.133770" lon="-4.809970"/>
      <trkpt lat="43.133440" lon="-4.809690"/>
      <trkpt lat="43.133220" lon="-4.809480"/>
      <trkpt lat="43.132920" lon="-4.809180"/>
      <trkpt lat="43.132420" lon="-4.808730"/>
      <trkpt lat="43.131760" lon="-4.808240"/>
      <trkpt lat="43.131410" lon="-4.807800"/>
      <trkpt lat="43.131240" lon="-4.807530"/>
      <trkpt lat="43.131100" lon="-4.807270"/>
      <trkpt lat="43.130940" lon="-4.806830"/>
      <trkpt lat="43.130860" lon="-4.806640"/>
      <trkpt lat="43.130620" lon="-4.806020"/>
      <trkpt lat="43.130530" lon="-4.805730"/>
      <trkpt lat="43.130470" lon="-4.805360"/>
      <trkpt lat="43.130410" lon="-4.804990"/>
      <trkpt lat="43.130390" lon="-4.804680"/>
      <trkpt lat="43.130400" lon="-4.804370"/>
      <trkpt lat="43.130470" lon="-4.803390"/>
      <trkpt lat="43.130480" lon="-4.802880"/>
      <trkpt lat="43.130500" lon="-4.802680"/>
      <trkpt lat="43.130510" lon="-4.802360"/>
      <trkpt lat="43.130560" lon="-4.802030"/>
      <trkpt lat="43.130730" lon="-4.801380"/>
      <trkpt lat="43.130810" lon="-4.801050"/>
      <trkpt lat="43.130820" lon="-4.800710"/>
      <trkpt lat="43.130790" lon="-4.800370"/>
      <trkpt lat="43.130740" lon="-4.800030"/>
      <trkpt lat="43.130360" lon="-4.798050"/>
      <trkpt lat="43.130320" lon="-4.797710"/>
      <trkpt lat="43.130200" lon="-4.797040"/>
      <trkpt lat="43.130090" lon="-4.796280"/>
      <trkpt lat="43.129950" lon="-4.795890"/>
      <trkpt lat="43.129820" lon="-4.795690"/>
      <trkpt lat="43.129330" lon="-4.794930"/>
      <trkpt lat="43.128940" lon="-4.794090"/>
      <trkpt lat="43.128810" lon="-4.793830"/>
      <trkpt lat="43.128750" lon="-4.793670"/>
      <trkpt lat="43.128710" lon="-4.793480"/>
      <trkpt lat="43.128700" lon="-4.793290"/>
      <trkpt lat="43.128710" lon="-4.793090"/>
      <trkpt lat="43.128750" lon="-4.792670"/>
      <trkpt lat="43.128790" lon="-4.792130"/>
      <trkpt lat="43.128840" lon="-4.791630"/>
      <trkpt lat="43.128880" lon="-4.791120"/>
      <trkpt lat="43.128920" lon="-4.790750"/>
      <trkpt lat="43.128950" lon="-4.790100"/>
      <trkpt lat="43.128950" lon="-4.789760"/>
      <trkpt lat="43.128930" lon="-4.789500"/>
      <trkpt lat="43.128890" lon="-4.789180"/>
      <trkpt lat="43.128800" lon="-4.788730"/>
      <trkpt lat="43.128720" lon="-4.788350"/>
      <trkpt lat="43.128710" lon="-4.788270"/>
      <trkpt lat="43.128560" lon="-4.787790"/>
      <trkpt lat="43.128490" lon="-4.787580"/>
      <trkpt lat="43.128450" lon="-4.787450"/>
      <trkpt lat="43.128420" lon="-4.787340"/>
      <trkpt lat="43.128370" lon="-4.787170"/>
      <trkpt lat="43.128310" lon="-4.786910"/>
      <trkpt lat="43.128280" lon="-4.786740"/>
      <trkpt lat="43.128230" lon="-4.786560"/>
      <trkpt lat="43.128210" lon="-4.786510"/>
      <trkpt lat="43.128140" lon="-4.786370"/>
      <trkpt lat="43.128080" lon="-4.786310"/>
      <trkpt lat="43.128030" lon="-4.786270"/>
      <trkpt lat="43.127960" lon="-4.786220"/>
      <trkpt lat="43.127900" lon="-4.786180"/>
      <trkpt lat="43.127790" lon="-4.786120"/>
      <trkpt lat="43.127750" lon="-4.786090"/>
      <trkpt lat="43.127700" lon="-4.786050"/>
      <trkpt lat="43.127630" lon="-4.785980"/>
      <trkpt lat="43.127590" lon="-4.785930"/>
      <trkpt lat="43.127560" lon="-4.785860"/>
      <trkpt lat="43.127480" lon="-4.785690"/>
      <trkpt lat="43.127420" lon="-4.785580"/>
      <trkpt lat="43.127270" lon="-4.785270"/>
      <trkpt lat="43.127180" lon="-4.785100"/>
      <trkpt lat="43.127060" lon="-4.784850"/>
      <trkpt lat="43.126720" lon="-4.784270"/>
      <trkpt lat="43.126490" lon="-4.783940"/>
      <trkpt lat="43.126360" lon="-4.783740"/>
      <trkpt lat="43.126220" lon="-4.783590"/>
      <trkpt lat="43.126020" lon="-4.783400"/>
      <trkpt lat="43.125860" lon="-4.783290"/>
      <trkpt lat="43.125790" lon="-4.783250"/>
      <trkpt lat="43.125070" lon="-4.782780"/>
      <trkpt lat="43.124800" lon="-4.782600"/>
      <trkpt lat="43.124690" lon="-4.782520"/>
      <trkpt lat="43.124250" lon="-4.782230"/>
      <trkpt lat="43.124020" lon="-4.782020"/>
      <trkpt lat="43.123800" lon="-4.781780"/>
      <trkpt lat="43.123630" lon="-4.781610"/>
      <trkpt lat="43.123460" lon="-4.781440"/>
      <trkpt lat="43.123230" lon="-4.781300"/>
      <trkpt lat="43.123110" lon="-4.781250"/>
      <trkpt lat="43.122570" lon="-4.781050"/>
      <trkpt lat="43.122340" lon="-4.780960"/>
      <trkpt lat="43.122180" lon="-4.780850"/>
      <trkpt lat="43.121550" lon="-4.780290"/>
      <trkpt lat="43.121340" lon="-4.780070"/>
      <trkpt lat="43.121240" lon="-4.779940"/>
      <trkpt lat="43.121160" lon="-4.779790"/>
      <trkpt lat="43.121140" lon="-4.779740"/>
      <trkpt lat="43.121020" lon="-4.779460"/>
      <trkpt lat="43.120920" lon="-4.779150"/>
      <trkpt lat="43.120850" lon="-4.778950"/>
      <trkpt lat="43.120710" lon="-4.778730"/>
      <trkpt lat="43.120590" lon="-4.778580"/>
      <trkpt lat="43.120360" lon="-4.778430"/>
      <trkpt lat="43.120060" lon="-4.778230"/>
      <trkpt lat="43.119950" lon="-4.778120"/>
      <trkpt lat="43.119860" lon="-4.777970"/>
      <trkpt lat="43.119710" lon="-4.777660"/>
      <trkpt lat="43.119500" lon="-4.777420"/>
      <trkpt lat="43.119380" lon="-4.777340"/>
      <trkpt lat="43.119240" lon="-4.777250"/>
      <trkpt lat="43.119000" lon="-4.777190"/>
      <trkpt lat="43.118840" lon="-4.777140"/>
      <trkpt lat="43.118720" lon="-4.777100"/>
      <trkpt lat="43.118570" lon="-4.776970"/>
      <trkpt lat="43.118430" lon="-4.776800"/>
      <trkpt lat="43.118200" lon="-4.776480"/>
      <trkpt lat="43.118080" lon="-4.776360"/>
      <trkpt lat="43.117930" lon="-4.776250"/>
      <trkpt lat="43.117710" lon="-4.776170"/>
      <trkpt lat="43.117450" lon="-4.776070"/>
      <trkpt lat="43.117330" lon="-4.775980"/>
      <trkpt lat="43.117220" lon="-4.775870"/>
      <trkpt lat="43.117120" lon="-4.775730"/>
      <trkpt lat="43.117050" lon="-4.775590"/>
      <trkpt lat="43.116930" lon="-4.775230"/>
      <trkpt lat="43.116830" lon="-4.774700"/>
      <trkpt lat="43.116700" lon="-4.774370"/>
      <trkpt lat="43.116610" lon="-4.774240"/>
      <trkpt lat="43.116380" lon="-4.774030"/>
      <trkpt lat="43.116090" lon="-4.773840"/>
      <trkpt lat="43.115730" lon="-4.773530"/>
      <trkpt lat="43.115390" lon="-4.773200"/>
      <trkpt lat="43.115110" lon="-4.772880"/>
      <trkpt lat="43.114930" lon="-4.772660"/>
      <trkpt lat="43.114690" lon="-4.772310"/>
      <trkpt lat="43.114500" lon="-4.771970"/>
      <trkpt lat="43.114280" lon="-4.771350"/>
      <trkpt lat="43.114240" lon="-4.771130"/>
      <trkpt lat="43.114240" lon="-4.770900"/>
      <trkpt lat="43.114270" lon="-4.770440"/>
      <trkpt lat="43.114290" lon="-4.770120"/>
      <trkpt lat="43.114320" lon="-4.769770"/>
      <trkpt lat="43.114310" lon="-4.769600"/>
      <trkpt lat="43.114290" lon="-4.769440"/>
      <trkpt lat="43.114220" lon="-4.769170"/>
      <trkpt lat="43.114190" lon="-4.768860"/>
      <trkpt lat="43.114200" lon="-4.768270"/>
      <trkpt lat="43.114210" lon="-4.768040"/>
      <trkpt lat="43.114220" lon="-4.767900"/>
      <trkpt lat="43.114230" lon="-4.767760"/>
      <trkpt lat="43.114240" lon="-4.767490"/>
      <trkpt lat="43.114240" lon="-4.767120"/>
      <trkpt lat="43.114220" lon="-4.766780"/>
      <trkpt lat="43.114160" lon="-4.766390"/>
      <trkpt lat="43.114040" lon="-4.765980"/>
      <trkpt lat="43.113850" lon="-4.765590"/>
      <trkpt lat="43.113660" lon="-4.765250"/>
      <trkpt lat="43.113400" lon="-4.764800"/>
      <trkpt lat="43.113160" lon="-4.764380"/>
      <trkpt lat="43.112870" lon="-4.763830"/>
      <trkpt lat="43.112720" lon="-4.763430"/>
      <trkpt lat="43.112640" lon="-4.762990"/>
      <trkpt lat="43.112600" lon="-4.762520"/>
      <trkpt lat="43.112610" lon="-4.762120"/>
      <trkpt lat="43.112600" lon="-4.761780"/>
      <trkpt lat="43.112580" lon="-4.761620"/>
      <trkpt lat="43.112540" lon="-4.761500"/>
      <trkpt lat="43.112430" lon="-4.761200"/>
      <trkpt lat="43.112340" lon="-4.760850"/>
      <trkpt lat="43.112310" lon="-4.760620"/>
      <trkpt lat="43.112330" lon="-4.760160"/>
      <trkpt lat="43.112360" lon="-4.759760"/>
      <trkpt lat="43.112360" lon="-4.759520"/>
      <trkpt lat="43.112290" lon="-4.759280"/>
      <trkpt lat="43.112190" lon="-4.759110"/>
      <trkpt lat="43.112060" lon="-4.758980"/>
      <trkpt lat="43.111610" lon="-4.758760"/>
      <trkpt lat="43.111480" lon="-4.758660"/>
      <trkpt lat="43.111400" lon="-4.758530"/>
      <trkpt lat="43.111340" lon="-4.758360"/>
      <trkpt lat="43.111310" lon="-4.758150"/>
      <trkpt lat="43.111320" lon="-4.757950"/>
      <trkpt lat="43.111450" lon="-4.757420"/>
      <trkpt lat="43.111450" lon="-4.757150"/>
      <trkpt lat="43.111400" lon="-4.756920"/>
      <trkpt lat="43.111260" lon="-4.756630"/>
      <trkpt lat="43.111160" lon="-4.756460"/>
      <trkpt lat="43.111100" lon="-4.756310"/>
      <trkpt lat="43.111050" lon="-4.756110"/>
      <trkpt lat="43.111050" lon="-4.755930"/>
      <trkpt lat="43.111060" lon="-4.755780"/>
      <trkpt lat="43.111110" lon="-4.755610"/>
      <trkpt lat="43.111170" lon="-4.755480"/>
      <trkpt lat="43.111270" lon="-4.755310"/>
      <trkpt lat="43.111360" lon="-4.755170"/>
      <trkpt lat="43.111750" lon="-4.754400"/>
      <trkpt lat="43.111790" lon="-4.754230"/>
      <trkpt lat="43.111820" lon="-4.754050"/>
      <trkpt lat="43.111800" lon="-4.753490"/>
      <trkpt lat="43.111640" lon="-4.752000"/>
      <trkpt lat="43.111550" lon="-4.751450"/>
      <trkpt lat="43.111460" lon="-4.751100"/>
      <trkpt lat="43.111180" lon="-4.750450"/>
      <trkpt lat="43.111080" lon="-4.750110"/>
      <trkpt lat="43.111050" lon="-4.749940"/>
      <trkpt lat="43.111030" lon="-4.749740"/>
      <trkpt lat="43.111060" lon="-4.749390"/>
      <trkpt lat="43.111110" lon="-4.749160"/>
      <trkpt lat="43.111180" lon="-4.749000"/>
      <trkpt lat="43.111270" lon="-4.748840"/>
      <trkpt lat="43.111470" lon="-4.748590"/>
      <trkpt lat="43.111690" lon="-4.748380"/>
      <trkpt lat="43.111800" lon="-4.748250"/>
      <trkpt lat="43.111890" lon="-4.748120"/>
      <trkpt lat="43.111960" lon="-4.748010"/>
      <trkpt lat="43.111990" lon="-4.747930"/>
      <trkpt lat="43.112030" lon="-4.747760"/>
      <trkpt lat="43.112040" lon="-4.747570"/>
      <trkpt lat="43.112030" lon="-4.747200"/>
      <trkpt lat="43.111960" lon="-4.746840"/>
      <trkpt lat="43.111900" lon="-4.746670"/>
      <trkpt lat="43.111830" lon="-4.746520"/>
      <trkpt lat="43.111530" lon="-4.746120"/>
      <trkpt lat="43.111360" lon="-4.745840"/>
      <trkpt lat="43.111290" lon="-4.745680"/>
      <trkpt lat="43.111110" lon="-4.744970"/>
      <trkpt lat="43.110840" lon="-4.743720"/>
      <trkpt lat="43.110710" lon="-4.743190"/>
      <trkpt lat="43.110650" lon="-4.743020"/>
      <trkpt lat="43.110490" lon="-4.742720"/>
      <trkpt lat="43.110190" lon="-4.742080"/>
      <trkpt lat="43.110090" lon="-4.741720"/>
      <trkpt lat="43.110060" lon="-4.741560"/>
      <trkpt lat="43.110060" lon="-4.741080"/>
      <trkpt lat="43.110090" lon="-4.740520"/>
      <trkpt lat="43.110160" lon="-4.739960"/>
      <trkpt lat="43.110200" lon="-4.739800"/>
      <trkpt lat="43.110410" lon="-4.739300"/>
      <trkpt lat="43.110480" lon="-4.738940"/>
      <trkpt lat="43.110500" lon="-4.738580"/>
      <trkpt lat="43.110500" lon="-4.738030"/>
      <trkpt lat="43.110460" lon="-4.737410"/>
      <trkpt lat="43.110440" lon="-4.737040"/>
      <trkpt lat="43.110420" lon="-4.736930"/>
      <trkpt lat="43.110380" lon="-4.736820"/>
      <trkpt lat="43.110340" lon="-4.736740"/>
      <trkpt lat="43.110260" lon="-4.736610"/>
      <trkpt lat="43.110210" lon="-4.736550"/>
      <trkpt lat="43.110000" lon="-4.736360"/>
      <trkpt lat="43.109800" lon="-4.736150"/>
      <trkpt lat="43.109680" lon="-4.735980"/>
      <trkpt lat="43.109600" lon="-4.735770"/>
      <trkpt lat="43.109580" lon="-4.735480"/>
      <trkpt lat="43.109570" lon="-4.734830"/>
      <trkpt lat="43.109560" lon="-4.733750"/>
      <trkpt lat="43.109570" lon="-4.733330"/>
      <trkpt lat="43.109580" lon="-4.732990"/>
      <trkpt lat="43.109620" lon="-4.732490"/>
      <trkpt lat="43.109670" lon="-4.731880"/>
      <trkpt lat="43.109750" lon="-4.730820"/>
      <trkpt lat="43.109800" lon="-4.730440"/>
      <trkpt lat="43.109840" lon="-4.730230"/>
      <trkpt lat="43.109910" lon="-4.730080"/>
      <trkpt lat="43.109970" lon="-4.729960"/>
      <trkpt lat="43.110130" lon="-4.729730"/>
      <trkpt lat="43.110250" lon="-4.729610"/>
      <trkpt lat="43.110400" lon="-4.729440"/>
      <trkpt lat="43.110600" lon="-4.729210"/>
      <trkpt lat="43.110850" lon="-4.728920"/>
      <trkpt lat="43.111190" lon="-4.728590"/>
      <trkpt lat="43.111540" lon="-4.728380"/>
      <trkpt lat="43.111880" lon="-4.728280"/>
      <trkpt lat="43.111980" lon="-4.728250"/>
      <trkpt lat="43.112140" lon="-4.728190"/>
      <trkpt lat="43.112280" lon="-4.728150"/>
      <trkpt lat="43.112330" lon="-4.728140"/>
      <trkpt lat="43.112440" lon="-4.728130"/>
      <trkpt lat="43.112560" lon="-4.728130"/>
      <trkpt lat="43.112840" lon="-4.728270"/>
      <trkpt lat="43.112980" lon="-4.728340"/>
      <trkpt lat="43.113090" lon="-4.728400"/>
      <trkpt lat="43.113200" lon="-4.728460"/>
      <trkpt lat="43.113490" lon="-4.728610"/>
      <trkpt lat="43.113560" lon="-4.728640"/>
      <trkpt lat="43.113660" lon="-4.728680"/>
      <trkpt lat="43.114080" lon="-4.728850"/>
      <trkpt lat="43.114480" lon="-4.729010"/>
      <trkpt lat="43.114540" lon="-4.729030"/>
      <trkpt lat="43.114650" lon="-4.729060"/>
      <trkpt lat="43.115120" lon="-4.729160"/>
      <trkpt lat="43.115700" lon="-4.729290"/>
      <trkpt lat="43.115820" lon="-4.729320"/>
      <trkpt lat="43.115970" lon="-4.729340"/>
      <trkpt lat="43.116240" lon="-4.729380"/>
      <trkpt lat="43.116330" lon="-4.729370"/>
      <trkpt lat="43.116510" lon="-4.729380"/>
      <trkpt lat="43.116780" lon="-4.729350"/>
      <trkpt lat="43.117040" lon="-4.729300"/>
      <trkpt lat="43.117520" lon="-4.729160"/>
      <trkpt lat="43.117720" lon="-4.729110"/>
      <trkpt lat="43.117940" lon="-4.729070"/>
      <trkpt lat="43.118130" lon="-4.729050"/>
      <trkpt lat="43.118410" lon="-4.729030"/>
      <trkpt lat="43.118680" lon="-4.729060"/>
      <trkpt lat="43.118960" lon="-4.729100"/>
      <trkpt lat="43.119090" lon="-4.729150"/>
      <trkpt lat="43.119410" lon="-4.729260"/>
      <trkpt lat="43.119760" lon="-4.729440"/>
      <trkpt lat="43.119990" lon="-4.729590"/>
      <trkpt lat="43.120290" lon="-4.729830"/>
      <trkpt lat="43.120710" lon="-4.730190"/>
      <trkpt lat="43.121160" lon="-4.730570"/>
      <trkpt lat="43.121340" lon="-4.730680"/>
      <trkpt lat="43.121520" lon="-4.730790"/>
      <trkpt lat="43.121760" lon="-4.730900"/>
      <trkpt lat="43.121960" lon="-4.730980"/>
      <trkpt lat="43.122180" lon="-4.731060"/>
      <trkpt lat="43.122390" lon="-4.731110"/>
      <trkpt lat="43.122660" lon="-4.731150"/>
      <trkpt lat="43.122920" lon="-4.731150"/>
      <trkpt lat="43.123200" lon="-4.731140"/>
      <trkpt lat="43.123430" lon="-4.731110"/>
      <trkpt lat="43.123680" lon="-4.731060"/>
      <trkpt lat="43.123930" lon="-4.730980"/>
      <trkpt lat="43.124190" lon="-4.730860"/>
      <trkpt lat="43.124460" lon="-4.730730"/>
      <trkpt lat="43.124820" lon="-4.730470"/>
      <trkpt lat="43.125050" lon="-4.730270"/>
      <trkpt lat="43.125270" lon="-4.730040"/>
      <trkpt lat="43.125450" lon="-4.729830"/>
      <trkpt lat="43.125570" lon="-4.729660"/>
      <trkpt lat="43.125740" lon="-4.729370"/>
      <trkpt lat="43.125850" lon="-4.729170"/>
      <trkpt lat="43.125930" lon="-4.728950"/>
      <trkpt lat="43.126050" lon="-4.728550"/>
      <trkpt lat="43.126190" lon="-4.727870"/>
      <trkpt lat="43.126260" lon="-4.727620"/>
      <trkpt lat="43.126330" lon="-4.727470"/>
      <trkpt lat="43.126440" lon="-4.727320"/>
      <trkpt lat="43.126550" lon="-4.727230"/>
      <trkpt lat="43.126670" lon="-4.727170"/>
      <trkpt lat="43.126760" lon="-4.727140"/>
      <trkpt lat="43.126950" lon="-4.727130"/>
      <trkpt lat="43.127520" lon="-4.727150"/>
      <trkpt lat="43.127790" lon="-4.727190"/>
      <trkpt lat="43.128270" lon="-4.727190"/>
      <trkpt lat="43.128470" lon="-4.727140"/>
      <trkpt lat="43.128600" lon="-4.727080"/>
      <trkpt lat="43.128700" lon="-4.727010"/>
      <trkpt lat="43.128720" lon="-4.727000"/>
      <trkpt lat="43.128840" lon="-4.726900"/>
      <trkpt lat="43.128960" lon="-4.726770"/>
      <trkpt lat="43.129590" lon="-4.726040"/>
      <trkpt lat="43.130070" lon="-4.725490"/>
      <trkpt lat="43.130300" lon="-4.725220"/>
      <trkpt lat="43.130520" lon="-4.725000"/>
      <trkpt lat="43.130870" lon="-4.724690"/>
      <trkpt lat="43.131130" lon="-4.724470"/>
      <trkpt lat="43.131400" lon="-4.724250"/>
      <trkpt lat="43.131570" lon="-4.724110"/>
      <trkpt lat="43.132140" lon="-4.723640"/>
      <trkpt lat="43.132520" lon="-4.723350"/>
      <trkpt lat="43.132740" lon="-4.723130"/>
      <trkpt lat="43.132840" lon="-4.722980"/>
      <trkpt lat="43.132910" lon="-4.722790"/>
      <trkpt lat="43.132950" lon="-4.722570"/>
      <trkpt lat="43.132950" lon="-4.722390"/>
      <trkpt lat="43.132920" lon="-4.722200"/>
      <trkpt lat="43.132790" lon="-4.721720"/>
      <trkpt lat="43.132750" lon="-4.721530"/>
      <trkpt lat="43.132740" lon="-4.721350"/>
      <trkpt lat="43.132750" lon="-4.721110"/>
      <trkpt lat="43.132790" lon="-4.720850"/>
      <trkpt lat="43.132860" lon="-4.720400"/>
      <trkpt lat="43.132900" lon="-4.720130"/>
      <trkpt lat="43.132910" lon="-4.719900"/>
      <trkpt lat="43.132870" lon="-4.719610"/>
      <trkpt lat="43.132800" lon="-4.719370"/>
      <trkpt lat="43.132700" lon="-4.719140"/>
      <trkpt lat="43.132590" lon="-4.718870"/>
      <trkpt lat="43.132490" lon="-4.718490"/>
      <trkpt lat="43.132470" lon="-4.718250"/>
      <trkpt lat="43.132460" lon="-4.718070"/>
      <trkpt lat="43.132470" lon="-4.717890"/>
      <trkpt lat="43.132490" lon="-4.717660"/>
      <trkpt lat="43.132530" lon="-4.717420"/>
      <trkpt lat="43.132620" lon="-4.717220"/>
      <trkpt lat="43.132700" lon="-4.717060"/>
      <trkpt lat="43.132820" lon="-4.716880"/>
      <trkpt lat="43.132940" lon="-4.716730"/>
      <trkpt lat="43.133090" lon="-4.716590"/>
      <trkpt lat="43.133320" lon="-4.716450"/>
      <trkpt lat="43.133470" lon="-4.716390"/>
      <trkpt lat="43.133730" lon="-4.716270"/>
      <trkpt lat="43.133870" lon="-4.716220"/>
      <trkpt lat="43.134400" lon="-4.716090"/>
      <trkpt lat="43.134460" lon="-4.716070"/>
      <trkpt lat="43.134670" lon="-4.715980"/>
      <trkpt lat="43.134790" lon="-4.715890"/>
      <trkpt lat="43.134880" lon="-4.715790"/>
      <trkpt lat="43.135080" lon="-4.715400"/>
      <trkpt lat="43.135220" lon="-4.715100"/>
      <trkpt lat="43.135290" lon="-4.714970"/>
      <trkpt lat="43.135510" lon="-4.714520"/>
      <trkpt lat="43.135730" lon="-4.714040"/>
      <trkpt lat="43.136080" lon="-4.713340"/>
      <trkpt lat="43.136290" lon="-4.712920"/>
      <trkpt lat="43.136410" lon="-4.712680"/>
      <trkpt lat="43.136560" lon="-4.712460"/>
      <trkpt lat="43.136690" lon="-4.712290"/>
      <trkpt lat="43.136890" lon="-4.712130"/>
      <trkpt lat="43.137070" lon="-4.712020"/>
      <trkpt lat="43.137260" lon="-4.711940"/>
      <trkpt lat="43.137480" lon="-4.711850"/>
      <trkpt lat="43.137900" lon="-4.711710"/>
      <trkpt lat="43.138050" lon="-4.711710"/>
      <trkpt lat="43.138150" lon="-4.711730"/>
      <trkpt lat="43.138230" lon="-4.711750"/>
      <trkpt lat="43.138250" lon="-4.711760"/>
      <trkpt lat="43.138300" lon="-4.711790"/>
      <trkpt lat="43.138530" lon="-4.711940"/>
      <trkpt lat="43.138550" lon="-4.711950"/>
      <trkpt lat="43.138660" lon="-4.712010"/>
      <trkpt lat="43.138800" lon="-4.712030"/>
      <trkpt lat="43.138950" lon="-4.712030"/>
      <trkpt lat="43.139140" lon="-4.711980"/>
      <trkpt lat="43.139320" lon="-4.711880"/>
      <trkpt lat="43.139880" lon="-4.711610"/>
      <trkpt lat="43.140170" lon="-4.711550"/>
      <trkpt lat="43.140390" lon="-4.711520"/>
      <trkpt lat="43.140510" lon="-4.711450"/>
      <trkpt lat="43.140760" lon="-4.711330"/>
      <trkpt lat="43.141020" lon="-4.711220"/>
      <trkpt lat="43.141320" lon="-4.711180"/>
      <trkpt lat="43.141380" lon="-4.711160"/>
      <trkpt lat="43.141480" lon="-4.711140"/>
      <trkpt lat="43.141600" lon="-4.711090"/>
      <trkpt lat="43.141750" lon="-4.711030"/>
      <trkpt lat="43.141900" lon="-4.710900"/>
      <trkpt lat="43.142000" lon="-4.710780"/>
      <trkpt lat="43.142080" lon="-4.710700"/>
      <trkpt lat="43.142360" lon="-4.710360"/>
      <trkpt lat="43.142820" lon="-4.709780"/>
      <trkpt lat="43.142970" lon="-4.709550"/>
      <trkpt lat="43.143050" lon="-4.709340"/>
      <trkpt lat="43.143070" lon="-4.709140"/>
      <trkpt lat="43.143060" lon="-4.708990"/>
      <trkpt lat="43.143040" lon="-4.708800"/>
      <trkpt lat="43.143020" lon="-4.708610"/>
      <trkpt lat="43.142980" lon="-4.708400"/>
      <trkpt lat="43.142970" lon="-4.708270"/>
      <trkpt lat="43.142980" lon="-4.708090"/>
      <trkpt lat="43.143040" lon="-4.707740"/>
      <trkpt lat="43.143080" lon="-4.707420"/>
      <trkpt lat="43.143110" lon="-4.707180"/>
      <trkpt lat="43.143090" lon="-4.706980"/>
      <trkpt lat="43.143060" lon="-4.706790"/>
      <trkpt lat="43.143030" lon="-4.706490"/>
      <trkpt lat="43.143050" lon="-4.706060"/>
      <trkpt lat="43.143070" lon="-4.705630"/>
      <trkpt lat="43.143150" lon="-4.704900"/>
      <trkpt lat="43.143200" lon="-4.704690"/>
      <trkpt lat="43.143270" lon="-4.704520"/>
      <trkpt lat="43.143420" lon="-4.704230"/>
      <trkpt lat="43.143580" lon="-4.704040"/>
      <trkpt lat="43.143710" lon="-4.703910"/>
      <trkpt lat="43.143850" lon="-4.703800"/>
      <trkpt lat="43.143970" lon="-4.703770"/>
      <trkpt lat="43.144070" lon="-4.703760"/>
      <trkpt lat="43.144170" lon="-4.703770"/>
      <trkpt lat="43.144400" lon="-4.703820"/>
      <trkpt lat="43.144590" lon="-4.703850"/>
      <trkpt lat="43.144860" lon="-4.703820"/>
      <trkpt lat="43.145130" lon="-4.703780"/>
      <trkpt lat="43.145460" lon="-4.703760"/>
      <trkpt lat="43.145660" lon="-4.703770"/>
      <trkpt lat="43.145930" lon="-4.703760"/>
      <trkpt lat="43.146160" lon="-4.703720"/>
      <trkpt lat="43.146400" lon="-4.703690"/>
      <trkpt lat="43.146620" lon="-4.703690"/>
      <trkpt lat="43.146910" lon="-4.703740"/>
      <trkpt lat="43.147120" lon="-4.703750"/>
      <trkpt lat="43.147230" lon="-4.703740"/>
      <trkpt lat="43.147320" lon="-4.703720"/>
      <trkpt lat="43.147490" lon="-4.703650"/>
      <trkpt lat="43.147680" lon="-4.703530"/>
      <trkpt lat="43.147910" lon="-4.703320"/>
      <trkpt lat="43.148240" lon="-4.702940"/>
      <trkpt lat="43.148420" lon="-4.702700"/>
      <trkpt lat="43.148500" lon="-4.702550"/>
      <trkpt lat="43.148560" lon="-4.702360"/>
      <trkpt lat="43.148580" lon="-4.702180"/>
      <trkpt lat="43.148560" lon="-4.702000"/>
      <trkpt lat="43.148510" lon="-4.701810"/>
      <trkpt lat="43.148400" lon="-4.701650"/>
      <trkpt lat="43.148300" lon="-4.701480"/>
      <trkpt lat="43.148140" lon="-4.701270"/>
      <trkpt lat="43.148030" lon="-4.701090"/>
      <trkpt lat="43.148010" lon="-4.701050"/>
      <trkpt lat="43.147920" lon="-4.700850"/>
      <trkpt lat="43.147850" lon="-4.700650"/>
      <trkpt lat="43.147790" lon="-4.700440"/>
      <trkpt lat="43.147720" lon="-4.700120"/>
      <trkpt lat="43.147620" lon="-4.699550"/>
      <trkpt lat="43.147580" lon="-4.699230"/>
      <trkpt lat="43.147560" lon="-4.699000"/>
      <trkpt lat="43.147560" lon="-4.698700"/>
      <trkpt lat="43.147570" lon="-4.698410"/>
      <trkpt lat="43.147650" lon="-4.698110"/>
      <trkpt lat="43.147790" lon="-4.697790"/>
      <trkpt lat="43.147910" lon="-4.697570"/>
      <trkpt lat="43.148080" lon="-4.697380"/>
      <trkpt lat="43.148570" lon="-4.696930"/>
      <trkpt lat="43.148740" lon="-4.696790"/>
      <trkpt lat="43.148890" lon="-4.696650"/>
      <trkpt lat="43.149320" lon="-4.696320"/>
      <trkpt lat="43.149470" lon="-4.696200"/>
      <trkpt lat="43.149720" lon="-4.696020"/>
      <trkpt lat="43.149980" lon="-4.695830"/>
      <trkpt lat="43.150200" lon="-4.695700"/>
      <trkpt lat="43.150460" lon="-4.695520"/>
      <trkpt lat="43.150580" lon="-4.695450"/>
      <trkpt lat="43.150800" lon="-4.695310"/>
      <trkpt lat="43.150920" lon="-4.695220"/>
      <trkpt lat="43.151000" lon="-4.695130"/>
      <trkpt lat="43.151100" lon="-4.695000"/>
      <trkpt lat="43.151180" lon="-4.694880"/>
      <trkpt lat="43.151240" lon="-4.694730"/>
      <trkpt lat="43.151290" lon="-4.694570"/>
      <trkpt lat="43.151290" lon="-4.694500"/>
      <trkpt lat="43.151300" lon="-4.694440"/>
      <trkpt lat="43.151300" lon="-4.694370"/>
      <trkpt lat="43.151310" lon="-4.693950"/>
      <trkpt lat="43.151300" lon="-4.693720"/>
      <trkpt lat="43.151320" lon="-4.693580"/>
      <trkpt lat="43.151360" lon="-4.693410"/>
      <trkpt lat="43.151400" lon="-4.693190"/>
      <trkpt lat="43.151420" lon="-4.693090"/>
      <trkpt lat="43.151460" lon="-4.692880"/>
      <trkpt lat="43.151470" lon="-4.692810"/>
      <trkpt lat="43.151530" lon="-4.692510"/>
      <trkpt lat="43.151620" lon="-4.692210"/>
      <trkpt lat="43.151690" lon="-4.692030"/>
      <trkpt lat="43.151800" lon="-4.691810"/>
      <trkpt lat="43.151850" lon="-4.691720"/>
      <trkpt lat="43.152110" lon="-4.691120"/>
      <trkpt lat="43.152220" lon="-4.690910"/>
      <trkpt lat="43.152310" lon="-4.690780"/>
      <trkpt lat="43.152430" lon="-4.690620"/>
      <trkpt lat="43.152610" lon="-4.690480"/>
      <trkpt lat="43.152900" lon="-4.690330"/>
      <trkpt lat="43.153300" lon="-4.690170"/>
      <trkpt lat="43.154310" lon="-4.689740"/>
      <trkpt lat="43.154730" lon="-4.689560"/>
      <trkpt lat="43.154960" lon="-4.689450"/>
      <trkpt lat="43.155100" lon="-4.689370"/>
      <trkpt lat="43.155200" lon="-4.689260"/>
      <trkpt lat="43.155310" lon="-4.689100"/>
      <trkpt lat="43.155360" lon="-4.688960"/>
      <trkpt lat="43.155410" lon="-4.688750"/>
      <trkpt lat="43.155470" lon="-4.688450"/>
      <trkpt lat="43.155560" lon="-4.688030"/>
      <trkpt lat="43.155620" lon="-4.687700"/>
      <trkpt lat="43.155700" lon="-4.687150"/>
      <trkpt lat="43.155790" lon="-4.686560"/>
      <trkpt lat="43.155800" lon="-4.686300"/>
      <trkpt lat="43.155810" lon="-4.686150"/>
      <trkpt lat="43.155790" lon="-4.685990"/>
      <trkpt lat="43.155730" lon="-4.685860"/>
      <trkpt lat="43.155640" lon="-4.685740"/>
      <trkpt lat="43.155540" lon="-4.685660"/>
      <trkpt lat="43.155450" lon="-4.685610"/>
      <trkpt lat="43.155340" lon="-4.685540"/>
      <trkpt lat="43.155210" lon="-4.685440"/>
      <trkpt lat="43.155110" lon="-4.685330"/>
      <trkpt lat="43.155020" lon="-4.685240"/>
      <trkpt lat="43.154930" lon="-4.685090"/>
      <trkpt lat="43.154860" lon="-4.684950"/>
      <trkpt lat="43.154790" lon="-4.684780"/>
      <trkpt lat="43.154740" lon="-4.684630"/>
      <trkpt lat="43.154690" lon="-4.684440"/>
      <trkpt lat="43.154630" lon="-4.684140"/>
      <trkpt lat="43.154560" lon="-4.683850"/>
      <trkpt lat="43.154550" lon="-4.683800"/>
      <trkpt lat="43.154490" lon="-4.683490"/>
      <trkpt lat="43.154420" lon="-4.683290"/>
      <trkpt lat="43.154400" lon="-4.683220"/>
      <trkpt lat="43.154370" lon="-4.683130"/>
      <trkpt lat="43.154150" lon="-4.682610"/>
      <trkpt lat="43.154110" lon="-4.682490"/>
      <trkpt lat="43.154050" lon="-4.682330"/>
      <trkpt lat="43.153940" lon="-4.682000"/>
      <trkpt lat="43.153900" lon="-4.681830"/>
      <trkpt lat="43.153830" lon="-4.681620"/>
      <trkpt lat="43.153690" lon="-4.681100"/>
      <trkpt lat="43.153640" lon="-4.680900"/>
      <trkpt lat="43.153600" lon="-4.680720"/>
      <trkpt lat="43.153540" lon="-4.680410"/>
      <trkpt lat="43.153500" lon="-4.680210"/>
      <trkpt lat="43.153410" lon="-4.679680"/>
      <trkpt lat="43.153240" lon="-4.678760"/>
      <trkpt lat="43.153160" lon="-4.678400"/>
      <trkpt lat="43.153120" lon="-4.678220"/>
      <trkpt lat="43.153070" lon="-4.678050"/>
      <trkpt lat="43.153020" lon="-4.677910"/>
      <trkpt lat="43.152970" lon="-4.677760"/>
      <trkpt lat="43.152800" lon="-4.677380"/>
      <trkpt lat="43.152630" lon="-4.677090"/>
      <trkpt lat="43.152560" lon="-4.676970"/>
      <trkpt lat="43.152460" lon="-4.676800"/>
      <trkpt lat="43.152400" lon="-4.676630"/>
      <trkpt lat="43.152390" lon="-4.676600"/>
      <trkpt lat="43.152360" lon="-4.676470"/>
      <trkpt lat="43.152350" lon="-4.676270"/>
      <trkpt lat="43.152360" lon="-4.676090"/>
      <trkpt lat="43.152380" lon="-4.675900"/>
      <trkpt lat="43.152440" lon="-4.675720"/>
      <trkpt lat="43.152510" lon="-4.675550"/>
      <trkpt lat="43.152620" lon="-4.675310"/>
      <trkpt lat="43.152700" lon="-4.675100"/>
      <trkpt lat="43.152770" lon="-4.674890"/>
      <trkpt lat="43.152830" lon="-4.674710"/>
      <trkpt lat="43.152880" lon="-4.674540"/>
      <trkpt lat="43.152930" lon="-4.674400"/>
      <trkpt lat="43.153000" lon="-4.674190"/>
      <trkpt lat="43.153070" lon="-4.674070"/>
      <trkpt lat="43.153180" lon="-4.673930"/>
      <trkpt lat="43.153280" lon="-4.673800"/>
      <trkpt lat="43.153420" lon="-4.673640"/>
      <trkpt lat="43.153480" lon="-4.673560"/>
      <trkpt lat="43.153550" lon="-4.673420"/>
      <trkpt lat="43.153640" lon="-4.673260"/>
      <trkpt lat="43.153710" lon="-4.673110"/>
      <trkpt lat="43.153790" lon="-4.672960"/>
      <trkpt lat="43.153990" lon="-4.672510"/>
      <trkpt lat="43.154080" lon="-4.672320"/>
      <trkpt lat="43.154140" lon="-4.672160"/>
      <trkpt lat="43.154220" lon="-4.671990"/>
      <trkpt lat="43.154350" lon="-4.671680"/>
      <trkpt lat="43.154490" lon="-4.671370"/>
      <trkpt lat="43.154560" lon="-4.671200"/>
      <trkpt lat="43.154620" lon="-4.671020"/>
      <trkpt lat="43.154680" lon="-4.670830"/>
      <trkpt lat="43.154740" lon="-4.670640"/>
      <trkpt lat="43.154830" lon="-4.670360"/>
      <trkpt lat="43.154950" lon="-4.669980"/>
      <trkpt lat="43.154990" lon="-4.669810"/>
      <trkpt lat="43.155050" lon="-4.669650"/>
      <trkpt lat="43.155110" lon="-4.669480"/>
      <trkpt lat="43.155220" lon="-4.669110"/>
      <trkpt lat="43.155250" lon="-4.668940"/>
      <trkpt lat="43.155300" lon="-4.668710"/>
      <trkpt lat="43.155350" lon="-4.668450"/>
      <trkpt lat="43.155410" lon="-4.668240"/>
      <trkpt lat="43.155490" lon="-4.668070"/>
      <trkpt lat="43.155570" lon="-4.667940"/>
      <trkpt lat="43.155690" lon="-4.667800"/>
      <trkpt lat="43.155840" lon="-4.667650"/>
      <trkpt lat="43.156000" lon="-4.667540"/>
      <trkpt lat="43.156110" lon="-4.667440"/>
      <trkpt lat="43.156210" lon="-4.667340"/>
      <trkpt lat="43.156320" lon="-4.667180"/>
      <trkpt lat="43.156380" lon="-4.667090"/>
      <trkpt lat="43.156430" lon="-4.666990"/>
      <trkpt lat="43.156460" lon="-4.666910"/>
      <trkpt lat="43.156510" lon="-4.666710"/>
      <trkpt lat="43.156550" lon="-4.666490"/>
      <trkpt lat="43.156590" lon="-4.666300"/>
      <trkpt lat="43.156620" lon="-4.666180"/>
      <trkpt lat="43.156680" lon="-4.665910"/>
      <trkpt lat="43.156700" lon="-4.665800"/>
      <trkpt lat="43.156730" lon="-4.665640"/>
      <trkpt lat="43.156770" lon="-4.665440"/>
      <trkpt lat="43.156800" lon="-4.665270"/>
      <trkpt lat="43.156840" lon="-4.665090"/>
      <trkpt lat="43.156870" lon="-4.664900"/>
      <trkpt lat="43.156960" lon="-4.664630"/>
      <trkpt lat="43.157030" lon="-4.664380"/>
      <trkpt lat="43.157130" lon="-4.664100"/>
      <trkpt lat="43.157200" lon="-4.663870"/>
      <trkpt lat="43.157240" lon="-4.663700"/>
      <trkpt lat="43.157290" lon="-4.663520"/>
      <trkpt lat="43.157390" lon="-4.663200"/>
      <trkpt lat="43.157440" lon="-4.662950"/>
      <trkpt lat="43.157520" lon="-4.662640"/>
      <trkpt lat="43.157630" lon="-4.662290"/>
      <trkpt lat="43.157720" lon="-4.661950"/>
      <trkpt lat="43.157790" lon="-4.661620"/>
      <trkpt lat="43.157830" lon="-4.661450"/>
      <trkpt lat="43.157860" lon="-4.661220"/>
      <trkpt lat="43.157870" lon="-4.661030"/>
      <trkpt lat="43.157880" lon="-4.660850"/>
      <trkpt lat="43.157860" lon="-4.660480"/>
      <trkpt lat="43.157820" lon="-4.659900"/>
      <trkpt lat="43.157780" lon="-4.659490"/>
      <trkpt lat="43.157770" lon="-4.659140"/>
      <trkpt lat="43.157750" lon="-4.658910"/>
      <trkpt lat="43.157730" lon="-4.658600"/>
      <trkpt lat="43.157710" lon="-4.658420"/>
      <trkpt lat="43.157670" lon="-4.657910"/>
      <trkpt lat="43.157650" lon="-4.657670"/>
      <trkpt lat="43.157600" lon="-4.657430"/>
      <trkpt lat="43.157530" lon="-4.657070"/>
      <trkpt lat="43.157500" lon="-4.656770"/>
      <trkpt lat="43.157480" lon="-4.656520"/>
      <trkpt lat="43.157440" lon="-4.656180"/>
      <trkpt lat="43.157430" lon="-4.656130"/>
      <trkpt lat="43.157350" lon="-4.655810"/>
      <trkpt lat="43.157290" lon="-4.655590"/>
      <trkpt lat="43.157230" lon="-4.655450"/>
      <trkpt lat="43.157170" lon="-4.655300"/>
      <trkpt lat="43.157040" lon="-4.655010"/>
      <trkpt lat="43.156970" lon="-4.654840"/>
      <trkpt lat="43.156920" lon="-4.654680"/>
      <trkpt lat="43.156860" lon="-4.654510"/>
      <trkpt lat="43.156800" lon="-4.654320"/>
      <trkpt lat="43.156750" lon="-4.654170"/>
      <trkpt lat="43.156710" lon="-4.653950"/>
      <trkpt lat="43.156670" lon="-4.653780"/>
      <trkpt lat="43.156630" lon="-4.653610"/>
      <trkpt lat="43.156590" lon="-4.653450"/>
      <trkpt lat="43.156520" lon="-4.653270"/>
      <trkpt lat="43.156460" lon="-4.653110"/>
      <trkpt lat="43.156390" lon="-4.652950"/>
      <trkpt lat="43.156330" lon="-4.652790"/>
      <trkpt lat="43.156270" lon="-4.652650"/>
      <trkpt lat="43.156200" lon="-4.652440"/>
      <trkpt lat="43.156150" lon="-4.652250"/>
      <trkpt lat="43.156130" lon="-4.652070"/>
      <trkpt lat="43.156140" lon="-4.651870"/>
      <trkpt lat="43.156160" lon="-4.651710"/>
      <trkpt lat="43.156200" lon="-4.651530"/>
      <trkpt lat="43.156260" lon="-4.651340"/>
      <trkpt lat="43.156320" lon="-4.651150"/>
      <trkpt lat="43.156460" lon="-4.650700"/>
      <trkpt lat="43.156530" lon="-4.650480"/>
      <trkpt lat="43.156600" lon="-4.650280"/>
      <trkpt lat="43.156660" lon="-4.650100"/>
      <trkpt lat="43.156710" lon="-4.649930"/>
      <trkpt lat="43.156770" lon="-4.649750"/>
      <trkpt lat="43.156790" lon="-4.649700"/>
      <trkpt lat="43.156820" lon="-4.649600"/>
      <trkpt lat="43.156850" lon="-4.649480"/>
      <trkpt lat="43.156920" lon="-4.649310"/>
      <trkpt lat="43.157000" lon="-4.649160"/>
      <trkpt lat="43.157080" lon="-4.649020"/>
      <trkpt lat="43.157170" lon="-4.648870"/>
      <trkpt lat="43.157380" lon="-4.648630"/>
      <trkpt lat="43.157410" lon="-4.648600"/>
      <trkpt lat="43.157510" lon="-4.648530"/>
      <trkpt lat="43.157630" lon="-4.648440"/>
      <trkpt lat="43.157750" lon="-4.648350"/>
      <trkpt lat="43.157800" lon="-4.648290"/>
      <trkpt lat="43.157860" lon="-4.648220"/>
      <trkpt lat="43.157890" lon="-4.648170"/>
      <trkpt lat="43.157920" lon="-4.648100"/>
      <trkpt lat="43.157960" lon="-4.648030"/>
      <trkpt lat="43.157990" lon="-4.647960"/>
      <trkpt lat="43.158010" lon="-4.647870"/>
      <trkpt lat="43.158060" lon="-4.647680"/>
      <trkpt lat="43.158100" lon="-4.647560"/>
      <trkpt lat="43.158130" lon="-4.647470"/>
      <trkpt lat="43.158160" lon="-4.647400"/>
      <trkpt lat="43.158210" lon="-4.647300"/>
      <trkpt lat="43.158270" lon="-4.647200"/>
      <trkpt lat="43.158340" lon="-4.647100"/>
      <trkpt lat="43.158410" lon="-4.646970"/>
      <trkpt lat="43.158460" lon="-4.646860"/>
      <trkpt lat="43.158490" lon="-4.646750"/>
      <trkpt lat="43.158530" lon="-4.646630"/>
      <trkpt lat="43.158550" lon="-4.646480"/>
      <trkpt lat="43.158570" lon="-4.646250"/>
      <trkpt lat="43.158580" lon="-4.646120"/>
      <trkpt lat="43.158570" lon="-4.645930"/>
      <trkpt lat="43.158560" lon="-4.645730"/>
      <trkpt lat="43.158550" lon="-4.645550"/>
      <trkpt lat="43.158530" lon="-4.645400"/>
      <trkpt lat="43.158470" lon="-4.645160"/>
      <trkpt lat="43.158410" lon="-4.644980"/>
      <trkpt lat="43.158360" lon="-4.644810"/>
      <trkpt lat="43.158320" lon="-4.644640"/>
      <trkpt lat="43.158280" lon="-4.644460"/>
      <trkpt lat="43.158240" lon="-4.644270"/>
      <trkpt lat="43.158210" lon="-4.644100"/>
      <trkpt lat="43.158180" lon="-4.643920"/>
      <trkpt lat="43.158160" lon="-4.643710"/>
      <trkpt lat="43.158140" lon="-4.643560"/>
      <trkpt lat="43.158130" lon="-4.643320"/>
      <trkpt lat="43.158110" lon="-4.643080"/>
      <trkpt lat="43.158080" lon="-4.642900"/>
      <trkpt lat="43.158040" lon="-4.642740"/>
      <trkpt lat="43.157980" lon="-4.642580"/>
      <trkpt lat="43.157910" lon="-4.642460"/>
      <trkpt lat="43.157820" lon="-4.642340"/>
      <trkpt lat="43.157710" lon="-4.642190"/>
      <trkpt lat="43.157620" lon="-4.642080"/>
      <trkpt lat="43.157510" lon="-4.641960"/>
      <trkpt lat="43.157410" lon="-4.641840"/>
      <trkpt lat="43.157310" lon="-4.641710"/>
      <trkpt lat="43.157230" lon="-4.641570"/>
      <trkpt lat="43.157160" lon="-4.641400"/>
      <trkpt lat="43.157100" lon="-4.641250"/>
      <trkpt lat="43.157050" lon="-4.641050"/>
      <trkpt lat="43.157020" lon="-4.640850"/>
      <trkpt lat="43.156960" lon="-4.640640"/>
      <trkpt lat="43.156920" lon="-4.640480"/>
      <trkpt lat="43.156880" lon="-4.640320"/>
      <trkpt lat="43.156840" lon="-4.640150"/>
      <trkpt lat="43.156780" lon="-4.639910"/>
      <trkpt lat="43.156710" lon="-4.639650"/>
      <trkpt lat="43.156670" lon="-4.639470"/>
      <trkpt lat="43.156610" lon="-4.639300"/>
      <trkpt lat="43.156540" lon="-4.639140"/>
      <trkpt lat="43.156460" lon="-4.638990"/>
      <trkpt lat="43.156390" lon="-4.638830"/>
      <trkpt lat="43.156300" lon="-4.638690"/>
      <trkpt lat="43.156140" lon="-4.638430"/>
      <trkpt lat="43.155980" lon="-4.638170"/>
      <trkpt lat="43.155750" lon="-4.637780"/>
      <trkpt lat="43.155660" lon="-4.637610"/>
      <trkpt lat="43.155550" lon="-4.637390"/>
      <trkpt lat="43.155480" lon="-4.637220"/>
      <trkpt lat="43.155310" lon="-4.636780"/>
      <trkpt lat="43.155160" lon="-4.636340"/>
      <trkpt lat="43.155070" lon="-4.636060"/>
      <trkpt lat="43.154980" lon="-4.635810"/>
      <trkpt lat="43.154940" lon="-4.635650"/>
      <trkpt lat="43.154930" lon="-4.635480"/>
      <trkpt lat="43.154910" lon="-4.635330"/>
      <trkpt lat="43.154910" lon="-4.635250"/>
      <trkpt lat="43.154910" lon="-4.635210"/>
      <trkpt lat="43.154910" lon="-4.635050"/>
      <trkpt lat="43.154910" lon="-4.634940"/>
      <trkpt lat="43.154890" lon="-4.634770"/>
      <trkpt lat="43.154870" lon="-4.634600"/>
      <trkpt lat="43.154850" lon="-4.634420"/>
      <trkpt lat="43.154810" lon="-4.634230"/>
      <trkpt lat="43.154760" lon="-4.633980"/>
      <trkpt lat="43.154670" lon="-4.633730"/>
      <trkpt lat="43.154610" lon="-4.633570"/>
      <trkpt lat="43.154460" lon="-4.633280"/>
      <trkpt lat="43.154340" lon="-4.633040"/>
      <trkpt lat="43.154230" lon="-4.632770"/>
      <trkpt lat="43.154230" lon="-4.632750"/>
      <trkpt lat="43.154150" lon="-4.632500"/>
      <trkpt lat="43.154140" lon="-4.632450"/>
      <trkpt lat="43.154070" lon="-4.632250"/>
      <trkpt lat="43.154000" lon="-4.631980"/>
      <trkpt lat="43.153980" lon="-4.631930"/>
      <trkpt lat="43.153940" lon="-4.631790"/>
      <trkpt lat="43.153880" lon="-4.631460"/>
      <trkpt lat="43.153860" lon="-4.631310"/>
      <trkpt lat="43.153850" lon="-4.630900"/>
      <trkpt lat="43.153850" lon="-4.630870"/>
      <trkpt lat="43.153850" lon="-4.630810"/>
      <trkpt lat="43.153830" lon="-4.630460"/>
      <trkpt lat="43.153830" lon="-4.630410"/>
      <trkpt lat="43.153830" lon="-4.630340"/>
      <trkpt lat="43.153830" lon="-4.630130"/>
      <trkpt lat="43.153830" lon="-4.629900"/>
      <trkpt lat="43.153830" lon="-4.629720"/>
      <trkpt lat="43.153840" lon="-4.629560"/>
      <trkpt lat="43.153870" lon="-4.629220"/>
      <trkpt lat="43.153880" lon="-4.629090"/>
      <trkpt lat="43.153900" lon="-4.628860"/>
      <trkpt lat="43.153930" lon="-4.628500"/>
      <trkpt lat="43.153960" lon="-4.628100"/>
      <trkpt lat="43.153970" lon="-4.627990"/>
      <trkpt lat="43.154040" lon="-4.627220"/>
      <trkpt lat="43.154070" lon="-4.626960"/>
      <trkpt lat="43.154080" lon="-4.626790"/>
      <trkpt lat="43.154100" lon="-4.626600"/>
      <trkpt lat="43.154120" lon="-4.626430"/>
      <trkpt lat="43.154140" lon="-4.626260"/>
      <trkpt lat="43.154160" lon="-4.625960"/>
      <trkpt lat="43.154190" lon="-4.625630"/>
      <trkpt lat="43.154200" lon="-4.625540"/>
      <trkpt lat="43.154210" lon="-4.625450"/>
      <trkpt lat="43.154210" lon="-4.625420"/>
      <trkpt lat="43.154230" lon="-4.625310"/>
      <trkpt lat="43.154240" lon="-4.624980"/>
      <trkpt lat="43.154240" lon="-4.624760"/>
      <trkpt lat="43.154210" lon="-4.624620"/>
      <trkpt lat="43.154180" lon="-4.624520"/>
      <trkpt lat="43.154150" lon="-4.624420"/>
      <trkpt lat="43.154080" lon="-4.624310"/>
      <trkpt lat="43.153880" lon="-4.624060"/>
      <trkpt lat="43.153860" lon="-4.624020"/>
      <trkpt lat="43.153790" lon="-4.623920"/>
      <trkpt lat="43.153750" lon="-4.623880"/>
      <trkpt lat="43.153630" lon="-4.623710"/>
      <trkpt lat="43.153590" lon="-4.623660"/>
      <trkpt lat="43.153540" lon="-4.623570"/>
      <trkpt lat="43.153500" lon="-4.623470"/>
      <trkpt lat="43.153510" lon="-4.623360"/>
      <trkpt lat="43.153560" lon="-4.623160"/>
      <trkpt lat="43.153610" lon="-4.622990"/>
      <trkpt lat="43.153670" lon="-4.622790"/>
      <trkpt lat="43.153690" lon="-4.622740"/>
      <trkpt lat="43.153780" lon="-4.622470"/>
      <trkpt lat="43.153840" lon="-4.622300"/>
      <trkpt lat="43.153940" lon="-4.622050"/>
      <trkpt lat="43.153960" lon="-4.622000"/>
      <trkpt lat="43.153970" lon="-4.621980"/>
      <trkpt lat="43.154160" lon="-4.622120"/>
      <trkpt lat="43.154160" lon="-4.622120"/>
      <trkpt lat="43.154100" lon="-4.622260"/>
      <trkpt lat="43.153920" lon="-4.622710"/>
      <trkpt lat="43.153860" lon="-4.622810"/>
      <trkpt lat="43.153830" lon="-4.622840"/>
      <trkpt lat="43.153730" lon="-4.622830"/>
      <trkpt lat="43.153670" lon="-4.622790"/>
      <trkpt lat="43.153690" lon="-4.622740"/>
      <trkpt lat="43.153780" lon="-4.622470"/>
      <trkpt lat="43.153840" lon="-4.622300"/>
      <trkpt lat="43.153940" lon="-4.622050"/>
      <trkpt lat="43.153960" lon="-4.622000"/>
      <trkpt lat="43.153970" lon="-4.621980"/>
      <trkpt lat="43.153990" lon="-4.621920"/>
      <trkpt lat="43.153960" lon="-4.621920"/>
      <trkpt lat="43.153910" lon="-4.621920"/>
      <trkpt lat="43.153860" lon="-4.621940"/>
      <trkpt lat="43.153720" lon="-4.621780"/>
      <trkpt lat="43.153490" lon="-4.621630"/>
      <trkpt lat="43.153300" lon="-4.621520"/>
      <trkpt lat="43.153250" lon="-4.621480"/>
      <trkpt lat="43.153030" lon="-4.621740"/>
      <trkpt lat="43.152930" lon="-4.621870"/>
      <trkpt lat="43.152830" lon="-4.622030"/>
      <trkpt lat="43.152760" lon="-4.622170"/>
      <trkpt lat="43.152710" lon="-4.622350"/>
      <trkpt lat="43.152660" lon="-4.622480"/>
      <trkpt lat="43.152630" lon="-4.622560"/>
      <trkpt lat="43.152560" lon="-4.622690"/>
      <trkpt lat="43.152490" lon="-4.622780"/>
      <trkpt lat="43.152400" lon="-4.622880"/>
      <trkpt lat="43.152360" lon="-4.622930"/>
      <trkpt lat="43.152320" lon="-4.622970"/>
      <trkpt lat="43.152260" lon="-4.623030"/>
      <trkpt lat="43.152170" lon="-4.623110"/>
      <trkpt lat="43.152040" lon="-4.623220"/>
      <trkpt lat="43.151920" lon="-4.623340"/>
      <trkpt lat="43.151790" lon="-4.623460"/>
      <trkpt lat="43.151710" lon="-4.623520"/>
      <trkpt lat="43.151570" lon="-4.623630"/>
      <trkpt lat="43.151460" lon="-4.623710"/>
      <trkpt lat="43.151400" lon="-4.623760"/>
      <trkpt lat="43.151220" lon="-4.623880"/>
      <trkpt lat="43.151130" lon="-4.623940"/>
      <trkpt lat="43.151030" lon="-4.624010"/>
      <trkpt lat="43.150880" lon="-4.624130"/>
      <trkpt lat="43.150810" lon="-4.624190"/>
      <trkpt lat="43.150740" lon="-4.624250"/>
      <trkpt lat="43.150630" lon="-4.624380"/>
      <trkpt lat="43.150530" lon="-4.624490"/>
      <trkpt lat="43.150350" lon="-4.624710"/>
      <trkpt lat="43.150120" lon="-4.624980"/>
      <trkpt lat="43.150030" lon="-4.625100"/>
      <trkpt lat="43.149920" lon="-4.625220"/>
      <trkpt lat="43.149810" lon="-4.625360"/>
      <trkpt lat="43.149700" lon="-4.625480"/>
      <trkpt lat="43.149580" lon="-4.625590"/>
      <trkpt lat="43.149410" lon="-4.625710"/>
      <trkpt lat="43.149250" lon="-4.625830"/>
      <trkpt lat="43.149060" lon="-4.625970"/>
      <trkpt lat="43.148770" lon="-4.626160"/>
      <trkpt lat="43.148570" lon="-4.626300"/>
      <trkpt lat="43.148390" lon="-4.626400"/>
      <trkpt lat="43.148200" lon="-4.626500"/>
      <trkpt lat="43.148030" lon="-4.626590"/>
      <trkpt lat="43.147840" lon="-4.626680"/>
      <trkpt lat="43.147610" lon="-4.626810"/>
      <trkpt lat="43.147360" lon="-4.626970"/>
      <trkpt lat="43.147190" lon="-4.627070"/>
      <trkpt lat="43.147070" lon="-4.627130"/>
      <trkpt lat="43.146990" lon="-4.627150"/>
      <trkpt lat="43.146910" lon="-4.627160"/>
      <trkpt lat="43.146780" lon="-4.627160"/>
      <trkpt lat="43.146640" lon="-4.627180"/>
      <trkpt lat="43.146510" lon="-4.627190"/>
      <trkpt lat="43.146270" lon="-4.627200"/>
      <trkpt lat="43.146020" lon="-4.627230"/>
      <trkpt lat="43.145810" lon="-4.627260"/>
      <trkpt lat="43.145690" lon="-4.627290"/>
      <trkpt lat="43.145580" lon="-4.627330"/>
      <trkpt lat="43.145410" lon="-4.627450"/>
      <trkpt lat="43.145290" lon="-4.627540"/>
      <trkpt lat="43.145160" lon="-4.627620"/>
      <trkpt lat="43.145040" lon="-4.627660"/>
      <trkpt lat="43.144900" lon="-4.627670"/>
      <trkpt lat="43.144690" lon="-4.627650"/>
      <trkpt lat="43.144690" lon="-4.627650"/>
      <trkpt lat="43.144630" lon="-4.627650"/>
      <trkpt lat="43.144500" lon="-4.627650"/>
      <trkpt lat="43.144330" lon="-4.627660"/>
      <trkpt lat="43.144190" lon="-4.627680"/>
      <trkpt lat="43.143880" lon="-4.627730"/>
      <trkpt lat="43.143520" lon="-4.627800"/>
      <trkpt lat="43.143230" lon="-4.627820"/>
      <trkpt lat="43.142970" lon="-4.627800"/>
      <trkpt lat="43.142750" lon="-4.627750"/>
      <trkpt lat="43.142590" lon="-4.627710"/>
      <trkpt lat="43.142460" lon="-4.627660"/>
      <trkpt lat="43.142240" lon="-4.627550"/>
      <trkpt lat="43.142090" lon="-4.627480"/>
      <trkpt lat="43.141950" lon="-4.627460"/>
      <trkpt lat="43.141810" lon="-4.627460"/>
      <trkpt lat="43.141610" lon="-4.627490"/>
      <trkpt lat="43.141400" lon="-4.627550"/>
      <trkpt lat="43.140610" lon="-4.627790"/>
      <trkpt lat="43.140280" lon="-4.627870"/>
      <trkpt lat="43.139590" lon="-4.628060"/>
      <trkpt lat="43.139390" lon="-4.628120"/>
      <trkpt lat="43.139030" lon="-4.628200"/>
      <trkpt lat="43.138780" lon="-4.628280"/>
      <trkpt lat="43.138630" lon="-4.628340"/>
      <trkpt lat="43.138470" lon="-4.628440"/>
      <trkpt lat="43.138290" lon="-4.628580"/>
      <trkpt lat="43.138160" lon="-4.628700"/>
      <trkpt lat="43.138020" lon="-4.628810"/>
      <trkpt lat="43.137860" lon="-4.628950"/>
      <trkpt lat="43.137740" lon="-4.629040"/>
      <trkpt lat="43.137600" lon="-4.629150"/>
      <trkpt lat="43.137470" lon="-4.629250"/>
      <trkpt lat="43.137340" lon="-4.629320"/>
      <trkpt lat="43.136740" lon="-4.629620"/>
      <trkpt lat="43.136350" lon="-4.629810"/>
      <trkpt lat="43.136180" lon="-4.629910"/>
      <trkpt lat="43.135360" lon="-4.630330"/>
      <trkpt lat="43.135200" lon="-4.630410"/>
      <trkpt lat="43.135050" lon="-4.630470"/>
      <trkpt lat="43.134940" lon="-4.630500"/>
      <trkpt lat="43.134900" lon="-4.630510"/>
      <trkpt lat="43.134830" lon="-4.630510"/>
      <trkpt lat="43.134750" lon="-4.630510"/>
      <trkpt lat="43.134590" lon="-4.630470"/>
      <trkpt lat="43.134330" lon="-4.630390"/>
      <trkpt lat="43.133830" lon="-4.630240"/>
      <trkpt lat="43.133660" lon="-4.630200"/>
      <trkpt lat="43.133310" lon="-4.630080"/>
      <trkpt lat="43.133220" lon="-4.630070"/>
      <trkpt lat="43.133130" lon="-4.630090"/>
      <trkpt lat="43.133040" lon="-4.630120"/>
      <trkpt lat="43.132940" lon="-4.630170"/>
      <trkpt lat="43.132780" lon="-4.630280"/>
      <trkpt lat="43.132610" lon="-4.630400"/>
      <trkpt lat="43.132460" lon="-4.630510"/>
      <trkpt lat="43.132330" lon="-4.630600"/>
      <trkpt lat="43.132190" lon="-4.630710"/>
      <trkpt lat="43.132100" lon="-4.630810"/>
      <trkpt lat="43.132010" lon="-4.630880"/>
      <trkpt lat="43.131950" lon="-4.630920"/>
      <trkpt lat="43.131860" lon="-4.630950"/>
      <trkpt lat="43.131780" lon="-4.630960"/>
      <trkpt lat="43.131670" lon="-4.630950"/>
      <trkpt lat="43.130660" lon="-4.630860"/>
      <trkpt lat="43.130500" lon="-4.630840"/>
      <trkpt lat="43.130430" lon="-4.630810"/>
      <trkpt lat="43.130370" lon="-4.630770"/>
      <trkpt lat="43.130310" lon="-4.630720"/>
      <trkpt lat="43.130230" lon="-4.630610"/>
      <trkpt lat="43.130170" lon="-4.630550"/>
      <trkpt lat="43.130090" lon="-4.630470"/>
      <trkpt lat="43.129890" lon="-4.630290"/>
      <trkpt lat="43.129560" lon="-4.630020"/>
      <trkpt lat="43.129230" lon="-4.629770"/>
      <trkpt lat="43.128550" lon="-4.629280"/>
      <trkpt lat="43.128470" lon="-4.629230"/>
      <trkpt lat="43.128370" lon="-4.629190"/>
      <trkpt lat="43.128300" lon="-4.629180"/>
      <trkpt lat="43.128190" lon="-4.629190"/>
      <trkpt lat="43.127730" lon="-4.629220"/>
      <trkpt lat="43.127580" lon="-4.629200"/>
      <trkpt lat="43.127440" lon="-4.629160"/>
      <trkpt lat="43.127300" lon="-4.629120"/>
      <trkpt lat="43.127150" lon="-4.629060"/>
      <trkpt lat="43.126920" lon="-4.628950"/>
      <trkpt lat="43.126710" lon="-4.628840"/>
      <trkpt lat="43.126630" lon="-4.628800"/>
      <trkpt lat="43.126510" lon="-4.628780"/>
      <trkpt lat="43.126350" lon="-4.628770"/>
      <trkpt lat="43.126250" lon="-4.628780"/>
      <trkpt lat="43.126120" lon="-4.628800"/>
      <trkpt lat="43.125950" lon="-4.628790"/>
      <trkpt lat="43.125840" lon="-4.628770"/>
      <trkpt lat="43.125780" lon="-4.628730"/>
      <trkpt lat="43.125710" lon="-4.628680"/>
      <trkpt lat="43.125620" lon="-4.628590"/>
      <trkpt lat="43.125510" lon="-4.628510"/>
      <trkpt lat="43.125400" lon="-4.628470"/>
      <trkpt lat="43.125300" lon="-4.628450"/>
      <trkpt lat="43.125200" lon="-4.628450"/>
      <trkpt lat="43.125060" lon="-4.628480"/>
      <trkpt lat="43.124990" lon="-4.628520"/>
      <trkpt lat="43.124930" lon="-4.628560"/>
      <trkpt lat="43.124790" lon="-4.628630"/>
      <trkpt lat="43.124710" lon="-4.628650"/>
      <trkpt lat="43.124640" lon="-4.628670"/>
      <trkpt lat="43.124540" lon="-4.628670"/>
      <trkpt lat="43.124270" lon="-4.628670"/>
      <trkpt lat="43.124180" lon="-4.628670"/>
      <trkpt lat="43.124090" lon="-4.628670"/>
      <trkpt lat="43.123990" lon="-4.628710"/>
      <trkpt lat="43.123860" lon="-4.628770"/>
      <trkpt lat="43.123620" lon="-4.628910"/>
      <trkpt lat="43.123480" lon="-4.628980"/>
      <trkpt lat="43.123350" lon="-4.629030"/>
      <trkpt lat="43.123220" lon="-4.629050"/>
      <trkpt lat="43.122520" lon="-4.629130"/>
      <trkpt lat="43.121920" lon="-4.629200"/>
      <trkpt lat="43.121720" lon="-4.629230"/>
      <trkpt lat="43.121570" lon="-4.629250"/>
      <trkpt lat="43.121440" lon="-4.629230"/>
      <trkpt lat="43.121370" lon="-4.629220"/>
      <trkpt lat="43.121310" lon="-4.629190"/>
      <trkpt lat="43.121140" lon="-4.629070"/>
      <trkpt lat="43.121080" lon="-4.629030"/>
      <trkpt lat="43.120960" lon="-4.628940"/>
      <trkpt lat="43.120840" lon="-4.628850"/>
      <trkpt lat="43.120710" lon="-4.628770"/>
      <trkpt lat="43.120590" lon="-4.628720"/>
      <trkpt lat="43.120440" lon="-4.628670"/>
      <trkpt lat="43.120340" lon="-4.628660"/>
      <trkpt lat="43.120170" lon="-4.628630"/>
      <trkpt lat="43.120050" lon="-4.628610"/>
      <trkpt lat="43.119910" lon="-4.628590"/>
      <trkpt lat="43.119850" lon="-4.628610"/>
      <trkpt lat="43.119790" lon="-4.628630"/>
      <trkpt lat="43.119730" lon="-4.628670"/>
      <trkpt lat="43.119030" lon="-4.629290"/>
      <trkpt lat="43.118650" lon="-4.629630"/>
      <trkpt lat="43.118470" lon="-4.629780"/>
      <trkpt lat="43.118320" lon="-4.629930"/>
      <trkpt lat="43.118230" lon="-4.630040"/>
      <trkpt lat="43.118140" lon="-4.630160"/>
      <trkpt lat="43.118010" lon="-4.630380"/>
      <trkpt lat="43.117770" lon="-4.630820"/>
      <trkpt lat="43.117500" lon="-4.631300"/>
      <trkpt lat="43.117410" lon="-4.631480"/>
      <trkpt lat="43.117120" lon="-4.631980"/>
      <trkpt lat="43.117070" lon="-4.632070"/>
      <trkpt lat="43.117020" lon="-4.632120"/>
      <trkpt lat="43.116960" lon="-4.632170"/>
      <trkpt lat="43.116900" lon="-4.632240"/>
      <trkpt lat="43.116830" lon="-4.632330"/>
      <trkpt lat="43.116780" lon="-4.632420"/>
      <trkpt lat="43.116700" lon="-4.632570"/>
      <trkpt lat="43.116540" lon="-4.632860"/>
      <trkpt lat="43.116460" lon="-4.633010"/>
      <trkpt lat="43.116400" lon="-4.633120"/>
      <trkpt lat="43.116270" lon="-4.633380"/>
      <trkpt lat="43.116210" lon="-4.633510"/>
      <trkpt lat="43.116160" lon="-4.633610"/>
      <trkpt lat="43.116130" lon="-4.633730"/>
      <trkpt lat="43.116090" lon="-4.633900"/>
      <trkpt lat="43.116050" lon="-4.634120"/>
      <trkpt lat="43.116020" lon="-4.634240"/>
      <trkpt lat="43.115970" lon="-4.634320"/>
      <trkpt lat="43.115910" lon="-4.634390"/>
      <trkpt lat="43.115840" lon="-4.634430"/>
      <trkpt lat="43.115770" lon="-4.634460"/>
      <trkpt lat="43.115650" lon="-4.634490"/>
      <trkpt lat="43.115220" lon="-4.634580"/>
      <trkpt lat="43.115150" lon="-4.634610"/>
      <trkpt lat="43.115100" lon="-4.634640"/>
      <trkpt lat="43.115060" lon="-4.634680"/>
      <trkpt lat="43.115030" lon="-4.634730"/>
      <trkpt lat="43.114980" lon="-4.634850"/>
      <trkpt lat="43.114960" lon="-4.634880"/>
      <trkpt lat="43.114930" lon="-4.634920"/>
      <trkpt lat="43.114900" lon="-4.634940"/>
      <trkpt lat="43.114490" lon="-4.635210"/>
      <trkpt lat="43.114260" lon="-4.635350"/>
      <trkpt lat="43.114190" lon="-4.635390"/>
      <trkpt lat="43.114130" lon="-4.635400"/>
      <trkpt lat="43.114000" lon="-4.635440"/>
      <trkpt lat="43.113900" lon="-4.635460"/>
      <trkpt lat="43.113840" lon="-4.635490"/>
      <trkpt lat="43.113790" lon="-4.635520"/>
      <trkpt lat="43.113740" lon="-4.635560"/>
      <trkpt lat="43.113690" lon="-4.635600"/>
      <trkpt lat="43.113640" lon="-4.635680"/>
      <trkpt lat="43.113570" lon="-4.635790"/>
      <trkpt lat="43.113500" lon="-4.635900"/>
      <trkpt lat="43.113470" lon="-4.635990"/>
      <trkpt lat="43.113450" lon="-4.636060"/>
      <trkpt lat="43.113440" lon="-4.636120"/>
      <trkpt lat="43.113430" lon="-4.636230"/>
      <trkpt lat="43.113430" lon="-4.636340"/>
      <trkpt lat="43.113450" lon="-4.636550"/>
      <trkpt lat="43.113470" lon="-4.636740"/>
      <trkpt lat="43.113490" lon="-4.636870"/>
      <trkpt lat="43.113510" lon="-4.636930"/>
      <trkpt lat="43.113530" lon="-4.636970"/>
      <trkpt lat="43.113560" lon="-4.637020"/>
      <trkpt lat="43.113600" lon="-4.637050"/>
      <trkpt lat="43.113650" lon="-4.637060"/>
      <trkpt lat="43.113680" lon="-4.637050"/>
      <trkpt lat="43.113940" lon="-4.637000"/>
      <trkpt lat="43.113980" lon="-4.637000"/>
      <trkpt lat="43.114020" lon="-4.637010"/>
      <trkpt lat="43.114050" lon="-4.637050"/>
      <trkpt lat="43.114070" lon="-4.637100"/>
      <trkpt lat="43.114080" lon="-4.637160"/>
      <trkpt lat="43.114060" lon="-4.637380"/>
      <trkpt lat="43.114040" lon="-4.637760"/>
      <trkpt lat="43.114030" lon="-4.637900"/>
      <trkpt lat="43.114010" lon="-4.638010"/>
      <trkpt lat="43.113980" lon="-4.638150"/>
      <trkpt lat="43.113950" lon="-4.638260"/>
      <trkpt lat="43.113890" lon="-4.638410"/>
      <trkpt lat="43.113800" lon="-4.638610"/>
      <trkpt lat="43.113750" lon="-4.638720"/>
      <trkpt lat="43.113710" lon="-4.638770"/>
      <trkpt lat="43.113680" lon="-4.638820"/>
      <trkpt lat="43.113610" lon="-4.638900"/>
      <trkpt lat="43.113540" lon="-4.638960"/>
      <trkpt lat="43.113490" lon="-4.638990"/>
      <trkpt lat="43.113430" lon="-4.639020"/>
      <trkpt lat="43.113310" lon="-4.639070"/>
      <trkpt lat="43.113140" lon="-4.639160"/>
      <trkpt lat="43.113020" lon="-4.639240"/>
      <trkpt lat="43.112940" lon="-4.639270"/>
      <trkpt lat="43.112840" lon="-4.639290"/>
      <trkpt lat="43.112760" lon="-4.639290"/>
      <trkpt lat="43.112690" lon="-4.639290"/>
      <trkpt lat="43.112620" lon="-4.639270"/>
      <trkpt lat="43.112420" lon="-4.639200"/>
      <trkpt lat="43.112330" lon="-4.639170"/>
      <trkpt lat="43.112260" lon="-4.639160"/>
      <trkpt lat="43.112120" lon="-4.639150"/>
      <trkpt lat="43.111870" lon="-4.639100"/>
      <trkpt lat="43.111800" lon="-4.639090"/>
      <trkpt lat="43.111740" lon="-4.639100"/>
      <trkpt lat="43.111660" lon="-4.639150"/>
      <trkpt lat="43.111490" lon="-4.639310"/>
      <trkpt lat="43.111420" lon="-4.639380"/>
      <trkpt lat="43.111350" lon="-4.639490"/>
      <trkpt lat="43.111290" lon="-4.639590"/>
      <trkpt lat="43.111260" lon="-4.639670"/>
      <trkpt lat="43.111230" lon="-4.639810"/>
      <trkpt lat="43.111180" lon="-4.639920"/>
      <trkpt lat="43.111130" lon="-4.640000"/>
      <trkpt lat="43.111000" lon="-4.640230"/>
      <trkpt lat="43.110950" lon="-4.640340"/>
      <trkpt lat="43.110920" lon="-4.640470"/>
      <trkpt lat="43.110910" lon="-4.640610"/>
      <trkpt lat="43.110890" lon="-4.640680"/>
      <trkpt lat="43.110870" lon="-4.640730"/>
      <trkpt lat="43.110830" lon="-4.640770"/>
      <trkpt lat="43.110790" lon="-4.640800"/>
      <trkpt lat="43.110740" lon="-4.640820"/>
      <trkpt lat="43.110580" lon="-4.640860"/>
      <trkpt lat="43.110470" lon="-4.640900"/>
      <trkpt lat="43.110340" lon="-4.640990"/>
      <trkpt lat="43.110090" lon="-4.641150"/>
      <trkpt lat="43.109920" lon="-4.641260"/>
      <trkpt lat="43.109860" lon="-4.641310"/>
      <trkpt lat="43.109840" lon="-4.641350"/>
      <trkpt lat="43.109820" lon="-4.641380"/>
      <trkpt lat="43.109800" lon="-4.641440"/>
      <trkpt lat="43.109790" lon="-4.641500"/>
      <trkpt lat="43.109790" lon="-4.641600"/>
      <trkpt lat="43.109800" lon="-4.641840"/>
      <trkpt lat="43.109790" lon="-4.641940"/>
      <trkpt lat="43.109790" lon="-4.641980"/>
      <trkpt lat="43.109770" lon="-4.642040"/>
      <trkpt lat="43.109750" lon="-4.642110"/>
      <trkpt lat="43.109720" lon="-4.642160"/>
      <trkpt lat="43.109680" lon="-4.642210"/>
      <trkpt lat="43.109620" lon="-4.642250"/>
      <trkpt lat="43.109580" lon="-4.642260"/>
      <trkpt lat="43.109530" lon="-4.642260"/>
      <trkpt lat="43.109290" lon="-4.642200"/>
      <trkpt lat="43.109200" lon="-4.642180"/>
      <trkpt lat="43.109110" lon="-4.642160"/>
      <trkpt lat="43.109030" lon="-4.642140"/>
      <trkpt lat="43.108900" lon="-4.642100"/>
      <trkpt lat="43.108790" lon="-4.642060"/>
      <trkpt lat="43.108740" lon="-4.642050"/>
      <trkpt lat="43.108680" lon="-4.642060"/>
      <trkpt lat="43.108600" lon="-4.642060"/>
      <trkpt lat="43.108540" lon="-4.642060"/>
      <trkpt lat="43.108410" lon="-4.642030"/>
      <trkpt lat="43.108240" lon="-4.641980"/>
      <trkpt lat="43.108050" lon="-4.641910"/>
      <trkpt lat="43.107950" lon="-4.641870"/>
      <trkpt lat="43.107880" lon="-4.641830"/>
      <trkpt lat="43.107830" lon="-4.641800"/>
      <trkpt lat="43.107750" lon="-4.641730"/>
      <trkpt lat="43.107690" lon="-4.641670"/>
      <trkpt lat="43.107600" lon="-4.641610"/>
      <trkpt lat="43.107520" lon="-4.641570"/>
      <trkpt lat="43.107030" lon="-4.641370"/>
      <trkpt lat="43.106870" lon="-4.641320"/>
      <trkpt lat="43.106490" lon="-4.641210"/>
      <trkpt lat="43.106400" lon="-4.641190"/>
      <trkpt lat="43.106230" lon="-4.641180"/>
      <trkpt lat="43.106140" lon="-4.641170"/>
      <trkpt lat="43.106060" lon="-4.641150"/>
      <trkpt lat="43.105990" lon="-4.641110"/>
      <trkpt lat="43.105810" lon="-4.640990"/>
      <trkpt lat="43.105730" lon="-4.640940"/>
      <trkpt lat="43.105670" lon="-4.640920"/>
      <trkpt lat="43.105600" lon="-4.640910"/>
      <trkpt lat="43.105520" lon="-4.640930"/>
      <trkpt lat="43.105360" lon="-4.640960"/>
      <trkpt lat="43.105170" lon="-4.641030"/>
      <trkpt lat="43.105050" lon="-4.641080"/>
      <trkpt lat="43.104980" lon="-4.641120"/>
      <trkpt lat="43.104920" lon="-4.641160"/>
      <trkpt lat="43.104860" lon="-4.641230"/>
      <trkpt lat="43.104470" lon="-4.641690"/>
      <trkpt lat="43.104340" lon="-4.641850"/>
      <trkpt lat="43.104250" lon="-4.641960"/>
      <trkpt lat="43.104030" lon="-4.642220"/>
      <trkpt lat="43.103960" lon="-4.642310"/>
      <trkpt lat="43.103860" lon="-4.642400"/>
      <trkpt lat="43.103760" lon="-4.642470"/>
      <trkpt lat="43.103520" lon="-4.642610"/>
      <trkpt lat="43.103440" lon="-4.642680"/>
      <trkpt lat="43.103390" lon="-4.642730"/>
      <trkpt lat="43.103360" lon="-4.642800"/>
      <trkpt lat="43.103350" lon="-4.642850"/>
      <trkpt lat="43.103340" lon="-4.642900"/>
      <trkpt lat="43.103340" lon="-4.643070"/>
      <trkpt lat="43.103330" lon="-4.643230"/>
      <trkpt lat="43.103320" lon="-4.643330"/>
      <trkpt lat="43.103280" lon="-4.643450"/>
      <trkpt lat="43.103250" lon="-4.643510"/>
      <trkpt lat="43.103210" lon="-4.643590"/>
      <trkpt lat="43.103170" lon="-4.643640"/>
      <trkpt lat="43.103090" lon="-4.643710"/>
      <trkpt lat="43.103050" lon="-4.643760"/>
      <trkpt lat="43.103010" lon="-4.643830"/>
      <trkpt lat="43.102990" lon="-4.643890"/>
      <trkpt lat="43.102960" lon="-4.643970"/>
      <trkpt lat="43.102920" lon="-4.644150"/>
      <trkpt lat="43.102850" lon="-4.644460"/>
      <trkpt lat="43.102810" lon="-4.644580"/>
      <trkpt lat="43.102780" lon="-4.644690"/>
      <trkpt lat="43.102750" lon="-4.644760"/>
      <trkpt lat="43.102700" lon="-4.644830"/>
      <trkpt lat="43.102620" lon="-4.644910"/>
      <trkpt lat="43.102470" lon="-4.645010"/>
      <trkpt lat="43.102160" lon="-4.645230"/>
      <trkpt lat="43.101960" lon="-4.645370"/>
      <trkpt lat="43.101830" lon="-4.645460"/>
      <trkpt lat="43.101720" lon="-4.645530"/>
      <trkpt lat="43.101630" lon="-4.645560"/>
      <trkpt lat="43.101530" lon="-4.645600"/>
      <trkpt lat="43.101460" lon="-4.645630"/>
      <trkpt lat="43.101250" lon="-4.645670"/>
      <trkpt lat="43.101170" lon="-4.645700"/>
      <trkpt lat="43.101060" lon="-4.645740"/>
      <trkpt lat="43.100940" lon="-4.645840"/>
      <trkpt lat="43.100890" lon="-4.645880"/>
      <trkpt lat="43.100740" lon="-4.646020"/>
      <trkpt lat="43.100620" lon="-4.646150"/>
      <trkpt lat="43.100470" lon="-4.646310"/>
      <trkpt lat="43.100420" lon="-4.646380"/>
      <trkpt lat="43.100300" lon="-4.646540"/>
      <trkpt lat="43.100240" lon="-4.646610"/>
      <trkpt lat="43.100170" lon="-4.646660"/>
      <trkpt lat="43.100060" lon="-4.646700"/>
      <trkpt lat="43.099930" lon="-4.646730"/>
      <trkpt lat="43.099800" lon="-4.646780"/>
      <trkpt lat="43.099690" lon="-4.646840"/>
      <trkpt lat="43.099500" lon="-4.646970"/>
      <trkpt lat="43.099340" lon="-4.647090"/>
      <trkpt lat="43.098920" lon="-4.647410"/>
      <trkpt lat="43.098530" lon="-4.647670"/>
      <trkpt lat="43.098460" lon="-4.647750"/>
      <trkpt lat="43.098410" lon="-4.647810"/>
      <trkpt lat="43.098360" lon="-4.647880"/>
      <trkpt lat="43.098280" lon="-4.648030"/>
      <trkpt lat="43.098110" lon="-4.648370"/>
      <trkpt lat="43.097940" lon="-4.648710"/>
      <trkpt lat="43.097880" lon="-4.648830"/>
      <trkpt lat="43.097730" lon="-4.649090"/>
      <trkpt lat="43.097600" lon="-4.649340"/>
      <trkpt lat="43.097540" lon="-4.649470"/>
      <trkpt lat="43.097500" lon="-4.649580"/>
      <trkpt lat="43.097480" lon="-4.649690"/>
      <trkpt lat="43.097400" lon="-4.650180"/>
      <trkpt lat="43.097380" lon="-4.650300"/>
      <trkpt lat="43.097350" lon="-4.650420"/>
      <trkpt lat="43.097320" lon="-4.650520"/>
      <trkpt lat="43.097270" lon="-4.650670"/>
      <trkpt lat="43.097210" lon="-4.650800"/>
      <trkpt lat="43.097120" lon="-4.650970"/>
      <trkpt lat="43.096950" lon="-4.651240"/>
      <trkpt lat="43.096870" lon="-4.651360"/>
      <trkpt lat="43.096820" lon="-4.651460"/>
      <trkpt lat="43.096780" lon="-4.651550"/>
      <trkpt lat="43.096740" lon="-4.651660"/>
      <trkpt lat="43.096710" lon="-4.651780"/>
      <trkpt lat="43.096670" lon="-4.651970"/>
      <trkpt lat="43.096630" lon="-4.652240"/>
      <trkpt lat="43.096580" lon="-4.652700"/>
      <trkpt lat="43.096530" lon="-4.653170"/>
      <trkpt lat="43.096470" lon="-4.653960"/>
      <trkpt lat="43.096450" lon="-4.654130"/>
      <trkpt lat="43.096460" lon="-4.654290"/>
      <trkpt lat="43.096470" lon="-4.654430"/>
      <trkpt lat="43.096490" lon="-4.654570"/>
      <trkpt lat="43.096560" lon="-4.654830"/>
      <trkpt lat="43.096640" lon="-4.655100"/>
      <trkpt lat="43.096730" lon="-4.655360"/>
      <trkpt lat="43.096790" lon="-4.655520"/>
      <trkpt lat="43.096870" lon="-4.655700"/>
      <trkpt lat="43.097040" lon="-4.656040"/>
      <trkpt lat="43.097130" lon="-4.656210"/>
      <trkpt lat="43.097160" lon="-4.656300"/>
      <trkpt lat="43.097190" lon="-4.656380"/>
      <trkpt lat="43.097190" lon="-4.656460"/>
      <trkpt lat="43.097190" lon="-4.656510"/>
      <trkpt lat="43.097180" lon="-4.656570"/>
      <trkpt lat="43.097160" lon="-4.656640"/>
      <trkpt lat="43.097110" lon="-4.656720"/>
      <trkpt lat="43.096970" lon="-4.656890"/>
      <trkpt lat="43.096900" lon="-4.656980"/>
      <trkpt lat="43.096850" lon="-4.657060"/>
      <trkpt lat="43.096830" lon="-4.657130"/>
      <trkpt lat="43.096810" lon="-4.657200"/>
      <trkpt lat="43.096790" lon="-4.657300"/>
      <trkpt lat="43.096780" lon="-4.657390"/>
      <trkpt lat="43.096770" lon="-4.657570"/>
      <trkpt lat="43.096780" lon="-4.657920"/>
      <trkpt lat="43.096780" lon="-4.658040"/>
      <trkpt lat="43.096770" lon="-4.658160"/>
      <trkpt lat="43.096730" lon="-4.658310"/>
      <trkpt lat="43.096690" lon="-4.658430"/>
      <trkpt lat="43.096650" lon="-4.658530"/>
      <trkpt lat="43.096610" lon="-4.658590"/>
      <trkpt lat="43.096560" lon="-4.658660"/>
      <trkpt lat="43.096460" lon="-4.658780"/>
      <trkpt lat="43.096360" lon="-4.658870"/>
      <trkpt lat="43.096270" lon="-4.658960"/>
      <trkpt lat="43.096200" lon="-4.659010"/>
      <trkpt lat="43.096140" lon="-4.659040"/>
      <trkpt lat="43.096040" lon="-4.659080"/>
      <trkpt lat="43.095830" lon="-4.659110"/>
      <trkpt lat="43.095750" lon="-4.659130"/>
      <trkpt lat="43.095480" lon="-4.659170"/>
      <trkpt lat="43.095340" lon="-4.659200"/>
      <trkpt lat="43.095280" lon="-4.659210"/>
      <trkpt lat="43.095230" lon="-4.659250"/>
      <trkpt lat="43.095180" lon="-4.659300"/>
      <trkpt lat="43.095130" lon="-4.659380"/>
      <trkpt lat="43.095070" lon="-4.659490"/>
      <trkpt lat="43.095040" lon="-4.659610"/>
      <trkpt lat="43.095020" lon="-4.659690"/>
      <trkpt lat="43.095020" lon="-4.659780"/>
      <trkpt lat="43.095020" lon="-4.659930"/>
      <trkpt lat="43.095050" lon="-4.660120"/>
      <trkpt lat="43.095040" lon="-4.660250"/>
      <trkpt lat="43.095040" lon="-4.660350"/>
      <trkpt lat="43.095010" lon="-4.660440"/>
      <trkpt lat="43.094960" lon="-4.660560"/>
      <trkpt lat="43.094930" lon="-4.660640"/>
      <trkpt lat="43.094870" lon="-4.660720"/>
      <trkpt lat="43.094790" lon="-4.660840"/>
      <trkpt lat="43.094640" lon="-4.661040"/>
      <trkpt lat="43.094470" lon="-4.661240"/>
      <trkpt lat="43.094400" lon="-4.661330"/>
      <trkpt lat="43.094320" lon="-4.661460"/>
      <trkpt lat="43.094240" lon="-4.661610"/>
      <trkpt lat="43.094200" lon="-4.661680"/>
      <trkpt lat="43.094140" lon="-4.661750"/>
      <trkpt lat="43.094080" lon="-4.661810"/>
      <trkpt lat="43.093700" lon="-4.662120"/>
      <trkpt lat="43.093600" lon="-4.662210"/>
      <trkpt lat="43.093480" lon="-4.662320"/>
      <trkpt lat="43.093410" lon="-4.662410"/>
      <trkpt lat="43.093350" lon="-4.662550"/>
      <trkpt lat="43.093300" lon="-4.662680"/>
      <trkpt lat="43.093250" lon="-4.662830"/>
      <trkpt lat="43.093230" lon="-4.662940"/>
      <trkpt lat="43.093210" lon="-4.663070"/>
      <trkpt lat="43.093110" lon="-4.664080"/>
      <trkpt lat="43.093080" lon="-4.664290"/>
      <trkpt lat="43.093050" lon="-4.664470"/>
      <trkpt lat="43.093000" lon="-4.664680"/>
      <trkpt lat="43.092940" lon="-4.664860"/>
      <trkpt lat="43.092890" lon="-4.664980"/>
      <trkpt lat="43.092850" lon="-4.665050"/>
      <trkpt lat="43.092800" lon="-4.665110"/>
      <trkpt lat="43.092720" lon="-4.665180"/>
      <trkpt lat="43.092610" lon="-4.665270"/>
      <trkpt lat="43.092370" lon="-4.665440"/>
      <trkpt lat="43.092260" lon="-4.665540"/>
      <trkpt lat="43.092180" lon="-4.665610"/>
      <trkpt lat="43.092120" lon="-4.665680"/>
      <trkpt lat="43.092050" lon="-4.665780"/>
      <trkpt lat="43.091970" lon="-4.665900"/>
      <trkpt lat="43.091890" lon="-4.666060"/>
      <trkpt lat="43.091770" lon="-4.666340"/>
      <trkpt lat="43.091740" lon="-4.666430"/>
      <trkpt lat="43.091720" lon="-4.666500"/>
      <trkpt lat="43.091710" lon="-4.666570"/>
      <trkpt lat="43.091690" lon="-4.666720"/>
      <trkpt lat="43.091660" lon="-4.666820"/>
      <trkpt lat="43.091630" lon="-4.666880"/>
      <trkpt lat="43.091600" lon="-4.666950"/>
      <trkpt lat="43.091560" lon="-4.667020"/>
      <trkpt lat="43.091460" lon="-4.667150"/>
      <trkpt lat="43.091420" lon="-4.667210"/>
      <trkpt lat="43.091390" lon="-4.667280"/>
      <trkpt lat="43.091330" lon="-4.667440"/>
      <trkpt lat="43.091260" lon="-4.667690"/>
      <trkpt lat="43.091210" lon="-4.667930"/>
      <trkpt lat="43.091200" lon="-4.668030"/>
      <trkpt lat="43.091200" lon="-4.668140"/>
      <trkpt lat="43.091230" lon="-4.668410"/>
      <trkpt lat="43.091250" lon="-4.668650"/>
      <trkpt lat="43.091270" lon="-4.669160"/>
      <trkpt lat="43.091280" lon="-4.669370"/>
      <trkpt lat="43.091270" lon="-4.669450"/>
      <trkpt lat="43.091240" lon="-4.669530"/>
      <trkpt lat="43.091190" lon="-4.669660"/>
      <trkpt lat="43.091070" lon="-4.669900"/>
      <trkpt lat="43.091020" lon="-4.670020"/>
      <trkpt lat="43.090990" lon="-4.670110"/>
      <trkpt lat="43.090970" lon="-4.670190"/>
      <trkpt lat="43.090960" lon="-4.670290"/>
      <trkpt lat="43.090970" lon="-4.670400"/>
      <trkpt lat="43.090990" lon="-4.670560"/>
      <trkpt lat="43.091040" lon="-4.670850"/>
      <trkpt lat="43.091070" lon="-4.671000"/>
      <trkpt lat="43.091120" lon="-4.671170"/>
      <trkpt lat="43.091190" lon="-4.671350"/>
      <trkpt lat="43.091230" lon="-4.671500"/>
      <trkpt lat="43.091250" lon="-4.671640"/>
      <trkpt lat="43.091260" lon="-4.671810"/>
      <trkpt lat="43.091260" lon="-4.672150"/>
      <trkpt lat="43.091250" lon="-4.672610"/>
      <trkpt lat="43.091250" lon="-4.673200"/>
      <trkpt lat="43.091260" lon="-4.673350"/>
      <trkpt lat="43.091270" lon="-4.673430"/>
      <trkpt lat="43.091300" lon="-4.673510"/>
      <trkpt lat="43.091340" lon="-4.673570"/>
      <trkpt lat="43.091380" lon="-4.673600"/>
      <trkpt lat="43.091430" lon="-4.673620"/>
      <trkpt lat="43.091470" lon="-4.673620"/>
      <trkpt lat="43.091550" lon="-4.673580"/>
      <trkpt lat="43.091610" lon="-4.673530"/>
      <trkpt lat="43.091650" lon="-4.673460"/>
      <trkpt lat="43.091670" lon="-4.673330"/>
      <trkpt lat="43.091720" lon="-4.672730"/>
      <trkpt lat="43.091810" lon="-4.671820"/>
      <trkpt lat="43.091860" lon="-4.671130"/>
      <trkpt lat="43.091880" lon="-4.670700"/>
      <trkpt lat="43.091940" lon="-4.669850"/>
      <trkpt lat="43.091950" lon="-4.669710"/>
      <trkpt lat="43.091980" lon="-4.669530"/>
      <trkpt lat="43.092040" lon="-4.669220"/>
      <trkpt lat="43.092100" lon="-4.668940"/>
      <trkpt lat="43.092130" lon="-4.668860"/>
      <trkpt lat="43.092150" lon="-4.668790"/>
      <trkpt lat="43.092200" lon="-4.668700"/>
      <trkpt lat="43.092350" lon="-4.668470"/>
      <trkpt lat="43.092450" lon="-4.668310"/>
      <trkpt lat="43.092570" lon="-4.668120"/>
      <trkpt lat="43.092600" lon="-4.668080"/>
      <trkpt lat="43.092650" lon="-4.668040"/>
      <trkpt lat="43.092710" lon="-4.668020"/>
      <trkpt lat="43.092780" lon="-4.668010"/>
      <trkpt lat="43.092820" lon="-4.668010"/>
      <trkpt lat="43.092880" lon="-4.668040"/>
      <trkpt lat="43.092920" lon="-4.668080"/>
      <trkpt lat="43.092960" lon="-4.668140"/>
      <trkpt lat="43.092980" lon="-4.668190"/>
      <trkpt lat="43.093000" lon="-4.668260"/>
      <trkpt lat="43.093010" lon="-4.668320"/>
      <trkpt lat="43.093010" lon="-4.668420"/>
      <trkpt lat="43.092950" lon="-4.668830"/>
      <trkpt lat="43.092920" lon="-4.668970"/>
      <trkpt lat="43.092890" lon="-4.669050"/>
      <trkpt lat="43.092830" lon="-4.669170"/>
      <trkpt lat="43.092630" lon="-4.669550"/>
      <trkpt lat="43.092590" lon="-4.669640"/>
      <trkpt lat="43.092580" lon="-4.669720"/>
      <trkpt lat="43.092570" lon="-4.669810"/>
      <trkpt lat="43.092580" lon="-4.669930"/>
      <trkpt lat="43.092650" lon="-4.670340"/>
      <trkpt lat="43.092730" lon="-4.670750"/>
      <trkpt lat="43.092780" lon="-4.670900"/>
      <trkpt lat="43.092830" lon="-4.671030"/>
      <trkpt lat="43.092910" lon="-4.671160"/>
      <trkpt lat="43.093250" lon="-4.671640"/>
      <trkpt lat="43.093320" lon="-4.671780"/>
      <trkpt lat="43.093360" lon="-4.671910"/>
      <trkpt lat="43.093400" lon="-4.672070"/>
      <trkpt lat="43.093440" lon="-4.672340"/>
      <trkpt lat="43.093490" lon="-4.672670"/>
      <trkpt lat="43.093550" lon="-4.672970"/>
      <trkpt lat="43.093610" lon="-4.673240"/>
      <trkpt lat="43.093620" lon="-4.673340"/>
      <trkpt lat="43.093630" lon="-4.673430"/>
      <trkpt lat="43.093620" lon="-4.673500"/>
      <trkpt lat="43.093590" lon="-4.673600"/>
      <trkpt lat="43.093480" lon="-4.673800"/>
      <trkpt lat="43.093430" lon="-4.673920"/>
      <trkpt lat="43.093380" lon="-4.674080"/>
      <trkpt lat="43.093230" lon="-4.674700"/>
      <trkpt lat="43.093200" lon="-4.674840"/>
      <trkpt lat="43.093200" lon="-4.674960"/>
      <trkpt lat="43.093200" lon="-4.675030"/>
      <trkpt lat="43.093230" lon="-4.675140"/>
      <trkpt lat="43.093280" lon="-4.675260"/>
      <trkpt lat="43.093400" lon="-4.675500"/>
      <trkpt lat="43.093670" lon="-4.676040"/>
      <trkpt lat="43.094020" lon="-4.676660"/>
      <trkpt lat="43.094080" lon="-4.676780"/>
      <trkpt lat="43.094120" lon="-4.676880"/>
      <trkpt lat="43.094170" lon="-4.677040"/>
      <trkpt lat="43.094250" lon="-4.677390"/>
      <trkpt lat="43.094270" lon="-4.677480"/>
      <trkpt lat="43.094300" lon="-4.677540"/>
      <trkpt lat="43.094350" lon="-4.677610"/>
      <trkpt lat="43.094400" lon="-4.677660"/>
      <trkpt lat="43.094550" lon="-4.677770"/>
      <trkpt lat="43.094660" lon="-4.677830"/>
      <trkpt lat="43.094710" lon="-4.677890"/>
      <trkpt lat="43.094750" lon="-4.677950"/>
      <trkpt lat="43.094770" lon="-4.678030"/>
      <trkpt lat="43.094780" lon="-4.678130"/>
      <trkpt lat="43.094770" lon="-4.678330"/>
      <trkpt lat="43.094720" lon="-4.678690"/>
      <trkpt lat="43.094720" lon="-4.678790"/>
      <trkpt lat="43.094720" lon="-4.678850"/>
      <trkpt lat="43.094740" lon="-4.678940"/>
      <trkpt lat="43.094760" lon="-4.679010"/>
      <trkpt lat="43.094830" lon="-4.679180"/>
      <trkpt lat="43.095180" lon="-4.679980"/>
      <trkpt lat="43.095280" lon="-4.680180"/>
      <trkpt lat="43.095350" lon="-4.680310"/>
      <trkpt lat="43.095400" lon="-4.680380"/>
      <trkpt lat="43.095470" lon="-4.680460"/>
      <trkpt lat="43.095650" lon="-4.680620"/>
      <trkpt lat="43.095740" lon="-4.680710"/>
      <trkpt lat="43.095820" lon="-4.680790"/>
      <trkpt lat="43.095880" lon="-4.680880"/>
      <trkpt lat="43.095980" lon="-4.681030"/>
      <trkpt lat="43.096090" lon="-4.681210"/>
      <trkpt lat="43.096140" lon="-4.681310"/>
      <trkpt lat="43.096190" lon="-4.681360"/>
      <trkpt lat="43.096240" lon="-4.681410"/>
      <trkpt lat="43.096300" lon="-4.681450"/>
      <trkpt lat="43.096390" lon="-4.681480"/>
      <trkpt lat="43.096480" lon="-4.681480"/>
      <trkpt lat="43.096570" lon="-4.681450"/>
      <trkpt lat="43.096640" lon="-4.681400"/>
      <trkpt lat="43.096700" lon="-4.681350"/>
      <trkpt lat="43.096850" lon="-4.681180"/>
      <trkpt lat="43.096900" lon="-4.681140"/>
      <trkpt lat="43.096960" lon="-4.681090"/>
      <trkpt lat="43.097070" lon="-4.681050"/>
      <trkpt lat="43.097220" lon="-4.681020"/>
      <trkpt lat="43.097510" lon="-4.680970"/>
      <trkpt lat="43.097700" lon="-4.680920"/>
      <trkpt lat="43.097760" lon="-4.680910"/>
      <trkpt lat="43.097840" lon="-4.680920"/>
      <trkpt lat="43.097890" lon="-4.680940"/>
      <trkpt lat="43.097940" lon="-4.680990"/>
      <trkpt lat="43.097990" lon="-4.681070"/>
      <trkpt lat="43.098070" lon="-4.681220"/>
      <trkpt lat="43.098140" lon="-4.681370"/>
      <trkpt lat="43.098420" lon="-4.681960"/>
      <trkpt lat="43.098500" lon="-4.682110"/>
      <trkpt lat="43.098550" lon="-4.682210"/>
      <trkpt lat="43.098600" lon="-4.682290"/>
      <trkpt lat="43.098680" lon="-4.682370"/>
      <trkpt lat="43.098760" lon="-4.682430"/>
      <trkpt lat="43.098860" lon="-4.682510"/>
      <trkpt lat="43.098910" lon="-4.682580"/>
      <trkpt lat="43.098960" lon="-4.682660"/>
      <trkpt lat="43.099110" lon="-4.682970"/>
      <trkpt lat="43.099190" lon="-4.683160"/>
      <trkpt lat="43.099220" lon="-4.683230"/>
      <trkpt lat="43.099230" lon="-4.683290"/>
      <trkpt lat="43.099230" lon="-4.683350"/>
      <trkpt lat="43.099220" lon="-4.683400"/>
      <trkpt lat="43.099190" lon="-4.683490"/>
      <trkpt lat="43.099120" lon="-4.683620"/>
      <trkpt lat="43.099060" lon="-4.683710"/>
      <trkpt lat="43.099000" lon="-4.683770"/>
      <trkpt lat="43.098950" lon="-4.683790"/>
      <trkpt lat="43.098910" lon="-4.683810"/>
      <trkpt lat="43.098850" lon="-4.683810"/>
      <trkpt lat="43.098800" lon="-4.683790"/>
      <trkpt lat="43.098750" lon="-4.683770"/>
      <trkpt lat="43.098700" lon="-4.683720"/>
      <trkpt lat="43.098650" lon="-4.683650"/>
      <trkpt lat="43.098580" lon="-4.683540"/>
      <trkpt lat="43.098530" lon="-4.683500"/>
      <trkpt lat="43.098480" lon="-4.683470"/>
      <trkpt lat="43.098420" lon="-4.683450"/>
      <trkpt lat="43.098340" lon="-4.683450"/>
      <trkpt lat="43.098190" lon="-4.683470"/>
      <trkpt lat="43.098120" lon="-4.683460"/>
      <trkpt lat="43.097930" lon="-4.683420"/>
      <trkpt lat="43.097850" lon="-4.683410"/>
      <trkpt lat="43.097760" lon="-4.683410"/>
      <trkpt lat="43.097690" lon="-4.683430"/>
      <trkpt lat="43.097640" lon="-4.683460"/>
      <trkpt lat="43.097600" lon="-4.683520"/>
      <trkpt lat="43.097560" lon="-4.683600"/>
      <trkpt lat="43.097540" lon="-4.683710"/>
      <trkpt lat="43.097540" lon="-4.683790"/>
      <trkpt lat="43.097570" lon="-4.683900"/>
      <trkpt lat="43.097650" lon="-4.684110"/>
      <trkpt lat="43.097700" lon="-4.684230"/>
      <trkpt lat="43.097720" lon="-4.684320"/>
      <trkpt lat="43.097730" lon="-4.684410"/>
      <trkpt lat="43.097730" lon="-4.684490"/>
      <trkpt lat="43.097720" lon="-4.684550"/>
      <trkpt lat="43.097710" lon="-4.684590"/>
      <trkpt lat="43.097660" lon="-4.684680"/>
      <trkpt lat="43.097660" lon="-4.684690"/>
      <trkpt lat="43.097600" lon="-4.684750"/>
      <trkpt lat="43.097520" lon="-4.684800"/>
      <trkpt lat="43.097390" lon="-4.684850"/>
      <trkpt lat="43.097150" lon="-4.684960"/>
      <trkpt lat="43.097020" lon="-4.685030"/>
      <trkpt lat="43.096960" lon="-4.685060"/>
      <trkpt lat="43.096930" lon="-4.685070"/>
      <trkpt lat="43.096900" lon="-4.685070"/>
      <trkpt lat="43.096870" lon="-4.685060"/>
      <trkpt lat="43.096830" lon="-4.685040"/>
      <trkpt lat="43.096700" lon="-4.684960"/>
      <trkpt lat="43.096610" lon="-4.684920"/>
      <trkpt lat="43.096500" lon="-4.684890"/>
      <trkpt lat="43.096380" lon="-4.684880"/>
      <trkpt lat="43.096020" lon="-4.684880"/>
      <trkpt lat="43.095920" lon="-4.684860"/>
      <trkpt lat="43.095840" lon="-4.684850"/>
      <trkpt lat="43.095780" lon="-4.684820"/>
      <trkpt lat="43.095720" lon="-4.684780"/>
      <trkpt lat="43.095670" lon="-4.684740"/>
      <trkpt lat="43.095530" lon="-4.684580"/>
      <trkpt lat="43.095410" lon="-4.684470"/>
      <trkpt lat="43.095300" lon="-4.684410"/>
      <trkpt lat="43.095290" lon="-4.684400"/>
      <trkpt lat="43.095190" lon="-4.684370"/>
      <trkpt lat="43.095110" lon="-4.684380"/>
      <trkpt lat="43.095030" lon="-4.684410"/>
      <trkpt lat="43.094960" lon="-4.684460"/>
      <trkpt lat="43.094900" lon="-4.684520"/>
      <trkpt lat="43.094850" lon="-4.684600"/>
      <trkpt lat="43.094830" lon="-4.684650"/>
      <trkpt lat="43.094800" lon="-4.684700"/>
      <trkpt lat="43.094760" lon="-4.684900"/>
      <trkpt lat="43.094770" lon="-4.685190"/>
      <trkpt lat="43.094800" lon="-4.685910"/>
      <trkpt lat="43.094810" lon="-4.686240"/>
      <trkpt lat="43.094860" lon="-4.687570"/>
      <trkpt lat="43.094910" lon="-4.688730"/>
      <trkpt lat="43.094930" lon="-4.689160"/>
      <trkpt lat="43.094930" lon="-4.689320"/>
      <trkpt lat="43.094910" lon="-4.689450"/>
      <trkpt lat="43.094880" lon="-4.689550"/>
      <trkpt lat="43.094830" lon="-4.689690"/>
      <trkpt lat="43.094710" lon="-4.689950"/>
      <trkpt lat="43.094670" lon="-4.690060"/>
      <trkpt lat="43.094650" lon="-4.690140"/>
      <trkpt lat="43.094630" lon="-4.690230"/>
      <trkpt lat="43.094630" lon="-4.690320"/>
      <trkpt lat="43.094630" lon="-4.690420"/>
      <trkpt lat="43.094660" lon="-4.690580"/>
      <trkpt lat="43.094740" lon="-4.690990"/>
      <trkpt lat="43.094860" lon="-4.691620"/>
      <trkpt lat="43.094890" lon="-4.691730"/>
      <trkpt lat="43.094930" lon="-4.691830"/>
      <trkpt lat="43.095000" lon="-4.691970"/>
      <trkpt lat="43.095170" lon="-4.692280"/>
      <trkpt lat="43.095210" lon="-4.692370"/>
      <trkpt lat="43.095220" lon="-4.692440"/>
      <trkpt lat="43.095210" lon="-4.692510"/>
      <trkpt lat="43.095200" lon="-4.692570"/>
      <trkpt lat="43.095170" lon="-4.692640"/>
      <trkpt lat="43.095120" lon="-4.692710"/>
      <trkpt lat="43.095030" lon="-4.692820"/>
      <trkpt lat="43.094980" lon="-4.692900"/>
      <trkpt lat="43.094880" lon="-4.693110"/>
      <trkpt lat="43.094800" lon="-4.693250"/>
      <trkpt lat="43.094750" lon="-4.693320"/>
      <trkpt lat="43.094690" lon="-4.693380"/>
      <trkpt lat="43.094610" lon="-4.693440"/>
      <trkpt lat="43.094500" lon="-4.693500"/>
      <trkpt lat="43.094440" lon="-4.693580"/>
      <trkpt lat="43.094380" lon="-4.693670"/>
      <trkpt lat="43.094330" lon="-4.693790"/>
      <trkpt lat="43.094300" lon="-4.693920"/>
      <trkpt lat="43.094300" lon="-4.694090"/>
      <trkpt lat="43.094330" lon="-4.694240"/>
      <trkpt lat="43.094370" lon="-4.694350"/>
      <trkpt lat="43.094430" lon="-4.694470"/>
      <trkpt lat="43.094500" lon="-4.694540"/>
      <trkpt lat="43.094610" lon="-4.694630"/>
      <trkpt lat="43.094830" lon="-4.694800"/>
      <trkpt lat="43.094900" lon="-4.694870"/>
      <trkpt lat="43.094960" lon="-4.694940"/>
      <trkpt lat="43.095130" lon="-4.695170"/>
      <trkpt lat="43.095200" lon="-4.695290"/>
      <trkpt lat="43.095230" lon="-4.695350"/>
      <trkpt lat="43.095270" lon="-4.695460"/>
      <trkpt lat="43.095290" lon="-4.695540"/>
      <trkpt lat="43.095310" lon="-4.695640"/>
      <trkpt lat="43.095310" lon="-4.695730"/>
      <trkpt lat="43.095310" lon="-4.695840"/>
      <trkpt lat="43.095280" lon="-4.695940"/>
      <trkpt lat="43.095240" lon="-4.696060"/>
      <trkpt lat="43.095200" lon="-4.696130"/>
      <trkpt lat="43.095140" lon="-4.696210"/>
      <trkpt lat="43.095090" lon="-4.696260"/>
      <trkpt lat="43.095020" lon="-4.696320"/>
      <trkpt lat="43.094850" lon="-4.696420"/>
      <trkpt lat="43.094760" lon="-4.696470"/>
      <trkpt lat="43.094700" lon="-4.696510"/>
      <trkpt lat="43.094640" lon="-4.696560"/>
      <trkpt lat="43.094570" lon="-4.696630"/>
      <trkpt lat="43.094480" lon="-4.696730"/>
      <trkpt lat="43.094310" lon="-4.696930"/>
      <trkpt lat="43.094140" lon="-4.697130"/>
      <trkpt lat="43.094060" lon="-4.697210"/>
      <trkpt lat="43.093990" lon="-4.697270"/>
      <trkpt lat="43.093890" lon="-4.697340"/>
      <trkpt lat="43.093840" lon="-4.697390"/>
      <trkpt lat="43.093800" lon="-4.697450"/>
      <trkpt lat="43.093760" lon="-4.697520"/>
      <trkpt lat="43.093740" lon="-4.697610"/>
      <trkpt lat="43.093720" lon="-4.697700"/>
      <trkpt lat="43.093680" lon="-4.698150"/>
      <trkpt lat="43.093660" lon="-4.698290"/>
      <trkpt lat="43.093640" lon="-4.698400"/>
      <trkpt lat="43.093440" lon="-4.698960"/>
      <trkpt lat="43.093400" lon="-4.699070"/>
      <trkpt lat="43.093370" lon="-4.699190"/>
      <trkpt lat="43.093350" lon="-4.699280"/>
      <trkpt lat="43.093350" lon="-4.699360"/>
      <trkpt lat="43.093350" lon="-4.699430"/>
      <trkpt lat="43.093370" lon="-4.699510"/>
      <trkpt lat="43.093410" lon="-4.699620"/>
      <trkpt lat="43.093450" lon="-4.699710"/>
      <trkpt lat="43.093500" lon="-4.699770"/>
      <trkpt lat="43.093560" lon="-4.699860"/>
      <trkpt lat="43.093610" lon="-4.699910"/>
      <trkpt lat="43.093690" lon="-4.699960"/>
      <trkpt lat="43.093750" lon="-4.699990"/>
      <trkpt lat="43.093960" lon="-4.700060"/>
      <trkpt lat="43.094150" lon="-4.700140"/>
      <trkpt lat="43.094250" lon="-4.700190"/>
      <trkpt lat="43.094500" lon="-4.700340"/>
      <trkpt lat="43.094610" lon="-4.700410"/>
      <trkpt lat="43.094780" lon="-4.700480"/>
      <trkpt lat="43.095270" lon="-4.700670"/>
      <trkpt lat="43.095390" lon="-4.700710"/>
      <trkpt lat="43.095510" lon="-4.700750"/>
      <trkpt lat="43.095760" lon="-4.700800"/>
      <trkpt lat="43.095950" lon="-4.700840"/>
      <trkpt lat="43.096080" lon="-4.700850"/>
      <trkpt lat="43.096180" lon="-4.700850"/>
      <trkpt lat="43.096350" lon="-4.700820"/>
      <trkpt lat="43.096560" lon="-4.700760"/>
      <trkpt lat="43.096650" lon="-4.700750"/>
      <trkpt lat="43.096730" lon="-4.700770"/>
      <trkpt lat="43.096790" lon="-4.700790"/>
      <trkpt lat="43.096830" lon="-4.700820"/>
      <trkpt lat="43.096860" lon="-4.700870"/>
      <trkpt lat="43.096890" lon="-4.700930"/>
      <trkpt lat="43.096920" lon="-4.701010"/>
      <trkpt lat="43.096950" lon="-4.701190"/>
      <trkpt lat="43.096960" lon="-4.701250"/>
      <trkpt lat="43.096980" lon="-4.701320"/>
      <trkpt lat="43.097030" lon="-4.701390"/>
      <trkpt lat="43.097130" lon="-4.701520"/>
      <trkpt lat="43.097260" lon="-4.701650"/>
      <trkpt lat="43.097360" lon="-4.701750"/>
      <trkpt lat="43.097500" lon="-4.701850"/>
      <trkpt lat="43.097670" lon="-4.701960"/>
      <trkpt lat="43.097900" lon="-4.702090"/>
      <trkpt lat="43.097980" lon="-4.702140"/>
      <trkpt lat="43.098060" lon="-4.702210"/>
      <trkpt lat="43.098250" lon="-4.702420"/>
      <trkpt lat="43.098580" lon="-4.702780"/>
      <trkpt lat="43.098650" lon="-4.702870"/>
      <trkpt lat="43.098700" lon="-4.702950"/>
      <trkpt lat="43.098730" lon="-4.703020"/>
      <trkpt lat="43.098740" lon="-4.703070"/>
      <trkpt lat="43.098750" lon="-4.703130"/>
      <trkpt lat="43.098750" lon="-4.703170"/>
      <trkpt lat="43.098740" lon="-4.703220"/>
      <trkpt lat="43.098710" lon="-4.703280"/>
      <trkpt lat="43.098660" lon="-4.703360"/>
      <trkpt lat="43.098160" lon="-4.703900"/>
      <trkpt lat="43.098010" lon="-4.704050"/>
      <trkpt lat="43.097940" lon="-4.704120"/>
      <trkpt lat="43.097820" lon="-4.704180"/>
      <trkpt lat="43.097500" lon="-4.704320"/>
      <trkpt lat="43.097410" lon="-4.704380"/>
      <trkpt lat="43.097360" lon="-4.704430"/>
      <trkpt lat="43.097330" lon="-4.704470"/>
      <trkpt lat="43.097300" lon="-4.704540"/>
      <trkpt lat="43.097280" lon="-4.704630"/>
      <trkpt lat="43.097280" lon="-4.704840"/>
      <trkpt lat="43.097270" lon="-4.704930"/>
      <trkpt lat="43.097250" lon="-4.705000"/>
      <trkpt lat="43.097200" lon="-4.705080"/>
      <trkpt lat="43.097130" lon="-4.705130"/>
      <trkpt lat="43.097050" lon="-4.705160"/>
      <trkpt lat="43.096910" lon="-4.705190"/>
      <trkpt lat="43.096820" lon="-4.705190"/>
      <trkpt lat="43.096660" lon="-4.705150"/>
      <trkpt lat="43.096300" lon="-4.705040"/>
      <trkpt lat="43.096230" lon="-4.705000"/>
      <trkpt lat="43.096160" lon="-4.704950"/>
      <trkpt lat="43.096100" lon="-4.704870"/>
      <trkpt lat="43.096050" lon="-4.704820"/>
      <trkpt lat="43.095980" lon="-4.704770"/>
      <trkpt lat="43.095900" lon="-4.704750"/>
      <trkpt lat="43.095820" lon="-4.704740"/>
      <trkpt lat="43.095700" lon="-4.704740"/>
      <trkpt lat="43.095570" lon="-4.704750"/>
      <trkpt lat="43.095510" lon="-4.704770"/>
      <trkpt lat="43.095450" lon="-4.704800"/>
      <trkpt lat="43.095370" lon="-4.704860"/>
      <trkpt lat="43.095310" lon="-4.704950"/>
      <trkpt lat="43.095220" lon="-4.705110"/>
      <trkpt lat="43.095190" lon="-4.705210"/>
      <trkpt lat="43.095160" lon="-4.705300"/>
      <trkpt lat="43.095160" lon="-4.705400"/>
      <trkpt lat="43.095170" lon="-4.705520"/>
      <trkpt lat="43.095190" lon="-4.705720"/>
      <trkpt lat="43.095200" lon="-4.705910"/>
      <trkpt lat="43.095190" lon="-4.706190"/>
      <trkpt lat="43.095170" lon="-4.706460"/>
      <trkpt lat="43.095140" lon="-4.706600"/>
      <trkpt lat="43.095090" lon="-4.706700"/>
      <trkpt lat="43.095040" lon="-4.706810"/>
      <trkpt lat="43.094940" lon="-4.706960"/>
      <trkpt lat="43.094810" lon="-4.707150"/>
      <trkpt lat="43.094770" lon="-4.707220"/>
      <trkpt lat="43.094750" lon="-4.707300"/>
      <trkpt lat="43.094730" lon="-4.707400"/>
      <trkpt lat="43.094730" lon="-4.707560"/>
      <trkpt lat="43.094730" lon="-4.707740"/>
      <trkpt lat="43.094740" lon="-4.707880"/>
      <trkpt lat="43.094760" lon="-4.708030"/>
      <trkpt lat="43.094910" lon="-4.708860"/>
      <trkpt lat="43.094930" lon="-4.709020"/>
      <trkpt lat="43.094950" lon="-4.709180"/>
      <trkpt lat="43.094980" lon="-4.709910"/>
      <trkpt lat="43.094990" lon="-4.710170"/>
      <trkpt lat="43.094970" lon="-4.710810"/>
      <trkpt lat="43.094970" lon="-4.710930"/>
      <trkpt lat="43.094980" lon="-4.711030"/>
      <trkpt lat="43.094990" lon="-4.711230"/>
      <trkpt lat="43.095010" lon="-4.711450"/>
      <trkpt lat="43.095010" lon="-4.711610"/>
      <trkpt lat="43.094970" lon="-4.712440"/>
      <trkpt lat="43.094970" lon="-4.712540"/>
      <trkpt lat="43.094970" lon="-4.712640"/>
      <trkpt lat="43.094990" lon="-4.712830"/>
      <trkpt lat="43.094990" lon="-4.712920"/>
      <trkpt lat="43.094980" lon="-4.713000"/>
      <trkpt lat="43.094960" lon="-4.713060"/>
      <trkpt lat="43.094930" lon="-4.713130"/>
      <trkpt lat="43.094880" lon="-4.713190"/>
      <trkpt lat="43.094830" lon="-4.713240"/>
      <trkpt lat="43.094780" lon="-4.713270"/>
      <trkpt lat="43.094750" lon="-4.713280"/>
      <trkpt lat="43.094710" lon="-4.713280"/>
      <trkpt lat="43.094660" lon="-4.713250"/>
      <trkpt lat="43.094590" lon="-4.713180"/>
      <trkpt lat="43.094480" lon="-4.713050"/>
      <trkpt lat="43.094390" lon="-4.713000"/>
      <trkpt lat="43.094270" lon="-4.712940"/>
      <trkpt lat="43.094210" lon="-4.712890"/>
      <trkpt lat="43.094140" lon="-4.712840"/>
      <trkpt lat="43.094040" lon="-4.712750"/>
      <trkpt lat="43.094000" lon="-4.712730"/>
      <trkpt lat="43.093950" lon="-4.712730"/>
      <trkpt lat="43.093890" lon="-4.712750"/>
      <trkpt lat="43.093740" lon="-4.712840"/>
      <trkpt lat="43.093680" lon="-4.712870"/>
      <trkpt lat="43.093620" lon="-4.712880"/>
      <trkpt lat="43.093570" lon="-4.712870"/>
      <trkpt lat="43.093510" lon="-4.712850"/>
      <trkpt lat="43.093450" lon="-4.712800"/>
      <trkpt lat="43.093100" lon="-4.712390"/>
      <trkpt lat="43.092740" lon="-4.711960"/>
      <trkpt lat="43.092690" lon="-4.711930"/>
      <trkpt lat="43.092630" lon="-4.711900"/>
      <trkpt lat="43.092580" lon="-4.711910"/>
      <trkpt lat="43.092520" lon="-4.711930"/>
      <trkpt lat="43.092220" lon="-4.712100"/>
      <trkpt lat="43.092120" lon="-4.712140"/>
      <trkpt lat="43.091870" lon="-4.712240"/>
      <trkpt lat="43.091750" lon="-4.712310"/>
      <trkpt lat="43.091590" lon="-4.712430"/>
      <trkpt lat="43.091420" lon="-4.712580"/>
      <trkpt lat="43.091340" lon="-4.712650"/>
      <trkpt lat="43.091260" lon="-4.712760"/>
      <trkpt lat="43.091080" lon="-4.713000"/>
      <trkpt lat="43.091020" lon="-4.713070"/>
      <trkpt lat="43.090920" lon="-4.713150"/>
      <trkpt lat="43.090870" lon="-4.713170"/>
      <trkpt lat="43.090810" lon="-4.713180"/>
      <trkpt lat="43.090770" lon="-4.713170"/>
      <trkpt lat="43.090740" lon="-4.713160"/>
      <trkpt lat="43.090690" lon="-4.713110"/>
      <trkpt lat="43.090580" lon="-4.712970"/>
      <trkpt lat="43.090420" lon="-4.712800"/>
      <trkpt lat="43.090310" lon="-4.712700"/>
      <trkpt lat="43.090170" lon="-4.712600"/>
      <trkpt lat="43.090100" lon="-4.712520"/>
      <trkpt lat="43.090020" lon="-4.712420"/>
      <trkpt lat="43.089960" lon="-4.712360"/>
      <trkpt lat="43.089910" lon="-4.712300"/>
      <trkpt lat="43.089850" lon="-4.712280"/>
      <trkpt lat="43.089790" lon="-4.712270"/>
      <trkpt lat="43.089720" lon="-4.712280"/>
      <trkpt lat="43.089660" lon="-4.712320"/>
      <trkpt lat="43.089600" lon="-4.712380"/>
      <trkpt lat="43.089420" lon="-4.712650"/>
      <trkpt lat="43.089220" lon="-4.712940"/>
      <trkpt lat="43.089080" lon="-4.713110"/>
      <trkpt lat="43.088940" lon="-4.713260"/>
      <trkpt lat="43.088790" lon="-4.713390"/>
      <trkpt lat="43.088680" lon="-4.713470"/>
      <trkpt lat="43.088580" lon="-4.713530"/>
      <trkpt lat="43.088490" lon="-4.713560"/>
      <trkpt lat="43.088260" lon="-4.713630"/>
      <trkpt lat="43.088240" lon="-4.713630"/>
      <trkpt lat="43.088160" lon="-4.713680"/>
      <trkpt lat="43.088090" lon="-4.713790"/>
      <trkpt lat="43.088040" lon="-4.713930"/>
      <trkpt lat="43.088010" lon="-4.714060"/>
      <trkpt lat="43.087970" lon="-4.714360"/>
      <trkpt lat="43.087950" lon="-4.714450"/>
      <trkpt lat="43.087910" lon="-4.714570"/>
      <trkpt lat="43.087870" lon="-4.714650"/>
      <trkpt lat="43.087790" lon="-4.714780"/>
      <trkpt lat="43.087550" lon="-4.715070"/>
      <trkpt lat="43.087430" lon="-4.715190"/>
      <trkpt lat="43.087350" lon="-4.715250"/>
      <trkpt lat="43.087280" lon="-4.715290"/>
      <trkpt lat="43.087180" lon="-4.715320"/>
      <trkpt lat="43.087120" lon="-4.715370"/>
      <trkpt lat="43.087070" lon="-4.715420"/>
      <trkpt lat="43.087010" lon="-4.715510"/>
      <trkpt lat="43.086980" lon="-4.715580"/>
      <trkpt lat="43.086960" lon="-4.715670"/>
      <trkpt lat="43.086950" lon="-4.715800"/>
      <trkpt lat="43.086960" lon="-4.716470"/>
      <trkpt lat="43.086960" lon="-4.716650"/>
      <trkpt lat="43.086950" lon="-4.716780"/>
      <trkpt lat="43.086920" lon="-4.716920"/>
      <trkpt lat="43.086800" lon="-4.717300"/>
      <trkpt lat="43.086750" lon="-4.717470"/>
      <trkpt lat="43.086720" lon="-4.717600"/>
      <trkpt lat="43.086710" lon="-4.717730"/>
      <trkpt lat="43.086710" lon="-4.717920"/>
      <trkpt lat="43.086760" lon="-4.718590"/>
      <trkpt lat="43.086780" lon="-4.718790"/>
      <trkpt lat="43.086880" lon="-4.719270"/>
      <trkpt lat="43.086890" lon="-4.719380"/>
      <trkpt lat="43.086890" lon="-4.719480"/>
      <trkpt lat="43.086870" lon="-4.719580"/>
      <trkpt lat="43.086830" lon="-4.719680"/>
      <trkpt lat="43.086720" lon="-4.719920"/>
      <trkpt lat="43.086650" lon="-4.720130"/>
      <trkpt lat="43.086560" lon="-4.720400"/>
      <trkpt lat="43.086460" lon="-4.720650"/>
      <trkpt lat="43.086390" lon="-4.720810"/>
      <trkpt lat="43.086130" lon="-4.721350"/>
      <trkpt lat="43.086050" lon="-4.721500"/>
      <trkpt lat="43.085950" lon="-4.721650"/>
      <trkpt lat="43.085790" lon="-4.721860"/>
      <trkpt lat="43.085700" lon="-4.721950"/>
      <trkpt lat="43.085630" lon="-4.722010"/>
      <trkpt lat="43.085530" lon="-4.722060"/>
      <trkpt lat="43.085380" lon="-4.722120"/>
      <trkpt lat="43.085190" lon="-4.722180"/>
      <trkpt lat="43.084990" lon="-4.722220"/>
      <trkpt lat="43.084770" lon="-4.722260"/>
      <trkpt lat="43.084450" lon="-4.722300"/>
      <trkpt lat="43.084260" lon="-4.722330"/>
      <trkpt lat="43.084180" lon="-4.722350"/>
      <trkpt lat="43.084130" lon="-4.722370"/>
      <trkpt lat="43.084090" lon="-4.722420"/>
      <trkpt lat="43.084050" lon="-4.722470"/>
      <trkpt lat="43.084020" lon="-4.722540"/>
      <trkpt lat="43.084010" lon="-4.722620"/>
      <trkpt lat="43.084010" lon="-4.722690"/>
      <trkpt lat="43.084020" lon="-4.722760"/>
      <trkpt lat="43.084040" lon="-4.722840"/>
      <trkpt lat="43.084070" lon="-4.722900"/>
      <trkpt lat="43.084110" lon="-4.722940"/>
      <trkpt lat="43.084150" lon="-4.722980"/>
      <trkpt lat="43.084210" lon="-4.723000"/>
      <trkpt lat="43.084280" lon="-4.723000"/>
      <trkpt lat="43.084540" lon="-4.722950"/>
      <trkpt lat="43.084620" lon="-4.722930"/>
      <trkpt lat="43.084710" lon="-4.722890"/>
      <trkpt lat="43.084780" lon="-4.722840"/>
      <trkpt lat="43.084910" lon="-4.722710"/>
      <trkpt lat="43.084970" lon="-4.722650"/>
      <trkpt lat="43.085030" lon="-4.722620"/>
      <trkpt lat="43.085090" lon="-4.722610"/>
      <trkpt lat="43.085140" lon="-4.722620"/>
      <trkpt lat="43.085190" lon="-4.722640"/>
      <trkpt lat="43.085240" lon="-4.722680"/>
      <trkpt lat="43.085350" lon="-4.722760"/>
      <trkpt lat="43.085410" lon="-4.722800"/>
      <trkpt lat="43.085470" lon="-4.722830"/>
      <trkpt lat="43.085570" lon="-4.722850"/>
      <trkpt lat="43.085700" lon="-4.722850"/>
      <trkpt lat="43.085910" lon="-4.722840"/>
      <trkpt lat="43.086010" lon="-4.722830"/>
      <trkpt lat="43.086060" lon="-4.722810"/>
      <trkpt lat="43.086120" lon="-4.722770"/>
      <trkpt lat="43.086180" lon="-4.722700"/>
      <trkpt lat="43.086240" lon="-4.722610"/>
      <trkpt lat="43.086330" lon="-4.722370"/>
      <trkpt lat="43.086400" lon="-4.722240"/>
      <trkpt lat="43.086470" lon="-4.722120"/>
      <trkpt lat="43.086580" lon="-4.722010"/>
      <trkpt lat="43.086710" lon="-4.721880"/>
      <trkpt lat="43.086780" lon="-4.721780"/>
      <trkpt lat="43.086910" lon="-4.721570"/>
      <trkpt lat="43.087090" lon="-4.721260"/>
      <trkpt lat="43.087420" lon="-4.720680"/>
      <trkpt lat="43.087520" lon="-4.720520"/>
      <trkpt lat="43.087720" lon="-4.720280"/>
      <trkpt lat="43.087760" lon="-4.720200"/>
      <trkpt lat="43.087800" lon="-4.720110"/>
      <trkpt lat="43.087820" lon="-4.720000"/>
      <trkpt lat="43.087840" lon="-4.719780"/>
      <trkpt lat="43.087840" lon="-4.719610"/>
      <trkpt lat="43.087820" lon="-4.719380"/>
      <trkpt lat="43.087800" lon="-4.719170"/>
      <trkpt lat="43.087800" lon="-4.719070"/>
      <trkpt lat="43.087820" lon="-4.719000"/>
      <trkpt lat="43.087850" lon="-4.718930"/>
      <trkpt lat="43.087900" lon="-4.718900"/>
      <trkpt lat="43.087970" lon="-4.718900"/>
      <trkpt lat="43.088020" lon="-4.718910"/>
      <trkpt lat="43.088060" lon="-4.718950"/>
      <trkpt lat="43.088080" lon="-4.718990"/>
      <trkpt lat="43.088100" lon="-4.719040"/>
      <trkpt lat="43.088120" lon="-4.719150"/>
      <trkpt lat="43.088120" lon="-4.719300"/>
      <trkpt lat="43.088110" lon="-4.719590"/>
      <trkpt lat="43.088090" lon="-4.719870"/>
      <trkpt lat="43.088040" lon="-4.720190"/>
      <trkpt lat="43.088000" lon="-4.720350"/>
      <trkpt lat="43.087970" lon="-4.720440"/>
      <trkpt lat="43.087940" lon="-4.720520"/>
      <trkpt lat="43.087870" lon="-4.720610"/>
      <trkpt lat="43.087760" lon="-4.720760"/>
      <trkpt lat="43.087700" lon="-4.720860"/>
      <trkpt lat="43.087670" lon="-4.720930"/>
      <trkpt lat="43.087620" lon="-4.721070"/>
      <trkpt lat="43.087540" lon="-4.721360"/>
      <trkpt lat="43.087460" lon="-4.721590"/>
      <trkpt lat="43.087380" lon="-4.721820"/>
      <trkpt lat="43.087340" lon="-4.721970"/>
      <trkpt lat="43.087300" lon="-4.722220"/>
      <trkpt lat="43.087210" lon="-4.722710"/>
      <trkpt lat="43.087190" lon="-4.722880"/>
      <trkpt lat="43.087180" lon="-4.723040"/>
      <trkpt lat="43.087170" lon="-4.723200"/>
      <trkpt lat="43.087190" lon="-4.723390"/>
      <trkpt lat="43.087240" lon="-4.723870"/>
      <trkpt lat="43.087250" lon="-4.724030"/>
      <trkpt lat="43.087240" lon="-4.724130"/>
      <trkpt lat="43.087230" lon="-4.724220"/>
      <trkpt lat="43.087200" lon="-4.724290"/>
      <trkpt lat="43.087160" lon="-4.724350"/>
      <trkpt lat="43.087110" lon="-4.724410"/>
      <trkpt lat="43.087050" lon="-4.724440"/>
      <trkpt lat="43.086930" lon="-4.724490"/>
      <trkpt lat="43.086820" lon="-4.724550"/>
      <trkpt lat="43.086700" lon="-4.724690"/>
      <trkpt lat="43.086660" lon="-4.724750"/>
      <trkpt lat="43.086640" lon="-4.724790"/>
      <trkpt lat="43.086550" lon="-4.725100"/>
      <trkpt lat="43.086480" lon="-4.725310"/>
      <trkpt lat="43.086430" lon="-4.725410"/>
      <trkpt lat="43.086370" lon="-4.725500"/>
      <trkpt lat="43.086300" lon="-4.725570"/>
      <trkpt lat="43.086250" lon="-4.725600"/>
      <trkpt lat="43.086170" lon="-4.725620"/>
      <trkpt lat="43.086080" lon="-4.725630"/>
      <trkpt lat="43.085970" lon="-4.725630"/>
      <trkpt lat="43.085850" lon="-4.725610"/>
      <trkpt lat="43.085740" lon="-4.725580"/>
      <trkpt lat="43.085610" lon="-4.725510"/>
      <trkpt lat="43.085470" lon="-4.725400"/>
      <trkpt lat="43.085320" lon="-4.725260"/>
      <trkpt lat="43.085060" lon="-4.724950"/>
      <trkpt lat="43.084970" lon="-4.724870"/>
      <trkpt lat="43.084910" lon="-4.724830"/>
      <trkpt lat="43.084830" lon="-4.724810"/>
      <trkpt lat="43.084560" lon="-4.724760"/>
      <trkpt lat="43.084310" lon="-4.724720"/>
      <trkpt lat="43.084230" lon="-4.724710"/>
      <trkpt lat="43.084100" lon="-4.724720"/>
      <trkpt lat="43.083950" lon="-4.724760"/>
      <trkpt lat="43.083890" lon="-4.724750"/>
      <trkpt lat="43.083830" lon="-4.724740"/>
      <trkpt lat="43.083750" lon="-4.724700"/>
      <trkpt lat="43.083580" lon="-4.724590"/>
      <trkpt lat="43.083500" lon="-4.724510"/>
      <trkpt lat="43.083430" lon="-4.724430"/>
      <trkpt lat="43.083320" lon="-4.724260"/>
      <trkpt lat="43.083240" lon="-4.724190"/>
      <trkpt lat="43.083180" lon="-4.724130"/>
      <trkpt lat="43.082940" lon="-4.723990"/>
      <trkpt lat="43.082850" lon="-4.723920"/>
      <trkpt lat="43.082700" lon="-4.723770"/>
      <trkpt lat="43.082610" lon="-4.723680"/>
      <trkpt lat="43.082520" lon="-4.723570"/>
      <trkpt lat="43.082360" lon="-4.723330"/>
      <trkpt lat="43.082290" lon="-4.723210"/>
      <trkpt lat="43.082250" lon="-4.723060"/>
      <trkpt lat="43.082210" lon="-4.722890"/>
      <trkpt lat="43.082170" lon="-4.722780"/>
      <trkpt lat="43.082120" lon="-4.722700"/>
      <trkpt lat="43.082070" lon="-4.722650"/>
      <trkpt lat="43.082010" lon="-4.722600"/>
      <trkpt lat="43.081910" lon="-4.722540"/>
      <trkpt lat="43.081850" lon="-4.722490"/>
      <trkpt lat="43.081790" lon="-4.722410"/>
      <trkpt lat="43.081680" lon="-4.722220"/>
      <trkpt lat="43.081610" lon="-4.722160"/>
      <trkpt lat="43.081550" lon="-4.722140"/>
      <trkpt lat="43.081480" lon="-4.722140"/>
      <trkpt lat="43.081430" lon="-4.722160"/>
      <trkpt lat="43.081380" lon="-4.722190"/>
      <trkpt lat="43.081350" lon="-4.722250"/>
      <trkpt lat="43.081300" lon="-4.722400"/>
      <trkpt lat="43.081230" lon="-4.722630"/>
      <trkpt lat="43.081150" lon="-4.722920"/>
      <trkpt lat="43.081110" lon="-4.723050"/>
      <trkpt lat="43.081000" lon="-4.723310"/>
      <trkpt lat="43.080880" lon="-4.723650"/>
      <trkpt lat="43.080820" lon="-4.723810"/>
      <trkpt lat="43.080780" lon="-4.723910"/>
      <trkpt lat="43.080720" lon="-4.724010"/>
      <trkpt lat="43.080620" lon="-4.724180"/>
      <trkpt lat="43.080560" lon="-4.724310"/>
      <trkpt lat="43.080510" lon="-4.724440"/>
      <trkpt lat="43.080460" lon="-4.724620"/>
      <trkpt lat="43.080420" lon="-4.724690"/>
      <trkpt lat="43.080370" lon="-4.724770"/>
      <trkpt lat="43.080320" lon="-4.724830"/>
      <trkpt lat="43.080240" lon="-4.724880"/>
      <trkpt lat="43.080120" lon="-4.724970"/>
      <trkpt lat="43.080060" lon="-4.725020"/>
      <trkpt lat="43.080010" lon="-4.725080"/>
      <trkpt lat="43.079970" lon="-4.725150"/>
      <trkpt lat="43.079880" lon="-4.725300"/>
      <trkpt lat="43.079850" lon="-4.725340"/>
      <trkpt lat="43.079810" lon="-4.725370"/>
      <trkpt lat="43.079780" lon="-4.725390"/>
      <trkpt lat="43.079740" lon="-4.725410"/>
      <trkpt lat="43.079680" lon="-4.725410"/>
      <trkpt lat="43.079510" lon="-4.725370"/>
      <trkpt lat="43.079450" lon="-4.725370"/>
      <trkpt lat="43.079370" lon="-4.725380"/>
      <trkpt lat="43.079220" lon="-4.725450"/>
      <trkpt lat="43.078970" lon="-4.725580"/>
      <trkpt lat="43.078860" lon="-4.725640"/>
      <trkpt lat="43.078780" lon="-4.725710"/>
      <trkpt lat="43.078730" lon="-4.725760"/>
      <trkpt lat="43.078700" lon="-4.725810"/>
      <trkpt lat="43.078610" lon="-4.726030"/>
      <trkpt lat="43.078580" lon="-4.726090"/>
      <trkpt lat="43.078540" lon="-4.726150"/>
      <trkpt lat="43.078330" lon="-4.726350"/>
      <trkpt lat="43.078260" lon="-4.726440"/>
      <trkpt lat="43.078200" lon="-4.726550"/>
      <trkpt lat="43.078110" lon="-4.726740"/>
      <trkpt lat="43.078070" lon="-4.726830"/>
      <trkpt lat="43.078010" lon="-4.726890"/>
      <trkpt lat="43.077930" lon="-4.726960"/>
      <trkpt lat="43.077810" lon="-4.727060"/>
      <trkpt lat="43.077750" lon="-4.727120"/>
      <trkpt lat="43.077700" lon="-4.727180"/>
      <trkpt lat="43.077670" lon="-4.727270"/>
      <trkpt lat="43.077650" lon="-4.727360"/>
      <trkpt lat="43.077620" lon="-4.727590"/>
      <trkpt lat="43.077600" lon="-4.727680"/>
      <trkpt lat="43.077570" lon="-4.727770"/>
      <trkpt lat="43.077510" lon="-4.727870"/>
      <trkpt lat="43.077450" lon="-4.727960"/>
      <trkpt lat="43.077390" lon="-4.728020"/>
      <trkpt lat="43.077340" lon="-4.728040"/>
      <trkpt lat="43.077300" lon="-4.728060"/>
      <trkpt lat="43.077180" lon="-4.728050"/>
      <trkpt lat="43.077130" lon="-4.728050"/>
      <trkpt lat="43.077080" lon="-4.728080"/>
      <trkpt lat="43.077030" lon="-4.728130"/>
      <trkpt lat="43.076960" lon="-4.728210"/>
      <trkpt lat="43.076900" lon="-4.728320"/>
      <trkpt lat="43.076850" lon="-4.728430"/>
      <trkpt lat="43.076820" lon="-4.728540"/>
      <trkpt lat="43.076790" lon="-4.728650"/>
      <trkpt lat="43.076780" lon="-4.728760"/>
      <trkpt lat="43.076760" lon="-4.728920"/>
      <trkpt lat="43.076750" lon="-4.728990"/>
      <trkpt lat="43.076720" lon="-4.729050"/>
      <trkpt lat="43.076680" lon="-4.729090"/>
      <trkpt lat="43.076640" lon="-4.729110"/>
      <trkpt lat="43.076600" lon="-4.729120"/>
      <trkpt lat="43.076550" lon="-4.729110"/>
      <trkpt lat="43.076320" lon="-4.729060"/>
      <trkpt lat="43.076240" lon="-4.729050"/>
      <trkpt lat="43.076160" lon="-4.729070"/>
      <trkpt lat="43.076050" lon="-4.729130"/>
      <trkpt lat="43.075900" lon="-4.729230"/>
      <trkpt lat="43.075660" lon="-4.729430"/>
      <trkpt lat="43.075350" lon="-4.729670"/>
      <trkpt lat="43.075250" lon="-4.729720"/>
      <trkpt lat="43.075190" lon="-4.729740"/>
      <trkpt lat="43.075120" lon="-4.729750"/>
      <trkpt lat="43.075040" lon="-4.729740"/>
      <trkpt lat="43.074930" lon="-4.729720"/>
      <trkpt lat="43.074860" lon="-4.729730"/>
      <trkpt lat="43.074810" lon="-4.729760"/>
      <trkpt lat="43.074760" lon="-4.729810"/>
      <trkpt lat="43.074720" lon="-4.729880"/>
      <trkpt lat="43.074690" lon="-4.729970"/>
      <trkpt lat="43.074670" lon="-4.730100"/>
      <trkpt lat="43.074660" lon="-4.730290"/>
      <trkpt lat="43.074650" lon="-4.730420"/>
      <trkpt lat="43.074560" lon="-4.730880"/>
      <trkpt lat="43.074540" lon="-4.730950"/>
      <trkpt lat="43.074510" lon="-4.731010"/>
      <trkpt lat="43.074480" lon="-4.731050"/>
      <trkpt lat="43.074440" lon="-4.731080"/>
      <trkpt lat="43.074300" lon="-4.731110"/>
      <trkpt lat="43.074230" lon="-4.731130"/>
      <trkpt lat="43.074170" lon="-4.731170"/>
      <trkpt lat="43.074110" lon="-4.731240"/>
      <trkpt lat="43.073950" lon="-4.731500"/>
      <trkpt lat="43.073670" lon="-4.731860"/>
      <trkpt lat="43.073520" lon="-4.732020"/>
      <trkpt lat="43.073460" lon="-4.732080"/>
      <trkpt lat="43.073410" lon="-4.732110"/>
      <trkpt lat="43.073240" lon="-4.732200"/>
      <trkpt lat="43.073150" lon="-4.732290"/>
      <trkpt lat="43.073090" lon="-4.732380"/>
      <trkpt lat="43.073050" lon="-4.732470"/>
      <trkpt lat="43.073030" lon="-4.732550"/>
      <trkpt lat="43.073030" lon="-4.732630"/>
      <trkpt lat="43.073060" lon="-4.732720"/>
      <trkpt lat="43.073090" lon="-4.732780"/>
      <trkpt lat="43.073140" lon="-4.732820"/>
      <trkpt lat="43.073170" lon="-4.732840"/>
      <trkpt lat="43.073250" lon="-4.732840"/>
      <trkpt lat="43.073310" lon="-4.732810"/>
      <trkpt lat="43.073510" lon="-4.732640"/>
      <trkpt lat="43.073710" lon="-4.732470"/>
      <trkpt lat="43.073780" lon="-4.732370"/>
      <trkpt lat="43.073920" lon="-4.732140"/>
      <trkpt lat="43.074000" lon="-4.732020"/>
      <trkpt lat="43.074100" lon="-4.731940"/>
      <trkpt lat="43.074230" lon="-4.731880"/>
      <trkpt lat="43.074370" lon="-4.731810"/>
      <trkpt lat="43.074480" lon="-4.731790"/>
      <trkpt lat="43.074530" lon="-4.731790"/>
      <trkpt lat="43.074580" lon="-4.731800"/>
      <trkpt lat="43.074700" lon="-4.731870"/>
      <trkpt lat="43.074750" lon="-4.731880"/>
      <trkpt lat="43.074820" lon="-4.731870"/>
      <trkpt lat="43.074880" lon="-4.731840"/>
      <trkpt lat="43.074920" lon="-4.731800"/>
      <trkpt lat="43.074990" lon="-4.731710"/>
      <trkpt lat="43.075070" lon="-4.731570"/>
      <trkpt lat="43.075240" lon="-4.731150"/>
      <trkpt lat="43.075300" lon="-4.731010"/>
      <trkpt lat="43.075350" lon="-4.730920"/>
      <trkpt lat="43.075460" lon="-4.730790"/>
      <trkpt lat="43.075610" lon="-4.730660"/>
      <trkpt lat="43.075700" lon="-4.730610"/>
      <trkpt lat="43.075760" lon="-4.730600"/>
      <trkpt lat="43.075830" lon="-4.730590"/>
      <trkpt lat="43.075910" lon="-4.730610"/>
      <trkpt lat="43.076000" lon="-4.730660"/>
      <trkpt lat="43.076100" lon="-4.730740"/>
      <trkpt lat="43.076160" lon="-4.730780"/>
      <trkpt lat="43.076240" lon="-4.730810"/>
      <trkpt lat="43.076330" lon="-4.730830"/>
      <trkpt lat="43.076410" lon="-4.730830"/>
      <trkpt lat="43.076510" lon="-4.730810"/>
      <trkpt lat="43.076610" lon="-4.730790"/>
      <trkpt lat="43.076690" lon="-4.730770"/>
      <trkpt lat="43.076740" lon="-4.730780"/>
      <trkpt lat="43.076780" lon="-4.730820"/>
      <trkpt lat="43.076810" lon="-4.730870"/>
      <trkpt lat="43.076820" lon="-4.730930"/>
      <trkpt lat="43.076810" lon="-4.730990"/>
      <trkpt lat="43.076800" lon="-4.731030"/>
      <trkpt lat="43.076760" lon="-4.731080"/>
      <trkpt lat="43.076700" lon="-4.731120"/>
      <trkpt lat="43.076640" lon="-4.731120"/>
      <trkpt lat="43.076520" lon="-4.731120"/>
      <trkpt lat="43.076040" lon="-4.731060"/>
      <trkpt lat="43.075940" lon="-4.731050"/>
      <trkpt lat="43.075860" lon="-4.731070"/>
      <trkpt lat="43.075800" lon="-4.731100"/>
      <trkpt lat="43.075710" lon="-4.731170"/>
      <trkpt lat="43.075630" lon="-4.731280"/>
      <trkpt lat="43.075560" lon="-4.731420"/>
      <trkpt lat="43.075480" lon="-4.731610"/>
      <trkpt lat="43.075400" lon="-4.731800"/>
      <trkpt lat="43.075360" lon="-4.731920"/>
      <trkpt lat="43.075320" lon="-4.732060"/>
      <trkpt lat="43.075290" lon="-4.732230"/>
      <trkpt lat="43.075220" lon="-4.732570"/>
      <trkpt lat="43.075170" lon="-4.732840"/>
      <trkpt lat="43.075120" lon="-4.733010"/>
      <trkpt lat="43.075090" lon="-4.733100"/>
      <trkpt lat="43.075050" lon="-4.733190"/>
      <trkpt lat="43.074890" lon="-4.733490"/>
      <trkpt lat="43.074850" lon="-4.733610"/>
      <trkpt lat="43.074780" lon="-4.733830"/>
      <trkpt lat="43.074740" lon="-4.734000"/>
      <trkpt lat="43.074710" lon="-4.734160"/>
      <trkpt lat="43.074680" lon="-4.734420"/>
      <trkpt lat="43.074650" lon="-4.734540"/>
      <trkpt lat="43.074620" lon="-4.734630"/>
      <trkpt lat="43.074590" lon="-4.734690"/>
      <trkpt lat="43.074550" lon="-4.734750"/>
      <trkpt lat="43.074460" lon="-4.734820"/>
      <trkpt lat="43.074140" lon="-4.735030"/>
      <trkpt lat="43.073440" lon="-4.735510"/>
      <trkpt lat="43.073300" lon="-4.735610"/>
      <trkpt lat="43.073230" lon="-4.735670"/>
      <trkpt lat="43.073150" lon="-4.735790"/>
      <trkpt lat="43.073110" lon="-4.735900"/>
      <trkpt lat="43.073070" lon="-4.736010"/>
      <trkpt lat="43.073060" lon="-4.736160"/>
      <trkpt lat="43.073050" lon="-4.736290"/>
      <trkpt lat="43.073050" lon="-4.736410"/>
      <trkpt lat="43.073060" lon="-4.736520"/>
      <trkpt lat="43.073090" lon="-4.736660"/>
      <trkpt lat="43.073130" lon="-4.736770"/>
      <trkpt lat="43.073210" lon="-4.736910"/>
      <trkpt lat="43.073280" lon="-4.737020"/>
      <trkpt lat="43.073360" lon="-4.737100"/>
      <trkpt lat="43.073440" lon="-4.737180"/>
      <trkpt lat="43.073520" lon="-4.737230"/>
      <trkpt lat="43.073620" lon="-4.737260"/>
      <trkpt lat="43.073700" lon="-4.737280"/>
      <trkpt lat="43.073830" lon="-4.737300"/>
      <trkpt lat="43.073930" lon="-4.737290"/>
      <trkpt lat="43.074020" lon="-4.737260"/>
      <trkpt lat="43.074110" lon="-4.737210"/>
      <trkpt lat="43.074190" lon="-4.737150"/>
      <trkpt lat="43.074250" lon="-4.737060"/>
      <trkpt lat="43.074320" lon="-4.736940"/>
      <trkpt lat="43.074350" lon="-4.736810"/>
      <trkpt lat="43.074380" lon="-4.736630"/>
      <trkpt lat="43.074420" lon="-4.736500"/>
      <trkpt lat="43.074450" lon="-4.736400"/>
      <trkpt lat="43.074510" lon="-4.736310"/>
      <trkpt lat="43.074590" lon="-4.736220"/>
      <trkpt lat="43.074670" lon="-4.736140"/>
      <trkpt lat="43.074730" lon="-4.736070"/>
      <trkpt lat="43.074800" lon="-4.735990"/>
      <trkpt lat="43.074860" lon="-4.735900"/>
      <trkpt lat="43.074960" lon="-4.735720"/>
      <trkpt lat="43.075070" lon="-4.735560"/>
      <trkpt lat="43.075230" lon="-4.735340"/>
      <trkpt lat="43.075340" lon="-4.735160"/>
      <trkpt lat="43.075450" lon="-4.734970"/>
      <trkpt lat="43.075590" lon="-4.734720"/>
      <trkpt lat="43.075670" lon="-4.734550"/>
      <trkpt lat="43.075720" lon="-4.734390"/>
      <trkpt lat="43.075770" lon="-4.734230"/>
      <trkpt lat="43.075810" lon="-4.734140"/>
      <trkpt lat="43.075850" lon="-4.734060"/>
      <trkpt lat="43.075890" lon="-4.733990"/>
      <trkpt lat="43.075950" lon="-4.733920"/>
      <trkpt lat="43.076050" lon="-4.733840"/>
      <trkpt lat="43.076180" lon="-4.733730"/>
      <trkpt lat="43.076290" lon="-4.733620"/>
      <trkpt lat="43.076370" lon="-4.733510"/>
      <trkpt lat="43.076430" lon="-4.733400"/>
      <trkpt lat="43.076500" lon="-4.733270"/>
      <trkpt lat="43.076570" lon="-4.733140"/>
      <trkpt lat="43.076600" lon="-4.733100"/>
      <trkpt lat="43.076650" lon="-4.733090"/>
      <trkpt lat="43.076670" lon="-4.733090"/>
      <trkpt lat="43.076710" lon="-4.733100"/>
      <trkpt lat="43.076750" lon="-4.733130"/>
      <trkpt lat="43.076760" lon="-4.733180"/>
      <trkpt lat="43.076770" lon="-4.733220"/>
      <trkpt lat="43.076770" lon="-4.733280"/>
      <trkpt lat="43.076760" lon="-4.733330"/>
      <trkpt lat="43.076720" lon="-4.733400"/>
      <trkpt lat="43.076670" lon="-4.733480"/>
      <trkpt lat="43.076550" lon="-4.733640"/>
      <trkpt lat="43.076420" lon="-4.733860"/>
      <trkpt lat="43.076340" lon="-4.734030"/>
      <trkpt lat="43.076270" lon="-4.734190"/>
      <trkpt lat="43.076200" lon="-4.734340"/>
      <trkpt lat="43.076140" lon="-4.734520"/>
      <trkpt lat="43.076090" lon="-4.734740"/>
      <trkpt lat="43.076040" lon="-4.734930"/>
      <trkpt lat="43.075970" lon="-4.735160"/>
      <trkpt lat="43.075790" lon="-4.735720"/>
      <trkpt lat="43.075620" lon="-4.736210"/>
      <trkpt lat="43.075560" lon="-4.736420"/>
      <trkpt lat="43.075520" lon="-4.736540"/>
      <trkpt lat="43.075500" lon="-4.736670"/>
      <trkpt lat="43.075490" lon="-4.736840"/>
      <trkpt lat="43.075490" lon="-4.737470"/>
      <trkpt lat="43.075480" lon="-4.737840"/>
      <trkpt lat="43.075480" lon="-4.737950"/>
      <trkpt lat="43.075460" lon="-4.738040"/>
      <trkpt lat="43.075440" lon="-4.738140"/>
      <trkpt lat="43.075400" lon="-4.738240"/>
      <trkpt lat="43.075340" lon="-4.738360"/>
      <trkpt lat="43.075290" lon="-4.738460"/>
      <trkpt lat="43.075180" lon="-4.738640"/>
      <trkpt lat="43.075060" lon="-4.738810"/>
      <trkpt lat="43.074910" lon="-4.739020"/>
      <trkpt lat="43.074750" lon="-4.739210"/>
      <trkpt lat="43.074610" lon="-4.739360"/>
      <trkpt lat="43.074460" lon="-4.739490"/>
      <trkpt lat="43.074290" lon="-4.739620"/>
      <trkpt lat="43.074200" lon="-4.739680"/>
      <trkpt lat="43.074110" lon="-4.739710"/>
      <trkpt lat="43.074000" lon="-4.739740"/>
      <trkpt lat="43.073930" lon="-4.739750"/>
      <trkpt lat="43.073830" lon="-4.739750"/>
      <trkpt lat="43.073480" lon="-4.739740"/>
      <trkpt lat="43.073400" lon="-4.739740"/>
      <trkpt lat="43.073340" lon="-4.739750"/>
      <trkpt lat="43.073280" lon="-4.739770"/>
      <trkpt lat="43.073220" lon="-4.739810"/>
      <trkpt lat="43.073160" lon="-4.739860"/>
      <trkpt lat="43.073120" lon="-4.739920"/>
      <trkpt lat="43.073080" lon="-4.739980"/>
      <trkpt lat="43.073040" lon="-4.740080"/>
      <trkpt lat="43.072900" lon="-4.740460"/>
      <trkpt lat="43.072860" lon="-4.740570"/>
      <trkpt lat="43.072730" lon="-4.740910"/>
      <trkpt lat="43.072620" lon="-4.741200"/>
      <trkpt lat="43.072580" lon="-4.741300"/>
      <trkpt lat="43.072540" lon="-4.741370"/>
      <trkpt lat="43.072490" lon="-4.741430"/>
      <trkpt lat="43.072460" lon="-4.741460"/>
      <trkpt lat="43.072410" lon="-4.741510"/>
      <trkpt lat="43.072360" lon="-4.741530"/>
      <trkpt lat="43.072270" lon="-4.741580"/>
      <trkpt lat="43.072190" lon="-4.741630"/>
      <trkpt lat="43.072110" lon="-4.741690"/>
      <trkpt lat="43.072050" lon="-4.741750"/>
      <trkpt lat="43.072000" lon="-4.741810"/>
      <trkpt lat="43.071960" lon="-4.741870"/>
      <trkpt lat="43.071930" lon="-4.741940"/>
      <trkpt lat="43.071720" lon="-4.742380"/>
      <trkpt lat="43.071600" lon="-4.742620"/>
      <trkpt lat="43.071550" lon="-4.742730"/>
      <trkpt lat="43.071510" lon="-4.742820"/>
      <trkpt lat="43.071480" lon="-4.742930"/>
      <trkpt lat="43.071450" lon="-4.743020"/>
      <trkpt lat="43.071440" lon="-4.743110"/>
      <trkpt lat="43.071420" lon="-4.743220"/>
      <trkpt lat="43.071420" lon="-4.743310"/>
      <trkpt lat="43.071410" lon="-4.743460"/>
      <trkpt lat="43.071410" lon="-4.743910"/>
      <trkpt lat="43.071410" lon="-4.744070"/>
      <trkpt lat="43.071420" lon="-4.744200"/>
      <trkpt lat="43.071440" lon="-4.744350"/>
      <trkpt lat="43.071470" lon="-4.744480"/>
      <trkpt lat="43.071510" lon="-4.744690"/>
      <trkpt lat="43.071530" lon="-4.744800"/>
      <trkpt lat="43.071540" lon="-4.744920"/>
      <trkpt lat="43.071560" lon="-4.745060"/>
      <trkpt lat="43.071580" lon="-4.745220"/>
      <trkpt lat="43.071590" lon="-4.745370"/>
      <trkpt lat="43.071590" lon="-4.745530"/>
      <trkpt lat="43.071610" lon="-4.745870"/>
      <trkpt lat="43.071620" lon="-4.746140"/>
      <trkpt lat="43.071630" lon="-4.746340"/>
      <trkpt lat="43.071660" lon="-4.746590"/>
      <trkpt lat="43.071690" lon="-4.746820"/>
      <trkpt lat="43.071730" lon="-4.747100"/>
      <trkpt lat="43.071780" lon="-4.747490"/>
      <trkpt lat="43.071810" lon="-4.747670"/>
      <trkpt lat="43.071840" lon="-4.747860"/>
      <trkpt lat="43.071880" lon="-4.748060"/>
      <trkpt lat="43.071930" lon="-4.748270"/>
      <trkpt lat="43.072020" lon="-4.748690"/>
      <trkpt lat="43.072040" lon="-4.748800"/>
      <trkpt lat="43.072050" lon="-4.748860"/>
      <trkpt lat="43.072040" lon="-4.748930"/>
      <trkpt lat="43.072030" lon="-4.748980"/>
      <trkpt lat="43.072010" lon="-4.749020"/>
      <trkpt lat="43.071980" lon="-4.749050"/>
      <trkpt lat="43.071950" lon="-4.749080"/>
      <trkpt lat="43.071920" lon="-4.749110"/>
      <trkpt lat="43.071850" lon="-4.749130"/>
      <trkpt lat="43.071780" lon="-4.749170"/>
      <trkpt lat="43.071720" lon="-4.749190"/>
      <trkpt lat="43.071680" lon="-4.749220"/>
      <trkpt lat="43.071650" lon="-4.749240"/>
      <trkpt lat="43.071620" lon="-4.749280"/>
      <trkpt lat="43.071590" lon="-4.749330"/>
      <trkpt lat="43.071560" lon="-4.749390"/>
      <trkpt lat="43.071520" lon="-4.749510"/>
      <trkpt lat="43.071460" lon="-4.749700"/>
      <trkpt lat="43.071410" lon="-4.749910"/>
      <trkpt lat="43.071340" lon="-4.750130"/>
      <trkpt lat="43.071280" lon="-4.750330"/>
      <trkpt lat="43.071220" lon="-4.750520"/>
      <trkpt lat="43.071120" lon="-4.750800"/>
      <trkpt lat="43.071060" lon="-4.751000"/>
      <trkpt lat="43.071000" lon="-4.751160"/>
      <trkpt lat="43.070930" lon="-4.751330"/>
      <trkpt lat="43.070850" lon="-4.751530"/>
      <trkpt lat="43.070790" lon="-4.751690"/>
      <trkpt lat="43.070710" lon="-4.751850"/>
      <trkpt lat="43.070650" lon="-4.751980"/>
      <trkpt lat="43.070610" lon="-4.752060"/>
      <trkpt lat="43.070560" lon="-4.752130"/>
      <trkpt lat="43.070510" lon="-4.752200"/>
      <trkpt lat="43.070380" lon="-4.752360"/>
      <trkpt lat="43.070290" lon="-4.752480"/>
      <trkpt lat="43.070210" lon="-4.752610"/>
      <trkpt lat="43.070140" lon="-4.752730"/>
      <trkpt lat="43.070080" lon="-4.752860"/>
      <trkpt lat="43.070030" lon="-4.752990"/>
      <trkpt lat="43.069960" lon="-4.753160"/>
      <trkpt lat="43.069910" lon="-4.753280"/>
      <trkpt lat="43.069880" lon="-4.753410"/>
      <trkpt lat="43.069840" lon="-4.753530"/>
      <trkpt lat="43.069810" lon="-4.753670"/>
      <trkpt lat="43.069780" lon="-4.753810"/>
      <trkpt lat="43.069750" lon="-4.753990"/>
      <trkpt lat="43.069720" lon="-4.754140"/>
      <trkpt lat="43.069700" lon="-4.754260"/>
      <trkpt lat="43.069700" lon="-4.754360"/>
      <trkpt lat="43.069690" lon="-4.754470"/>
      <trkpt lat="43.069690" lon="-4.754650"/>
      <trkpt lat="43.069690" lon="-4.754860"/>
      <trkpt lat="43.069690" lon="-4.754940"/>
      <trkpt lat="43.069680" lon="-4.755010"/>
      <trkpt lat="43.069670" lon="-4.755080"/>
      <trkpt lat="43.069650" lon="-4.755140"/>
      <trkpt lat="43.069620" lon="-4.755210"/>
      <trkpt lat="43.069580" lon="-4.755270"/>
      <trkpt lat="43.069540" lon="-4.755330"/>
      <trkpt lat="43.069470" lon="-4.755400"/>
      <trkpt lat="43.069410" lon="-4.755470"/>
      <trkpt lat="43.069360" lon="-4.755540"/>
      <trkpt lat="43.069320" lon="-4.755610"/>
      <trkpt lat="43.069290" lon="-4.755680"/>
      <trkpt lat="43.069260" lon="-4.755780"/>
      <trkpt lat="43.069240" lon="-4.755870"/>
      <trkpt lat="43.069220" lon="-4.755940"/>
      <trkpt lat="43.069210" lon="-4.756030"/>
      <trkpt lat="43.069210" lon="-4.756110"/>
      <trkpt lat="43.069210" lon="-4.756220"/>
      <trkpt lat="43.069220" lon="-4.756390"/>
      <trkpt lat="43.069240" lon="-4.756530"/>
      <trkpt lat="43.069280" lon="-4.756980"/>
      <trkpt lat="43.069310" lon="-4.757250"/>
      <trkpt lat="43.069330" lon="-4.757390"/>
      <trkpt lat="43.069350" lon="-4.757500"/>
      <trkpt lat="43.069370" lon="-4.757570"/>
      <trkpt lat="43.069400" lon="-4.757670"/>
      <trkpt lat="43.069450" lon="-4.757780"/>
      <trkpt lat="43.069530" lon="-4.757930"/>
      <trkpt lat="43.069580" lon="-4.758030"/>
      <trkpt lat="43.069610" lon="-4.758110"/>
      <trkpt lat="43.069640" lon="-4.758200"/>
      <trkpt lat="43.069660" lon="-4.758270"/>
      <trkpt lat="43.069660" lon="-4.758340"/>
      <trkpt lat="43.069660" lon="-4.758420"/>
      <trkpt lat="43.069660" lon="-4.758490"/>
      <trkpt lat="43.069640" lon="-4.758570"/>
      <trkpt lat="43.069620" lon="-4.758640"/>
      <trkpt lat="43.069560" lon="-4.758850"/>
      <trkpt lat="43.069480" lon="-4.759090"/>
      <trkpt lat="43.069440" lon="-4.759190"/>
      <trkpt lat="43.069420" lon="-4.759250"/>
      <trkpt lat="43.069380" lon="-4.759320"/>
      <trkpt lat="43.069340" lon="-4.759370"/>
      <trkpt lat="43.069300" lon="-4.759410"/>
      <trkpt lat="43.069250" lon="-4.759450"/>
      <trkpt lat="43.069190" lon="-4.759490"/>
      <trkpt lat="43.069090" lon="-4.759540"/>
      <trkpt lat="43.068880" lon="-4.759640"/>
      <trkpt lat="43.068820" lon="-4.759660"/>
      <trkpt lat="43.068760" lon="-4.759700"/>
      <trkpt lat="43.068710" lon="-4.759740"/>
      <trkpt lat="43.068660" lon="-4.759780"/>
      <trkpt lat="43.068610" lon="-4.759830"/>
      <trkpt lat="43.068570" lon="-4.759880"/>
      <trkpt lat="43.068530" lon="-4.759940"/>
      <trkpt lat="43.068500" lon="-4.760010"/>
      <trkpt lat="43.068470" lon="-4.760070"/>
      <trkpt lat="43.068440" lon="-4.760130"/>
      <trkpt lat="43.068390" lon="-4.760300"/>
      <trkpt lat="43.068340" lon="-4.760450"/>
      <trkpt lat="43.068290" lon="-4.760630"/>
      <trkpt lat="43.068270" lon="-4.760750"/>
      <trkpt lat="43.068250" lon="-4.760850"/>
      <trkpt lat="43.068240" lon="-4.760970"/>
      <trkpt lat="43.068250" lon="-4.761090"/>
      <trkpt lat="43.068250" lon="-4.761170"/>
      <trkpt lat="43.068260" lon="-4.761230"/>
      <trkpt lat="43.068280" lon="-4.761370"/>
      <trkpt lat="43.068300" lon="-4.761500"/>
      <trkpt lat="43.068320" lon="-4.761600"/>
      <trkpt lat="43.068320" lon="-4.761680"/>
      <trkpt lat="43.068320" lon="-4.761750"/>
      <trkpt lat="43.068310" lon="-4.761830"/>
      <trkpt lat="43.068300" lon="-4.761900"/>
      <trkpt lat="43.068280" lon="-4.761980"/>
      <trkpt lat="43.068250" lon="-4.762060"/>
      <trkpt lat="43.068190" lon="-4.762220"/>
      <trkpt lat="43.068110" lon="-4.762420"/>
      <trkpt lat="43.067940" lon="-4.762860"/>
      <trkpt lat="43.067800" lon="-4.763230"/>
      <trkpt lat="43.067750" lon="-4.763370"/>
      <trkpt lat="43.067700" lon="-4.763530"/>
      <trkpt lat="43.067660" lon="-4.763720"/>
      <trkpt lat="43.067590" lon="-4.763980"/>
      <trkpt lat="43.067540" lon="-4.764190"/>
      <trkpt lat="43.067500" lon="-4.764350"/>
      <trkpt lat="43.067470" lon="-4.764450"/>
      <trkpt lat="43.067440" lon="-4.764530"/>
      <trkpt lat="43.067400" lon="-4.764620"/>
      <trkpt lat="43.067340" lon="-4.764750"/>
      <trkpt lat="43.067230" lon="-4.764930"/>
      <trkpt lat="43.067170" lon="-4.765050"/>
      <trkpt lat="43.067120" lon="-4.765150"/>
      <trkpt lat="43.067080" lon="-4.765260"/>
      <trkpt lat="43.067060" lon="-4.765370"/>
      <trkpt lat="43.067020" lon="-4.765500"/>
      <trkpt lat="43.067010" lon="-4.765580"/>
      <trkpt lat="43.066980" lon="-4.765740"/>
      <trkpt lat="43.066940" lon="-4.765940"/>
      <trkpt lat="43.066890" lon="-4.766240"/>
      <trkpt lat="43.066860" lon="-4.766400"/>
      <trkpt lat="43.066840" lon="-4.766530"/>
      <trkpt lat="43.066840" lon="-4.766580"/>
      <trkpt lat="43.066830" lon="-4.766680"/>
      <trkpt lat="43.066820" lon="-4.766760"/>
      <trkpt lat="43.066820" lon="-4.766850"/>
      <trkpt lat="43.066820" lon="-4.766980"/>
      <trkpt lat="43.066830" lon="-4.767300"/>
      <trkpt lat="43.066830" lon="-4.767940"/>
      <trkpt lat="43.066830" lon="-4.768800"/>
      <trkpt lat="43.066840" lon="-4.769530"/>
      <trkpt lat="43.066840" lon="-4.769920"/>
      <trkpt lat="43.066850" lon="-4.770350"/>
      <trkpt lat="43.066860" lon="-4.770540"/>
      <trkpt lat="43.066880" lon="-4.770770"/>
      <trkpt lat="43.066900" lon="-4.770920"/>
      <trkpt lat="43.066910" lon="-4.771040"/>
      <trkpt lat="43.066900" lon="-4.771170"/>
      <trkpt lat="43.066890" lon="-4.771340"/>
      <trkpt lat="43.066860" lon="-4.771580"/>
      <trkpt lat="43.066810" lon="-4.771990"/>
      <trkpt lat="43.066780" lon="-4.772280"/>
      <trkpt lat="43.066770" lon="-4.772490"/>
      <trkpt lat="43.066760" lon="-4.772630"/>
      <trkpt lat="43.066740" lon="-4.772750"/>
      <trkpt lat="43.066720" lon="-4.772830"/>
      <trkpt lat="43.066700" lon="-4.772890"/>
      <trkpt lat="43.066690" lon="-4.772940"/>
      <trkpt lat="43.066660" lon="-4.772970"/>
      <trkpt lat="43.066640" lon="-4.773000"/>
      <trkpt lat="43.066610" lon="-4.773040"/>
      <trkpt lat="43.066440" lon="-4.773190"/>
      <trkpt lat="43.066250" lon="-4.773390"/>
      <trkpt lat="43.066170" lon="-4.773480"/>
      <trkpt lat="43.066130" lon="-4.773540"/>
      <trkpt lat="43.066100" lon="-4.773590"/>
      <trkpt lat="43.066070" lon="-4.773650"/>
      <trkpt lat="43.065910" lon="-4.773990"/>
      <trkpt lat="43.065780" lon="-4.774290"/>
      <trkpt lat="43.065610" lon="-4.774700"/>
      <trkpt lat="43.065540" lon="-4.774890"/>
      <trkpt lat="43.065500" lon="-4.774990"/>
      <trkpt lat="43.065480" lon="-4.775080"/>
      <trkpt lat="43.065460" lon="-4.775170"/>
      <trkpt lat="43.065450" lon="-4.775260"/>
      <trkpt lat="43.065440" lon="-4.775380"/>
      <trkpt lat="43.065440" lon="-4.775540"/>
      <trkpt lat="43.065450" lon="-4.775690"/>
      <trkpt lat="43.065460" lon="-4.775820"/>
      <trkpt lat="43.065470" lon="-4.775980"/>
      <trkpt lat="43.065480" lon="-4.776100"/>
      <trkpt lat="43.065500" lon="-4.776360"/>
      <trkpt lat="43.065520" lon="-4.776560"/>
      <trkpt lat="43.065540" lon="-4.776710"/>
      <trkpt lat="43.065550" lon="-4.776800"/>
      <trkpt lat="43.065570" lon="-4.776870"/>
      <trkpt lat="43.065590" lon="-4.776930"/>
      <trkpt lat="43.065600" lon="-4.776980"/>
      <trkpt lat="43.065620" lon="-4.777020"/>
      <trkpt lat="43.065650" lon="-4.777060"/>
      <trkpt lat="43.065670" lon="-4.777090"/>
      <trkpt lat="43.065710" lon="-4.777130"/>
      <trkpt lat="43.065740" lon="-4.777150"/>
      <trkpt lat="43.065790" lon="-4.777180"/>
      <trkpt lat="43.065930" lon="-4.777250"/>
      <trkpt lat="43.066000" lon="-4.777290"/>
      <trkpt lat="43.066040" lon="-4.777330"/>
      <trkpt lat="43.066090" lon="-4.777400"/>
      <trkpt lat="43.066130" lon="-4.777460"/>
      <trkpt lat="43.066150" lon="-4.777530"/>
      <trkpt lat="43.066180" lon="-4.777610"/>
      <trkpt lat="43.066190" lon="-4.777690"/>
      <trkpt lat="43.066200" lon="-4.777780"/>
      <trkpt lat="43.066230" lon="-4.777990"/>
      <trkpt lat="43.066240" lon="-4.778130"/>
      <trkpt lat="43.066260" lon="-4.778200"/>
      <trkpt lat="43.066270" lon="-4.778260"/>
      <trkpt lat="43.066290" lon="-4.778300"/>
      <trkpt lat="43.066310" lon="-4.778340"/>
      <trkpt lat="43.066330" lon="-4.778360"/>
      <trkpt lat="43.066360" lon="-4.778380"/>
      <trkpt lat="43.066390" lon="-4.778400"/>
      <trkpt lat="43.066430" lon="-4.778410"/>
      <trkpt lat="43.066470" lon="-4.778400"/>
      <trkpt lat="43.066500" lon="-4.778390"/>
      <trkpt lat="43.066530" lon="-4.778380"/>
      <trkpt lat="43.066560" lon="-4.778350"/>
      <trkpt lat="43.066580" lon="-4.778310"/>
      <trkpt lat="43.066610" lon="-4.778280"/>
      <trkpt lat="43.066740" lon="-4.778080"/>
      <trkpt lat="43.066830" lon="-4.777950"/>
      <trkpt lat="43.066860" lon="-4.777910"/>
      <trkpt lat="43.066880" lon="-4.777890"/>
      <trkpt lat="43.066910" lon="-4.777870"/>
      <trkpt lat="43.066940" lon="-4.777860"/>
      <trkpt lat="43.066970" lon="-4.777860"/>
      <trkpt lat="43.067000" lon="-4.777860"/>
      <trkpt lat="43.067060" lon="-4.777900"/>
      <trkpt lat="43.067080" lon="-4.777920"/>
      <trkpt lat="43.067100" lon="-4.777940"/>
      <trkpt lat="43.067120" lon="-4.777970"/>
      <trkpt lat="43.067140" lon="-4.777990"/>
      <trkpt lat="43.067150" lon="-4.778010"/>
      <trkpt lat="43.067150" lon="-4.778040"/>
      <trkpt lat="43.067160" lon="-4.778060"/>
      <trkpt lat="43.067160" lon="-4.778090"/>
      <trkpt lat="43.067160" lon="-4.778120"/>
      <trkpt lat="43.067150" lon="-4.778200"/>
      <trkpt lat="43.067140" lon="-4.778470"/>
      <trkpt lat="43.067140" lon="-4.778630"/>
      <trkpt lat="43.067140" lon="-4.778780"/>
      <trkpt lat="43.067140" lon="-4.778930"/>
      <trkpt lat="43.067160" lon="-4.779040"/>
      <trkpt lat="43.067170" lon="-4.779120"/>
      <trkpt lat="43.067180" lon="-4.779210"/>
      <trkpt lat="43.067200" lon="-4.779290"/>
      <trkpt lat="43.067230" lon="-4.779350"/>
      <trkpt lat="43.067270" lon="-4.779410"/>
      <trkpt lat="43.067310" lon="-4.779450"/>
      <trkpt lat="43.067380" lon="-4.779480"/>
      <trkpt lat="43.067540" lon="-4.779550"/>
      <trkpt lat="43.067650" lon="-4.779590"/>
      <trkpt lat="43.067760" lon="-4.779620"/>
      <trkpt lat="43.067860" lon="-4.779630"/>
      <trkpt lat="43.067940" lon="-4.779620"/>
      <trkpt lat="43.068030" lon="-4.779610"/>
      <trkpt lat="43.068100" lon="-4.779580"/>
      <trkpt lat="43.068180" lon="-4.779530"/>
      <trkpt lat="43.068310" lon="-4.779450"/>
      <trkpt lat="43.068370" lon="-4.779430"/>
      <trkpt lat="43.068430" lon="-4.779430"/>
      <trkpt lat="43.068490" lon="-4.779460"/>
      <trkpt lat="43.068550" lon="-4.779500"/>
      <trkpt lat="43.068610" lon="-4.779560"/>
      <trkpt lat="43.068650" lon="-4.779590"/>
      <trkpt lat="43.068690" lon="-4.779650"/>
      <trkpt lat="43.068710" lon="-4.779710"/>
      <trkpt lat="43.068740" lon="-4.779790"/>
      <trkpt lat="43.068760" lon="-4.779900"/>
      <trkpt lat="43.068790" lon="-4.780080"/>
      <trkpt lat="43.068810" lon="-4.780200"/>
      <trkpt lat="43.068830" lon="-4.780310"/>
      <trkpt lat="43.068830" lon="-4.780420"/>
      <trkpt lat="43.068820" lon="-4.780500"/>
      <trkpt lat="43.068800" lon="-4.780570"/>
      <trkpt lat="43.068760" lon="-4.780650"/>
      <trkpt lat="43.068720" lon="-4.780680"/>
      <trkpt lat="43.068670" lon="-4.780720"/>
      <trkpt lat="43.068620" lon="-4.780750"/>
      <trkpt lat="43.068560" lon="-4.780760"/>
      <trkpt lat="43.068500" lon="-4.780770"/>
      <trkpt lat="43.068430" lon="-4.780770"/>
      <trkpt lat="43.068360" lon="-4.780760"/>
      <trkpt lat="43.068200" lon="-4.780710"/>
      <trkpt lat="43.068120" lon="-4.780700"/>
      <trkpt lat="43.068030" lon="-4.780710"/>
      <trkpt lat="43.067930" lon="-4.780740"/>
      <trkpt lat="43.067850" lon="-4.780790"/>
      <trkpt lat="43.067770" lon="-4.780840"/>
      <trkpt lat="43.067720" lon="-4.780890"/>
      <trkpt lat="43.067680" lon="-4.780920"/>
      <trkpt lat="43.067640" lon="-4.780960"/>
      <trkpt lat="43.067610" lon="-4.781010"/>
      <trkpt lat="43.067580" lon="-4.781060"/>
      <trkpt lat="43.067550" lon="-4.781110"/>
      <trkpt lat="43.067540" lon="-4.781160"/>
      <trkpt lat="43.067520" lon="-4.781220"/>
      <trkpt lat="43.067520" lon="-4.781280"/>
      <trkpt lat="43.067510" lon="-4.781350"/>
      <trkpt lat="43.067520" lon="-4.781420"/>
      <trkpt lat="43.067530" lon="-4.781490"/>
      <trkpt lat="43.067580" lon="-4.781720"/>
      <trkpt lat="43.067600" lon="-4.781790"/>
      <trkpt lat="43.067600" lon="-4.781860"/>
      <trkpt lat="43.067590" lon="-4.781930"/>
      <trkpt lat="43.067570" lon="-4.781990"/>
      <trkpt lat="43.067540" lon="-4.782050"/>
      <trkpt lat="43.067510" lon="-4.782080"/>
      <trkpt lat="43.067460" lon="-4.782120"/>
      <trkpt lat="43.067410" lon="-4.782140"/>
      <trkpt lat="43.067340" lon="-4.782150"/>
      <trkpt lat="43.067240" lon="-4.782150"/>
      <trkpt lat="43.067150" lon="-4.782140"/>
      <trkpt lat="43.067060" lon="-4.782120"/>
      <trkpt lat="43.066990" lon="-4.782110"/>
      <trkpt lat="43.066900" lon="-4.782110"/>
      <trkpt lat="43.066760" lon="-4.782130"/>
      <trkpt lat="43.066620" lon="-4.782160"/>
      <trkpt lat="43.066520" lon="-4.782180"/>
      <trkpt lat="43.066440" lon="-4.782210"/>
      <trkpt lat="43.066360" lon="-4.782240"/>
      <trkpt lat="43.066290" lon="-4.782290"/>
      <trkpt lat="43.066210" lon="-4.782360"/>
      <trkpt lat="43.066130" lon="-4.782440"/>
      <trkpt lat="43.066050" lon="-4.782530"/>
      <trkpt lat="43.065980" lon="-4.782610"/>
      <trkpt lat="43.065930" lon="-4.782700"/>
      <trkpt lat="43.065890" lon="-4.782770"/>
      <trkpt lat="43.065850" lon="-4.782830"/>
      <trkpt lat="43.065800" lon="-4.782870"/>
      <trkpt lat="43.065750" lon="-4.782900"/>
      <trkpt lat="43.065700" lon="-4.782920"/>
      <trkpt lat="43.065650" lon="-4.782930"/>
      <trkpt lat="43.065430" lon="-4.782950"/>
      <trkpt lat="43.065340" lon="-4.782960"/>
      <trkpt lat="43.065270" lon="-4.782980"/>
      <trkpt lat="43.065210" lon="-4.783010"/>
      <trkpt lat="43.065150" lon="-4.783060"/>
      <trkpt lat="43.065090" lon="-4.783120"/>
      <trkpt lat="43.065050" lon="-4.783190"/>
      <trkpt lat="43.065000" lon="-4.783270"/>
      <trkpt lat="43.064940" lon="-4.783380"/>
      <trkpt lat="43.064660" lon="-4.783990"/>
      <trkpt lat="43.064190" lon="-4.785000"/>
      <trkpt lat="43.064110" lon="-4.785160"/>
      <trkpt lat="43.064030" lon="-4.785270"/>
      <trkpt lat="43.063980" lon="-4.785350"/>
      <trkpt lat="43.063920" lon="-4.785410"/>
      <trkpt lat="43.063860" lon="-4.785460"/>
      <trkpt lat="43.063690" lon="-4.785580"/>
      <trkpt lat="43.063600" lon="-4.785660"/>
      <trkpt lat="43.063530" lon="-4.785740"/>
      <trkpt lat="43.063340" lon="-4.785940"/>
      <trkpt lat="43.063250" lon="-4.786040"/>
      <trkpt lat="43.063160" lon="-4.786170"/>
      <trkpt lat="43.063080" lon="-4.786250"/>
      <trkpt lat="43.063030" lon="-4.786300"/>
      <trkpt lat="43.062960" lon="-4.786360"/>
      <trkpt lat="43.062880" lon="-4.786420"/>
      <trkpt lat="43.062750" lon="-4.786510"/>
      <trkpt lat="43.062660" lon="-4.786590"/>
      <trkpt lat="43.062590" lon="-4.786660"/>
      <trkpt lat="43.062500" lon="-4.786740"/>
      <trkpt lat="43.062320" lon="-4.786940"/>
      <trkpt lat="43.062130" lon="-4.787160"/>
      <trkpt lat="43.062020" lon="-4.787300"/>
      <trkpt lat="43.061930" lon="-4.787420"/>
      <trkpt lat="43.061840" lon="-4.787560"/>
      <trkpt lat="43.061680" lon="-4.787830"/>
      <trkpt lat="43.061560" lon="-4.788050"/>
      <trkpt lat="43.061510" lon="-4.788150"/>
      <trkpt lat="43.061480" lon="-4.788240"/>
      <trkpt lat="43.061450" lon="-4.788320"/>
      <trkpt lat="43.061430" lon="-4.788400"/>
      <trkpt lat="43.061420" lon="-4.788490"/>
      <trkpt lat="43.061370" lon="-4.788800"/>
      <trkpt lat="43.061360" lon="-4.788860"/>
      <trkpt lat="43.061280" lon="-4.789160"/>
      <trkpt lat="43.061190" lon="-4.789520"/>
      <trkpt lat="43.061170" lon="-4.789590"/>
      <trkpt lat="43.061140" lon="-4.789660"/>
      <trkpt lat="43.061100" lon="-4.789710"/>
      <trkpt lat="43.061050" lon="-4.789770"/>
      <trkpt lat="43.061000" lon="-4.789810"/>
      <trkpt lat="43.060940" lon="-4.789840"/>
      <trkpt lat="43.060880" lon="-4.789860"/>
      <trkpt lat="43.060760" lon="-4.789890"/>
      <trkpt lat="43.060440" lon="-4.789960"/>
      <trkpt lat="43.060390" lon="-4.789990"/>
      <trkpt lat="43.060340" lon="-4.790020"/>
      <trkpt lat="43.060300" lon="-4.790070"/>
      <trkpt lat="43.060250" lon="-4.790150"/>
      <trkpt lat="43.060180" lon="-4.790250"/>
      <trkpt lat="43.059940" lon="-4.790710"/>
      <trkpt lat="43.059880" lon="-4.790820"/>
      <trkpt lat="43.059800" lon="-4.790930"/>
      <trkpt lat="43.059640" lon="-4.791150"/>
      <trkpt lat="43.059570" lon="-4.791250"/>
      <trkpt lat="43.059500" lon="-4.791380"/>
      <trkpt lat="43.059420" lon="-4.791590"/>
      <trkpt lat="43.059360" lon="-4.791740"/>
      <trkpt lat="43.059300" lon="-4.791830"/>
      <trkpt lat="43.059230" lon="-4.791910"/>
      <trkpt lat="43.059130" lon="-4.792030"/>
      <trkpt lat="43.059010" lon="-4.792180"/>
      <trkpt lat="43.058860" lon="-4.792370"/>
      <trkpt lat="43.058720" lon="-4.792570"/>
      <trkpt lat="43.058620" lon="-4.792690"/>
      <trkpt lat="43.058530" lon="-4.792780"/>
      <trkpt lat="43.058430" lon="-4.792880"/>
      <trkpt lat="43.058370" lon="-4.792920"/>
      <trkpt lat="43.058310" lon="-4.792950"/>
      <trkpt lat="43.058260" lon="-4.792950"/>
      <trkpt lat="43.058190" lon="-4.792940"/>
      <trkpt lat="43.058120" lon="-4.792910"/>
      <trkpt lat="43.058000" lon="-4.792870"/>
      <trkpt lat="43.057830" lon="-4.792810"/>
      <trkpt lat="43.057670" lon="-4.792770"/>
      <trkpt lat="43.057510" lon="-4.792730"/>
      <trkpt lat="43.057390" lon="-4.792700"/>
      <trkpt lat="43.057300" lon="-4.792690"/>
      <trkpt lat="43.057220" lon="-4.792690"/>
      <trkpt lat="43.057140" lon="-4.792700"/>
      <trkpt lat="43.057060" lon="-4.792720"/>
      <trkpt lat="43.057000" lon="-4.792740"/>
      <trkpt lat="43.056930" lon="-4.792780"/>
      <trkpt lat="43.056870" lon="-4.792830"/>
      <trkpt lat="43.056810" lon="-4.792870"/>
      <trkpt lat="43.056750" lon="-4.792920"/>
      <trkpt lat="43.056700" lon="-4.792970"/>
      <trkpt lat="43.056540" lon="-4.793150"/>
      <trkpt lat="43.056270" lon="-4.793470"/>
      <trkpt lat="43.056180" lon="-4.793560"/>
      <trkpt lat="43.056060" lon="-4.793680"/>
      <trkpt lat="43.055950" lon="-4.793770"/>
      <trkpt lat="43.055780" lon="-4.793960"/>
      <trkpt lat="43.055590" lon="-4.794160"/>
      <trkpt lat="43.055450" lon="-4.794300"/>
      <trkpt lat="43.055320" lon="-4.794430"/>
      <trkpt lat="43.055140" lon="-4.794570"/>
      <trkpt lat="43.055070" lon="-4.794620"/>
      <trkpt lat="43.054950" lon="-4.794710"/>
      <trkpt lat="43.054790" lon="-4.794820"/>
      <trkpt lat="43.054680" lon="-4.794920"/>
      <trkpt lat="43.054570" lon="-4.795040"/>
      <trkpt lat="43.054460" lon="-4.795150"/>
      <trkpt lat="43.054290" lon="-4.795370"/>
      <trkpt lat="43.054030" lon="-4.795740"/>
      <trkpt lat="43.053850" lon="-4.795950"/>
      <trkpt lat="43.053760" lon="-4.796050"/>
      <trkpt lat="43.053650" lon="-4.796140"/>
      <trkpt lat="43.053510" lon="-4.796240"/>
      <trkpt lat="43.053420" lon="-4.796280"/>
      <trkpt lat="43.053320" lon="-4.796320"/>
      <trkpt lat="43.053200" lon="-4.796340"/>
      <trkpt lat="43.053080" lon="-4.796370"/>
      <trkpt lat="43.053020" lon="-4.796380"/>
      <trkpt lat="43.052970" lon="-4.796400"/>
      <trkpt lat="43.052870" lon="-4.796460"/>
      <trkpt lat="43.052770" lon="-4.796530"/>
      <trkpt lat="43.052740" lon="-4.796560"/>
      <trkpt lat="43.052710" lon="-4.796600"/>
      <trkpt lat="43.052680" lon="-4.796640"/>
      <trkpt lat="43.052670" lon="-4.796680"/>
      <trkpt lat="43.052660" lon="-4.796720"/>
      <trkpt lat="43.052650" lon="-4.796780"/>
      <trkpt lat="43.052650" lon="-4.796840"/>
      <trkpt lat="43.052670" lon="-4.796900"/>
      <trkpt lat="43.052690" lon="-4.796960"/>
      <trkpt lat="43.052720" lon="-4.797020"/>
      <trkpt lat="43.052760" lon="-4.797080"/>
      <trkpt lat="43.052830" lon="-4.797140"/>
      <trkpt lat="43.052920" lon="-4.797240"/>
      <trkpt lat="43.053110" lon="-4.797450"/>
      <trkpt lat="43.053270" lon="-4.797630"/>
      <trkpt lat="43.053390" lon="-4.797780"/>
      <trkpt lat="43.053460" lon="-4.797900"/>
      <trkpt lat="43.053510" lon="-4.798000"/>
      <trkpt lat="43.053570" lon="-4.798120"/>
      <trkpt lat="43.053630" lon="-4.798250"/>
      <trkpt lat="43.053680" lon="-4.798390"/>
      <trkpt lat="43.053720" lon="-4.798530"/>
      <trkpt lat="43.053760" lon="-4.798680"/>
      <trkpt lat="43.053780" lon="-4.798840"/>
      <trkpt lat="43.053800" lon="-4.798980"/>
      <trkpt lat="43.053800" lon="-4.799080"/>
      <trkpt lat="43.053810" lon="-4.799310"/>
      <trkpt lat="43.053810" lon="-4.799450"/>
      <trkpt lat="43.053820" lon="-4.799540"/>
      <trkpt lat="43.053840" lon="-4.799610"/>
      <trkpt lat="43.053910" lon="-4.799880"/>
      <trkpt lat="43.054010" lon="-4.800270"/>
      <trkpt lat="43.054020" lon="-4.800310"/>
      <trkpt lat="43.054020" lon="-4.800380"/>
      <trkpt lat="43.054020" lon="-4.800440"/>
      <trkpt lat="43.054020" lon="-4.800510"/>
      <trkpt lat="43.054010" lon="-4.800600"/>
      <trkpt lat="43.053910" lon="-4.801170"/>
      <trkpt lat="43.053880" lon="-4.801400"/>
      <trkpt lat="43.053860" lon="-4.801510"/>
      <trkpt lat="43.053850" lon="-4.801700"/>
      <trkpt lat="43.053850" lon="-4.801910"/>
      <trkpt lat="43.053840" lon="-4.802110"/>
      <trkpt lat="43.053830" lon="-4.802290"/>
      <trkpt lat="43.053820" lon="-4.802360"/>
      <trkpt lat="43.053790" lon="-4.802450"/>
      <trkpt lat="43.053740" lon="-4.802550"/>
      <trkpt lat="43.053690" lon="-4.802630"/>
      <trkpt lat="43.053600" lon="-4.802720"/>
      <trkpt lat="43.053490" lon="-4.802830"/>
      <trkpt lat="43.053170" lon="-4.803120"/>
      <trkpt lat="43.053060" lon="-4.803230"/>
      <trkpt lat="43.053000" lon="-4.803300"/>
      <trkpt lat="43.052960" lon="-4.803370"/>
      <trkpt lat="43.052940" lon="-4.803450"/>
      <trkpt lat="43.052910" lon="-4.803550"/>
      <trkpt lat="43.052740" lon="-4.804220"/>
      <trkpt lat="43.052720" lon="-4.804330"/>
      <trkpt lat="43.052720" lon="-4.804420"/>
      <trkpt lat="43.052720" lon="-4.804510"/>
      <trkpt lat="43.052730" lon="-4.804610"/>
      <trkpt lat="43.052750" lon="-4.804750"/>
      <trkpt lat="43.052790" lon="-4.805000"/>
      <trkpt lat="43.052810" lon="-4.805190"/>
      <trkpt lat="43.052820" lon="-4.805330"/>
      <trkpt lat="43.052820" lon="-4.805510"/>
      <trkpt lat="43.052830" lon="-4.805760"/>
      <trkpt lat="43.052830" lon="-4.805870"/>
      <trkpt lat="43.052840" lon="-4.805960"/>
      <trkpt lat="43.052850" lon="-4.806040"/>
      <trkpt lat="43.052880" lon="-4.806120"/>
      <trkpt lat="43.052900" lon="-4.806190"/>
      <trkpt lat="43.052930" lon="-4.806280"/>
      <trkpt lat="43.053110" lon="-4.806750"/>
      <trkpt lat="43.053200" lon="-4.807000"/>
      <trkpt lat="43.053220" lon="-4.807060"/>
      <trkpt lat="43.053250" lon="-4.807130"/>
      <trkpt lat="43.053280" lon="-4.807180"/>
      <trkpt lat="43.053480" lon="-4.807470"/>
      <trkpt lat="43.053540" lon="-4.807590"/>
      <trkpt lat="43.053590" lon="-4.807690"/>
      <trkpt lat="43.053630" lon="-4.807790"/>
      <trkpt lat="43.053840" lon="-4.808310"/>
      <trkpt lat="43.053890" lon="-4.808450"/>
      <trkpt lat="43.053910" lon="-4.808560"/>
      <trkpt lat="43.053940" lon="-4.808700"/>
      <trkpt lat="43.053960" lon="-4.808820"/>
      <trkpt lat="43.053960" lon="-4.808920"/>
      <trkpt lat="43.053970" lon="-4.809040"/>
      <trkpt lat="43.053960" lon="-4.809150"/>
      <trkpt lat="43.053960" lon="-4.809250"/>
      <trkpt lat="43.053900" lon="-4.810210"/>
      <trkpt lat="43.053890" lon="-4.810330"/>
      <trkpt lat="43.053880" lon="-4.810430"/>
      <trkpt lat="43.053870" lon="-4.810520"/>
      <trkpt lat="43.053760" lon="-4.811230"/>
      <trkpt lat="43.053750" lon="-4.811340"/>
      <trkpt lat="43.053740" lon="-4.811450"/>
      <trkpt lat="43.053750" lon="-4.811570"/>
      <trkpt lat="43.053760" lon="-4.811670"/>
      <trkpt lat="43.053790" lon="-4.811790"/>
      <trkpt lat="43.053960" lon="-4.812480"/>
      <trkpt lat="43.054040" lon="-4.812810"/>
      <trkpt lat="43.054190" lon="-4.813510"/>
      <trkpt lat="43.054230" lon="-4.813640"/>
      <trkpt lat="43.054250" lon="-4.813710"/>
      <trkpt lat="43.054280" lon="-4.813760"/>
      <trkpt lat="43.054390" lon="-4.813950"/>
      <trkpt lat="43.054420" lon="-4.814020"/>
      <trkpt lat="43.054440" lon="-4.814090"/>
      <trkpt lat="43.054510" lon="-4.814300"/>
      <trkpt lat="43.054550" lon="-4.814440"/>
      <trkpt lat="43.054580" lon="-4.814510"/>
      <trkpt lat="43.054610" lon="-4.814560"/>
      <trkpt lat="43.054700" lon="-4.814720"/>
      <trkpt lat="43.054720" lon="-4.814780"/>
      <trkpt lat="43.054730" lon="-4.814840"/>
      <trkpt lat="43.054780" lon="-4.815090"/>
      <trkpt lat="43.054810" lon="-4.815230"/>
      <trkpt lat="43.054820" lon="-4.815360"/>
      <trkpt lat="43.054820" lon="-4.815500"/>
      <trkpt lat="43.054800" lon="-4.815650"/>
      <trkpt lat="43.054770" lon="-4.815800"/>
      <trkpt lat="43.054730" lon="-4.815950"/>
      <trkpt lat="43.054690" lon="-4.816080"/>
      <trkpt lat="43.054630" lon="-4.816190"/>
      <trkpt lat="43.054580" lon="-4.816280"/>
      <trkpt lat="43.054520" lon="-4.816340"/>
      <trkpt lat="43.054450" lon="-4.816410"/>
      <trkpt lat="43.054390" lon="-4.816460"/>
      <trkpt lat="43.054340" lon="-4.816520"/>
      <trkpt lat="43.054300" lon="-4.816580"/>
      <trkpt lat="43.054280" lon="-4.816660"/>
      <trkpt lat="43.054260" lon="-4.816790"/>
      <trkpt lat="43.054230" lon="-4.816930"/>
      <trkpt lat="43.054220" lon="-4.817080"/>
      <trkpt lat="43.054210" lon="-4.817220"/>
      <trkpt lat="43.054210" lon="-4.817530"/>
      <trkpt lat="43.054200" lon="-4.817960"/>
      <trkpt lat="43.054200" lon="-4.818050"/>
      <trkpt lat="43.054190" lon="-4.818110"/>
      <trkpt lat="43.054180" lon="-4.818160"/>
      <trkpt lat="43.054160" lon="-4.818210"/>
      <trkpt lat="43.054120" lon="-4.818300"/>
      <trkpt lat="43.054070" lon="-4.818390"/>
      <trkpt lat="43.054030" lon="-4.818480"/>
      <trkpt lat="43.054010" lon="-4.818540"/>
      <trkpt lat="43.053990" lon="-4.818620"/>
      <trkpt lat="43.053980" lon="-4.818720"/>
      <trkpt lat="43.053980" lon="-4.818790"/>
      <trkpt lat="43.053990" lon="-4.818840"/>
      <trkpt lat="43.054010" lon="-4.818910"/>
      <trkpt lat="43.054040" lon="-4.819000"/>
      <trkpt lat="43.054070" lon="-4.819090"/>
      <trkpt lat="43.054080" lon="-4.819160"/>
      <trkpt lat="43.054080" lon="-4.819260"/>
      <trkpt lat="43.054070" lon="-4.819360"/>
      <trkpt lat="43.054040" lon="-4.819500"/>
      <trkpt lat="43.053990" lon="-4.819780"/>
      <trkpt lat="43.053920" lon="-4.820040"/>
      <trkpt lat="43.053870" lon="-4.820180"/>
      <trkpt lat="43.053820" lon="-4.820270"/>
      <trkpt lat="43.053750" lon="-4.820330"/>
      <trkpt lat="43.053690" lon="-4.820370"/>
      <trkpt lat="43.053600" lon="-4.820390"/>
      <trkpt lat="43.053450" lon="-4.820400"/>
      <trkpt lat="43.053350" lon="-4.820410"/>
      <trkpt lat="43.053280" lon="-4.820430"/>
      <trkpt lat="43.053220" lon="-4.820470"/>
      <trkpt lat="43.053150" lon="-4.820520"/>
      <trkpt lat="43.053100" lon="-4.820590"/>
      <trkpt lat="43.053050" lon="-4.820670"/>
      <trkpt lat="43.053010" lon="-4.820760"/>
      <trkpt lat="43.052880" lon="-4.821220"/>
      <trkpt lat="43.052810" lon="-4.821470"/>
      <trkpt lat="43.052800" lon="-4.821540"/>
      <trkpt lat="43.052790" lon="-4.821610"/>
      <trkpt lat="43.052790" lon="-4.821670"/>
      <trkpt lat="43.052790" lon="-4.821720"/>
      <trkpt lat="43.052790" lon="-4.821770"/>
      <trkpt lat="43.052810" lon="-4.821820"/>
      <trkpt lat="43.052820" lon="-4.821880"/>
      <trkpt lat="43.052820" lon="-4.821920"/>
      <trkpt lat="43.052820" lon="-4.821970"/>
      <trkpt lat="43.052810" lon="-4.822020"/>
      <trkpt lat="43.052780" lon="-4.822090"/>
      <trkpt lat="43.052760" lon="-4.822130"/>
      <trkpt lat="43.052740" lon="-4.822160"/>
      <trkpt lat="43.052710" lon="-4.822190"/>
      <trkpt lat="43.052670" lon="-4.822210"/>
      <trkpt lat="43.052570" lon="-4.822240"/>
      <trkpt lat="43.052520" lon="-4.822260"/>
      <trkpt lat="43.052450" lon="-4.822300"/>
      <trkpt lat="43.052400" lon="-4.822360"/>
      <trkpt lat="43.052360" lon="-4.822430"/>
      <trkpt lat="43.052330" lon="-4.822500"/>
      <trkpt lat="43.052310" lon="-4.822580"/>
      <trkpt lat="43.052300" lon="-4.822680"/>
      <trkpt lat="43.052290" lon="-4.822810"/>
      <trkpt lat="43.052280" lon="-4.822950"/>
      <trkpt lat="43.052250" lon="-4.823410"/>
      <trkpt lat="43.052220" lon="-4.823810"/>
      <trkpt lat="43.052190" lon="-4.824110"/>
      <trkpt lat="43.052170" lon="-4.824300"/>
      <trkpt lat="43.052150" lon="-4.824430"/>
      <trkpt lat="43.052070" lon="-4.824900"/>
      <trkpt lat="43.052010" lon="-4.825240"/>
      <trkpt lat="43.051990" lon="-4.825320"/>
      <trkpt lat="43.051960" lon="-4.825380"/>
      <trkpt lat="43.051930" lon="-4.825430"/>
      <trkpt lat="43.051880" lon="-4.825490"/>
      <trkpt lat="43.051830" lon="-4.825530"/>
      <trkpt lat="43.051380" lon="-4.825970"/>
      <trkpt lat="43.050770" lon="-4.826560"/>
      <trkpt lat="43.049730" lon="-4.827580"/>
      <trkpt lat="43.049610" lon="-4.827680"/>
      <trkpt lat="43.049510" lon="-4.827790"/>
      <trkpt lat="43.049420" lon="-4.827900"/>
      <trkpt lat="43.049360" lon="-4.828010"/>
      <trkpt lat="43.049290" lon="-4.828130"/>
      <trkpt lat="43.049240" lon="-4.828260"/>
      <trkpt lat="43.049000" lon="-4.828990"/>
      <trkpt lat="43.048840" lon="-4.829450"/>
      <trkpt lat="43.048680" lon="-4.829930"/>
      <trkpt lat="43.048610" lon="-4.830200"/>
      <trkpt lat="43.048550" lon="-4.830490"/>
      <trkpt lat="43.048510" lon="-4.830750"/>
      <trkpt lat="43.048480" lon="-4.831040"/>
      <trkpt lat="43.048470" lon="-4.831340"/>
      <trkpt lat="43.048450" lon="-4.831980"/>
      <trkpt lat="43.048430" lon="-4.832320"/>
      <trkpt lat="43.048410" lon="-4.832480"/>
      <trkpt lat="43.048380" lon="-4.832660"/>
      <trkpt lat="43.048340" lon="-4.832840"/>
      <trkpt lat="43.048210" lon="-4.833400"/>
      <trkpt lat="43.048160" lon="-4.833550"/>
      <trkpt lat="43.048110" lon="-4.833650"/>
      <trkpt lat="43.048030" lon="-4.833770"/>
      <trkpt lat="43.047940" lon="-4.833890"/>
      <trkpt lat="43.047870" lon="-4.833970"/>
      <trkpt lat="43.047760" lon="-4.834070"/>
      <trkpt lat="43.047630" lon="-4.834180"/>
      <trkpt lat="43.047550" lon="-4.834240"/>
      <trkpt lat="43.047500" lon="-4.834310"/>
      <trkpt lat="43.047450" lon="-4.834390"/>
      <trkpt lat="43.047390" lon="-4.834490"/>
      <trkpt lat="43.047010" lon="-4.835350"/>
      <trkpt lat="43.046760" lon="-4.835910"/>
      <trkpt lat="43.046660" lon="-4.836140"/>
      <trkpt lat="43.046580" lon="-4.836290"/>
      <trkpt lat="43.046500" lon="-4.836410"/>
      <trkpt lat="43.046400" lon="-4.836520"/>
      <trkpt lat="43.046300" lon="-4.836620"/>
      <trkpt lat="43.046220" lon="-4.836680"/>
      <trkpt lat="43.046130" lon="-4.836740"/>
      <trkpt lat="43.046010" lon="-4.836780"/>
      <trkpt lat="43.045900" lon="-4.836830"/>
      <trkpt lat="43.045810" lon="-4.836890"/>
      <trkpt lat="43.045710" lon="-4.837000"/>
      <trkpt lat="43.045560" lon="-4.837170"/>
      <trkpt lat="43.045460" lon="-4.837320"/>
      <trkpt lat="43.045380" lon="-4.837460"/>
      <trkpt lat="43.045260" lon="-4.837700"/>
      <trkpt lat="43.045060" lon="-4.838080"/>
      <trkpt lat="43.044980" lon="-4.838250"/>
      <trkpt lat="43.044930" lon="-4.838370"/>
      <trkpt lat="43.044890" lon="-4.838490"/>
      <trkpt lat="43.044840" lon="-4.838720"/>
      <trkpt lat="43.044790" lon="-4.838940"/>
      <trkpt lat="43.044770" lon="-4.839020"/>
      <trkpt lat="43.044740" lon="-4.839080"/>
      <trkpt lat="43.044710" lon="-4.839150"/>
      <trkpt lat="43.044350" lon="-4.839750"/>
      <trkpt lat="43.044020" lon="-4.840320"/>
      <trkpt lat="43.043970" lon="-4.840420"/>
      <trkpt lat="43.043950" lon="-4.840490"/>
      <trkpt lat="43.043930" lon="-4.840560"/>
      <trkpt lat="43.043920" lon="-4.840630"/>
      <trkpt lat="43.043920" lon="-4.840710"/>
      <trkpt lat="43.043900" lon="-4.841200"/>
      <trkpt lat="43.043900" lon="-4.841270"/>
      <trkpt lat="43.043880" lon="-4.841330"/>
      <trkpt lat="43.043870" lon="-4.841390"/>
      <trkpt lat="43.043820" lon="-4.841580"/>
      <trkpt lat="43.043760" lon="-4.841800"/>
      <trkpt lat="43.043740" lon="-4.841910"/>
      <trkpt lat="43.043740" lon="-4.841990"/>
      <trkpt lat="43.043740" lon="-4.842110"/>
      <trkpt lat="43.043750" lon="-4.842180"/>
      <trkpt lat="43.043750" lon="-4.842240"/>
      <trkpt lat="43.043800" lon="-4.842470"/>
      <trkpt lat="43.043810" lon="-4.842550"/>
      <trkpt lat="43.043810" lon="-4.842630"/>
      <trkpt lat="43.043800" lon="-4.842720"/>
      <trkpt lat="43.043780" lon="-4.842810"/>
      <trkpt lat="43.043740" lon="-4.842910"/>
      <trkpt lat="43.043390" lon="-4.843720"/>
      <trkpt lat="43.043320" lon="-4.843900"/>
      <trkpt lat="43.043260" lon="-4.844020"/>
      <trkpt lat="43.043190" lon="-4.844110"/>
      <trkpt lat="43.043140" lon="-4.844160"/>
      <trkpt lat="43.043080" lon="-4.844210"/>
      <trkpt lat="43.043020" lon="-4.844250"/>
      <trkpt lat="43.042950" lon="-4.844290"/>
      <trkpt lat="43.042490" lon="-4.844450"/>
      <trkpt lat="43.042420" lon="-4.844490"/>
      <trkpt lat="43.042370" lon="-4.844530"/>
      <trkpt lat="43.042330" lon="-4.844580"/>
      <trkpt lat="43.042290" lon="-4.844640"/>
      <trkpt lat="43.042270" lon="-4.844710"/>
      <trkpt lat="43.042260" lon="-4.844800"/>
      <trkpt lat="43.042260" lon="-4.844910"/>
      <trkpt lat="43.042270" lon="-4.845450"/>
      <trkpt lat="43.042270" lon="-4.845600"/>
      <trkpt lat="43.042260" lon="-4.845730"/>
      <trkpt lat="43.042250" lon="-4.845830"/>
      <trkpt lat="43.042230" lon="-4.845930"/>
      <trkpt lat="43.042210" lon="-4.846020"/>
      <trkpt lat="43.042170" lon="-4.846120"/>
      <trkpt lat="43.042090" lon="-4.846320"/>
      <trkpt lat="43.042030" lon="-4.846460"/>
      <trkpt lat="43.042000" lon="-4.846560"/>
      <trkpt lat="43.041970" lon="-4.846670"/>
      <trkpt lat="43.041950" lon="-4.846780"/>
      <trkpt lat="43.041950" lon="-4.846860"/>
      <trkpt lat="43.041940" lon="-4.846990"/>
      <trkpt lat="43.041940" lon="-4.847100"/>
      <trkpt lat="43.041930" lon="-4.847190"/>
      <trkpt lat="43.041920" lon="-4.847270"/>
      <trkpt lat="43.041900" lon="-4.847360"/>
      <trkpt lat="43.041880" lon="-4.847440"/>
      <trkpt lat="43.041850" lon="-4.847510"/>
      <trkpt lat="43.041810" lon="-4.847580"/>
      <trkpt lat="43.041770" lon="-4.847640"/>
      <trkpt lat="43.041740" lon="-4.847690"/>
      <trkpt lat="43.041710" lon="-4.847720"/>
      <trkpt lat="43.041680" lon="-4.847750"/>
      <trkpt lat="43.041640" lon="-4.847770"/>
      <trkpt lat="43.041600" lon="-4.847780"/>
      <trkpt lat="43.041470" lon="-4.847810"/>
      <trkpt lat="43.041370" lon="-4.847810"/>
      <trkpt lat="43.041320" lon="-4.847810"/>
      <trkpt lat="43.041250" lon="-4.847780"/>
      <trkpt lat="43.041160" lon="-4.847740"/>
      <trkpt lat="43.041100" lon="-4.847710"/>
      <trkpt lat="43.041060" lon="-4.847680"/>
      <trkpt lat="43.041020" lon="-4.847660"/>
      <trkpt lat="43.040980" lon="-4.847660"/>
      <trkpt lat="43.040940" lon="-4.847660"/>
      <trkpt lat="43.040910" lon="-4.847680"/>
      <trkpt lat="43.040870" lon="-4.847720"/>
      <trkpt lat="43.040810" lon="-4.847780"/>
      <trkpt lat="43.040750" lon="-4.847870"/>
      <trkpt lat="43.040640" lon="-4.848020"/>
      <trkpt lat="43.040570" lon="-4.848100"/>
      <trkpt lat="43.040430" lon="-4.848230"/>
      <trkpt lat="43.040040" lon="-4.848640"/>
      <trkpt lat="43.039970" lon="-4.848720"/>
      <trkpt lat="43.039910" lon="-4.848830"/>
      <trkpt lat="43.039850" lon="-4.848940"/>
      <trkpt lat="43.039820" lon="-4.849060"/>
      <trkpt lat="43.039800" lon="-4.849170"/>
      <trkpt lat="43.039780" lon="-4.849270"/>
      <trkpt lat="43.039770" lon="-4.849370"/>
      <trkpt lat="43.039770" lon="-4.849810"/>
      <trkpt lat="43.039760" lon="-4.849890"/>
      <trkpt lat="43.039750" lon="-4.849950"/>
      <trkpt lat="43.039730" lon="-4.850000"/>
      <trkpt lat="43.039720" lon="-4.850030"/>
      <trkpt lat="43.039700" lon="-4.850050"/>
      <trkpt lat="43.039660" lon="-4.850070"/>
      <trkpt lat="43.039620" lon="-4.850070"/>
      <trkpt lat="43.039550" lon="-4.850060"/>
      <trkpt lat="43.039420" lon="-4.850030"/>
      <trkpt lat="43.039330" lon="-4.850020"/>
      <trkpt lat="43.039250" lon="-4.850020"/>
      <trkpt lat="43.039180" lon="-4.850030"/>
      <trkpt lat="43.039130" lon="-4.850050"/>
      <trkpt lat="43.039070" lon="-4.850100"/>
      <trkpt lat="43.039010" lon="-4.850180"/>
      <trkpt lat="43.038970" lon="-4.850260"/>
      <trkpt lat="43.038920" lon="-4.850370"/>
      <trkpt lat="43.038890" lon="-4.850500"/>
      <trkpt lat="43.038870" lon="-4.850610"/>
      <trkpt lat="43.038860" lon="-4.850760"/>
      <trkpt lat="43.038850" lon="-4.851320"/>
      <trkpt lat="43.038850" lon="-4.851630"/>
      <trkpt lat="43.038840" lon="-4.851700"/>
      <trkpt lat="43.038830" lon="-4.851770"/>
      <trkpt lat="43.038810" lon="-4.851830"/>
      <trkpt lat="43.038800" lon="-4.851880"/>
      <trkpt lat="43.038770" lon="-4.851910"/>
      <trkpt lat="43.038740" lon="-4.851950"/>
      <trkpt lat="43.038700" lon="-4.851980"/>
      <trkpt lat="43.038650" lon="-4.852000"/>
      <trkpt lat="43.038370" lon="-4.852120"/>
      <trkpt lat="43.038290" lon="-4.852170"/>
      <trkpt lat="43.038250" lon="-4.852220"/>
      <trkpt lat="43.038220" lon="-4.852270"/>
      <trkpt lat="43.038200" lon="-4.852320"/>
      <trkpt lat="43.038190" lon="-4.852390"/>
      <trkpt lat="43.038180" lon="-4.852470"/>
      <trkpt lat="43.038190" lon="-4.852540"/>
      <trkpt lat="43.038200" lon="-4.852620"/>
      <trkpt lat="43.038220" lon="-4.852710"/>
      <trkpt lat="43.038340" lon="-4.853200"/>
      <trkpt lat="43.038370" lon="-4.853340"/>
      <trkpt lat="43.038410" lon="-4.853530"/>
      <trkpt lat="43.038430" lon="-4.853670"/>
      <trkpt lat="43.038440" lon="-4.853780"/>
      <trkpt lat="43.038440" lon="-4.853880"/>
      <trkpt lat="43.038430" lon="-4.853980"/>
      <trkpt lat="43.038410" lon="-4.854120"/>
      <trkpt lat="43.038380" lon="-4.854270"/>
      <trkpt lat="43.038300" lon="-4.854600"/>
      <trkpt lat="43.038240" lon="-4.854860"/>
      <trkpt lat="43.038210" lon="-4.855040"/>
      <trkpt lat="43.038190" lon="-4.855190"/>
      <trkpt lat="43.038170" lon="-4.855310"/>
      <trkpt lat="43.038140" lon="-4.855440"/>
      <trkpt lat="43.038050" lon="-4.855700"/>
      <trkpt lat="43.037950" lon="-4.855950"/>
      <trkpt lat="43.037890" lon="-4.856130"/>
      <trkpt lat="43.037820" lon="-4.856280"/>
      <trkpt lat="43.037710" lon="-4.856450"/>
      <trkpt lat="43.037510" lon="-4.856780"/>
      <trkpt lat="43.037370" lon="-4.857030"/>
      <trkpt lat="43.037210" lon="-4.857370"/>
      <trkpt lat="43.037110" lon="-4.857620"/>
      <trkpt lat="43.036980" lon="-4.857910"/>
      <trkpt lat="43.036890" lon="-4.858110"/>
      <trkpt lat="43.036850" lon="-4.858170"/>
      <trkpt lat="43.036810" lon="-4.858230"/>
      <trkpt lat="43.036760" lon="-4.858280"/>
      <trkpt lat="43.036700" lon="-4.858310"/>
      <trkpt lat="43.036650" lon="-4.858330"/>
      <trkpt lat="43.036580" lon="-4.858350"/>
      <trkpt lat="43.036510" lon="-4.858360"/>
      <trkpt lat="43.036250" lon="-4.858410"/>
      <trkpt lat="43.036090" lon="-4.858430"/>
      <trkpt lat="43.035960" lon="-4.858440"/>
      <trkpt lat="43.035890" lon="-4.858440"/>
      <trkpt lat="43.035850" lon="-4.858430"/>
      <trkpt lat="43.035800" lon="-4.858410"/>
      <trkpt lat="43.035740" lon="-4.858360"/>
      <trkpt lat="43.035680" lon="-4.858290"/>
      <trkpt lat="43.035630" lon="-4.858210"/>
      <trkpt lat="43.035580" lon="-4.858110"/>
      <trkpt lat="43.035530" lon="-4.858010"/>
      <trkpt lat="43.035500" lon="-4.857900"/>
      <trkpt lat="43.035480" lon="-4.857780"/>
      <trkpt lat="43.035470" lon="-4.857650"/>
      <trkpt lat="43.035470" lon="-4.857310"/>
      <trkpt lat="43.035470" lon="-4.857040"/>
      <trkpt lat="43.035480" lon="-4.856490"/>
      <trkpt lat="43.035490" lon="-4.856040"/>
      <trkpt lat="43.035490" lon="-4.855730"/>
      <trkpt lat="43.035490" lon="-4.855520"/>
      <trkpt lat="43.035490" lon="-4.855440"/>
      <trkpt lat="43.035480" lon="-4.855380"/>
      <trkpt lat="43.035460" lon="-4.855310"/>
      <trkpt lat="43.035450" lon="-4.855260"/>
      <trkpt lat="43.035430" lon="-4.855220"/>
      <trkpt lat="43.035400" lon="-4.855190"/>
      <trkpt lat="43.035370" lon="-4.855170"/>
      <trkpt lat="43.035330" lon="-4.855150"/>
      <trkpt lat="43.035290" lon="-4.855130"/>
      <trkpt lat="43.035240" lon="-4.855140"/>
      <trkpt lat="43.035190" lon="-4.855150"/>
      <trkpt lat="43.035140" lon="-4.855180"/>
      <trkpt lat="43.035100" lon="-4.855240"/>
      <trkpt lat="43.035060" lon="-4.855300"/>
      <trkpt lat="43.035020" lon="-4.855380"/>
      <trkpt lat="43.034870" lon="-4.855660"/>
      <trkpt lat="43.034650" lon="-4.856050"/>
      <trkpt lat="43.034570" lon="-4.856190"/>
      <trkpt lat="43.034500" lon="-4.856280"/>
      <trkpt lat="43.034420" lon="-4.856360"/>
      <trkpt lat="43.034320" lon="-4.856430"/>
      <trkpt lat="43.034210" lon="-4.856500"/>
      <trkpt lat="43.034130" lon="-4.856540"/>
      <trkpt lat="43.034030" lon="-4.856580"/>
      <trkpt lat="43.033910" lon="-4.856600"/>
      <trkpt lat="43.033790" lon="-4.856600"/>
      <trkpt lat="43.033680" lon="-4.856590"/>
      <trkpt lat="43.033570" lon="-4.856560"/>
      <trkpt lat="43.033360" lon="-4.856470"/>
      <trkpt lat="43.033160" lon="-4.856350"/>
      <trkpt lat="43.033030" lon="-4.856260"/>
      <trkpt lat="43.032900" lon="-4.856170"/>
      <trkpt lat="43.032840" lon="-4.856120"/>
      <trkpt lat="43.032760" lon="-4.856040"/>
      <trkpt lat="43.032630" lon="-4.855910"/>
      <trkpt lat="43.032510" lon="-4.855770"/>
      <trkpt lat="43.032390" lon="-4.855630"/>
      <trkpt lat="43.032280" lon="-4.855500"/>
      <trkpt lat="43.032200" lon="-4.855400"/>
      <trkpt lat="43.032120" lon="-4.855330"/>
      <trkpt lat="43.032050" lon="-4.855260"/>
      <trkpt lat="43.031960" lon="-4.855210"/>
      <trkpt lat="43.031880" lon="-4.855170"/>
      <trkpt lat="43.031810" lon="-4.855150"/>
      <trkpt lat="43.031730" lon="-4.855150"/>
      <trkpt lat="43.031660" lon="-4.855170"/>
      <trkpt lat="43.031570" lon="-4.855210"/>
      <trkpt lat="43.031500" lon="-4.855300"/>
      <trkpt lat="43.031440" lon="-4.855410"/>
      <trkpt lat="43.031390" lon="-4.855530"/>
      <trkpt lat="43.031340" lon="-4.855720"/>
      <trkpt lat="43.031300" lon="-4.855960"/>
      <trkpt lat="43.031260" lon="-4.856200"/>
      <trkpt lat="43.031230" lon="-4.856500"/>
      <trkpt lat="43.031200" lon="-4.856840"/>
      <trkpt lat="43.031180" lon="-4.857100"/>
      <trkpt lat="43.031170" lon="-4.857350"/>
      <trkpt lat="43.031160" lon="-4.857480"/>
      <trkpt lat="43.031150" lon="-4.857570"/>
      <trkpt lat="43.031130" lon="-4.857670"/>
      <trkpt lat="43.031100" lon="-4.857770"/>
      <trkpt lat="43.031060" lon="-4.857850"/>
      <trkpt lat="43.031010" lon="-4.857930"/>
      <trkpt lat="43.030950" lon="-4.858030"/>
      <trkpt lat="43.030690" lon="-4.858420"/>
      <trkpt lat="43.030540" lon="-4.858640"/>
      <trkpt lat="43.030410" lon="-4.858820"/>
      <trkpt lat="43.030310" lon="-4.858950"/>
      <trkpt lat="43.030240" lon="-4.859050"/>
      <trkpt lat="43.030150" lon="-4.859150"/>
      <trkpt lat="43.030090" lon="-4.859200"/>
      <trkpt lat="43.030000" lon="-4.859240"/>
      <trkpt lat="43.029920" lon="-4.859260"/>
      <trkpt lat="43.029820" lon="-4.859280"/>
      <trkpt lat="43.029680" lon="-4.859290"/>
      <trkpt lat="43.029530" lon="-4.859290"/>
      <trkpt lat="43.029360" lon="-4.859300"/>
      <trkpt lat="43.029180" lon="-4.859290"/>
      <trkpt lat="43.029130" lon="-4.859290"/>
      <trkpt lat="43.029080" lon="-4.859260"/>
      <trkpt lat="43.029020" lon="-4.859230"/>
      <trkpt lat="43.028970" lon="-4.859180"/>
      <trkpt lat="43.028920" lon="-4.859120"/>
      <trkpt lat="43.028880" lon="-4.859060"/>
      <trkpt lat="43.028840" lon="-4.858980"/>
      <trkpt lat="43.028750" lon="-4.858800"/>
      <trkpt lat="43.028680" lon="-4.858640"/>
      <trkpt lat="43.028590" lon="-4.858450"/>
      <trkpt lat="43.028510" lon="-4.858300"/>
      <trkpt lat="43.028420" lon="-4.858150"/>
      <trkpt lat="43.028340" lon="-4.858040"/>
      <trkpt lat="43.028290" lon="-4.857960"/>
      <trkpt lat="43.028250" lon="-4.857920"/>
      <trkpt lat="43.028220" lon="-4.857890"/>
      <trkpt lat="43.028190" lon="-4.857880"/>
      <trkpt lat="43.028150" lon="-4.857870"/>
      <trkpt lat="43.028110" lon="-4.857870"/>
      <trkpt lat="43.028060" lon="-4.857880"/>
      <trkpt lat="43.028020" lon="-4.857930"/>
      <trkpt lat="43.027980" lon="-4.857980"/>
      <trkpt lat="43.027940" lon="-4.858040"/>
      <trkpt lat="43.027890" lon="-4.858130"/>
      <trkpt lat="43.027750" lon="-4.858370"/>
      <trkpt lat="43.027450" lon="-4.858880"/>
      <trkpt lat="43.027280" lon="-4.859160"/>
      <trkpt lat="43.027210" lon="-4.859300"/>
      <trkpt lat="43.027170" lon="-4.859410"/>
      <trkpt lat="43.027120" lon="-4.859540"/>
      <trkpt lat="43.027080" lon="-4.859730"/>
      <trkpt lat="43.027060" lon="-4.859850"/>
      <trkpt lat="43.027030" lon="-4.859930"/>
      <trkpt lat="43.026990" lon="-4.860000"/>
      <trkpt lat="43.026940" lon="-4.860060"/>
      <trkpt lat="43.026860" lon="-4.860140"/>
      <trkpt lat="43.026690" lon="-4.860290"/>
      <trkpt lat="43.026540" lon="-4.860410"/>
      <trkpt lat="43.026450" lon="-4.860500"/>
      <trkpt lat="43.026390" lon="-4.860530"/>
      <trkpt lat="43.026330" lon="-4.860560"/>
      <trkpt lat="43.026280" lon="-4.860560"/>
      <trkpt lat="43.026230" lon="-4.860550"/>
      <trkpt lat="43.026180" lon="-4.860540"/>
      <trkpt lat="43.025990" lon="-4.860480"/>
      <trkpt lat="43.025840" lon="-4.860430"/>
      <trkpt lat="43.025680" lon="-4.860370"/>
      <trkpt lat="43.025540" lon="-4.860330"/>
      <trkpt lat="43.025450" lon="-4.860310"/>
      <trkpt lat="43.025350" lon="-4.860310"/>
      <trkpt lat="43.025280" lon="-4.860350"/>
      <trkpt lat="43.025220" lon="-4.860420"/>
      <trkpt lat="43.025180" lon="-4.860500"/>
      <trkpt lat="43.025120" lon="-4.860620"/>
      <trkpt lat="43.025080" lon="-4.860750"/>
      <trkpt lat="43.025040" lon="-4.860880"/>
      <trkpt lat="43.025020" lon="-4.861010"/>
      <trkpt lat="43.025000" lon="-4.861130"/>
      <trkpt lat="43.024990" lon="-4.861300"/>
      <trkpt lat="43.024960" lon="-4.861680"/>
      <trkpt lat="43.024910" lon="-4.862340"/>
      <trkpt lat="43.024890" lon="-4.862560"/>
      <trkpt lat="43.024880" lon="-4.862700"/>
      <trkpt lat="43.024850" lon="-4.862830"/>
      <trkpt lat="43.024810" lon="-4.862950"/>
      <trkpt lat="43.024760" lon="-4.863090"/>
      <trkpt lat="43.024710" lon="-4.863210"/>
      <trkpt lat="43.024670" lon="-4.863290"/>
      <trkpt lat="43.024630" lon="-4.863360"/>
      <trkpt lat="43.024580" lon="-4.863420"/>
      <trkpt lat="43.024520" lon="-4.863470"/>
      <trkpt lat="43.024460" lon="-4.863510"/>
      <trkpt lat="43.024400" lon="-4.863550"/>
      <trkpt lat="43.024320" lon="-4.863580"/>
      <trkpt lat="43.024150" lon="-4.863640"/>
      <trkpt lat="43.024030" lon="-4.863680"/>
      <trkpt lat="43.023960" lon="-4.863710"/>
      <trkpt lat="43.023890" lon="-4.863720"/>
      <trkpt lat="43.023810" lon="-4.863720"/>
      <trkpt lat="43.023730" lon="-4.863710"/>
      <trkpt lat="43.023650" lon="-4.863680"/>
      <trkpt lat="43.023550" lon="-4.863660"/>
      <trkpt lat="43.023450" lon="-4.863630"/>
      <trkpt lat="43.023360" lon="-4.863620"/>
      <trkpt lat="43.023290" lon="-4.863610"/>
      <trkpt lat="43.023200" lon="-4.863610"/>
      <trkpt lat="43.023130" lon="-4.863620"/>
      <trkpt lat="43.023060" lon="-4.863630"/>
      <trkpt lat="43.023000" lon="-4.863650"/>
      <trkpt lat="43.022930" lon="-4.863690"/>
      <trkpt lat="43.022870" lon="-4.863750"/>
      <trkpt lat="43.022810" lon="-4.863810"/>
      <trkpt lat="43.022780" lon="-4.863890"/>
      <trkpt lat="43.022760" lon="-4.863970"/>
      <trkpt lat="43.022740" lon="-4.864110"/>
      <trkpt lat="43.022730" lon="-4.864450"/>
      <trkpt lat="43.022710" lon="-4.864680"/>
      <trkpt lat="43.022690" lon="-4.864790"/>
      <trkpt lat="43.022670" lon="-4.864890"/>
      <trkpt lat="43.022640" lon="-4.864990"/>
      <trkpt lat="43.022600" lon="-4.865090"/>
      <trkpt lat="43.022540" lon="-4.865190"/>
      <trkpt lat="43.022500" lon="-4.865300"/>
      <trkpt lat="43.022460" lon="-4.865420"/>
      <trkpt lat="43.022430" lon="-4.865540"/>
      <trkpt lat="43.022380" lon="-4.865660"/>
      <trkpt lat="43.022340" lon="-4.865740"/>
      <trkpt lat="43.022280" lon="-4.865820"/>
      <trkpt lat="43.022220" lon="-4.865880"/>
      <trkpt lat="43.022150" lon="-4.865950"/>
      <trkpt lat="43.022060" lon="-4.866020"/>
      <trkpt lat="43.021980" lon="-4.866080"/>
      <trkpt lat="43.021900" lon="-4.866150"/>
      <trkpt lat="43.021830" lon="-4.866230"/>
      <trkpt lat="43.021760" lon="-4.866330"/>
      <trkpt lat="43.021710" lon="-4.866430"/>
      <trkpt lat="43.021660" lon="-4.866530"/>
      <trkpt lat="43.021620" lon="-4.866630"/>
      <trkpt lat="43.021580" lon="-4.866740"/>
      <trkpt lat="43.021430" lon="-4.867150"/>
      <trkpt lat="43.021390" lon="-4.867240"/>
      <trkpt lat="43.021230" lon="-4.867650"/>
      <trkpt lat="43.020910" lon="-4.868490"/>
      <trkpt lat="43.020650" lon="-4.869170"/>
      <trkpt lat="43.020600" lon="-4.869270"/>
      <trkpt lat="43.020490" lon="-4.869550"/>
      <trkpt lat="43.020390" lon="-4.869780"/>
      <trkpt lat="43.020330" lon="-4.869910"/>
      <trkpt lat="43.020260" lon="-4.870040"/>
      <trkpt lat="43.020200" lon="-4.870140"/>
      <trkpt lat="43.020120" lon="-4.870240"/>
      <trkpt lat="43.020040" lon="-4.870340"/>
      <trkpt lat="43.019770" lon="-4.870620"/>
      <trkpt lat="43.019480" lon="-4.870920"/>
      <trkpt lat="43.019340" lon="-4.871080"/>
      <trkpt lat="43.019150" lon="-4.871260"/>
      <trkpt lat="43.019020" lon="-4.871370"/>
      <trkpt lat="43.018940" lon="-4.871430"/>
      <trkpt lat="43.018830" lon="-4.871500"/>
      <trkpt lat="43.018640" lon="-4.871610"/>
      <trkpt lat="43.018440" lon="-4.871710"/>
      <trkpt lat="43.018320" lon="-4.871780"/>
      <trkpt lat="43.018230" lon="-4.871830"/>
      <trkpt lat="43.018170" lon="-4.871890"/>
      <trkpt lat="43.018110" lon="-4.871950"/>
      <trkpt lat="43.018040" lon="-4.872020"/>
      <trkpt lat="43.017970" lon="-4.872110"/>
      <trkpt lat="43.017920" lon="-4.872160"/>
      <trkpt lat="43.017860" lon="-4.872220"/>
      <trkpt lat="43.017800" lon="-4.872260"/>
      <trkpt lat="43.017270" lon="-4.872580"/>
      <trkpt lat="43.016390" lon="-4.873120"/>
      <trkpt lat="43.016160" lon="-4.873260"/>
      <trkpt lat="43.016020" lon="-4.873350"/>
      <trkpt lat="43.015970" lon="-4.873400"/>
      <trkpt lat="43.015930" lon="-4.873450"/>
      <trkpt lat="43.015890" lon="-4.873530"/>
      <trkpt lat="43.015860" lon="-4.873640"/>
      <trkpt lat="43.015840" lon="-4.873780"/>
      <trkpt lat="43.015690" lon="-4.874550"/>
      <trkpt lat="43.015510" lon="-4.875470"/>
      <trkpt lat="43.015410" lon="-4.875970"/>
      <trkpt lat="43.015350" lon="-4.876280"/>
      <trkpt lat="43.015320" lon="-4.876400"/>
      <trkpt lat="43.015290" lon="-4.876490"/>
      <trkpt lat="43.015250" lon="-4.876580"/>
      <trkpt lat="43.015200" lon="-4.876650"/>
      <trkpt lat="43.015140" lon="-4.876700"/>
      <trkpt lat="43.015070" lon="-4.876750"/>
      <trkpt lat="43.014990" lon="-4.876790"/>
      <trkpt lat="43.014880" lon="-4.876850"/>
      <trkpt lat="43.014800" lon="-4.876910"/>
      <trkpt lat="43.014750" lon="-4.876970"/>
      <trkpt lat="43.014690" lon="-4.877060"/>
      <trkpt lat="43.014640" lon="-4.877170"/>
      <trkpt lat="43.014590" lon="-4.877330"/>
      <trkpt lat="43.014440" lon="-4.877830"/>
      <trkpt lat="43.014410" lon="-4.877950"/>
      <trkpt lat="43.014290" lon="-4.878330"/>
      <trkpt lat="43.014180" lon="-4.878720"/>
      <trkpt lat="43.014010" lon="-4.879300"/>
      <trkpt lat="43.013910" lon="-4.879650"/>
      <trkpt lat="43.013820" lon="-4.879930"/>
      <trkpt lat="43.013760" lon="-4.880160"/>
      <trkpt lat="43.013720" lon="-4.880270"/>
      <trkpt lat="43.013670" lon="-4.880370"/>
      <trkpt lat="43.013620" lon="-4.880430"/>
      <trkpt lat="43.013560" lon="-4.880490"/>
      <trkpt lat="43.013470" lon="-4.880550"/>
      <trkpt lat="43.013380" lon="-4.880590"/>
      <trkpt lat="43.013200" lon="-4.880660"/>
      <trkpt lat="43.012900" lon="-4.880770"/>
      <trkpt lat="43.012800" lon="-4.880810"/>
      <trkpt lat="43.012710" lon="-4.880850"/>
      <trkpt lat="43.012650" lon="-4.880910"/>
      <trkpt lat="43.012590" lon="-4.880990"/>
      <trkpt lat="43.012520" lon="-4.881090"/>
      <trkpt lat="43.012280" lon="-4.881500"/>
      <trkpt lat="43.011840" lon="-4.882210"/>
      <trkpt lat="43.011580" lon="-4.882630"/>
      <trkpt lat="43.011440" lon="-4.882870"/>
      <trkpt lat="43.011350" lon="-4.883010"/>
      <trkpt lat="43.011280" lon="-4.883110"/>
      <trkpt lat="43.011220" lon="-4.883200"/>
      <trkpt lat="43.011120" lon="-4.883290"/>
      <trkpt lat="43.011030" lon="-4.883360"/>
      <trkpt lat="43.010940" lon="-4.883410"/>
      <trkpt lat="43.010820" lon="-4.883460"/>
      <trkpt lat="43.010700" lon="-4.883510"/>
      <trkpt lat="43.010630" lon="-4.883550"/>
      <trkpt lat="43.010560" lon="-4.883580"/>
      <trkpt lat="43.010510" lon="-4.883620"/>
      <trkpt lat="43.010460" lon="-4.883680"/>
      <trkpt lat="43.010410" lon="-4.883750"/>
      <trkpt lat="43.010240" lon="-4.884010"/>
      <trkpt lat="43.010130" lon="-4.884180"/>
      <trkpt lat="43.010030" lon="-4.884330"/>
      <trkpt lat="43.009980" lon="-4.884400"/>
      <trkpt lat="43.009910" lon="-4.884470"/>
      <trkpt lat="43.009840" lon="-4.884530"/>
      <trkpt lat="43.009670" lon="-4.884660"/>
      <trkpt lat="43.009580" lon="-4.884710"/>
      <trkpt lat="43.009510" lon="-4.884780"/>
      <trkpt lat="43.009450" lon="-4.884850"/>
      <trkpt lat="43.009400" lon="-4.884950"/>
      <trkpt lat="43.009340" lon="-4.885060"/>
      <trkpt lat="43.009150" lon="-4.885490"/>
      <trkpt lat="43.008780" lon="-4.886310"/>
      <trkpt lat="43.008480" lon="-4.886980"/>
      <trkpt lat="43.008350" lon="-4.887270"/>
      <trkpt lat="43.008300" lon="-4.887430"/>
      <trkpt lat="43.008260" lon="-4.887580"/>
      <trkpt lat="43.008220" lon="-4.887730"/>
      <trkpt lat="43.008180" lon="-4.887840"/>
      <trkpt lat="43.008160" lon="-4.887900"/>
      <trkpt lat="43.008120" lon="-4.887960"/>
      <trkpt lat="43.008060" lon="-4.888020"/>
      <trkpt lat="43.007950" lon="-4.888120"/>
      <trkpt lat="43.007790" lon="-4.888260"/>
      <trkpt lat="43.007580" lon="-4.888410"/>
      <trkpt lat="43.007340" lon="-4.888610"/>
      <trkpt lat="43.007130" lon="-4.888810"/>
      <trkpt lat="43.006600" lon="-4.889380"/>
      <trkpt lat="43.006410" lon="-4.889560"/>
      <trkpt lat="43.006280" lon="-4.889660"/>
      <trkpt lat="43.006130" lon="-4.889740"/>
      <trkpt lat="43.005920" lon="-4.889830"/>
      <trkpt lat="43.005680" lon="-4.889930"/>
      <trkpt lat="43.005400" lon="-4.890040"/>
      <trkpt lat="43.005250" lon="-4.890100"/>
      <trkpt lat="43.005150" lon="-4.890120"/>
      <trkpt lat="43.005070" lon="-4.890120"/>
      <trkpt lat="43.004960" lon="-4.890090"/>
      <trkpt lat="43.004830" lon="-4.890040"/>
      <trkpt lat="43.004640" lon="-4.889950"/>
      <trkpt lat="43.004380" lon="-4.889800"/>
      <trkpt lat="43.004070" lon="-4.889610"/>
      <trkpt lat="43.003750" lon="-4.889440"/>
      <trkpt lat="43.003140" lon="-4.889140"/>
      <trkpt lat="43.002870" lon="-4.888990"/>
      <trkpt lat="43.002720" lon="-4.888910"/>
      <trkpt lat="43.002480" lon="-4.888820"/>
      <trkpt lat="43.002260" lon="-4.888760"/>
      <trkpt lat="43.002070" lon="-4.888720"/>
      <trkpt lat="43.001880" lon="-4.888700"/>
      <trkpt lat="43.001650" lon="-4.888700"/>
      <trkpt lat="43.001510" lon="-4.888720"/>
      <trkpt lat="43.001360" lon="-4.888730"/>
      <trkpt lat="43.001210" lon="-4.888750"/>
      <trkpt lat="43.000600" lon="-4.888830"/>
      <trkpt lat="43.000040" lon="-4.888890"/>
      <trkpt lat="42.999680" lon="-4.888940"/>
      <trkpt lat="42.999040" lon="-4.889010"/>
      <trkpt lat="42.998950" lon="-4.889030"/>
      <trkpt lat="42.997870" lon="-4.889160"/>
      <trkpt lat="42.997490" lon="-4.889210"/>
      <trkpt lat="42.997010" lon="-4.889260"/>
      <trkpt lat="42.996480" lon="-4.889330"/>
      <trkpt lat="42.996210" lon="-4.889360"/>
      <trkpt lat="42.996020" lon="-4.889380"/>
      <trkpt lat="42.995800" lon="-4.889410"/>
      <trkpt lat="42.995680" lon="-4.889420"/>
      <trkpt lat="42.995610" lon="-4.889430"/>
      <trkpt lat="42.995540" lon="-4.889440"/>
      <trkpt lat="42.995460" lon="-4.889470"/>
      <trkpt lat="42.995390" lon="-4.889500"/>
      <trkpt lat="42.995310" lon="-4.889570"/>
      <trkpt lat="42.995240" lon="-4.889660"/>
      <trkpt lat="42.995170" lon="-4.889780"/>
      <trkpt lat="42.995070" lon="-4.889960"/>
      <trkpt lat="42.994850" lon="-4.890410"/>
      <trkpt lat="42.994500" lon="-4.891070"/>
      <trkpt lat="42.994430" lon="-4.891220"/>
      <trkpt lat="42.994370" lon="-4.891360"/>
      <trkpt lat="42.994350" lon="-4.891480"/>
      <trkpt lat="42.994330" lon="-4.891600"/>
      <trkpt lat="42.994320" lon="-4.891750"/>
      <trkpt lat="42.994280" lon="-4.892260"/>
      <trkpt lat="42.994270" lon="-4.892410"/>
      <trkpt lat="42.994260" lon="-4.892540"/>
      <trkpt lat="42.994230" lon="-4.892660"/>
      <trkpt lat="42.994210" lon="-4.892800"/>
      <trkpt lat="42.994180" lon="-4.892890"/>
      <trkpt lat="42.994130" lon="-4.893010"/>
      <trkpt lat="42.994070" lon="-4.893130"/>
      <trkpt lat="42.993990" lon="-4.893250"/>
      <trkpt lat="42.993910" lon="-4.893380"/>
      <trkpt lat="42.993790" lon="-4.893550"/>
      <trkpt lat="42.993690" lon="-4.893690"/>
      <trkpt lat="42.993600" lon="-4.893830"/>
      <trkpt lat="42.993530" lon="-4.893960"/>
      <trkpt lat="42.993470" lon="-4.894100"/>
      <trkpt lat="42.993430" lon="-4.894220"/>
      <trkpt lat="42.993400" lon="-4.894350"/>
      <trkpt lat="42.993390" lon="-4.894480"/>
      <trkpt lat="42.993390" lon="-4.894610"/>
      <trkpt lat="42.993390" lon="-4.894760"/>
      <trkpt lat="42.993400" lon="-4.894900"/>
      <trkpt lat="42.993420" lon="-4.895040"/>
      <trkpt lat="42.993440" lon="-4.895180"/>
      <trkpt lat="42.993460" lon="-4.895340"/>
      <trkpt lat="42.993470" lon="-4.895480"/>
      <trkpt lat="42.993470" lon="-4.895610"/>
      <trkpt lat="42.993460" lon="-4.895740"/>
      <trkpt lat="42.993440" lon="-4.895880"/>
      <trkpt lat="42.993390" lon="-4.896040"/>
      <trkpt lat="42.993250" lon="-4.896590"/>
      <trkpt lat="42.993130" lon="-4.897030"/>
      <trkpt lat="42.993050" lon="-4.897300"/>
      <trkpt lat="42.992990" lon="-4.897470"/>
      <trkpt lat="42.992910" lon="-4.897620"/>
      <trkpt lat="42.992770" lon="-4.897780"/>
      <trkpt lat="42.992620" lon="-4.897920"/>
      <trkpt lat="42.992430" lon="-4.898080"/>
      <trkpt lat="42.992050" lon="-4.898380"/>
      <trkpt lat="42.991740" lon="-4.898640"/>
      <trkpt lat="42.991500" lon="-4.898860"/>
      <trkpt lat="42.991220" lon="-4.899120"/>
      <trkpt lat="42.991110" lon="-4.899220"/>
      <trkpt lat="42.991010" lon="-4.899320"/>
      <trkpt lat="42.990860" lon="-4.899400"/>
      <trkpt lat="42.990750" lon="-4.899460"/>
      <trkpt lat="42.990630" lon="-4.899500"/>
      <trkpt lat="42.990540" lon="-4.899540"/>
      <trkpt lat="42.990480" lon="-4.899590"/>
      <trkpt lat="42.990430" lon="-4.899630"/>
      <trkpt lat="42.990370" lon="-4.899700"/>
      <trkpt lat="42.990290" lon="-4.899800"/>
      <trkpt lat="42.989820" lon="-4.900440"/>
      <trkpt lat="42.989000" lon="-4.901530"/>
      <trkpt lat="42.988340" lon="-4.902410"/>
      <trkpt lat="42.987720" lon="-4.903220"/>
      <trkpt lat="42.987090" lon="-4.904050"/>
      <trkpt lat="42.986610" lon="-4.904700"/>
      <trkpt lat="42.986120" lon="-4.905350"/>
      <trkpt lat="42.985500" lon="-4.906160"/>
      <trkpt lat="42.984630" lon="-4.907330"/>
      <trkpt lat="42.983740" lon="-4.908500"/>
      <trkpt lat="42.983120" lon="-4.909340"/>
      <trkpt lat="42.982070" lon="-4.910740"/>
      <trkpt lat="42.981940" lon="-4.910910"/>
      <trkpt lat="42.981750" lon="-4.911130"/>
      <trkpt lat="42.981680" lon="-4.911220"/>
      <trkpt lat="42.981570" lon="-4.911320"/>
      <trkpt lat="42.981460" lon="-4.911400"/>
      <trkpt lat="42.981350" lon="-4.911460"/>
      <trkpt lat="42.981190" lon="-4.911530"/>
      <trkpt lat="42.980880" lon="-4.911650"/>
      <trkpt lat="42.980590" lon="-4.911770"/>
      <trkpt lat="42.980470" lon="-4.911820"/>
      <trkpt lat="42.980230" lon="-4.911920"/>
      <trkpt lat="42.979950" lon="-4.912040"/>
      <trkpt lat="42.979710" lon="-4.912140"/>
      <trkpt lat="42.979560" lon="-4.912220"/>
      <trkpt lat="42.979470" lon="-4.912270"/>
      <trkpt lat="42.979400" lon="-4.912320"/>
      <trkpt lat="42.979270" lon="-4.912430"/>
      <trkpt lat="42.979050" lon="-4.912620"/>
      <trkpt lat="42.978570" lon="-4.913070"/>
      <trkpt lat="42.978420" lon="-4.913200"/>
      <trkpt lat="42.978270" lon="-4.913330"/>
      <trkpt lat="42.978170" lon="-4.913430"/>
      <trkpt lat="42.978090" lon="-4.913500"/>
      <trkpt lat="42.978030" lon="-4.913590"/>
      <trkpt lat="42.977980" lon="-4.913680"/>
      <trkpt lat="42.977930" lon="-4.913780"/>
      <trkpt lat="42.977890" lon="-4.913850"/>
      <trkpt lat="42.977840" lon="-4.913930"/>
      <trkpt lat="42.977770" lon="-4.914020"/>
      <trkpt lat="42.977660" lon="-4.914140"/>
      <trkpt lat="42.977540" lon="-4.914270"/>
      <trkpt lat="42.977420" lon="-4.914420"/>
      <trkpt lat="42.977330" lon="-4.914570"/>
      <trkpt lat="42.977250" lon="-4.914720"/>
      <trkpt lat="42.977160" lon="-4.914930"/>
      <trkpt lat="42.977090" lon="-4.915110"/>
      <trkpt lat="42.977000" lon="-4.915350"/>
      <trkpt lat="42.976850" lon="-4.915750"/>
      <trkpt lat="42.976530" lon="-4.916660"/>
      <trkpt lat="42.975940" lon="-4.918290"/>
      <trkpt lat="42.975450" lon="-4.919690"/>
      <trkpt lat="42.975000" lon="-4.920950"/>
      <trkpt lat="42.974700" lon="-4.921790"/>
      <trkpt lat="42.974460" lon="-4.922470"/>
      <trkpt lat="42.974300" lon="-4.922910"/>
      <trkpt lat="42.974210" lon="-4.923170"/>
      <trkpt lat="42.974120" lon="-4.923470"/>
      <trkpt lat="42.974020" lon="-4.923940"/>
      <trkpt lat="42.973920" lon="-4.924580"/>
      <trkpt lat="42.973870" lon="-4.924930"/>
      <trkpt lat="42.973820" lon="-4.925220"/>
      <trkpt lat="42.973790" lon="-4.925390"/>
      <trkpt lat="42.973710" lon="-4.925820"/>
      <trkpt lat="42.973610" lon="-4.926410"/>
      <trkpt lat="42.973570" lon="-4.926630"/>
      <trkpt lat="42.973560" lon="-4.926710"/>
      <trkpt lat="42.973540" lon="-4.926790"/>
      <trkpt lat="42.973440" lon="-4.927360"/>
      <trkpt lat="42.973360" lon="-4.927840"/>
      <trkpt lat="42.973260" lon="-4.928380"/>
      <trkpt lat="42.973200" lon="-4.928680"/>
      <trkpt lat="42.973190" lon="-4.928750"/>
      <trkpt lat="42.973110" lon="-4.929210"/>
      <trkpt lat="42.972920" lon="-4.930350"/>
      <trkpt lat="42.972660" lon="-4.931880"/>
      <trkpt lat="42.972460" lon="-4.933030"/>
      <trkpt lat="42.972300" lon="-4.933900"/>
      <trkpt lat="42.972180" lon="-4.934560"/>
      <trkpt lat="42.972070" lon="-4.935290"/>
      <trkpt lat="42.971990" lon="-4.935940"/>
      <trkpt lat="42.971940" lon="-4.936430"/>
      <trkpt lat="42.971890" lon="-4.937020"/>
      <trkpt lat="42.971730" lon="-4.939660"/>
      <trkpt lat="42.971730" lon="-4.939890"/>
      <trkpt lat="42.971740" lon="-4.940090"/>
      <trkpt lat="42.971770" lon="-4.940280"/>
      <trkpt lat="42.971810" lon="-4.940460"/>
      <trkpt lat="42.971870" lon="-4.940630"/>
      <trkpt lat="42.971960" lon="-4.940830"/>
      <trkpt lat="42.972180" lon="-4.941300"/>
      <trkpt lat="42.972400" lon="-4.941750"/>
      <trkpt lat="42.972730" lon="-4.942440"/>
      <trkpt lat="42.972990" lon="-4.943000"/>
      <trkpt lat="42.973140" lon="-4.943330"/>
      <trkpt lat="42.973270" lon="-4.943640"/>
      <trkpt lat="42.973390" lon="-4.943990"/>
      <trkpt lat="42.973490" lon="-4.944350"/>
      <trkpt lat="42.973580" lon="-4.944710"/>
      <trkpt lat="42.973660" lon="-4.945120"/>
      <trkpt lat="42.973700" lon="-4.945380"/>
      <trkpt lat="42.973740" lon="-4.945730"/>
      <trkpt lat="42.973780" lon="-4.946220"/>
      <trkpt lat="42.973810" lon="-4.946570"/>
      <trkpt lat="42.973860" lon="-4.947150"/>
      <trkpt lat="42.973910" lon="-4.947570"/>
      <trkpt lat="42.973980" lon="-4.948020"/>
      <trkpt lat="42.974090" lon="-4.948470"/>
      <trkpt lat="42.974240" lon="-4.949030"/>
      <trkpt lat="42.974420" lon="-4.949650"/>
      <trkpt lat="42.974580" lon="-4.950270"/>
      <trkpt lat="42.974670" lon="-4.950730"/>
      <trkpt lat="42.974740" lon="-4.951260"/>
      <trkpt lat="42.974760" lon="-4.951570"/>
      <trkpt lat="42.974780" lon="-4.951920"/>
      <trkpt lat="42.974800" lon="-4.952380"/>
      <trkpt lat="42.974810" lon="-4.953060"/>
      <trkpt lat="42.974830" lon="-4.954210"/>
      <trkpt lat="42.974850" lon="-4.955040"/>
      <trkpt lat="42.974860" lon="-4.955450"/>
      <trkpt lat="42.974870" lon="-4.955730"/>
      <trkpt lat="42.974860" lon="-4.955970"/>
      <trkpt lat="42.974830" lon="-4.956200"/>
      <trkpt lat="42.974780" lon="-4.956440"/>
      <trkpt lat="42.974700" lon="-4.956810"/>
      <trkpt lat="42.974650" lon="-4.957110"/>
      <trkpt lat="42.974620" lon="-4.957390"/>
      <trkpt lat="42.974610" lon="-4.958030"/>
      <trkpt lat="42.974600" lon="-4.958280"/>
      <trkpt lat="42.974580" lon="-4.958440"/>
      <trkpt lat="42.974560" lon="-4.958630"/>
      <trkpt lat="42.974480" lon="-4.959040"/>
      <trkpt lat="42.974390" lon="-4.959520"/>
      <trkpt lat="42.974330" lon="-4.959810"/>
      <trkpt lat="42.974280" lon="-4.960030"/>
      <trkpt lat="42.974220" lon="-4.960220"/>
      <trkpt lat="42.974160" lon="-4.960400"/>
      <trkpt lat="42.973940" lon="-4.961030"/>
      <trkpt lat="42.973870" lon="-4.961250"/>
      <trkpt lat="42.973840" lon="-4.961400"/>
      <trkpt lat="42.973830" lon="-4.961560"/>
      <trkpt lat="42.973840" lon="-4.961690"/>
      <trkpt lat="42.973860" lon="-4.961860"/>
      <trkpt lat="42.973900" lon="-4.962070"/>
      <trkpt lat="42.973960" lon="-4.962330"/>
      <trkpt lat="42.974010" lon="-4.962600"/>
      <trkpt lat="42.974040" lon="-4.962820"/>
      <trkpt lat="42.974050" lon="-4.963030"/>
      <trkpt lat="42.974060" lon="-4.963240"/>
      <trkpt lat="42.974050" lon="-4.963460"/>
      <trkpt lat="42.974020" lon="-4.963680"/>
      <trkpt lat="42.973980" lon="-4.963900"/>
      <trkpt lat="42.973930" lon="-4.964150"/>
      <trkpt lat="42.973860" lon="-4.964390"/>
      <trkpt lat="42.973800" lon="-4.964590"/>
      <trkpt lat="42.973750" lon="-4.964740"/>
      <trkpt lat="42.973690" lon="-4.964890"/>
      <trkpt lat="42.973620" lon="-4.965030"/>
      <trkpt lat="42.973370" lon="-4.965510"/>
      <trkpt lat="42.973260" lon="-4.965710"/>
      <trkpt lat="42.973200" lon="-4.965890"/>
      <trkpt lat="42.973170" lon="-4.966050"/>
      <trkpt lat="42.973150" lon="-4.966230"/>
      <trkpt lat="42.973130" lon="-4.966400"/>
      <trkpt lat="42.973110" lon="-4.966550"/>
      <trkpt lat="42.973070" lon="-4.966660"/>
      <trkpt lat="42.973030" lon="-4.966780"/>
      <trkpt lat="42.972970" lon="-4.966880"/>
      <trkpt lat="42.972910" lon="-4.966970"/>
      <trkpt lat="42.972840" lon="-4.967050"/>
      <trkpt lat="42.972620" lon="-4.967240"/>
      <trkpt lat="42.972510" lon="-4.967360"/>
      <trkpt lat="42.972460" lon="-4.967420"/>
      <trkpt lat="42.972410" lon="-4.967500"/>
      <trkpt lat="42.972300" lon="-4.967770"/>
      <trkpt lat="42.972210" lon="-4.968020"/>
      <trkpt lat="42.972130" lon="-4.968180"/>
      <trkpt lat="42.972070" lon="-4.968280"/>
      <trkpt lat="42.971990" lon="-4.968390"/>
      <trkpt lat="42.971890" lon="-4.968460"/>
      <trkpt lat="42.971670" lon="-4.968610"/>
      <trkpt lat="42.971540" lon="-4.968710"/>
      <trkpt lat="42.971440" lon="-4.968800"/>
      <trkpt lat="42.971390" lon="-4.968880"/>
      <trkpt lat="42.971330" lon="-4.969010"/>
      <trkpt lat="42.971280" lon="-4.969130"/>
      <trkpt lat="42.971250" lon="-4.969250"/>
      <trkpt lat="42.971230" lon="-4.969370"/>
      <trkpt lat="42.971220" lon="-4.969500"/>
      <trkpt lat="42.971210" lon="-4.969670"/>
      <trkpt lat="42.971210" lon="-4.969850"/>
      <trkpt lat="42.971200" lon="-4.970000"/>
      <trkpt lat="42.971180" lon="-4.970160"/>
      <trkpt lat="42.971130" lon="-4.970320"/>
      <trkpt lat="42.971000" lon="-4.970690"/>
      <trkpt lat="42.970940" lon="-4.970910"/>
      <trkpt lat="42.970910" lon="-4.971130"/>
      <trkpt lat="42.970920" lon="-4.971440"/>
      <trkpt lat="42.970920" lon="-4.971740"/>
      <trkpt lat="42.970880" lon="-4.971980"/>
      <trkpt lat="42.970800" lon="-4.972190"/>
      <trkpt lat="42.970700" lon="-4.972360"/>
      <trkpt lat="42.970620" lon="-4.972490"/>
      <trkpt lat="42.970480" lon="-4.972710"/>
      <trkpt lat="42.970320" lon="-4.972980"/>
      <trkpt lat="42.970150" lon="-4.973300"/>
      <trkpt lat="42.970040" lon="-4.973500"/>
      <trkpt lat="42.969930" lon="-4.973740"/>
      <trkpt lat="42.969840" lon="-4.973950"/>
      <trkpt lat="42.969750" lon="-4.974200"/>
      <trkpt lat="42.969700" lon="-4.974390"/>
      <trkpt lat="42.969470" lon="-4.975170"/>
      <trkpt lat="42.969360" lon="-4.975500"/>
      <trkpt lat="42.969240" lon="-4.975740"/>
      <trkpt lat="42.969130" lon="-4.975920"/>
      <trkpt lat="42.968990" lon="-4.976090"/>
      <trkpt lat="42.968850" lon="-4.976250"/>
      <trkpt lat="42.968690" lon="-4.976400"/>
      <trkpt lat="42.968570" lon="-4.976550"/>
      <trkpt lat="42.968510" lon="-4.976660"/>
      <trkpt lat="42.968450" lon="-4.976790"/>
      <trkpt lat="42.968400" lon="-4.976960"/>
      <trkpt lat="42.968380" lon="-4.977110"/>
      <trkpt lat="42.968380" lon="-4.977270"/>
      <trkpt lat="42.968390" lon="-4.977410"/>
      <trkpt lat="42.968430" lon="-4.977560"/>
      <trkpt lat="42.968470" lon="-4.977700"/>
      <trkpt lat="42.968520" lon="-4.977860"/>
      <trkpt lat="42.968570" lon="-4.978000"/>
      <trkpt lat="42.968600" lon="-4.978110"/>
      <trkpt lat="42.968620" lon="-4.978220"/>
      <trkpt lat="42.968620" lon="-4.978350"/>
      <trkpt lat="42.968630" lon="-4.978800"/>
      <trkpt lat="42.968630" lon="-4.978940"/>
      <trkpt lat="42.968650" lon="-4.979050"/>
      <trkpt lat="42.968670" lon="-4.979150"/>
      <trkpt lat="42.968710" lon="-4.979260"/>
      <trkpt lat="42.968850" lon="-4.979620"/>
      <trkpt lat="42.968900" lon="-4.979770"/>
      <trkpt lat="42.968930" lon="-4.979910"/>
      <trkpt lat="42.968950" lon="-4.980040"/>
      <trkpt lat="42.968950" lon="-4.980150"/>
      <trkpt lat="42.968930" lon="-4.980300"/>
      <trkpt lat="42.968900" lon="-4.980440"/>
      <trkpt lat="42.968860" lon="-4.980570"/>
      <trkpt lat="42.968810" lon="-4.980690"/>
      <trkpt lat="42.968710" lon="-4.980890"/>
      <trkpt lat="42.968650" lon="-4.981040"/>
      <trkpt lat="42.968600" lon="-4.981180"/>
      <trkpt lat="42.968580" lon="-4.981310"/>
      <trkpt lat="42.968570" lon="-4.981460"/>
      <trkpt lat="42.968570" lon="-4.981580"/>
      <trkpt lat="42.968590" lon="-4.981750"/>
      <trkpt lat="42.968620" lon="-4.981930"/>
      <trkpt lat="42.968770" lon="-4.982690"/>
      <trkpt lat="42.968880" lon="-4.983240"/>
      <trkpt lat="42.968940" lon="-4.983440"/>
      <trkpt lat="42.969000" lon="-4.983570"/>
      <trkpt lat="42.969070" lon="-4.983680"/>
      <trkpt lat="42.969160" lon="-4.983780"/>
      <trkpt lat="42.969270" lon="-4.983850"/>
      <trkpt lat="42.969380" lon="-4.983920"/>
      <trkpt lat="42.969510" lon="-4.983940"/>
      <trkpt lat="42.969650" lon="-4.983960"/>
      <trkpt lat="42.969780" lon="-4.983970"/>
      <trkpt lat="42.969940" lon="-4.983980"/>
      <trkpt lat="42.970080" lon="-4.984000"/>
      <trkpt lat="42.970200" lon="-4.984050"/>
      <trkpt lat="42.970280" lon="-4.984090"/>
      <trkpt lat="42.970400" lon="-4.984170"/>
      <trkpt lat="42.970480" lon="-4.984240"/>
      <trkpt lat="42.970560" lon="-4.984320"/>
      <trkpt lat="42.970630" lon="-4.984420"/>
      <trkpt lat="42.970690" lon="-4.984510"/>
      <trkpt lat="42.970740" lon="-4.984600"/>
      <trkpt lat="42.970800" lon="-4.984730"/>
      <trkpt lat="42.970850" lon="-4.984880"/>
      <trkpt lat="42.970880" lon="-4.985030"/>
      <trkpt lat="42.970900" lon="-4.985200"/>
      <trkpt lat="42.970910" lon="-4.985350"/>
      <trkpt lat="42.970900" lon="-4.985500"/>
      <trkpt lat="42.970880" lon="-4.985640"/>
      <trkpt lat="42.970850" lon="-4.985800"/>
      <trkpt lat="42.970800" lon="-4.985960"/>
      <trkpt lat="42.970720" lon="-4.986120"/>
      <trkpt lat="42.970640" lon="-4.986270"/>
      <trkpt lat="42.970540" lon="-4.986400"/>
      <trkpt lat="42.970430" lon="-4.986500"/>
      <trkpt lat="42.970300" lon="-4.986590"/>
      <trkpt lat="42.970160" lon="-4.986670"/>
      <trkpt lat="42.969840" lon="-4.986830"/>
      <trkpt lat="42.969710" lon="-4.986920"/>
      <trkpt lat="42.969630" lon="-4.986990"/>
      <trkpt lat="42.969560" lon="-4.987080"/>
      <trkpt lat="42.969500" lon="-4.987200"/>
      <trkpt lat="42.969450" lon="-4.987330"/>
      <trkpt lat="42.969410" lon="-4.987480"/>
      <trkpt lat="42.969390" lon="-4.987620"/>
      <trkpt lat="42.969390" lon="-4.987780"/>
      <trkpt lat="42.969400" lon="-4.987940"/>
      <trkpt lat="42.969420" lon="-4.988100"/>
      <trkpt lat="42.969460" lon="-4.988260"/>
      <trkpt lat="42.969660" lon="-4.989250"/>
      <trkpt lat="42.969730" lon="-4.989590"/>
      <trkpt lat="42.970500" lon="-4.993310"/>
      <trkpt lat="42.970570" lon="-4.993620"/>
      <trkpt lat="42.970620" lon="-4.993840"/>
      <trkpt lat="42.970660" lon="-4.994010"/>
      <trkpt lat="42.970750" lon="-4.994220"/>
      <trkpt lat="42.971010" lon="-4.994780"/>
      <trkpt lat="42.971290" lon="-4.995330"/>
      <trkpt lat="42.971370" lon="-4.995460"/>
      <trkpt lat="42.971430" lon="-4.995540"/>
      <trkpt lat="42.971510" lon="-4.995620"/>
      <trkpt lat="42.971590" lon="-4.995680"/>
      <trkpt lat="42.971690" lon="-4.995720"/>
      <trkpt lat="42.971790" lon="-4.995760"/>
      <trkpt lat="42.971930" lon="-4.995800"/>
      <trkpt lat="42.972120" lon="-4.995850"/>
      <trkpt lat="42.972260" lon="-4.995920"/>
      <trkpt lat="42.972400" lon="-4.996010"/>
      <trkpt lat="42.972500" lon="-4.996110"/>
      <trkpt lat="42.972610" lon="-4.996250"/>
      <trkpt lat="42.972700" lon="-4.996410"/>
      <trkpt lat="42.972770" lon="-4.996580"/>
      <trkpt lat="42.972810" lon="-4.996770"/>
      <trkpt lat="42.972860" lon="-4.997000"/>
      <trkpt lat="42.972880" lon="-4.997130"/>
      <trkpt lat="42.972980" lon="-4.997600"/>
      <trkpt lat="42.973070" lon="-4.998000"/>
      <trkpt lat="42.973150" lon="-4.998270"/>
      <trkpt lat="42.973250" lon="-4.998520"/>
      <trkpt lat="42.973370" lon="-4.998740"/>
      <trkpt lat="42.973520" lon="-4.998950"/>
      <trkpt lat="42.973680" lon="-4.999120"/>
      <trkpt lat="42.973830" lon="-4.999240"/>
      <trkpt lat="42.973980" lon="-4.999340"/>
      <trkpt lat="42.974140" lon="-4.999410"/>
      <trkpt lat="42.974340" lon="-4.999470"/>
      <trkpt lat="42.974520" lon="-4.999490"/>
      <trkpt lat="42.974720" lon="-4.999490"/>
      <trkpt lat="42.974880" lon="-4.999470"/>
      <trkpt lat="42.975130" lon="-4.999450"/>
      <trkpt lat="42.975260" lon="-4.999460"/>
      <trkpt lat="42.975360" lon="-4.999480"/>
      <trkpt lat="42.975420" lon="-4.999510"/>
      <trkpt lat="42.975540" lon="-4.999570"/>
      <trkpt lat="42.975630" lon="-4.999650"/>
      <trkpt lat="42.975720" lon="-4.999750"/>
      <trkpt lat="42.975810" lon="-4.999890"/>
      <trkpt lat="42.975930" lon="-5.000130"/>
      <trkpt lat="42.976050" lon="-5.000370"/>
      <trkpt lat="42.976150" lon="-5.000540"/>
      <trkpt lat="42.976220" lon="-5.000630"/>
      <trkpt lat="42.976400" lon="-5.000840"/>
      <trkpt lat="42.976670" lon="-5.001170"/>
      <trkpt lat="42.977050" lon="-5.001620"/>
      <trkpt lat="42.977210" lon="-5.001830"/>
      <trkpt lat="42.977330" lon="-5.001970"/>
      <trkpt lat="42.977390" lon="-5.002070"/>
      <trkpt lat="42.977460" lon="-5.002200"/>
      <trkpt lat="42.977560" lon="-5.002300"/>
      <trkpt lat="42.977610" lon="-5.002340"/>
      <trkpt lat="42.977660" lon="-5.002360"/>
      <trkpt lat="42.977720" lon="-5.002380"/>
      <trkpt lat="42.977780" lon="-5.002390"/>
      <trkpt lat="42.977840" lon="-5.002390"/>
      <trkpt lat="42.977890" lon="-5.002390"/>
      <trkpt lat="42.977950" lon="-5.002380"/>
      <trkpt lat="42.978010" lon="-5.002370"/>
      <trkpt lat="42.978060" lon="-5.002350"/>
      <trkpt lat="42.978120" lon="-5.002320"/>
      <trkpt lat="42.978180" lon="-5.002280"/>
      <trkpt lat="42.978280" lon="-5.002200"/>
      <trkpt lat="42.978480" lon="-5.001930"/>
      <trkpt lat="42.978590" lon="-5.001780"/>
      <trkpt lat="42.978750" lon="-5.001440"/>
      <trkpt lat="42.978770" lon="-5.001250"/>
      <trkpt lat="42.978790" lon="-5.001060"/>
      <trkpt lat="42.978770" lon="-5.000460"/>
      <trkpt lat="42.978840" lon="-5.000110"/>
      <trkpt lat="42.979190" lon="-4.999460"/>
      <trkpt lat="42.979270" lon="-4.999090"/>
      <trkpt lat="42.979260" lon="-4.998680"/>
      <trkpt lat="42.979150" lon="-4.998300"/>
      <trkpt lat="42.978990" lon="-4.998000"/>
      <trkpt lat="42.978710" lon="-4.997430"/>
      <trkpt lat="42.978660" lon="-4.997110"/>
      <trkpt lat="42.978700" lon="-4.996780"/>
      <trkpt lat="42.978780" lon="-4.996550"/>
      <trkpt lat="42.978930" lon="-4.996310"/>
      <trkpt lat="42.979410" lon="-4.995880"/>
      <trkpt lat="42.979520" lon="-4.995740"/>
      <trkpt lat="42.979610" lon="-4.995580"/>
      <trkpt lat="42.979710" lon="-4.995320"/>
      <trkpt lat="42.979750" lon="-4.995060"/>
      <trkpt lat="42.979780" lon="-4.994300"/>
      <trkpt lat="42.979810" lon="-4.994110"/>
      <trkpt lat="42.979890" lon="-4.993870"/>
      <trkpt lat="42.980010" lon="-4.993630"/>
      <trkpt lat="42.980160" lon="-4.993470"/>
      <trkpt lat="42.980350" lon="-4.993370"/>
      <trkpt lat="42.980490" lon="-4.993330"/>
      <trkpt lat="42.980630" lon="-4.993320"/>
      <trkpt lat="42.980730" lon="-4.993350"/>
      <trkpt lat="42.980870" lon="-4.993390"/>
      <trkpt lat="42.981070" lon="-4.993530"/>
      <trkpt lat="42.981230" lon="-4.993730"/>
      <trkpt lat="42.981580" lon="-4.994110"/>
      <trkpt lat="42.981810" lon="-4.994290"/>
      <trkpt lat="42.982160" lon="-4.994480"/>
      <trkpt lat="42.982690" lon="-4.994670"/>
      <trkpt lat="42.982950" lon="-4.994800"/>
      <trkpt lat="42.983180" lon="-4.995120"/>
      <trkpt lat="42.983420" lon="-4.995500"/>
      <trkpt lat="42.983630" lon="-4.995720"/>
      <trkpt lat="42.983880" lon="-4.995890"/>
      <trkpt lat="42.984140" lon="-4.995950"/>
      <trkpt lat="42.984410" lon="-4.995950"/>
      <trkpt lat="42.984660" lon="-4.995900"/>
      <trkpt lat="42.984660" lon="-4.995900"/>
      <trkpt lat="42.984920" lon="-4.995740"/>
      <trkpt lat="42.985230" lon="-4.995460"/>
      <trkpt lat="42.985470" lon="-4.995240"/>
      <trkpt lat="42.985640" lon="-4.995170"/>
      <trkpt lat="42.985780" lon="-4.995150"/>
      <trkpt lat="42.986090" lon="-4.995150"/>
      <trkpt lat="42.986280" lon="-4.995130"/>
      <trkpt lat="42.986490" lon="-4.995020"/>
      <trkpt lat="42.986640" lon="-4.994860"/>
      <trkpt lat="42.986760" lon="-4.994630"/>
      <trkpt lat="42.986810" lon="-4.994440"/>
      <trkpt lat="42.986930" lon="-4.993970"/>
      <trkpt lat="42.986990" lon="-4.993760"/>
      <trkpt lat="42.987080" lon="-4.993550"/>
      <trkpt lat="42.987360" lon="-4.993160"/>
      <trkpt lat="42.987520" lon="-4.992940"/>
      <trkpt lat="42.987640" lon="-4.992680"/>
      <trkpt lat="42.987710" lon="-4.992390"/>
      <trkpt lat="42.987730" lon="-4.992110"/>
      <trkpt lat="42.987740" lon="-4.991770"/>
      <trkpt lat="42.987780" lon="-4.991530"/>
      <trkpt lat="42.987880" lon="-4.991250"/>
      <trkpt lat="42.987990" lon="-4.991050"/>
      <trkpt lat="42.988120" lon="-4.990930"/>
      <trkpt lat="42.988250" lon="-4.990870"/>
      <trkpt lat="42.988390" lon="-4.990820"/>
      <trkpt lat="42.988570" lon="-4.990820"/>
      <trkpt lat="42.988720" lon="-4.990870"/>
      <trkpt lat="42.988870" lon="-4.990960"/>
      <trkpt lat="42.988970" lon="-4.991080"/>
      <trkpt lat="42.989050" lon="-4.991210"/>
      <trkpt lat="42.989110" lon="-4.991380"/>
      <trkpt lat="42.989170" lon="-4.991570"/>
      <trkpt lat="42.989400" lon="-4.993180"/>
      <trkpt lat="42.989430" lon="-4.993340"/>
      <trkpt lat="42.989490" lon="-4.993510"/>
      <trkpt lat="42.989620" lon="-4.993680"/>
      <trkpt lat="42.989780" lon="-4.993900"/>
      <trkpt lat="42.989990" lon="-4.994240"/>
      <trkpt lat="42.990140" lon="-4.994630"/>
      <trkpt lat="42.990240" lon="-4.994800"/>
      <trkpt lat="42.990330" lon="-4.994960"/>
      <trkpt lat="42.990450" lon="-4.995070"/>
      <trkpt lat="42.990570" lon="-4.995160"/>
      <trkpt lat="42.990720" lon="-4.995190"/>
      <trkpt lat="42.990920" lon="-4.995190"/>
      <trkpt lat="42.991920" lon="-4.995130"/>
      <trkpt lat="42.992030" lon="-4.995100"/>
      <trkpt lat="42.992130" lon="-4.995030"/>
      <trkpt lat="42.992420" lon="-4.994810"/>
      <trkpt lat="42.992790" lon="-4.994600"/>
      <trkpt lat="42.993010" lon="-4.994550"/>
      <trkpt lat="42.993290" lon="-4.994510"/>
      <trkpt lat="42.993580" lon="-4.994450"/>
      <trkpt lat="42.993780" lon="-4.994370"/>
      <trkpt lat="42.993950" lon="-4.994240"/>
      <trkpt lat="42.994290" lon="-4.993900"/>
      <trkpt lat="42.994430" lon="-4.993770"/>
      <trkpt lat="42.994580" lon="-4.993680"/>
      <trkpt lat="42.994770" lon="-4.993650"/>
      <trkpt lat="42.994960" lon="-4.993690"/>
      <trkpt lat="42.995050" lon="-4.993730"/>
      <trkpt lat="42.995150" lon="-4.993780"/>
      <trkpt lat="42.995240" lon="-4.993860"/>
      <trkpt lat="42.995330" lon="-4.993960"/>
      <trkpt lat="42.995430" lon="-4.994190"/>
      <trkpt lat="42.995490" lon="-4.994430"/>
      <trkpt lat="42.995500" lon="-4.994630"/>
      <trkpt lat="42.995490" lon="-4.994820"/>
      <trkpt lat="42.995420" lon="-4.995090"/>
      <trkpt lat="42.995240" lon="-4.995540"/>
      <trkpt lat="42.995070" lon="-4.995910"/>
      <trkpt lat="42.994810" lon="-4.996300"/>
      <trkpt lat="42.994560" lon="-4.996640"/>
      <trkpt lat="42.994310" lon="-4.997030"/>
      <trkpt lat="42.994210" lon="-4.997270"/>
      <trkpt lat="42.994130" lon="-4.997480"/>
      <trkpt lat="42.994070" lon="-4.997770"/>
      <trkpt lat="42.994040" lon="-4.998020"/>
      <trkpt lat="42.994030" lon="-4.998270"/>
      <trkpt lat="42.994100" lon="-4.998730"/>
      <trkpt lat="42.994240" lon="-4.999190"/>
      <trkpt lat="42.994410" lon="-4.999510"/>
      <trkpt lat="42.994630" lon="-4.999770"/>
      <trkpt lat="42.994960" lon="-4.999990"/>
      <trkpt lat="42.996030" lon="-5.000440"/>
      <trkpt lat="42.996180" lon="-5.000450"/>
      <trkpt lat="42.996330" lon="-5.000440"/>
      <trkpt lat="42.996460" lon="-5.000400"/>
      <trkpt lat="42.996590" lon="-5.000340"/>
      <trkpt lat="42.996740" lon="-5.000230"/>
      <trkpt lat="42.997690" lon="-4.999290"/>
      <trkpt lat="42.997820" lon="-4.999190"/>
      <trkpt lat="42.998000" lon="-4.999130"/>
      <trkpt lat="42.998170" lon="-4.999140"/>
      <trkpt lat="42.998320" lon="-4.999190"/>
      <trkpt lat="42.998460" lon="-4.999270"/>
      <trkpt lat="42.998590" lon="-4.999440"/>
      <trkpt lat="42.998690" lon="-4.999620"/>
      <trkpt lat="42.998790" lon="-4.999950"/>
      <trkpt lat="42.998840" lon="-5.000290"/>
      <trkpt lat="42.998900" lon="-5.000500"/>
      <trkpt lat="42.998970" lon="-5.000710"/>
      <trkpt lat="42.999160" lon="-5.000970"/>
      <trkpt lat="42.999320" lon="-5.001110"/>
      <trkpt lat="42.999510" lon="-5.001190"/>
      <trkpt lat="42.999660" lon="-5.001230"/>
      <trkpt lat="42.999800" lon="-5.001220"/>
      <trkpt lat="43.000070" lon="-5.001140"/>
      <trkpt lat="43.000330" lon="-5.001040"/>
      <trkpt lat="43.000500" lon="-5.001020"/>
      <trkpt lat="43.000650" lon="-5.001050"/>
      <trkpt lat="43.000870" lon="-5.001180"/>
      <trkpt lat="43.000990" lon="-5.001340"/>
      <trkpt lat="43.001100" lon="-5.001560"/>
      <trkpt lat="43.001350" lon="-5.002170"/>
      <trkpt lat="43.001530" lon="-5.002380"/>
      <trkpt lat="43.001790" lon="-5.002520"/>
      <trkpt lat="43.002310" lon="-5.002650"/>
      <trkpt lat="43.002560" lon="-5.002860"/>
      <trkpt lat="43.003050" lon="-5.003320"/>
      <trkpt lat="43.003320" lon="-5.003490"/>
      <trkpt lat="43.003610" lon="-5.003640"/>
      <trkpt lat="43.003960" lon="-5.003690"/>
      <trkpt lat="43.004320" lon="-5.003680"/>
      <trkpt lat="43.005170" lon="-5.003470"/>
      <trkpt lat="43.005410" lon="-5.003440"/>
      <trkpt lat="43.005620" lon="-5.003470"/>
      <trkpt lat="43.005780" lon="-5.003540"/>
      <trkpt lat="43.005990" lon="-5.003650"/>
      <trkpt lat="43.006290" lon="-5.003940"/>
      <trkpt lat="43.006430" lon="-5.004100"/>
      <trkpt lat="43.006530" lon="-5.004290"/>
      <trkpt lat="43.006640" lon="-5.004530"/>
      <trkpt lat="43.006690" lon="-5.004670"/>
      <trkpt lat="43.006740" lon="-5.004850"/>
      <trkpt lat="43.006800" lon="-5.005170"/>
      <trkpt lat="43.006840" lon="-5.005430"/>
      <trkpt lat="43.006990" lon="-5.006360"/>
      <trkpt lat="43.007100" lon="-5.006870"/>
      <trkpt lat="43.007240" lon="-5.007320"/>
      <trkpt lat="43.008600" lon="-5.010470"/>
      <trkpt lat="43.008840" lon="-5.011180"/>
      <trkpt lat="43.009010" lon="-5.011800"/>
      <trkpt lat="43.009090" lon="-5.012480"/>
      <trkpt lat="43.009150" lon="-5.013380"/>
      <trkpt lat="43.009210" lon="-5.014370"/>
      <trkpt lat="43.009270" lon="-5.015210"/>
      <trkpt lat="43.009330" lon="-5.015610"/>
      <trkpt lat="43.009430" lon="-5.015950"/>
      <trkpt lat="43.010320" lon="-5.018690"/>
      <trkpt lat="43.010670" lon="-5.019770"/>
      <trkpt lat="43.010810" lon="-5.020120"/>
      <trkpt lat="43.010970" lon="-5.020430"/>
      <trkpt lat="43.011200" lon="-5.020700"/>
      <trkpt lat="43.011470" lon="-5.020900"/>
      <trkpt lat="43.011820" lon="-5.021010"/>
      <trkpt lat="43.011940" lon="-5.021030"/>
      <trkpt lat="43.012590" lon="-5.021130"/>
      <trkpt lat="43.012880" lon="-5.021180"/>
      <trkpt lat="43.013310" lon="-5.021250"/>
      <trkpt lat="43.013990" lon="-5.021340"/>
      <trkpt lat="43.014260" lon="-5.021330"/>
      <trkpt lat="43.014560" lon="-5.021260"/>
      <trkpt lat="43.014890" lon="-5.021080"/>
      <trkpt lat="43.015570" lon="-5.020660"/>
      <trkpt lat="43.016290" lon="-5.020230"/>
      <trkpt lat="43.016620" lon="-5.020220"/>
      <trkpt lat="43.017080" lon="-5.020310"/>
      <trkpt lat="43.017500" lon="-5.020190"/>
      <trkpt lat="43.018440" lon="-5.019880"/>
      <trkpt lat="43.019870" lon="-5.019830"/>
      <trkpt lat="43.021390" lon="-5.019820"/>
      <trkpt lat="43.021900" lon="-5.019800"/>
      <trkpt lat="43.022140" lon="-5.019710"/>
      <trkpt lat="43.022710" lon="-5.019380"/>
      <trkpt lat="43.023340" lon="-5.019300"/>
      <trkpt lat="43.023970" lon="-5.019110"/>
      <trkpt lat="43.024880" lon="-5.019110"/>
      <trkpt lat="43.025580" lon="-5.018800"/>
      <trkpt lat="43.026060" lon="-5.018770"/>
      <trkpt lat="43.026680" lon="-5.018930"/>
      <trkpt lat="43.026980" lon="-5.018880"/>
      <trkpt lat="43.028390" lon="-5.018390"/>
      <trkpt lat="43.029410" lon="-5.017170"/>
      <trkpt lat="43.030380" lon="-5.015890"/>
      <trkpt lat="43.030680" lon="-5.015610"/>
      <trkpt lat="43.030960" lon="-5.015410"/>
      <trkpt lat="43.030980" lon="-5.015390"/>
      <trkpt lat="43.031510" lon="-5.015000"/>
      <trkpt lat="43.031700" lon="-5.014860"/>
      <trkpt lat="43.032020" lon="-5.014690"/>
      <trkpt lat="43.033740" lon="-5.014200"/>
      <trkpt lat="43.033880" lon="-5.014160"/>
      <trkpt lat="43.034010" lon="-5.014080"/>
      <trkpt lat="43.034220" lon="-5.013910"/>
      <trkpt lat="43.034300" lon="-5.013840"/>
      <trkpt lat="43.034370" lon="-5.013780"/>
      <trkpt lat="43.034800" lon="-5.013440"/>
      <trkpt lat="43.034830" lon="-5.013410"/>
      <trkpt lat="43.034980" lon="-5.013300"/>
      <trkpt lat="43.035060" lon="-5.013230"/>
      <trkpt lat="43.035070" lon="-5.013220"/>
      <trkpt lat="43.035230" lon="-5.013090"/>
      <trkpt lat="43.035280" lon="-5.013040"/>
      <trkpt lat="43.035590" lon="-5.012780"/>
      <trkpt lat="43.035740" lon="-5.012650"/>
      <trkpt lat="43.035920" lon="-5.012500"/>
      <trkpt lat="43.036310" lon="-5.012160"/>
      <trkpt lat="43.037160" lon="-5.011640"/>
      <trkpt lat="43.037930" lon="-5.011410"/>
      <trkpt lat="43.038800" lon="-5.011160"/>
      <trkpt lat="43.039930" lon="-5.010970"/>
      <trkpt lat="43.041960" lon="-5.009880"/>
      <trkpt lat="43.042630" lon="-5.009140"/>
      <trkpt lat="43.043350" lon="-5.007960"/>
      <trkpt lat="43.043610" lon="-5.007570"/>
      <trkpt lat="43.043680" lon="-5.007490"/>
      <trkpt lat="43.043750" lon="-5.007460"/>
      <trkpt lat="43.043870" lon="-5.007470"/>
      <trkpt lat="43.043990" lon="-5.007560"/>
      <trkpt lat="43.044370" lon="-5.008010"/>
      <trkpt lat="43.044710" lon="-5.008320"/>
      <trkpt lat="43.045160" lon="-5.008620"/>
      <trkpt lat="43.045880" lon="-5.008820"/>
      <trkpt lat="43.046960" lon="-5.009000"/>
      <trkpt lat="43.047260" lon="-5.009140"/>
      <trkpt lat="43.047550" lon="-5.009300"/>
      <trkpt lat="43.048390" lon="-5.009930"/>
      <trkpt lat="43.059830" lon="-5.018370"/>
      <trkpt lat="43.060130" lon="-5.018590"/>
      <trkpt lat="43.060390" lon="-5.018740"/>
      <trkpt lat="43.060700" lon="-5.018830"/>
      <trkpt lat="43.062370" lon="-5.018970"/>
      <trkpt lat="43.065960" lon="-5.020750"/>
      <trkpt lat="43.067100" lon="-5.021060"/>
      <trkpt lat="43.067420" lon="-5.021010"/>
      <trkpt lat="43.068070" lon="-5.020950"/>
      <trkpt lat="43.070190" lon="-5.021070"/>
      <trkpt lat="43.070690" lon="-5.021010"/>
      <trkpt lat="43.071570" lon="-5.020620"/>
      <trkpt lat="43.072050" lon="-5.020250"/>
      <trkpt lat="43.072970" lon="-5.019310"/>
      <trkpt lat="43.073530" lon="-5.018890"/>
      <trkpt lat="43.074140" lon="-5.018390"/>
      <trkpt lat="43.074660" lon="-5.018060"/>
      <trkpt lat="43.074850" lon="-5.018040"/>
      <trkpt lat="43.075060" lon="-5.018060"/>
      <trkpt lat="43.075540" lon="-5.018200"/>
      <trkpt lat="43.075860" lon="-5.018450"/>
      <trkpt lat="43.076480" lon="-5.019100"/>
      <trkpt lat="43.077290" lon="-5.019580"/>
      <trkpt lat="43.078170" lon="-5.019970"/>
      <trkpt lat="43.078600" lon="-5.020100"/>
      <trkpt lat="43.079480" lon="-5.020380"/>
      <trkpt lat="43.080220" lon="-5.020670"/>
      <trkpt lat="43.080410" lon="-5.020750"/>
      <trkpt lat="43.080540" lon="-5.020800"/>
      <trkpt lat="43.080630" lon="-5.020830"/>
      <trkpt lat="43.080710" lon="-5.020820"/>
      <trkpt lat="43.080790" lon="-5.020820"/>
      <trkpt lat="43.081020" lon="-5.020680"/>
      <trkpt lat="43.081910" lon="-5.020030"/>
      <trkpt lat="43.082780" lon="-5.019410"/>
      <trkpt lat="43.083580" lon="-5.019140"/>
      <trkpt lat="43.083970" lon="-5.019120"/>
      <trkpt lat="43.084290" lon="-5.019180"/>
      <trkpt lat="43.085300" lon="-5.019050"/>
      <trkpt lat="43.085570" lon="-5.018930"/>
      <trkpt lat="43.085800" lon="-5.018650"/>
      <trkpt lat="43.086290" lon="-5.018050"/>
      <trkpt lat="43.086480" lon="-5.017830"/>
      <trkpt lat="43.086930" lon="-5.017260"/>
      <trkpt lat="43.087080" lon="-5.017100"/>
      <trkpt lat="43.087250" lon="-5.016900"/>
      <trkpt lat="43.087450" lon="-5.016690"/>
      <trkpt lat="43.087710" lon="-5.016470"/>
      <trkpt lat="43.087870" lon="-5.016410"/>
      <trkpt lat="43.088110" lon="-5.016380"/>
      <trkpt lat="43.088340" lon="-5.016400"/>
      <trkpt lat="43.089110" lon="-5.016590"/>
      <trkpt lat="43.089370" lon="-5.016730"/>
      <trkpt lat="43.089690" lon="-5.017060"/>
      <trkpt lat="43.090520" lon="-5.018060"/>
      <trkpt lat="43.090860" lon="-5.018570"/>
      <trkpt lat="43.090970" lon="-5.018760"/>
      <trkpt lat="43.091230" lon="-5.018960"/>
      <trkpt lat="43.091570" lon="-5.019160"/>
      <trkpt lat="43.091730" lon="-5.019300"/>
      <trkpt lat="43.091970" lon="-5.019660"/>
      <trkpt lat="43.092170" lon="-5.019980"/>
      <trkpt lat="43.092380" lon="-5.020130"/>
      <trkpt lat="43.092670" lon="-5.020230"/>
      <trkpt lat="43.092910" lon="-5.020260"/>
      <trkpt lat="43.093070" lon="-5.020250"/>
      <trkpt lat="43.093200" lon="-5.020200"/>
      <trkpt lat="43.095100" lon="-5.019200"/>
      <trkpt lat="43.095500" lon="-5.018830"/>
      <trkpt lat="43.095880" lon="-5.018390"/>
      <trkpt lat="43.097970" lon="-5.015040"/>
      <trkpt lat="43.098480" lon="-5.013970"/>
      <trkpt lat="43.098620" lon="-5.013750"/>
      <trkpt lat="43.098850" lon="-5.013580"/>
      <trkpt lat="43.099000" lon="-5.013560"/>
      <trkpt lat="43.099200" lon="-5.013610"/>
      <trkpt lat="43.099350" lon="-5.013690"/>
      <trkpt lat="43.099430" lon="-5.013770"/>
      <trkpt lat="43.099500" lon="-5.013880"/>
      <trkpt lat="43.099530" lon="-5.013990"/>
      <trkpt lat="43.099550" lon="-5.014110"/>
      <trkpt lat="43.099550" lon="-5.014330"/>
      <trkpt lat="43.099520" lon="-5.014510"/>
      <trkpt lat="43.099490" lon="-5.014640"/>
      <trkpt lat="43.099410" lon="-5.014880"/>
      <trkpt lat="43.099360" lon="-5.015030"/>
      <trkpt lat="43.099320" lon="-5.015180"/>
      <trkpt lat="43.099280" lon="-5.015400"/>
      <trkpt lat="43.099250" lon="-5.015770"/>
      <trkpt lat="43.099230" lon="-5.016030"/>
      <trkpt lat="43.099200" lon="-5.016220"/>
      <trkpt lat="43.099140" lon="-5.016420"/>
      <trkpt lat="43.098890" lon="-5.017260"/>
      <trkpt lat="43.098870" lon="-5.017420"/>
      <trkpt lat="43.098860" lon="-5.017550"/>
      <trkpt lat="43.098860" lon="-5.017670"/>
      <trkpt lat="43.098890" lon="-5.017790"/>
      <trkpt lat="43.098940" lon="-5.017910"/>
      <trkpt lat="43.099000" lon="-5.018000"/>
      <trkpt lat="43.099060" lon="-5.018080"/>
      <trkpt lat="43.099200" lon="-5.018220"/>
      <trkpt lat="43.099750" lon="-5.018690"/>
      <trkpt lat="43.099840" lon="-5.018780"/>
      <trkpt lat="43.099930" lon="-5.018880"/>
      <trkpt lat="43.099960" lon="-5.018930"/>
      <trkpt lat="43.100030" lon="-5.019050"/>
      <trkpt lat="43.100160" lon="-5.019300"/>
      <trkpt lat="43.100250" lon="-5.019480"/>
      <trkpt lat="43.100320" lon="-5.019650"/>
      <trkpt lat="43.100370" lon="-5.019810"/>
      <trkpt lat="43.100470" lon="-5.020180"/>
      <trkpt lat="43.100520" lon="-5.020350"/>
      <trkpt lat="43.100550" lon="-5.020450"/>
      <trkpt lat="43.100610" lon="-5.020580"/>
      <trkpt lat="43.100780" lon="-5.020910"/>
      <trkpt lat="43.100970" lon="-5.021260"/>
      <trkpt lat="43.101020" lon="-5.021340"/>
      <trkpt lat="43.101060" lon="-5.021380"/>
      <trkpt lat="43.101090" lon="-5.021410"/>
      <trkpt lat="43.101150" lon="-5.021430"/>
      <trkpt lat="43.101210" lon="-5.021430"/>
      <trkpt lat="43.101260" lon="-5.021410"/>
      <trkpt lat="43.101400" lon="-5.021320"/>
      <trkpt lat="43.101500" lon="-5.021260"/>
      <trkpt lat="43.101610" lon="-5.021220"/>
      <trkpt lat="43.101750" lon="-5.021190"/>
      <trkpt lat="43.101920" lon="-5.021170"/>
      <trkpt lat="43.102010" lon="-5.021180"/>
      <trkpt lat="43.102080" lon="-5.021210"/>
      <trkpt lat="43.102150" lon="-5.021270"/>
      <trkpt lat="43.102240" lon="-5.021350"/>
      <trkpt lat="43.102290" lon="-5.021460"/>
      <trkpt lat="43.102350" lon="-5.021590"/>
      <trkpt lat="43.102400" lon="-5.021750"/>
      <trkpt lat="43.102430" lon="-5.021940"/>
      <trkpt lat="43.102510" lon="-5.022530"/>
      <trkpt lat="43.102580" lon="-5.022850"/>
      <trkpt lat="43.102620" lon="-5.022990"/>
      <trkpt lat="43.102660" lon="-5.023090"/>
      <trkpt lat="43.102700" lon="-5.023180"/>
      <trkpt lat="43.102780" lon="-5.023280"/>
      <trkpt lat="43.103250" lon="-5.023890"/>
      <trkpt lat="43.103540" lon="-5.024250"/>
      <trkpt lat="43.103640" lon="-5.024370"/>
      <trkpt lat="43.103710" lon="-5.024420"/>
      <trkpt lat="43.103770" lon="-5.024450"/>
      <trkpt lat="43.103880" lon="-5.024460"/>
      <trkpt lat="43.104440" lon="-5.024510"/>
      <trkpt lat="43.104790" lon="-5.024540"/>
      <trkpt lat="43.104850" lon="-5.024560"/>
      <trkpt lat="43.104900" lon="-5.024600"/>
      <trkpt lat="43.104930" lon="-5.024670"/>
      <trkpt lat="43.104950" lon="-5.024740"/>
      <trkpt lat="43.104970" lon="-5.024830"/>
      <trkpt lat="43.104990" lon="-5.025040"/>
      <trkpt lat="43.104990" lon="-5.025290"/>
      <trkpt lat="43.104990" lon="-5.025460"/>
      <trkpt lat="43.104970" lon="-5.025570"/>
      <trkpt lat="43.104940" lon="-5.025660"/>
      <trkpt lat="43.104890" lon="-5.025750"/>
      <trkpt lat="43.104780" lon="-5.025860"/>
      <trkpt lat="43.104520" lon="-5.026100"/>
      <trkpt lat="43.104230" lon="-5.026400"/>
      <trkpt lat="43.104100" lon="-5.026590"/>
      <trkpt lat="43.103890" lon="-5.027020"/>
      <trkpt lat="43.103690" lon="-5.027490"/>
      <trkpt lat="43.103660" lon="-5.027570"/>
      <trkpt lat="43.103650" lon="-5.027650"/>
      <trkpt lat="43.103660" lon="-5.027840"/>
      <trkpt lat="43.103710" lon="-5.028380"/>
      <trkpt lat="43.103740" lon="-5.028690"/>
      <trkpt lat="43.103730" lon="-5.028800"/>
      <trkpt lat="43.103720" lon="-5.028920"/>
      <trkpt lat="43.103680" lon="-5.029080"/>
      <trkpt lat="43.103620" lon="-5.029230"/>
      <trkpt lat="43.103540" lon="-5.029370"/>
      <trkpt lat="43.103470" lon="-5.029480"/>
      <trkpt lat="43.103360" lon="-5.029570"/>
      <trkpt lat="43.103200" lon="-5.029680"/>
      <trkpt lat="43.102820" lon="-5.029870"/>
      <trkpt lat="43.102740" lon="-5.029950"/>
      <trkpt lat="43.102670" lon="-5.030040"/>
      <trkpt lat="43.102630" lon="-5.030110"/>
      <trkpt lat="43.102610" lon="-5.030190"/>
      <trkpt lat="43.102610" lon="-5.030280"/>
      <trkpt lat="43.102610" lon="-5.030360"/>
      <trkpt lat="43.102630" lon="-5.030440"/>
      <trkpt lat="43.102660" lon="-5.030500"/>
      <trkpt lat="43.102690" lon="-5.030560"/>
      <trkpt lat="43.102740" lon="-5.030600"/>
      <trkpt lat="43.102820" lon="-5.030630"/>
      <trkpt lat="43.103180" lon="-5.030690"/>
      <trkpt lat="43.103300" lon="-5.030730"/>
      <trkpt lat="43.103400" lon="-5.030790"/>
      <trkpt lat="43.103800" lon="-5.031120"/>
      <trkpt lat="43.104270" lon="-5.031550"/>
      <trkpt lat="43.104760" lon="-5.031960"/>
      <trkpt lat="43.104930" lon="-5.032100"/>
      <trkpt lat="43.105080" lon="-5.032270"/>
      <trkpt lat="43.105140" lon="-5.032360"/>
      <trkpt lat="43.105200" lon="-5.032460"/>
      <trkpt lat="43.105230" lon="-5.032540"/>
      <trkpt lat="43.105260" lon="-5.032620"/>
      <trkpt lat="43.105330" lon="-5.032840"/>
      <trkpt lat="43.105380" lon="-5.032970"/>
      <trkpt lat="43.105430" lon="-5.033070"/>
      <trkpt lat="43.105480" lon="-5.033150"/>
      <trkpt lat="43.105520" lon="-5.033190"/>
      <trkpt lat="43.105550" lon="-5.033220"/>
      <trkpt lat="43.105600" lon="-5.033230"/>
      <trkpt lat="43.105650" lon="-5.033240"/>
      <trkpt lat="43.105720" lon="-5.033230"/>
      <trkpt lat="43.105910" lon="-5.033160"/>
      <trkpt lat="43.105980" lon="-5.033150"/>
      <trkpt lat="43.106030" lon="-5.033160"/>
      <trkpt lat="43.106090" lon="-5.033180"/>
      <trkpt lat="43.106260" lon="-5.033280"/>
      <trkpt lat="43.106320" lon="-5.033310"/>
      <trkpt lat="43.106370" lon="-5.033320"/>
      <trkpt lat="43.106430" lon="-5.033310"/>
      <trkpt lat="43.106480" lon="-5.033290"/>
      <trkpt lat="43.106510" lon="-5.033250"/>
      <trkpt lat="43.106540" lon="-5.033210"/>
      <trkpt lat="43.106550" lon="-5.033150"/>
      <trkpt lat="43.106550" lon="-5.033100"/>
      <trkpt lat="43.106530" lon="-5.033050"/>
      <trkpt lat="43.106510" lon="-5.032990"/>
      <trkpt lat="43.106470" lon="-5.032960"/>
      <trkpt lat="43.106440" lon="-5.032950"/>
      <trkpt lat="43.106400" lon="-5.032940"/>
      <trkpt lat="43.106330" lon="-5.032960"/>
      <trkpt lat="43.106210" lon="-5.032990"/>
      <trkpt lat="43.106070" lon="-5.033030"/>
      <trkpt lat="43.105950" lon="-5.033030"/>
      <trkpt lat="43.105860" lon="-5.033020"/>
      <trkpt lat="43.105790" lon="-5.032990"/>
      <trkpt lat="43.105730" lon="-5.032940"/>
      <trkpt lat="43.105690" lon="-5.032890"/>
      <trkpt lat="43.105640" lon="-5.032790"/>
      <trkpt lat="43.105590" lon="-5.032650"/>
      <trkpt lat="43.105570" lon="-5.032520"/>
      <trkpt lat="43.105550" lon="-5.032350"/>
      <trkpt lat="43.105510" lon="-5.032000"/>
      <trkpt lat="43.105490" lon="-5.031880"/>
      <trkpt lat="43.105460" lon="-5.031780"/>
      <trkpt lat="43.105430" lon="-5.031700"/>
      <trkpt lat="43.105390" lon="-5.031640"/>
      <trkpt lat="43.105310" lon="-5.031540"/>
      <trkpt lat="43.105190" lon="-5.031410"/>
      <trkpt lat="43.104800" lon="-5.031030"/>
      <trkpt lat="43.104550" lon="-5.030780"/>
      <trkpt lat="43.104400" lon="-5.030630"/>
      <trkpt lat="43.104260" lon="-5.030520"/>
      <trkpt lat="43.104090" lon="-5.030400"/>
      <trkpt lat="43.104030" lon="-5.030340"/>
      <trkpt lat="43.104000" lon="-5.030300"/>
      <trkpt lat="43.103970" lon="-5.030240"/>
      <trkpt lat="43.103960" lon="-5.030170"/>
      <trkpt lat="43.103950" lon="-5.030090"/>
      <trkpt lat="43.103960" lon="-5.030010"/>
      <trkpt lat="43.103980" lon="-5.029940"/>
      <trkpt lat="43.104000" lon="-5.029870"/>
      <trkpt lat="43.104050" lon="-5.029780"/>
      <trkpt lat="43.104100" lon="-5.029700"/>
      <trkpt lat="43.104520" lon="-5.029170"/>
      <trkpt lat="43.104670" lon="-5.028970"/>
      <trkpt lat="43.104730" lon="-5.028850"/>
      <trkpt lat="43.104760" lon="-5.028740"/>
      <trkpt lat="43.104780" lon="-5.028620"/>
      <trkpt lat="43.104790" lon="-5.028500"/>
      <trkpt lat="43.104780" lon="-5.028350"/>
      <trkpt lat="43.104720" lon="-5.027950"/>
      <trkpt lat="43.104720" lon="-5.027830"/>
      <trkpt lat="43.104720" lon="-5.027770"/>
      <trkpt lat="43.104750" lon="-5.027700"/>
      <trkpt lat="43.104790" lon="-5.027630"/>
      <trkpt lat="43.104870" lon="-5.027560"/>
      <trkpt lat="43.104960" lon="-5.027520"/>
      <trkpt lat="43.105070" lon="-5.027490"/>
      <trkpt lat="43.105500" lon="-5.027410"/>
      <trkpt lat="43.105820" lon="-5.027340"/>
      <trkpt lat="43.105950" lon="-5.027300"/>
      <trkpt lat="43.106070" lon="-5.027250"/>
      <trkpt lat="43.106190" lon="-5.027190"/>
      <trkpt lat="43.106320" lon="-5.027070"/>
      <trkpt lat="43.106410" lon="-5.026950"/>
      <trkpt lat="43.106500" lon="-5.026810"/>
      <trkpt lat="43.106620" lon="-5.026510"/>
      <trkpt lat="43.106830" lon="-5.025920"/>
      <trkpt lat="43.106900" lon="-5.025680"/>
      <trkpt lat="43.106940" lon="-5.025520"/>
      <trkpt lat="43.106950" lon="-5.025390"/>
      <trkpt lat="43.106960" lon="-5.025250"/>
      <trkpt lat="43.106900" lon="-5.024710"/>
      <trkpt lat="43.106860" lon="-5.024380"/>
      <trkpt lat="43.106830" lon="-5.024210"/>
      <trkpt lat="43.106810" lon="-5.024090"/>
      <trkpt lat="43.106770" lon="-5.023960"/>
      <trkpt lat="43.106560" lon="-5.023190"/>
      <trkpt lat="43.106510" lon="-5.022970"/>
      <trkpt lat="43.106500" lon="-5.022850"/>
      <trkpt lat="43.106510" lon="-5.022750"/>
      <trkpt lat="43.106540" lon="-5.022670"/>
      <trkpt lat="43.106560" lon="-5.022590"/>
      <trkpt lat="43.106590" lon="-5.022520"/>
      <trkpt lat="43.106740" lon="-5.022280"/>
      <trkpt lat="43.106830" lon="-5.022090"/>
      <trkpt lat="43.106870" lon="-5.021960"/>
      <trkpt lat="43.106920" lon="-5.021790"/>
      <trkpt lat="43.106940" lon="-5.021630"/>
      <trkpt lat="43.106940" lon="-5.021450"/>
      <trkpt lat="43.106910" lon="-5.021180"/>
      <trkpt lat="43.106820" lon="-5.020600"/>
      <trkpt lat="43.106780" lon="-5.020330"/>
      <trkpt lat="43.106770" lon="-5.020210"/>
      <trkpt lat="43.106790" lon="-5.020120"/>
      <trkpt lat="43.106820" lon="-5.020040"/>
      <trkpt lat="43.106870" lon="-5.019940"/>
      <trkpt lat="43.106960" lon="-5.019770"/>
      <trkpt lat="43.107180" lon="-5.019330"/>
      <trkpt lat="43.107210" lon="-5.019220"/>
      <trkpt lat="43.107230" lon="-5.019150"/>
      <trkpt lat="43.107230" lon="-5.019080"/>
      <trkpt lat="43.107220" lon="-5.019020"/>
      <trkpt lat="43.107210" lon="-5.018960"/>
      <trkpt lat="43.107180" lon="-5.018880"/>
      <trkpt lat="43.107150" lon="-5.018820"/>
      <trkpt lat="43.107080" lon="-5.018720"/>
      <trkpt lat="43.106910" lon="-5.018510"/>
      <trkpt lat="43.106850" lon="-5.018400"/>
      <trkpt lat="43.106820" lon="-5.018330"/>
      <trkpt lat="43.106800" lon="-5.018260"/>
      <trkpt lat="43.106790" lon="-5.018180"/>
      <trkpt lat="43.106790" lon="-5.018110"/>
      <trkpt lat="43.106810" lon="-5.017930"/>
      <trkpt lat="43.106810" lon="-5.017830"/>
      <trkpt lat="43.106800" lon="-5.017750"/>
      <trkpt lat="43.106780" lon="-5.017680"/>
      <trkpt lat="43.106750" lon="-5.017590"/>
      <trkpt lat="43.106710" lon="-5.017520"/>
      <trkpt lat="43.106620" lon="-5.017420"/>
      <trkpt lat="43.106280" lon="-5.017090"/>
      <trkpt lat="43.105850" lon="-5.016720"/>
      <trkpt lat="43.105730" lon="-5.016600"/>
      <trkpt lat="43.105710" lon="-5.016560"/>
      <trkpt lat="43.105680" lon="-5.016510"/>
      <trkpt lat="43.105650" lon="-5.016460"/>
      <trkpt lat="43.105640" lon="-5.016400"/>
      <trkpt lat="43.105640" lon="-5.016340"/>
      <trkpt lat="43.105650" lon="-5.016290"/>
      <trkpt lat="43.105670" lon="-5.016200"/>
      <trkpt lat="43.105850" lon="-5.015740"/>
      <trkpt lat="43.105950" lon="-5.015520"/>
      <trkpt lat="43.106010" lon="-5.015420"/>
      <trkpt lat="43.106060" lon="-5.015370"/>
      <trkpt lat="43.106120" lon="-5.015330"/>
      <trkpt lat="43.106190" lon="-5.015320"/>
      <trkpt lat="43.106240" lon="-5.015320"/>
      <trkpt lat="43.106310" lon="-5.015340"/>
      <trkpt lat="43.106560" lon="-5.015430"/>
      <trkpt lat="43.107060" lon="-5.015620"/>
      <trkpt lat="43.107270" lon="-5.015690"/>
      <trkpt lat="43.107390" lon="-5.015710"/>
      <trkpt lat="43.107520" lon="-5.015670"/>
      <trkpt lat="43.107580" lon="-5.015620"/>
      <trkpt lat="43.107650" lon="-5.015540"/>
      <trkpt lat="43.107690" lon="-5.015460"/>
      <trkpt lat="43.107740" lon="-5.015350"/>
      <trkpt lat="43.107770" lon="-5.015220"/>
      <trkpt lat="43.107790" lon="-5.015120"/>
      <trkpt lat="43.107800" lon="-5.015030"/>
      <trkpt lat="43.107790" lon="-5.014930"/>
      <trkpt lat="43.107780" lon="-5.014800"/>
      <trkpt lat="43.107770" lon="-5.014700"/>
      <trkpt lat="43.107740" lon="-5.014580"/>
      <trkpt lat="43.107700" lon="-5.014430"/>
      <trkpt lat="43.107670" lon="-5.014260"/>
      <trkpt lat="43.107650" lon="-5.014150"/>
      <trkpt lat="43.107650" lon="-5.014070"/>
      <trkpt lat="43.107660" lon="-5.013990"/>
      <trkpt lat="43.107690" lon="-5.013900"/>
      <trkpt lat="43.107730" lon="-5.013800"/>
      <trkpt lat="43.107800" lon="-5.013640"/>
      <trkpt lat="43.107840" lon="-5.013530"/>
      <trkpt lat="43.107860" lon="-5.013420"/>
      <trkpt lat="43.107870" lon="-5.013280"/>
      <trkpt lat="43.107900" lon="-5.012890"/>
      <trkpt lat="43.107910" lon="-5.012800"/>
      <trkpt lat="43.107930" lon="-5.012750"/>
      <trkpt lat="43.107960" lon="-5.012700"/>
      <trkpt lat="43.108000" lon="-5.012660"/>
      <trkpt lat="43.108050" lon="-5.012640"/>
      <trkpt lat="43.108300" lon="-5.012560"/>
      <trkpt lat="43.108400" lon="-5.012500"/>
      <trkpt lat="43.108500" lon="-5.012410"/>
      <trkpt lat="43.108550" lon="-5.012390"/>
      <trkpt lat="43.108600" lon="-5.012390"/>
      <trkpt lat="43.108630" lon="-5.012410"/>
      <trkpt lat="43.108670" lon="-5.012450"/>
      <trkpt lat="43.108730" lon="-5.012510"/>
      <trkpt lat="43.108740" lon="-5.012550"/>
      <trkpt lat="43.108750" lon="-5.012620"/>
      <trkpt lat="43.108750" lon="-5.012680"/>
      <trkpt lat="43.108730" lon="-5.012760"/>
      <trkpt lat="43.108700" lon="-5.012830"/>
      <trkpt lat="43.108660" lon="-5.012910"/>
      <trkpt lat="43.108440" lon="-5.013250"/>
      <trkpt lat="43.108370" lon="-5.013380"/>
      <trkpt lat="43.108310" lon="-5.013520"/>
      <trkpt lat="43.108290" lon="-5.013640"/>
      <trkpt lat="43.108270" lon="-5.013790"/>
      <trkpt lat="43.108270" lon="-5.013970"/>
      <trkpt lat="43.108280" lon="-5.014120"/>
      <trkpt lat="43.108310" lon="-5.014240"/>
      <trkpt lat="43.108350" lon="-5.014400"/>
      <trkpt lat="43.108380" lon="-5.014490"/>
      <trkpt lat="43.108440" lon="-5.014580"/>
      <trkpt lat="43.108480" lon="-5.014660"/>
      <trkpt lat="43.108520" lon="-5.014710"/>
      <trkpt lat="43.108570" lon="-5.014750"/>
      <trkpt lat="43.108820" lon="-5.014970"/>
      <trkpt lat="43.108900" lon="-5.015040"/>
      <trkpt lat="43.108950" lon="-5.015110"/>
      <trkpt lat="43.109010" lon="-5.015220"/>
      <trkpt lat="43.109050" lon="-5.015350"/>
      <trkpt lat="43.109070" lon="-5.015500"/>
      <trkpt lat="43.109080" lon="-5.015630"/>
      <trkpt lat="43.109070" lon="-5.015730"/>
      <trkpt lat="43.109050" lon="-5.015820"/>
      <trkpt lat="43.109010" lon="-5.015910"/>
      <trkpt lat="43.108960" lon="-5.016010"/>
      <trkpt lat="43.108760" lon="-5.016270"/>
      <trkpt lat="43.108720" lon="-5.016360"/>
      <trkpt lat="43.108690" lon="-5.016460"/>
      <trkpt lat="43.108660" lon="-5.016570"/>
      <trkpt lat="43.108650" lon="-5.016720"/>
      <trkpt lat="43.108660" lon="-5.016860"/>
      <trkpt lat="43.108680" lon="-5.016990"/>
      <trkpt lat="43.108720" lon="-5.017120"/>
      <trkpt lat="43.108770" lon="-5.017240"/>
      <trkpt lat="43.108800" lon="-5.017320"/>
      <trkpt lat="43.108840" lon="-5.017390"/>
      <trkpt lat="43.108890" lon="-5.017460"/>
      <trkpt lat="43.108950" lon="-5.017510"/>
      <trkpt lat="43.109040" lon="-5.017570"/>
      <trkpt lat="43.109670" lon="-5.017970"/>
      <trkpt lat="43.110100" lon="-5.018270"/>
      <trkpt lat="43.110250" lon="-5.018410"/>
      <trkpt lat="43.110310" lon="-5.018470"/>
      <trkpt lat="43.110350" lon="-5.018550"/>
      <trkpt lat="43.110450" lon="-5.018760"/>
      <trkpt lat="43.110640" lon="-5.019230"/>
      <trkpt lat="43.111510" lon="-5.021440"/>
      <trkpt lat="43.111590" lon="-5.021640"/>
      <trkpt lat="43.111660" lon="-5.021810"/>
      <trkpt lat="43.111770" lon="-5.021970"/>
      <trkpt lat="43.111890" lon="-5.022160"/>
      <trkpt lat="43.112220" lon="-5.022630"/>
      <trkpt lat="43.112340" lon="-5.022740"/>
      <trkpt lat="43.112410" lon="-5.022780"/>
      <trkpt lat="43.112510" lon="-5.022810"/>
      <trkpt lat="43.112760" lon="-5.022850"/>
      <trkpt lat="43.113930" lon="-5.023010"/>
      <trkpt lat="43.114740" lon="-5.023130"/>
      <trkpt lat="43.114850" lon="-5.023140"/>
      <trkpt lat="43.114990" lon="-5.023140"/>
      <trkpt lat="43.115110" lon="-5.023110"/>
      <trkpt lat="43.115210" lon="-5.023070"/>
      <trkpt lat="43.115740" lon="-5.022810"/>
      <trkpt lat="43.115850" lon="-5.022790"/>
      <trkpt lat="43.115950" lon="-5.022800"/>
      <trkpt lat="43.116050" lon="-5.022830"/>
      <trkpt lat="43.116130" lon="-5.022880"/>
      <trkpt lat="43.116290" lon="-5.023010"/>
      <trkpt lat="43.116370" lon="-5.023040"/>
      <trkpt lat="43.116450" lon="-5.023060"/>
      <trkpt lat="43.116520" lon="-5.023050"/>
      <trkpt lat="43.116600" lon="-5.023010"/>
      <trkpt lat="43.116660" lon="-5.022970"/>
      <trkpt lat="43.116770" lon="-5.022850"/>
      <trkpt lat="43.116870" lon="-5.022770"/>
      <trkpt lat="43.117020" lon="-5.022700"/>
      <trkpt lat="43.117150" lon="-5.022670"/>
      <trkpt lat="43.117250" lon="-5.022670"/>
      <trkpt lat="43.117570" lon="-5.022750"/>
      <trkpt lat="43.117670" lon="-5.022770"/>
      <trkpt lat="43.117790" lon="-5.022780"/>
      <trkpt lat="43.117890" lon="-5.022810"/>
      <trkpt lat="43.118070" lon="-5.022930"/>
      <trkpt lat="43.118260" lon="-5.023000"/>
      <trkpt lat="43.118440" lon="-5.023050"/>
      <trkpt lat="43.118630" lon="-5.023080"/>
      <trkpt lat="43.118770" lon="-5.023060"/>
      <trkpt lat="43.118830" lon="-5.023030"/>
      <trkpt lat="43.118880" lon="-5.022980"/>
      <trkpt lat="43.118910" lon="-5.022920"/>
      <trkpt lat="43.118930" lon="-5.022860"/>
      <trkpt lat="43.118940" lon="-5.022760"/>
      <trkpt lat="43.118920" lon="-5.022620"/>
      <trkpt lat="43.118840" lon="-5.022130"/>
      <trkpt lat="43.118810" lon="-5.022000"/>
      <trkpt lat="43.118760" lon="-5.021880"/>
      <trkpt lat="43.118650" lon="-5.021710"/>
      <trkpt lat="43.118620" lon="-5.021650"/>
      <trkpt lat="43.118600" lon="-5.021580"/>
      <trkpt lat="43.118600" lon="-5.021510"/>
      <trkpt lat="43.118610" lon="-5.021430"/>
      <trkpt lat="43.118640" lon="-5.021360"/>
      <trkpt lat="43.118700" lon="-5.021280"/>
      <trkpt lat="43.118820" lon="-5.021180"/>
      <trkpt lat="43.118940" lon="-5.021100"/>
      <trkpt lat="43.119080" lon="-5.021050"/>
      <trkpt lat="43.119550" lon="-5.020920"/>
      <trkpt lat="43.119670" lon="-5.020880"/>
      <trkpt lat="43.119740" lon="-5.020840"/>
      <trkpt lat="43.119840" lon="-5.020770"/>
      <trkpt lat="43.119910" lon="-5.020690"/>
      <trkpt lat="43.119960" lon="-5.020610"/>
      <trkpt lat="43.120010" lon="-5.020530"/>
      <trkpt lat="43.120060" lon="-5.020400"/>
      <trkpt lat="43.120110" lon="-5.020210"/>
      <trkpt lat="43.120140" lon="-5.020090"/>
      <trkpt lat="43.120150" lon="-5.020000"/>
      <trkpt lat="43.120160" lon="-5.019890"/>
      <trkpt lat="43.120150" lon="-5.019770"/>
      <trkpt lat="43.120130" lon="-5.019680"/>
      <trkpt lat="43.120110" lon="-5.019570"/>
      <trkpt lat="43.120080" lon="-5.019480"/>
      <trkpt lat="43.120030" lon="-5.019360"/>
      <trkpt lat="43.119970" lon="-5.019270"/>
      <trkpt lat="43.119820" lon="-5.019070"/>
      <trkpt lat="43.119750" lon="-5.018980"/>
      <trkpt lat="43.119700" lon="-5.018900"/>
      <trkpt lat="43.119670" lon="-5.018820"/>
      <trkpt lat="43.119660" lon="-5.018740"/>
      <trkpt lat="43.119640" lon="-5.018590"/>
      <trkpt lat="43.119630" lon="-5.018510"/>
      <trkpt lat="43.119620" lon="-5.018420"/>
      <trkpt lat="43.119590" lon="-5.018320"/>
      <trkpt lat="43.119530" lon="-5.018130"/>
      <trkpt lat="43.119440" lon="-5.017840"/>
      <trkpt lat="43.119420" lon="-5.017730"/>
      <trkpt lat="43.119420" lon="-5.017630"/>
      <trkpt lat="43.119430" lon="-5.017570"/>
      <trkpt lat="43.119460" lon="-5.017490"/>
      <trkpt lat="43.119510" lon="-5.017410"/>
      <trkpt lat="43.119600" lon="-5.017320"/>
      <trkpt lat="43.119790" lon="-5.017160"/>
      <trkpt lat="43.119890" lon="-5.017080"/>
      <trkpt lat="43.119980" lon="-5.017020"/>
      <trkpt lat="43.120090" lon="-5.016980"/>
      <trkpt lat="43.120240" lon="-5.016940"/>
      <trkpt lat="43.120550" lon="-5.016910"/>
      <trkpt lat="43.120950" lon="-5.016860"/>
      <trkpt lat="43.121050" lon="-5.016830"/>
      <trkpt lat="43.121110" lon="-5.016790"/>
      <trkpt lat="43.121150" lon="-5.016750"/>
      <trkpt lat="43.121190" lon="-5.016700"/>
      <trkpt lat="43.121210" lon="-5.016640"/>
      <trkpt lat="43.121220" lon="-5.016570"/>
      <trkpt lat="43.121220" lon="-5.016500"/>
      <trkpt lat="43.121200" lon="-5.016410"/>
      <trkpt lat="43.121060" lon="-5.015900"/>
      <trkpt lat="43.120970" lon="-5.015580"/>
      <trkpt lat="43.120960" lon="-5.015480"/>
      <trkpt lat="43.120950" lon="-5.015400"/>
      <trkpt lat="43.120950" lon="-5.015320"/>
      <trkpt lat="43.120960" lon="-5.015230"/>
      <trkpt lat="43.120980" lon="-5.015140"/>
      <trkpt lat="43.121010" lon="-5.015050"/>
      <trkpt lat="43.121150" lon="-5.014670"/>
      <trkpt lat="43.121170" lon="-5.014580"/>
      <trkpt lat="43.121180" lon="-5.014510"/>
      <trkpt lat="43.121180" lon="-5.014440"/>
      <trkpt lat="43.121170" lon="-5.014370"/>
      <trkpt lat="43.121150" lon="-5.014300"/>
      <trkpt lat="43.121110" lon="-5.014190"/>
      <trkpt lat="43.121020" lon="-5.014030"/>
      <trkpt lat="43.120840" lon="-5.013740"/>
      <trkpt lat="43.120790" lon="-5.013660"/>
      <trkpt lat="43.120780" lon="-5.013590"/>
      <trkpt lat="43.120780" lon="-5.013500"/>
      <trkpt lat="43.120790" lon="-5.013440"/>
      <trkpt lat="43.120820" lon="-5.013390"/>
      <trkpt lat="43.120850" lon="-5.013360"/>
      <trkpt lat="43.120910" lon="-5.013340"/>
      <trkpt lat="43.120980" lon="-5.013350"/>
      <trkpt lat="43.121090" lon="-5.013370"/>
      <trkpt lat="43.121340" lon="-5.013420"/>
      <trkpt lat="43.121600" lon="-5.013500"/>
      <trkpt lat="43.121920" lon="-5.013590"/>
      <trkpt lat="43.122090" lon="-5.013620"/>
      <trkpt lat="43.122190" lon="-5.013620"/>
      <trkpt lat="43.122280" lon="-5.013590"/>
      <trkpt lat="43.122390" lon="-5.013530"/>
      <trkpt lat="43.122690" lon="-5.013260"/>
      <trkpt lat="43.122980" lon="-5.013040"/>
      <trkpt lat="43.123090" lon="-5.012960"/>
      <trkpt lat="43.123180" lon="-5.012870"/>
      <trkpt lat="43.123230" lon="-5.012800"/>
      <trkpt lat="43.123270" lon="-5.012720"/>
      <trkpt lat="43.123290" lon="-5.012660"/>
      <trkpt lat="43.123300" lon="-5.012600"/>
      <trkpt lat="43.123300" lon="-5.012520"/>
      <trkpt lat="43.123280" lon="-5.012460"/>
      <trkpt lat="43.123220" lon="-5.012230"/>
      <trkpt lat="43.123200" lon="-5.012160"/>
      <trkpt lat="43.123200" lon="-5.012060"/>
      <trkpt lat="43.123200" lon="-5.011980"/>
      <trkpt lat="43.123210" lon="-5.011890"/>
      <trkpt lat="43.123240" lon="-5.011740"/>
      <trkpt lat="43.123480" lon="-5.010870"/>
      <trkpt lat="43.123530" lon="-5.010720"/>
      <trkpt lat="43.123540" lon="-5.010610"/>
      <trkpt lat="43.123540" lon="-5.010490"/>
      <trkpt lat="43.123520" lon="-5.010390"/>
      <trkpt lat="43.123490" lon="-5.010240"/>
      <trkpt lat="43.123250" lon="-5.009210"/>
      <trkpt lat="43.123200" lon="-5.009040"/>
      <trkpt lat="43.123190" lon="-5.008880"/>
      <trkpt lat="43.123210" lon="-5.008780"/>
      <trkpt lat="43.123230" lon="-5.008700"/>
      <trkpt lat="43.123260" lon="-5.008630"/>
      <trkpt lat="43.123320" lon="-5.008560"/>
      <trkpt lat="43.123400" lon="-5.008530"/>
      <trkpt lat="43.123470" lon="-5.008510"/>
      <trkpt lat="43.123510" lon="-5.008520"/>
      <trkpt lat="43.123560" lon="-5.008550"/>
      <trkpt lat="43.123610" lon="-5.008610"/>
      <trkpt lat="43.123830" lon="-5.009170"/>
      <trkpt lat="43.123920" lon="-5.009420"/>
      <trkpt lat="43.123970" lon="-5.009490"/>
      <trkpt lat="43.124070" lon="-5.009630"/>
      <trkpt lat="43.124130" lon="-5.009730"/>
      <trkpt lat="43.124170" lon="-5.009800"/>
      <trkpt lat="43.124260" lon="-5.010030"/>
      <trkpt lat="43.124470" lon="-5.010450"/>
      <trkpt lat="43.124590" lon="-5.010650"/>
      <trkpt lat="43.124700" lon="-5.010820"/>
      <trkpt lat="43.124760" lon="-5.010920"/>
      <trkpt lat="43.124860" lon="-5.011150"/>
      <trkpt lat="43.125080" lon="-5.011560"/>
      <trkpt lat="43.125130" lon="-5.011680"/>
      <trkpt lat="43.125170" lon="-5.011800"/>
      <trkpt lat="43.125190" lon="-5.011900"/>
      <trkpt lat="43.125190" lon="-5.012000"/>
      <trkpt lat="43.125180" lon="-5.012110"/>
      <trkpt lat="43.125150" lon="-5.012260"/>
      <trkpt lat="43.124990" lon="-5.013050"/>
      <trkpt lat="43.124810" lon="-5.014060"/>
      <trkpt lat="43.124610" lon="-5.015090"/>
      <trkpt lat="43.124480" lon="-5.015820"/>
      <trkpt lat="43.124330" lon="-5.016610"/>
      <trkpt lat="43.124220" lon="-5.017220"/>
      <trkpt lat="43.124190" lon="-5.017480"/>
      <trkpt lat="43.124190" lon="-5.017610"/>
      <trkpt lat="43.124200" lon="-5.017700"/>
      <trkpt lat="43.124240" lon="-5.017840"/>
      <trkpt lat="43.124440" lon="-5.018590"/>
      <trkpt lat="43.124770" lon="-5.019870"/>
      <trkpt lat="43.124830" lon="-5.020100"/>
      <trkpt lat="43.124870" lon="-5.020210"/>
      <trkpt lat="43.124950" lon="-5.020340"/>
      <trkpt lat="43.125550" lon="-5.021270"/>
      <trkpt lat="43.125820" lon="-5.021660"/>
      <trkpt lat="43.126230" lon="-5.022300"/>
      <trkpt lat="43.126580" lon="-5.022830"/>
      <trkpt lat="43.126750" lon="-5.023070"/>
      <trkpt lat="43.126790" lon="-5.023140"/>
      <trkpt lat="43.126810" lon="-5.023220"/>
      <trkpt lat="43.126810" lon="-5.023360"/>
      <trkpt lat="43.126800" lon="-5.023780"/>
      <trkpt lat="43.126790" lon="-5.024170"/>
      <trkpt lat="43.126790" lon="-5.024690"/>
      <trkpt lat="43.126800" lon="-5.024800"/>
      <trkpt lat="43.126830" lon="-5.024890"/>
      <trkpt lat="43.126880" lon="-5.024980"/>
      <trkpt lat="43.126990" lon="-5.025130"/>
      <trkpt lat="43.127160" lon="-5.025260"/>
      <trkpt lat="43.127220" lon="-5.025330"/>
      <trkpt lat="43.127360" lon="-5.025540"/>
      <trkpt lat="43.127450" lon="-5.025650"/>
      <trkpt lat="43.127640" lon="-5.025820"/>
      <trkpt lat="43.127760" lon="-5.025920"/>
      <trkpt lat="43.127900" lon="-5.026010"/>
      <trkpt lat="43.128080" lon="-5.026080"/>
      <trkpt lat="43.128460" lon="-5.026200"/>
      <trkpt lat="43.128580" lon="-5.026260"/>
      <trkpt lat="43.128770" lon="-5.026410"/>
      <trkpt lat="43.129010" lon="-5.026560"/>
      <trkpt lat="43.129090" lon="-5.026620"/>
      <trkpt lat="43.129130" lon="-5.026680"/>
      <trkpt lat="43.129170" lon="-5.026750"/>
      <trkpt lat="43.129210" lon="-5.026890"/>
      <trkpt lat="43.129230" lon="-5.027020"/>
      <trkpt lat="43.129240" lon="-5.027140"/>
      <trkpt lat="43.129220" lon="-5.027260"/>
      <trkpt lat="43.129180" lon="-5.027410"/>
      <trkpt lat="43.129070" lon="-5.027700"/>
      <trkpt lat="43.129030" lon="-5.027830"/>
      <trkpt lat="43.129010" lon="-5.027950"/>
      <trkpt lat="43.129000" lon="-5.028120"/>
      <trkpt lat="43.128950" lon="-5.028410"/>
      <trkpt lat="43.128960" lon="-5.028690"/>
      <trkpt lat="43.129000" lon="-5.029040"/>
      <trkpt lat="43.129090" lon="-5.029780"/>
      <trkpt lat="43.129120" lon="-5.029930"/>
      <trkpt lat="43.129190" lon="-5.030400"/>
      <trkpt lat="43.129270" lon="-5.030790"/>
      <trkpt lat="43.129290" lon="-5.030890"/>
      <trkpt lat="43.129320" lon="-5.030960"/>
      <trkpt lat="43.129370" lon="-5.031010"/>
      <trkpt lat="43.129440" lon="-5.031050"/>
      <trkpt lat="43.129640" lon="-5.031120"/>
      <trkpt lat="43.129710" lon="-5.031180"/>
      <trkpt lat="43.129740" lon="-5.031240"/>
      <trkpt lat="43.129760" lon="-5.031300"/>
      <trkpt lat="43.129780" lon="-5.031400"/>
      <trkpt lat="43.129800" lon="-5.031510"/>
      <trkpt lat="43.129800" lon="-5.031730"/>
      <trkpt lat="43.129820" lon="-5.031920"/>
      <trkpt lat="43.129850" lon="-5.032160"/>
      <trkpt lat="43.129850" lon="-5.032220"/>
      <trkpt lat="43.129850" lon="-5.032280"/>
      <trkpt lat="43.129840" lon="-5.032330"/>
      <trkpt lat="43.129800" lon="-5.032380"/>
      <trkpt lat="43.129720" lon="-5.032470"/>
      <trkpt lat="43.129580" lon="-5.032600"/>
      <trkpt lat="43.129530" lon="-5.032660"/>
      <trkpt lat="43.129490" lon="-5.032720"/>
      <trkpt lat="43.129470" lon="-5.032770"/>
      <trkpt lat="43.129460" lon="-5.032830"/>
      <trkpt lat="43.129460" lon="-5.032950"/>
      <trkpt lat="43.129570" lon="-5.033830"/>
      <trkpt lat="43.129600" lon="-5.034100"/>
      <trkpt lat="43.129640" lon="-5.034480"/>
      <trkpt lat="43.129660" lon="-5.034580"/>
      <trkpt lat="43.129690" lon="-5.034650"/>
      <trkpt lat="43.129760" lon="-5.034780"/>
      <trkpt lat="43.129820" lon="-5.034830"/>
      <trkpt lat="43.129870" lon="-5.034870"/>
      <trkpt lat="43.129950" lon="-5.034910"/>
      <trkpt lat="43.130040" lon="-5.034910"/>
      <trkpt lat="43.130320" lon="-5.034860"/>
      <trkpt lat="43.130420" lon="-5.034860"/>
      <trkpt lat="43.130520" lon="-5.034890"/>
      <trkpt lat="43.130590" lon="-5.034940"/>
      <trkpt lat="43.130650" lon="-5.035000"/>
      <trkpt lat="43.130700" lon="-5.035070"/>
      <trkpt lat="43.130730" lon="-5.035160"/>
      <trkpt lat="43.130760" lon="-5.035330"/>
      <trkpt lat="43.130840" lon="-5.035890"/>
      <trkpt lat="43.130880" lon="-5.036160"/>
      <trkpt lat="43.130900" lon="-5.036210"/>
      <trkpt lat="43.130930" lon="-5.036280"/>
      <trkpt lat="43.130960" lon="-5.036320"/>
      <trkpt lat="43.131000" lon="-5.036360"/>
      <trkpt lat="43.131100" lon="-5.036400"/>
      <trkpt lat="43.131270" lon="-5.036460"/>
      <trkpt lat="43.131970" lon="-5.036720"/>
      <trkpt lat="43.132090" lon="-5.036780"/>
      <trkpt lat="43.132170" lon="-5.036840"/>
      <trkpt lat="43.132230" lon="-5.036900"/>
      <trkpt lat="43.132270" lon="-5.036970"/>
      <trkpt lat="43.132310" lon="-5.037020"/>
      <trkpt lat="43.132340" lon="-5.037120"/>
      <trkpt lat="43.132350" lon="-5.037210"/>
      <trkpt lat="43.132360" lon="-5.037330"/>
      <trkpt lat="43.132390" lon="-5.037870"/>
      <trkpt lat="43.132390" lon="-5.037990"/>
      <trkpt lat="43.132410" lon="-5.038050"/>
      <trkpt lat="43.132430" lon="-5.038110"/>
      <trkpt lat="43.132470" lon="-5.038170"/>
      <trkpt lat="43.132510" lon="-5.038230"/>
      <trkpt lat="43.132570" lon="-5.038280"/>
      <trkpt lat="43.132650" lon="-5.038330"/>
      <trkpt lat="43.132760" lon="-5.038350"/>
      <trkpt lat="43.132860" lon="-5.038350"/>
      <trkpt lat="43.132960" lon="-5.038330"/>
      <trkpt lat="43.133050" lon="-5.038290"/>
      <trkpt lat="43.133480" lon="-5.037960"/>
      <trkpt lat="43.133640" lon="-5.037900"/>
      <trkpt lat="43.133820" lon="-5.037890"/>
      <trkpt lat="43.134350" lon="-5.037950"/>
      <trkpt lat="43.134610" lon="-5.037920"/>
      <trkpt lat="43.134720" lon="-5.037880"/>
      <trkpt lat="43.135020" lon="-5.037720"/>
      <trkpt lat="43.135060" lon="-5.037690"/>
      <trkpt lat="43.135240" lon="-5.037610"/>
      <trkpt lat="43.135270" lon="-5.037600"/>
      <trkpt lat="43.135460" lon="-5.037560"/>
      <trkpt lat="43.135600" lon="-5.037550"/>
      <trkpt lat="43.135730" lon="-5.037560"/>
      <trkpt lat="43.135880" lon="-5.037600"/>
      <trkpt lat="43.136020" lon="-5.037670"/>
      <trkpt lat="43.136350" lon="-5.037960"/>
      <trkpt lat="43.136410" lon="-5.038010"/>
      <trkpt lat="43.136540" lon="-5.038140"/>
      <trkpt lat="43.136650" lon="-5.038230"/>
      <trkpt lat="43.137210" lon="-5.038500"/>
      <trkpt lat="43.137540" lon="-5.038650"/>
      <trkpt lat="43.137650" lon="-5.038690"/>
      <trkpt lat="43.137740" lon="-5.038690"/>
      <trkpt lat="43.137810" lon="-5.038680"/>
      <trkpt lat="43.137890" lon="-5.038650"/>
      <trkpt lat="43.137910" lon="-5.038640"/>
      <trkpt lat="43.138000" lon="-5.038580"/>
      <trkpt lat="43.138080" lon="-5.038480"/>
      <trkpt lat="43.138170" lon="-5.038370"/>
      <trkpt lat="43.138250" lon="-5.038230"/>
      <trkpt lat="43.138510" lon="-5.037690"/>
      <trkpt lat="43.138600" lon="-5.037530"/>
      <trkpt lat="43.138620" lon="-5.037510"/>
      <trkpt lat="43.138630" lon="-5.037490"/>
      <trkpt lat="43.138660" lon="-5.037460"/>
      <trkpt lat="43.138680" lon="-5.037440"/>
      <trkpt lat="43.138790" lon="-5.037380"/>
      <trkpt lat="43.138860" lon="-5.037380"/>
      <trkpt lat="43.138920" lon="-5.037390"/>
      <trkpt lat="43.139000" lon="-5.037420"/>
      <trkpt lat="43.139190" lon="-5.037550"/>
      <trkpt lat="43.139480" lon="-5.037770"/>
      <trkpt lat="43.139650" lon="-5.037890"/>
      <trkpt lat="43.139730" lon="-5.037910"/>
      <trkpt lat="43.139790" lon="-5.037900"/>
      <trkpt lat="43.139840" lon="-5.037880"/>
      <trkpt lat="43.139930" lon="-5.037820"/>
      <trkpt lat="43.140030" lon="-5.037790"/>
      <trkpt lat="43.140130" lon="-5.037780"/>
      <trkpt lat="43.140240" lon="-5.037780"/>
      <trkpt lat="43.140420" lon="-5.037810"/>
      <trkpt lat="43.140640" lon="-5.037840"/>
      <trkpt lat="43.140730" lon="-5.037870"/>
      <trkpt lat="43.140790" lon="-5.037900"/>
      <trkpt lat="43.140820" lon="-5.037920"/>
      <trkpt lat="43.140870" lon="-5.037990"/>
      <trkpt lat="43.140910" lon="-5.038050"/>
      <trkpt lat="43.141090" lon="-5.038500"/>
      <trkpt lat="43.141120" lon="-5.038560"/>
      <trkpt lat="43.141170" lon="-5.038610"/>
      <trkpt lat="43.141210" lon="-5.038630"/>
      <trkpt lat="43.141250" lon="-5.038630"/>
      <trkpt lat="43.141300" lon="-5.038610"/>
      <trkpt lat="43.141380" lon="-5.038550"/>
      <trkpt lat="43.141450" lon="-5.038440"/>
      <trkpt lat="43.141510" lon="-5.038340"/>
      <trkpt lat="43.141530" lon="-5.038250"/>
      <trkpt lat="43.141550" lon="-5.038180"/>
      <trkpt lat="43.141550" lon="-5.038090"/>
      <trkpt lat="43.141520" lon="-5.037610"/>
      <trkpt lat="43.141530" lon="-5.037460"/>
      <trkpt lat="43.141560" lon="-5.037310"/>
      <trkpt lat="43.141600" lon="-5.037210"/>
      <trkpt lat="43.141660" lon="-5.037130"/>
      <trkpt lat="43.141730" lon="-5.037050"/>
      <trkpt lat="43.142210" lon="-5.036690"/>
      <trkpt lat="43.142280" lon="-5.036610"/>
      <trkpt lat="43.142390" lon="-5.036430"/>
      <trkpt lat="43.142460" lon="-5.036320"/>
      <trkpt lat="43.142530" lon="-5.036280"/>
      <trkpt lat="43.142660" lon="-5.036250"/>
      <trkpt lat="43.142700" lon="-5.036280"/>
      <trkpt lat="43.142730" lon="-5.036310"/>
      <trkpt lat="43.142750" lon="-5.036350"/>
      <trkpt lat="43.142770" lon="-5.036430"/>
      <trkpt lat="43.142780" lon="-5.036550"/>
      <trkpt lat="43.142730" lon="-5.037150"/>
      <trkpt lat="43.142740" lon="-5.037210"/>
      <trkpt lat="43.142750" lon="-5.037250"/>
      <trkpt lat="43.142780" lon="-5.037300"/>
      <trkpt lat="43.142810" lon="-5.037320"/>
      <trkpt lat="43.142850" lon="-5.037330"/>
      <trkpt lat="43.143050" lon="-5.037320"/>
      <trkpt lat="43.143190" lon="-5.037310"/>
      <trkpt lat="43.143230" lon="-5.037310"/>
      <trkpt lat="43.143270" lon="-5.037330"/>
      <trkpt lat="43.143300" lon="-5.037380"/>
      <trkpt lat="43.143320" lon="-5.037440"/>
      <trkpt lat="43.143330" lon="-5.037500"/>
      <trkpt lat="43.143310" lon="-5.037560"/>
      <trkpt lat="43.143290" lon="-5.037610"/>
      <trkpt lat="43.143240" lon="-5.037660"/>
      <trkpt lat="43.143040" lon="-5.037810"/>
      <trkpt lat="43.142980" lon="-5.037880"/>
      <trkpt lat="43.142930" lon="-5.037950"/>
      <trkpt lat="43.142890" lon="-5.038050"/>
      <trkpt lat="43.142870" lon="-5.038130"/>
      <trkpt lat="43.142860" lon="-5.038210"/>
      <trkpt lat="43.142860" lon="-5.038320"/>
      <trkpt lat="43.142880" lon="-5.038700"/>
      <trkpt lat="43.142890" lon="-5.038870"/>
      <trkpt lat="43.142880" lon="-5.038970"/>
      <trkpt lat="43.142860" lon="-5.039100"/>
      <trkpt lat="43.142780" lon="-5.039390"/>
      <trkpt lat="43.142640" lon="-5.039900"/>
      <trkpt lat="43.142540" lon="-5.040230"/>
      <trkpt lat="43.142480" lon="-5.040440"/>
      <trkpt lat="43.142430" lon="-5.040590"/>
      <trkpt lat="43.142370" lon="-5.040690"/>
      <trkpt lat="43.142290" lon="-5.040780"/>
      <trkpt lat="43.142080" lon="-5.041010"/>
      <trkpt lat="43.142020" lon="-5.041110"/>
      <trkpt lat="43.141980" lon="-5.041210"/>
      <trkpt lat="43.141900" lon="-5.041490"/>
      <trkpt lat="43.141860" lon="-5.041580"/>
      <trkpt lat="43.141810" lon="-5.041640"/>
      <trkpt lat="43.141760" lon="-5.041700"/>
      <trkpt lat="43.141680" lon="-5.041750"/>
      <trkpt lat="43.141430" lon="-5.041860"/>
      <trkpt lat="43.141340" lon="-5.041930"/>
      <trkpt lat="43.141160" lon="-5.042100"/>
      <trkpt lat="43.140860" lon="-5.042390"/>
      <trkpt lat="43.140790" lon="-5.042480"/>
      <trkpt lat="43.140770" lon="-5.042550"/>
      <trkpt lat="43.140760" lon="-5.042620"/>
      <trkpt lat="43.140760" lon="-5.042800"/>
      <trkpt lat="43.140750" lon="-5.042890"/>
      <trkpt lat="43.140740" lon="-5.042940"/>
      <trkpt lat="43.140710" lon="-5.043040"/>
      <trkpt lat="43.140650" lon="-5.043130"/>
      <trkpt lat="43.140600" lon="-5.043220"/>
      <trkpt lat="43.140570" lon="-5.043310"/>
      <trkpt lat="43.140540" lon="-5.043450"/>
      <trkpt lat="43.140490" lon="-5.043710"/>
      <trkpt lat="43.140470" lon="-5.043820"/>
      <trkpt lat="43.140440" lon="-5.043900"/>
      <trkpt lat="43.140400" lon="-5.043990"/>
      <trkpt lat="43.140320" lon="-5.044100"/>
      <trkpt lat="43.140210" lon="-5.044290"/>
      <trkpt lat="43.140070" lon="-5.044610"/>
      <trkpt lat="43.140000" lon="-5.044750"/>
      <trkpt lat="43.139940" lon="-5.044830"/>
      <trkpt lat="43.139870" lon="-5.044890"/>
      <trkpt lat="43.139690" lon="-5.045020"/>
      <trkpt lat="43.139640" lon="-5.045090"/>
      <trkpt lat="43.139590" lon="-5.045190"/>
      <trkpt lat="43.139570" lon="-5.045260"/>
      <trkpt lat="43.139570" lon="-5.045370"/>
      <trkpt lat="43.139530" lon="-5.046340"/>
      <trkpt lat="43.139490" lon="-5.046930"/>
      <trkpt lat="43.139500" lon="-5.047070"/>
      <trkpt lat="43.139510" lon="-5.047170"/>
      <trkpt lat="43.139540" lon="-5.047230"/>
      <trkpt lat="43.139590" lon="-5.047320"/>
      <trkpt lat="43.139950" lon="-5.047750"/>
      <trkpt lat="43.140050" lon="-5.047830"/>
      <trkpt lat="43.140110" lon="-5.047860"/>
      <trkpt lat="43.140170" lon="-5.047860"/>
      <trkpt lat="43.140330" lon="-5.047860"/>
      <trkpt lat="43.140810" lon="-5.047780"/>
      <trkpt lat="43.140910" lon="-5.047780"/>
      <trkpt lat="43.140980" lon="-5.047800"/>
      <trkpt lat="43.141020" lon="-5.047820"/>
      <trkpt lat="43.141090" lon="-5.047880"/>
      <trkpt lat="43.141180" lon="-5.048010"/>
      <trkpt lat="43.141240" lon="-5.048060"/>
      <trkpt lat="43.141330" lon="-5.048120"/>
      <trkpt lat="43.141520" lon="-5.048240"/>
      <trkpt lat="43.141570" lon="-5.048300"/>
      <trkpt lat="43.141610" lon="-5.048380"/>
      <trkpt lat="43.141630" lon="-5.048460"/>
      <trkpt lat="43.141630" lon="-5.048560"/>
      <trkpt lat="43.141610" lon="-5.048650"/>
      <trkpt lat="43.141580" lon="-5.048720"/>
      <trkpt lat="43.141550" lon="-5.048780"/>
      <trkpt lat="43.141500" lon="-5.048830"/>
      <trkpt lat="43.141320" lon="-5.049000"/>
      <trkpt lat="43.141270" lon="-5.049070"/>
      <trkpt lat="43.141250" lon="-5.049150"/>
      <trkpt lat="43.141240" lon="-5.049230"/>
      <trkpt lat="43.141240" lon="-5.049300"/>
      <trkpt lat="43.141260" lon="-5.049360"/>
      <trkpt lat="43.141310" lon="-5.049430"/>
      <trkpt lat="43.141370" lon="-5.049470"/>
      <trkpt lat="43.141620" lon="-5.049540"/>
      <trkpt lat="43.141690" lon="-5.049600"/>
      <trkpt lat="43.141730" lon="-5.049690"/>
      <trkpt lat="43.141750" lon="-5.049780"/>
      <trkpt lat="43.141760" lon="-5.049900"/>
      <trkpt lat="43.141750" lon="-5.050000"/>
      <trkpt lat="43.141720" lon="-5.050140"/>
      <trkpt lat="43.141620" lon="-5.050320"/>
      <trkpt lat="43.141360" lon="-5.050610"/>
      <trkpt lat="43.141230" lon="-5.050790"/>
      <trkpt lat="43.141180" lon="-5.050890"/>
      <trkpt lat="43.141140" lon="-5.050980"/>
      <trkpt lat="43.141110" lon="-5.051090"/>
      <trkpt lat="43.141110" lon="-5.051150"/>
      <trkpt lat="43.141110" lon="-5.051240"/>
      <trkpt lat="43.141140" lon="-5.051330"/>
      <trkpt lat="43.141450" lon="-5.051910"/>
      <trkpt lat="43.141710" lon="-5.052440"/>
      <trkpt lat="43.141770" lon="-5.052520"/>
      <trkpt lat="43.141830" lon="-5.052570"/>
      <trkpt lat="43.141880" lon="-5.052590"/>
      <trkpt lat="43.141950" lon="-5.052600"/>
      <trkpt lat="43.142050" lon="-5.052580"/>
      <trkpt lat="43.142310" lon="-5.052430"/>
      <trkpt lat="43.142620" lon="-5.052210"/>
      <trkpt lat="43.142780" lon="-5.052170"/>
      <trkpt lat="43.143060" lon="-5.052150"/>
      <trkpt lat="43.143670" lon="-5.052150"/>
      <trkpt lat="43.143780" lon="-5.052160"/>
      <trkpt lat="43.143840" lon="-5.052180"/>
      <trkpt lat="43.143890" lon="-5.052220"/>
      <trkpt lat="43.143930" lon="-5.052260"/>
      <trkpt lat="43.143960" lon="-5.052320"/>
      <trkpt lat="43.144000" lon="-5.052450"/>
      <trkpt lat="43.144040" lon="-5.052560"/>
      <trkpt lat="43.144050" lon="-5.052690"/>
      <trkpt lat="43.144040" lon="-5.052830"/>
      <trkpt lat="43.144030" lon="-5.052880"/>
      <trkpt lat="43.144000" lon="-5.053130"/>
      <trkpt lat="43.143930" lon="-5.053440"/>
      <trkpt lat="43.143870" lon="-5.053760"/>
      <trkpt lat="43.143850" lon="-5.053910"/>
      <trkpt lat="43.143830" lon="-5.054460"/>
      <trkpt lat="43.143760" lon="-5.054860"/>
      <trkpt lat="43.143760" lon="-5.054950"/>
      <trkpt lat="43.143760" lon="-5.055020"/>
      <trkpt lat="43.143780" lon="-5.055140"/>
      <trkpt lat="43.143810" lon="-5.055290"/>
      <trkpt lat="43.143840" lon="-5.055450"/>
      <trkpt lat="43.143850" lon="-5.055570"/>
      <trkpt lat="43.143850" lon="-5.055730"/>
      <trkpt lat="43.143850" lon="-5.055880"/>
      <trkpt lat="43.143870" lon="-5.056000"/>
      <trkpt lat="43.143920" lon="-5.056120"/>
      <trkpt lat="43.144010" lon="-5.056330"/>
      <trkpt lat="43.144180" lon="-5.056620"/>
      <trkpt lat="43.144340" lon="-5.056840"/>
      <trkpt lat="43.144440" lon="-5.057040"/>
      <trkpt lat="43.144680" lon="-5.057540"/>
      <trkpt lat="43.144700" lon="-5.057640"/>
      <trkpt lat="43.144690" lon="-5.057740"/>
      <trkpt lat="43.144630" lon="-5.057910"/>
      <trkpt lat="43.144510" lon="-5.058110"/>
      <trkpt lat="43.144510" lon="-5.058120"/>
      <trkpt lat="43.144500" lon="-5.058160"/>
      <trkpt lat="43.144500" lon="-5.058260"/>
      <trkpt lat="43.144510" lon="-5.058290"/>
      <trkpt lat="43.144520" lon="-5.058330"/>
      <trkpt lat="43.144570" lon="-5.058410"/>
      <trkpt lat="43.144730" lon="-5.058560"/>
      <trkpt lat="43.145190" lon="-5.058760"/>
      <trkpt lat="43.145550" lon="-5.058890"/>
      <trkpt lat="43.145760" lon="-5.058890"/>
      <trkpt lat="43.145960" lon="-5.058850"/>
      <trkpt lat="43.146580" lon="-5.058850"/>
      <trkpt lat="43.146650" lon="-5.058820"/>
      <trkpt lat="43.146710" lon="-5.058750"/>
      <trkpt lat="43.146730" lon="-5.058620"/>
      <trkpt lat="43.146670" lon="-5.058410"/>
      <trkpt lat="43.146680" lon="-5.058090"/>
      <trkpt lat="43.146800" lon="-5.057790"/>
      <trkpt lat="43.147090" lon="-5.057380"/>
      <trkpt lat="43.147490" lon="-5.057170"/>
      <trkpt lat="43.147710" lon="-5.057020"/>
      <trkpt lat="43.147770" lon="-5.056990"/>
      <trkpt lat="43.147810" lon="-5.057000"/>
      <trkpt lat="43.147860" lon="-5.057030"/>
      <trkpt lat="43.147890" lon="-5.057060"/>
      <trkpt lat="43.147950" lon="-5.057290"/>
      <trkpt lat="43.147950" lon="-5.057380"/>
      <trkpt lat="43.147940" lon="-5.057470"/>
      <trkpt lat="43.147910" lon="-5.057540"/>
      <trkpt lat="43.147850" lon="-5.057640"/>
      <trkpt lat="43.147750" lon="-5.057730"/>
      <trkpt lat="43.147520" lon="-5.057920"/>
      <trkpt lat="43.147430" lon="-5.058040"/>
      <trkpt lat="43.147380" lon="-5.058120"/>
      <trkpt lat="43.147340" lon="-5.058220"/>
      <trkpt lat="43.147320" lon="-5.058330"/>
      <trkpt lat="43.147310" lon="-5.058460"/>
      <trkpt lat="43.147310" lon="-5.058630"/>
      <trkpt lat="43.147360" lon="-5.058900"/>
      <trkpt lat="43.147370" lon="-5.059090"/>
      <trkpt lat="43.147370" lon="-5.059280"/>
      <trkpt lat="43.147330" lon="-5.059430"/>
      <trkpt lat="43.147290" lon="-5.059550"/>
      <trkpt lat="43.147120" lon="-5.059760"/>
      <trkpt lat="43.146750" lon="-5.060170"/>
      <trkpt lat="43.146690" lon="-5.060270"/>
      <trkpt lat="43.146670" lon="-5.060360"/>
      <trkpt lat="43.146630" lon="-5.060640"/>
      <trkpt lat="43.146590" lon="-5.060780"/>
      <trkpt lat="43.146530" lon="-5.060900"/>
      <trkpt lat="43.146340" lon="-5.061220"/>
      <trkpt lat="43.146320" lon="-5.061330"/>
      <trkpt lat="43.146280" lon="-5.061600"/>
      <trkpt lat="43.146190" lon="-5.062550"/>
      <trkpt lat="43.146170" lon="-5.062780"/>
      <trkpt lat="43.146170" lon="-5.063940"/>
      <trkpt lat="43.146180" lon="-5.064150"/>
      <trkpt lat="43.146200" lon="-5.064250"/>
      <trkpt lat="43.146390" lon="-5.064870"/>
      <trkpt lat="43.146450" lon="-5.065100"/>
      <trkpt lat="43.146540" lon="-5.065380"/>
      <trkpt lat="43.146790" lon="-5.065790"/>
      <trkpt lat="43.146850" lon="-5.065850"/>
      <trkpt lat="43.146910" lon="-5.065880"/>
      <trkpt lat="43.147040" lon="-5.065900"/>
      <trkpt lat="43.147100" lon="-5.065940"/>
      <trkpt lat="43.147150" lon="-5.066000"/>
      <trkpt lat="43.147240" lon="-5.066230"/>
      <trkpt lat="43.147310" lon="-5.066380"/>
      <trkpt lat="43.147760" lon="-5.066950"/>
      <trkpt lat="43.148030" lon="-5.067220"/>
      <trkpt lat="43.148380" lon="-5.067500"/>
      <trkpt lat="43.148520" lon="-5.067630"/>
      <trkpt lat="43.148580" lon="-5.067710"/>
      <trkpt lat="43.148640" lon="-5.067830"/>
      <trkpt lat="43.148690" lon="-5.067900"/>
      <trkpt lat="43.148760" lon="-5.067960"/>
      <trkpt lat="43.148810" lon="-5.068000"/>
      <trkpt lat="43.149020" lon="-5.068060"/>
      <trkpt lat="43.149080" lon="-5.068100"/>
      <trkpt lat="43.149130" lon="-5.068150"/>
      <trkpt lat="43.149160" lon="-5.068200"/>
      <trkpt lat="43.149340" lon="-5.068560"/>
      <trkpt lat="43.149430" lon="-5.068720"/>
      <trkpt lat="43.149580" lon="-5.068930"/>
      <trkpt lat="43.149680" lon="-5.069230"/>
      <trkpt lat="43.149730" lon="-5.069290"/>
      <trkpt lat="43.149770" lon="-5.069320"/>
      <trkpt lat="43.149880" lon="-5.069360"/>
      <trkpt lat="43.150270" lon="-5.069480"/>
      <trkpt lat="43.150450" lon="-5.069520"/>
      <trkpt lat="43.150590" lon="-5.069560"/>
      <trkpt lat="43.150660" lon="-5.069590"/>
      <trkpt lat="43.150740" lon="-5.069660"/>
      <trkpt lat="43.150820" lon="-5.069720"/>
      <trkpt lat="43.151050" lon="-5.069970"/>
      <trkpt lat="43.151180" lon="-5.070040"/>
      <trkpt lat="43.151360" lon="-5.070120"/>
      <trkpt lat="43.151440" lon="-5.070170"/>
      <trkpt lat="43.151600" lon="-5.070380"/>
      <trkpt lat="43.151670" lon="-5.070440"/>
      <trkpt lat="43.151730" lon="-5.070480"/>
      <trkpt lat="43.151870" lon="-5.070510"/>
      <trkpt lat="43.151940" lon="-5.070550"/>
      <trkpt lat="43.151980" lon="-5.070600"/>
      <trkpt lat="43.152070" lon="-5.070750"/>
      <trkpt lat="43.152170" lon="-5.070880"/>
      <trkpt lat="43.152230" lon="-5.070930"/>
      <trkpt lat="43.152370" lon="-5.070990"/>
      <trkpt lat="43.152560" lon="-5.071020"/>
      <trkpt lat="43.152660" lon="-5.071070"/>
      <trkpt lat="43.152770" lon="-5.071210"/>
      <trkpt lat="43.152800" lon="-5.071220"/>
      <trkpt lat="43.152840" lon="-5.071220"/>
      <trkpt lat="43.152890" lon="-5.071210"/>
      <trkpt lat="43.153000" lon="-5.071180"/>
      <trkpt lat="43.153060" lon="-5.071180"/>
      <trkpt lat="43.153120" lon="-5.071180"/>
      <trkpt lat="43.153180" lon="-5.071200"/>
      <trkpt lat="43.153260" lon="-5.071250"/>
      <trkpt lat="43.153480" lon="-5.071400"/>
      <trkpt lat="43.153620" lon="-5.071490"/>
      <trkpt lat="43.153710" lon="-5.071560"/>
      <trkpt lat="43.153800" lon="-5.071660"/>
      <trkpt lat="43.153890" lon="-5.071780"/>
      <trkpt lat="43.154000" lon="-5.071940"/>
      <trkpt lat="43.154070" lon="-5.072090"/>
      <trkpt lat="43.154130" lon="-5.072270"/>
      <trkpt lat="43.154180" lon="-5.072410"/>
      <trkpt lat="43.154190" lon="-5.072490"/>
      <trkpt lat="43.154190" lon="-5.072570"/>
      <trkpt lat="43.154180" lon="-5.072680"/>
      <trkpt lat="43.154150" lon="-5.072920"/>
      <trkpt lat="43.154150" lon="-5.073050"/>
      <trkpt lat="43.154160" lon="-5.073150"/>
      <trkpt lat="43.154180" lon="-5.073290"/>
      <trkpt lat="43.154190" lon="-5.073380"/>
      <trkpt lat="43.154200" lon="-5.073560"/>
      <trkpt lat="43.154200" lon="-5.073650"/>
      <trkpt lat="43.154210" lon="-5.073720"/>
      <trkpt lat="43.154240" lon="-5.073850"/>
      <trkpt lat="43.154320" lon="-5.074100"/>
      <trkpt lat="43.154360" lon="-5.074220"/>
      <trkpt lat="43.154400" lon="-5.074310"/>
      <trkpt lat="43.154430" lon="-5.074360"/>
      <trkpt lat="43.154480" lon="-5.074410"/>
      <trkpt lat="43.154530" lon="-5.074450"/>
      <trkpt lat="43.154570" lon="-5.074470"/>
      <trkpt lat="43.154590" lon="-5.074470"/>
      <trkpt lat="43.154620" lon="-5.074460"/>
      <trkpt lat="43.154690" lon="-5.074400"/>
      <trkpt lat="43.154720" lon="-5.074390"/>
      <trkpt lat="43.154740" lon="-5.074400"/>
      <trkpt lat="43.154760" lon="-5.074420"/>
      <trkpt lat="43.154780" lon="-5.074450"/>
      <trkpt lat="43.154860" lon="-5.074660"/>
      <trkpt lat="43.154910" lon="-5.074770"/>
      <trkpt lat="43.154940" lon="-5.074830"/>
      <trkpt lat="43.154980" lon="-5.074870"/>
      <trkpt lat="43.155030" lon="-5.074890"/>
      <trkpt lat="43.155080" lon="-5.074910"/>
      <trkpt lat="43.155200" lon="-5.074900"/>
      <trkpt lat="43.155250" lon="-5.074910"/>
      <trkpt lat="43.155280" lon="-5.074940"/>
      <trkpt lat="43.155320" lon="-5.074970"/>
      <trkpt lat="43.155380" lon="-5.075060"/>
      <trkpt lat="43.155450" lon="-5.075190"/>
      <trkpt lat="43.155530" lon="-5.075290"/>
      <trkpt lat="43.155570" lon="-5.075340"/>
      <trkpt lat="43.155620" lon="-5.075370"/>
      <trkpt lat="43.155680" lon="-5.075380"/>
      <trkpt lat="43.155770" lon="-5.075370"/>
      <trkpt lat="43.155830" lon="-5.075380"/>
      <trkpt lat="43.155870" lon="-5.075400"/>
      <trkpt lat="43.155900" lon="-5.075430"/>
      <trkpt lat="43.155940" lon="-5.075490"/>
      <trkpt lat="43.155960" lon="-5.075570"/>
      <trkpt lat="43.155980" lon="-5.075680"/>
      <trkpt lat="43.156000" lon="-5.075820"/>
      <trkpt lat="43.156010" lon="-5.075910"/>
      <trkpt lat="43.156020" lon="-5.075940"/>
      <trkpt lat="43.156030" lon="-5.075970"/>
      <trkpt lat="43.156070" lon="-5.076040"/>
      <trkpt lat="43.156100" lon="-5.076120"/>
      <trkpt lat="43.156110" lon="-5.076190"/>
      <trkpt lat="43.156110" lon="-5.076260"/>
      <trkpt lat="43.156100" lon="-5.076450"/>
      <trkpt lat="43.156100" lon="-5.076470"/>
      <trkpt lat="43.156100" lon="-5.076530"/>
      <trkpt lat="43.156100" lon="-5.076550"/>
      <trkpt lat="43.156110" lon="-5.076610"/>
      <trkpt lat="43.156140" lon="-5.076670"/>
      <trkpt lat="43.156190" lon="-5.076730"/>
      <trkpt lat="43.156250" lon="-5.076790"/>
      <trkpt lat="43.156360" lon="-5.076850"/>
      <trkpt lat="43.156450" lon="-5.076870"/>
      <trkpt lat="43.156490" lon="-5.076870"/>
      <trkpt lat="43.156570" lon="-5.076850"/>
      <trkpt lat="43.156710" lon="-5.076790"/>
      <trkpt lat="43.156780" lon="-5.076780"/>
      <trkpt lat="43.156870" lon="-5.076790"/>
      <trkpt lat="43.156960" lon="-5.076810"/>
      <trkpt lat="43.157090" lon="-5.076850"/>
      <trkpt lat="43.157220" lon="-5.076920"/>
      <trkpt lat="43.157360" lon="-5.077030"/>
      <trkpt lat="43.157550" lon="-5.077210"/>
      <trkpt lat="43.157690" lon="-5.077390"/>
      <trkpt lat="43.157770" lon="-5.077500"/>
      <trkpt lat="43.157810" lon="-5.077570"/>
      <trkpt lat="43.157860" lon="-5.077640"/>
      <trkpt lat="43.157900" lon="-5.077680"/>
      <trkpt lat="43.157960" lon="-5.077720"/>
      <trkpt lat="43.158070" lon="-5.077770"/>
      <trkpt lat="43.158190" lon="-5.077870"/>
      <trkpt lat="43.158230" lon="-5.077890"/>
      <trkpt lat="43.158260" lon="-5.077900"/>
      <trkpt lat="43.158350" lon="-5.077890"/>
      <trkpt lat="43.158520" lon="-5.077850"/>
      <trkpt lat="43.158630" lon="-5.077850"/>
      <trkpt lat="43.158920" lon="-5.077900"/>
      <trkpt lat="43.159050" lon="-5.077900"/>
      <trkpt lat="43.159160" lon="-5.077880"/>
      <trkpt lat="43.159590" lon="-5.077760"/>
      <trkpt lat="43.160000" lon="-5.077620"/>
      <trkpt lat="43.160100" lon="-5.077610"/>
      <trkpt lat="43.160210" lon="-5.077620"/>
      <trkpt lat="43.160310" lon="-5.077660"/>
      <trkpt lat="43.160470" lon="-5.077770"/>
      <trkpt lat="43.160540" lon="-5.077810"/>
      <trkpt lat="43.160660" lon="-5.077830"/>
      <trkpt lat="43.161210" lon="-5.077810"/>
      <trkpt lat="43.161720" lon="-5.077810"/>
      <trkpt lat="43.161790" lon="-5.077790"/>
      <trkpt lat="43.161940" lon="-5.077670"/>
      <trkpt lat="43.162260" lon="-5.077470"/>
      <trkpt lat="43.162890" lon="-5.077250"/>
      <trkpt lat="43.163160" lon="-5.077150"/>
      <trkpt lat="43.163430" lon="-5.077120"/>
      <trkpt lat="43.163870" lon="-5.077090"/>
      <trkpt lat="43.164100" lon="-5.077080"/>
      <trkpt lat="43.164270" lon="-5.077100"/>
      <trkpt lat="43.164400" lon="-5.077170"/>
      <trkpt lat="43.164460" lon="-5.077210"/>
      <trkpt lat="43.164550" lon="-5.077220"/>
      <trkpt lat="43.165490" lon="-5.077140"/>
      <trkpt lat="43.165860" lon="-5.077030"/>
      <trkpt lat="43.166030" lon="-5.076990"/>
      <trkpt lat="43.166100" lon="-5.076950"/>
      <trkpt lat="43.166170" lon="-5.076880"/>
      <trkpt lat="43.166280" lon="-5.076610"/>
      <trkpt lat="43.166290" lon="-5.076530"/>
      <trkpt lat="43.166290" lon="-5.076460"/>
      <trkpt lat="43.166210" lon="-5.076220"/>
      <trkpt lat="43.166190" lon="-5.076150"/>
      <trkpt lat="43.166190" lon="-5.076060"/>
      <trkpt lat="43.166210" lon="-5.075940"/>
      <trkpt lat="43.166350" lon="-5.075450"/>
      <trkpt lat="43.166370" lon="-5.075380"/>
      <trkpt lat="43.166380" lon="-5.075320"/>
      <trkpt lat="43.166460" lon="-5.075200"/>
      <trkpt lat="43.166620" lon="-5.075050"/>
      <trkpt lat="43.166740" lon="-5.074960"/>
      <trkpt lat="43.166890" lon="-5.074920"/>
      <trkpt lat="43.167070" lon="-5.074910"/>
      <trkpt lat="43.167300" lon="-5.074950"/>
      <trkpt lat="43.167650" lon="-5.075120"/>
      <trkpt lat="43.167740" lon="-5.075220"/>
      <trkpt lat="43.167810" lon="-5.075280"/>
      <trkpt lat="43.167950" lon="-5.075350"/>
      <trkpt lat="43.168130" lon="-5.075410"/>
      <trkpt lat="43.168510" lon="-5.075440"/>
      <trkpt lat="43.168700" lon="-5.075440"/>
      <trkpt lat="43.168860" lon="-5.075410"/>
      <trkpt lat="43.169030" lon="-5.075350"/>
      <trkpt lat="43.169280" lon="-5.075220"/>
      <trkpt lat="43.169500" lon="-5.075100"/>
      <trkpt lat="43.169680" lon="-5.075030"/>
      <trkpt lat="43.169800" lon="-5.075030"/>
      <trkpt lat="43.169890" lon="-5.075040"/>
      <trkpt lat="43.169980" lon="-5.075080"/>
      <trkpt lat="43.170060" lon="-5.075130"/>
      <trkpt lat="43.170160" lon="-5.075220"/>
      <trkpt lat="43.170340" lon="-5.075420"/>
      <trkpt lat="43.170420" lon="-5.075510"/>
      <trkpt lat="43.170490" lon="-5.075540"/>
      <trkpt lat="43.170570" lon="-5.075560"/>
      <trkpt lat="43.170850" lon="-5.075580"/>
      <trkpt lat="43.171170" lon="-5.075580"/>
      <trkpt lat="43.171230" lon="-5.075570"/>
      <trkpt lat="43.171270" lon="-5.075550"/>
      <trkpt lat="43.171450" lon="-5.075450"/>
      <trkpt lat="43.171510" lon="-5.075430"/>
      <trkpt lat="43.171640" lon="-5.075430"/>
      <trkpt lat="43.171840" lon="-5.075450"/>
      <trkpt lat="43.172000" lon="-5.075500"/>
      <trkpt lat="43.172140" lon="-5.075630"/>
      <trkpt lat="43.172260" lon="-5.075770"/>
      <trkpt lat="43.172490" lon="-5.076150"/>
      <trkpt lat="43.172710" lon="-5.076560"/>
      <trkpt lat="43.172880" lon="-5.076810"/>
      <trkpt lat="43.173010" lon="-5.076990"/>
      <trkpt lat="43.173240" lon="-5.077360"/>
      <trkpt lat="43.173390" lon="-5.077580"/>
      <trkpt lat="43.173430" lon="-5.077610"/>
      <trkpt lat="43.173470" lon="-5.077620"/>
      <trkpt lat="43.173510" lon="-5.077620"/>
      <trkpt lat="43.173590" lon="-5.077590"/>
      <trkpt lat="43.173830" lon="-5.077450"/>
      <trkpt lat="43.174000" lon="-5.077350"/>
      <trkpt lat="43.174260" lon="-5.077210"/>
      <trkpt lat="43.174640" lon="-5.077040"/>
      <trkpt lat="43.174770" lon="-5.076990"/>
      <trkpt lat="43.174900" lon="-5.076980"/>
      <trkpt lat="43.175040" lon="-5.077000"/>
      <trkpt lat="43.175110" lon="-5.077010"/>
      <trkpt lat="43.175190" lon="-5.077030"/>
      <trkpt lat="43.175230" lon="-5.077070"/>
      <trkpt lat="43.175260" lon="-5.077120"/>
      <trkpt lat="43.175380" lon="-5.077640"/>
      <trkpt lat="43.175410" lon="-5.077690"/>
      <trkpt lat="43.175440" lon="-5.077710"/>
      <trkpt lat="43.175500" lon="-5.077750"/>
      <trkpt lat="43.175620" lon="-5.077810"/>
      <trkpt lat="43.175710" lon="-5.077840"/>
      <trkpt lat="43.175770" lon="-5.077830"/>
      <trkpt lat="43.175830" lon="-5.077810"/>
      <trkpt lat="43.175920" lon="-5.077760"/>
      <trkpt lat="43.176090" lon="-5.077610"/>
      <trkpt lat="43.176140" lon="-5.077590"/>
      <trkpt lat="43.176190" lon="-5.077580"/>
      <trkpt lat="43.176270" lon="-5.077590"/>
      <trkpt lat="43.176360" lon="-5.077610"/>
      <trkpt lat="43.176410" lon="-5.077620"/>
      <trkpt lat="43.176490" lon="-5.077620"/>
      <trkpt lat="43.176570" lon="-5.077600"/>
      <trkpt lat="43.176920" lon="-5.077450"/>
      <trkpt lat="43.177010" lon="-5.077440"/>
      <trkpt lat="43.177150" lon="-5.077430"/>
      <trkpt lat="43.177220" lon="-5.077420"/>
      <trkpt lat="43.177390" lon="-5.077350"/>
      <trkpt lat="43.177520" lon="-5.077300"/>
      <trkpt lat="43.177560" lon="-5.077270"/>
      <trkpt lat="43.177590" lon="-5.077230"/>
      <trkpt lat="43.177660" lon="-5.077050"/>
      <trkpt lat="43.177700" lon="-5.076990"/>
      <trkpt lat="43.177740" lon="-5.076950"/>
      <trkpt lat="43.177800" lon="-5.076920"/>
      <trkpt lat="43.177880" lon="-5.076890"/>
      <trkpt lat="43.178010" lon="-5.076890"/>
      <trkpt lat="43.178120" lon="-5.076900"/>
      <trkpt lat="43.178220" lon="-5.076870"/>
      <trkpt lat="43.178390" lon="-5.076800"/>
      <trkpt lat="43.178450" lon="-5.076800"/>
      <trkpt lat="43.178530" lon="-5.076810"/>
      <trkpt lat="43.178660" lon="-5.076870"/>
      <trkpt lat="43.178730" lon="-5.076900"/>
      <trkpt lat="43.178900" lon="-5.077040"/>
      <trkpt lat="43.179010" lon="-5.077100"/>
      <trkpt lat="43.179100" lon="-5.077110"/>
      <trkpt lat="43.179230" lon="-5.077110"/>
      <trkpt lat="43.179360" lon="-5.077090"/>
      <trkpt lat="43.179450" lon="-5.077060"/>
      <trkpt lat="43.179550" lon="-5.077010"/>
      <trkpt lat="43.179630" lon="-5.076950"/>
      <trkpt lat="43.179710" lon="-5.076880"/>
      <trkpt lat="43.179870" lon="-5.076650"/>
      <trkpt lat="43.179940" lon="-5.076580"/>
      <trkpt lat="43.179980" lon="-5.076540"/>
      <trkpt lat="43.180040" lon="-5.076510"/>
      <trkpt lat="43.180460" lon="-5.076330"/>
      <trkpt lat="43.180810" lon="-5.076160"/>
      <trkpt lat="43.180940" lon="-5.076100"/>
      <trkpt lat="43.181000" lon="-5.076110"/>
      <trkpt lat="43.181080" lon="-5.076130"/>
      <trkpt lat="43.181200" lon="-5.076180"/>
      <trkpt lat="43.181280" lon="-5.076210"/>
      <trkpt lat="43.181340" lon="-5.076210"/>
      <trkpt lat="43.181500" lon="-5.076160"/>
      <trkpt lat="43.181650" lon="-5.076100"/>
      <trkpt lat="43.181710" lon="-5.076060"/>
      <trkpt lat="43.181790" lon="-5.075980"/>
      <trkpt lat="43.181850" lon="-5.075930"/>
      <trkpt lat="43.181960" lon="-5.075900"/>
      <trkpt lat="43.182070" lon="-5.075900"/>
      <trkpt lat="43.182190" lon="-5.075910"/>
      <trkpt lat="43.182280" lon="-5.075950"/>
      <trkpt lat="43.182360" lon="-5.075970"/>
      <trkpt lat="43.182430" lon="-5.075970"/>
      <trkpt lat="43.182550" lon="-5.075950"/>
      <trkpt lat="43.183060" lon="-5.075810"/>
      <trkpt lat="43.183600" lon="-5.075680"/>
      <trkpt lat="43.183740" lon="-5.075690"/>
      <trkpt lat="43.183940" lon="-5.075780"/>
      <trkpt lat="43.184040" lon="-5.075860"/>
      <trkpt lat="43.184130" lon="-5.075950"/>
      <trkpt lat="43.184190" lon="-5.076020"/>
      <trkpt lat="43.184430" lon="-5.076370"/>
      <trkpt lat="43.184550" lon="-5.076520"/>
      <trkpt lat="43.184670" lon="-5.076630"/>
      <trkpt lat="43.184770" lon="-5.076700"/>
      <trkpt lat="43.184860" lon="-5.076730"/>
      <trkpt lat="43.184930" lon="-5.076730"/>
      <trkpt lat="43.185000" lon="-5.076710"/>
      <trkpt lat="43.185070" lon="-5.076660"/>
      <trkpt lat="43.185120" lon="-5.076600"/>
      <trkpt lat="43.185160" lon="-5.076570"/>
      <trkpt lat="43.185220" lon="-5.076550"/>
      <trkpt lat="43.185400" lon="-5.076520"/>
      <trkpt lat="43.185470" lon="-5.076490"/>
      <trkpt lat="43.185540" lon="-5.076430"/>
      <trkpt lat="43.185600" lon="-5.076360"/>
      <trkpt lat="43.185660" lon="-5.076270"/>
      <trkpt lat="43.185760" lon="-5.076190"/>
      <trkpt lat="43.185880" lon="-5.076120"/>
      <trkpt lat="43.185960" lon="-5.076090"/>
      <trkpt lat="43.186130" lon="-5.076100"/>
      <trkpt lat="43.186250" lon="-5.076140"/>
      <trkpt lat="43.186300" lon="-5.076180"/>
      <trkpt lat="43.186360" lon="-5.076250"/>
      <trkpt lat="43.186920" lon="-5.077190"/>
      <trkpt lat="43.187040" lon="-5.077390"/>
      <trkpt lat="43.187150" lon="-5.077540"/>
      <trkpt lat="43.187240" lon="-5.077660"/>
      <trkpt lat="43.187300" lon="-5.077690"/>
      <trkpt lat="43.187350" lon="-5.077690"/>
      <trkpt lat="43.187370" lon="-5.077680"/>
      <trkpt lat="43.187390" lon="-5.077680"/>
      <trkpt lat="43.187600" lon="-5.077600"/>
      <trkpt lat="43.187650" lon="-5.077590"/>
      <trkpt lat="43.187680" lon="-5.077590"/>
      <trkpt lat="43.187720" lon="-5.077600"/>
      <trkpt lat="43.187770" lon="-5.077640"/>
      <trkpt lat="43.187810" lon="-5.077700"/>
      <trkpt lat="43.187840" lon="-5.077750"/>
      <trkpt lat="43.187860" lon="-5.077810"/>
      <trkpt lat="43.187870" lon="-5.077990"/>
      <trkpt lat="43.187920" lon="-5.078130"/>
      <trkpt lat="43.188140" lon="-5.078520"/>
      <trkpt lat="43.188230" lon="-5.078570"/>
      <trkpt lat="43.188330" lon="-5.078640"/>
      <trkpt lat="43.188360" lon="-5.078750"/>
      <trkpt lat="43.188360" lon="-5.078890"/>
      <trkpt lat="43.188370" lon="-5.079080"/>
      <trkpt lat="43.188430" lon="-5.079200"/>
      <trkpt lat="43.188530" lon="-5.079350"/>
      <trkpt lat="43.188610" lon="-5.079520"/>
      <trkpt lat="43.188700" lon="-5.079630"/>
      <trkpt lat="43.188800" lon="-5.079720"/>
      <trkpt lat="43.188900" lon="-5.079740"/>
      <trkpt lat="43.189000" lon="-5.079720"/>
      <trkpt lat="43.189110" lon="-5.079750"/>
      <trkpt lat="43.189190" lon="-5.079820"/>
      <trkpt lat="43.189290" lon="-5.079930"/>
      <trkpt lat="43.189480" lon="-5.079990"/>
      <trkpt lat="43.189740" lon="-5.080090"/>
      <trkpt lat="43.189850" lon="-5.080210"/>
      <trkpt lat="43.190020" lon="-5.080370"/>
      <trkpt lat="43.190120" lon="-5.080430"/>
      <trkpt lat="43.190500" lon="-5.080510"/>
      <trkpt lat="43.190650" lon="-5.080540"/>
      <trkpt lat="43.190780" lon="-5.080600"/>
      <trkpt lat="43.190880" lon="-5.080680"/>
      <trkpt lat="43.191000" lon="-5.080720"/>
      <trkpt lat="43.191220" lon="-5.080760"/>
      <trkpt lat="43.191400" lon="-5.080770"/>
      <trkpt lat="43.191850" lon="-5.080730"/>
      <trkpt lat="43.191970" lon="-5.080740"/>
      <trkpt lat="43.192090" lon="-5.080770"/>
      <trkpt lat="43.192210" lon="-5.080830"/>
      <trkpt lat="43.192310" lon="-5.080890"/>
      <trkpt lat="43.192380" lon="-5.080940"/>
      <trkpt lat="43.192470" lon="-5.081030"/>
      <trkpt lat="43.192510" lon="-5.081100"/>
      <trkpt lat="43.192530" lon="-5.081140"/>
      <trkpt lat="43.192530" lon="-5.081190"/>
      <trkpt lat="43.192530" lon="-5.081260"/>
      <trkpt lat="43.192510" lon="-5.081320"/>
      <trkpt lat="43.192430" lon="-5.081550"/>
      <trkpt lat="43.192420" lon="-5.081590"/>
      <trkpt lat="43.192440" lon="-5.081640"/>
      <trkpt lat="43.192470" lon="-5.081700"/>
      <trkpt lat="43.192530" lon="-5.081770"/>
      <trkpt lat="43.192690" lon="-5.081890"/>
      <trkpt lat="43.192920" lon="-5.082110"/>
      <trkpt lat="43.193200" lon="-5.082400"/>
      <trkpt lat="43.193320" lon="-5.082520"/>
      <trkpt lat="43.193370" lon="-5.082560"/>
      <trkpt lat="43.193580" lon="-5.082620"/>
      <trkpt lat="43.193670" lon="-5.082660"/>
      <trkpt lat="43.193760" lon="-5.082730"/>
      <trkpt lat="43.193820" lon="-5.082810"/>
      <trkpt lat="43.193900" lon="-5.082970"/>
      <trkpt lat="43.193930" lon="-5.083030"/>
      <trkpt lat="43.194000" lon="-5.083170"/>
      <trkpt lat="43.194090" lon="-5.083270"/>
      <trkpt lat="43.194190" lon="-5.083380"/>
      <trkpt lat="43.194250" lon="-5.083430"/>
      <trkpt lat="43.194310" lon="-5.083450"/>
      <trkpt lat="43.194510" lon="-5.083500"/>
      <trkpt lat="43.194970" lon="-5.083710"/>
      <trkpt lat="43.195200" lon="-5.083770"/>
      <trkpt lat="43.195320" lon="-5.083810"/>
      <trkpt lat="43.195390" lon="-5.083840"/>
      <trkpt lat="43.195510" lon="-5.083910"/>
      <trkpt lat="43.195590" lon="-5.083980"/>
      <trkpt lat="43.195620" lon="-5.084040"/>
      <trkpt lat="43.195700" lon="-5.084210"/>
      <trkpt lat="43.195750" lon="-5.084320"/>
      <trkpt lat="43.195840" lon="-5.084420"/>
      <trkpt lat="43.195900" lon="-5.084460"/>
      <trkpt lat="43.195970" lon="-5.084470"/>
      <trkpt lat="43.196040" lon="-5.084460"/>
      <trkpt lat="43.196100" lon="-5.084450"/>
      <trkpt lat="43.196250" lon="-5.084380"/>
      <trkpt lat="43.196330" lon="-5.084370"/>
      <trkpt lat="43.196450" lon="-5.084360"/>
      <trkpt lat="43.196520" lon="-5.084350"/>
      <trkpt lat="43.196570" lon="-5.084350"/>
      <trkpt lat="43.196660" lon="-5.084420"/>
      <trkpt lat="43.196760" lon="-5.084480"/>
      <trkpt lat="43.196860" lon="-5.084530"/>
      <trkpt lat="43.197030" lon="-5.084580"/>
      <trkpt lat="43.197080" lon="-5.084610"/>
      <trkpt lat="43.197120" lon="-5.084660"/>
      <trkpt lat="43.197320" lon="-5.084980"/>
      <trkpt lat="43.197480" lon="-5.085240"/>
      <trkpt lat="43.197550" lon="-5.085380"/>
      <trkpt lat="43.197730" lon="-5.085850"/>
      <trkpt lat="43.197800" lon="-5.086020"/>
      <trkpt lat="43.197880" lon="-5.086140"/>
      <trkpt lat="43.197970" lon="-5.086230"/>
      <trkpt lat="43.198080" lon="-5.086340"/>
      <trkpt lat="43.198230" lon="-5.086440"/>
      <trkpt lat="43.198310" lon="-5.086470"/>
      <trkpt lat="43.198420" lon="-5.086500"/>
      <trkpt lat="43.198570" lon="-5.086510"/>
      <trkpt lat="43.198710" lon="-5.086530"/>
      <trkpt lat="43.198870" lon="-5.086580"/>
      <trkpt lat="43.199200" lon="-5.086720"/>
      <trkpt lat="43.199310" lon="-5.086760"/>
      <trkpt lat="43.199390" lon="-5.086800"/>
      <trkpt lat="43.199480" lon="-5.086880"/>
      <trkpt lat="43.199570" lon="-5.086950"/>
      <trkpt lat="43.199760" lon="-5.087150"/>
      <trkpt lat="43.199920" lon="-5.087300"/>
      <trkpt lat="43.199990" lon="-5.087360"/>
      <trkpt lat="43.200040" lon="-5.087390"/>
      <trkpt lat="43.200110" lon="-5.087410"/>
      <trkpt lat="43.200530" lon="-5.087480"/>
      <trkpt lat="43.200670" lon="-5.087500"/>
      <trkpt lat="43.200740" lon="-5.087530"/>
      <trkpt lat="43.200960" lon="-5.087670"/>
      <trkpt lat="43.201050" lon="-5.087720"/>
      <trkpt lat="43.201140" lon="-5.087750"/>
      <trkpt lat="43.201290" lon="-5.087770"/>
      <trkpt lat="43.201360" lon="-5.087780"/>
      <trkpt lat="43.201430" lon="-5.087810"/>
      <trkpt lat="43.201490" lon="-5.087850"/>
      <trkpt lat="43.201660" lon="-5.088020"/>
      <trkpt lat="43.201690" lon="-5.088050"/>
      <trkpt lat="43.201740" lon="-5.088090"/>
      <trkpt lat="43.202030" lon="-5.088200"/>
      <trkpt lat="43.202100" lon="-5.088230"/>
      <trkpt lat="43.202160" lon="-5.088280"/>
      <trkpt lat="43.202190" lon="-5.088340"/>
      <trkpt lat="43.202210" lon="-5.088400"/>
      <trkpt lat="43.202240" lon="-5.088460"/>
      <trkpt lat="43.202280" lon="-5.088480"/>
      <trkpt lat="43.202330" lon="-5.088500"/>
      <trkpt lat="43.202370" lon="-5.088510"/>
      <trkpt lat="43.202530" lon="-5.088500"/>
      <trkpt lat="43.202820" lon="-5.088460"/>
      <trkpt lat="43.203010" lon="-5.088440"/>
      <trkpt lat="43.203070" lon="-5.088440"/>
      <trkpt lat="43.203130" lon="-5.088440"/>
      <trkpt lat="43.203170" lon="-5.088460"/>
      <trkpt lat="43.203190" lon="-5.088470"/>
      <trkpt lat="43.203230" lon="-5.088500"/>
      <trkpt lat="43.203280" lon="-5.088520"/>
      <trkpt lat="43.203340" lon="-5.088540"/>
      <trkpt lat="43.203380" lon="-5.088540"/>
      <trkpt lat="43.203560" lon="-5.088510"/>
      <trkpt lat="43.203680" lon="-5.088510"/>
      <trkpt lat="43.203780" lon="-5.088520"/>
      <trkpt lat="43.203840" lon="-5.088550"/>
      <trkpt lat="43.203910" lon="-5.088610"/>
      <trkpt lat="43.204080" lon="-5.088780"/>
      <trkpt lat="43.204240" lon="-5.088930"/>
      <trkpt lat="43.204460" lon="-5.089110"/>
      <trkpt lat="43.204620" lon="-5.089240"/>
      <trkpt lat="43.204730" lon="-5.089310"/>
      <trkpt lat="43.204810" lon="-5.089340"/>
      <trkpt lat="43.204880" lon="-5.089360"/>
      <trkpt lat="43.205080" lon="-5.089380"/>
      <trkpt lat="43.205300" lon="-5.089380"/>
      <trkpt lat="43.205360" lon="-5.089380"/>
      <trkpt lat="43.205520" lon="-5.089430"/>
      <trkpt lat="43.205610" lon="-5.089460"/>
      <trkpt lat="43.205660" lon="-5.089500"/>
      <trkpt lat="43.205710" lon="-5.089560"/>
      <trkpt lat="43.205750" lon="-5.089620"/>
      <trkpt lat="43.205780" lon="-5.089690"/>
      <trkpt lat="43.205850" lon="-5.089920"/>
      <trkpt lat="43.205900" lon="-5.090050"/>
      <trkpt lat="43.205960" lon="-5.090220"/>
      <trkpt lat="43.206050" lon="-5.090400"/>
      <trkpt lat="43.206150" lon="-5.090570"/>
      <trkpt lat="43.206290" lon="-5.090790"/>
      <trkpt lat="43.206410" lon="-5.090980"/>
      <trkpt lat="43.206450" lon="-5.091010"/>
      <trkpt lat="43.206490" lon="-5.091030"/>
      <trkpt lat="43.206520" lon="-5.091030"/>
      <trkpt lat="43.206610" lon="-5.091030"/>
      <trkpt lat="43.206700" lon="-5.091050"/>
      <trkpt lat="43.206800" lon="-5.091080"/>
      <trkpt lat="43.206840" lon="-5.091110"/>
      <trkpt lat="43.206870" lon="-5.091150"/>
      <trkpt lat="43.206940" lon="-5.091240"/>
      <trkpt lat="43.207010" lon="-5.091370"/>
      <trkpt lat="43.207050" lon="-5.091430"/>
      <trkpt lat="43.207090" lon="-5.091470"/>
      <trkpt lat="43.207120" lon="-5.091490"/>
      <trkpt lat="43.207170" lon="-5.091500"/>
      <trkpt lat="43.207280" lon="-5.091500"/>
      <trkpt lat="43.207320" lon="-5.091510"/>
      <trkpt lat="43.207460" lon="-5.091570"/>
      <trkpt lat="43.207500" lon="-5.091570"/>
      <trkpt lat="43.207560" lon="-5.091560"/>
      <trkpt lat="43.207630" lon="-5.091540"/>
      <trkpt lat="43.207740" lon="-5.091510"/>
      <trkpt lat="43.207950" lon="-5.091450"/>
      <trkpt lat="43.208020" lon="-5.091420"/>
      <trkpt lat="43.208090" lon="-5.091370"/>
      <trkpt lat="43.208210" lon="-5.091250"/>
      <trkpt lat="43.208270" lon="-5.091190"/>
      <trkpt lat="43.208420" lon="-5.090980"/>
      <trkpt lat="43.208540" lon="-5.090830"/>
      <trkpt lat="43.208600" lon="-5.090790"/>
      <trkpt lat="43.208620" lon="-5.090780"/>
      <trkpt lat="43.208660" lon="-5.090760"/>
      <trkpt lat="43.208710" lon="-5.090750"/>
      <trkpt lat="43.208750" lon="-5.090750"/>
      <trkpt lat="43.208780" lon="-5.090760"/>
      <trkpt lat="43.208840" lon="-5.090780"/>
      <trkpt lat="43.208900" lon="-5.090820"/>
      <trkpt lat="43.209080" lon="-5.090930"/>
      <trkpt lat="43.209170" lon="-5.090960"/>
      <trkpt lat="43.209250" lon="-5.090970"/>
      <trkpt lat="43.209330" lon="-5.090960"/>
      <trkpt lat="43.209410" lon="-5.090950"/>
      <trkpt lat="43.209490" lon="-5.090910"/>
      <trkpt lat="43.209580" lon="-5.090840"/>
      <trkpt lat="43.209780" lon="-5.090650"/>
      <trkpt lat="43.209820" lon="-5.090620"/>
      <trkpt lat="43.209890" lon="-5.090570"/>
      <trkpt lat="43.209960" lon="-5.090530"/>
      <trkpt lat="43.210050" lon="-5.090500"/>
      <trkpt lat="43.210140" lon="-5.090490"/>
      <trkpt lat="43.210160" lon="-5.090500"/>
      <trkpt lat="43.210240" lon="-5.090510"/>
      <trkpt lat="43.210390" lon="-5.090630"/>
      <trkpt lat="43.210890" lon="-5.091250"/>
      <trkpt lat="43.210950" lon="-5.091400"/>
      <trkpt lat="43.210980" lon="-5.091570"/>
      <trkpt lat="43.211010" lon="-5.091720"/>
      <trkpt lat="43.211040" lon="-5.091830"/>
      <trkpt lat="43.211110" lon="-5.091920"/>
      <trkpt lat="43.211210" lon="-5.091970"/>
      <trkpt lat="43.211320" lon="-5.092000"/>
      <trkpt lat="43.211420" lon="-5.092050"/>
      <trkpt lat="43.211840" lon="-5.092410"/>
      <trkpt lat="43.212070" lon="-5.092620"/>
      <trkpt lat="43.212160" lon="-5.092680"/>
      <trkpt lat="43.212240" lon="-5.092690"/>
      <trkpt lat="43.212340" lon="-5.092690"/>
      <trkpt lat="43.212510" lon="-5.092600"/>
      <trkpt lat="43.212730" lon="-5.092480"/>
      <trkpt lat="43.212920" lon="-5.092380"/>
      <trkpt lat="43.213150" lon="-5.092190"/>
      <trkpt lat="43.213460" lon="-5.091980"/>
      <trkpt lat="43.213890" lon="-5.091700"/>
      <trkpt lat="43.214060" lon="-5.091640"/>
      <trkpt lat="43.214320" lon="-5.091620"/>
      <trkpt lat="43.214610" lon="-5.091580"/>
      <trkpt lat="43.214790" lon="-5.091550"/>
      <trkpt lat="43.214960" lon="-5.091540"/>
      <trkpt lat="43.215160" lon="-5.091580"/>
      <trkpt lat="43.215290" lon="-5.091610"/>
      <trkpt lat="43.215410" lon="-5.091610"/>
      <trkpt lat="43.215480" lon="-5.091580"/>
      <trkpt lat="43.215530" lon="-5.091510"/>
      <trkpt lat="43.215590" lon="-5.091420"/>
      <trkpt lat="43.215620" lon="-5.091210"/>
      <trkpt lat="43.215680" lon="-5.091130"/>
      <trkpt lat="43.215770" lon="-5.091110"/>
      <trkpt lat="43.215830" lon="-5.091170"/>
      <trkpt lat="43.215880" lon="-5.091250"/>
      <trkpt lat="43.216000" lon="-5.091750"/>
      <trkpt lat="43.216040" lon="-5.091850"/>
      <trkpt lat="43.216110" lon="-5.091920"/>
      <trkpt lat="43.216220" lon="-5.092010"/>
      <trkpt lat="43.216360" lon="-5.092090"/>
      <trkpt lat="43.216520" lon="-5.092140"/>
      <trkpt lat="43.216650" lon="-5.092130"/>
      <trkpt lat="43.216790" lon="-5.092110"/>
      <trkpt lat="43.216900" lon="-5.092050"/>
      <trkpt lat="43.217040" lon="-5.091920"/>
      <trkpt lat="43.217230" lon="-5.091730"/>
      <trkpt lat="43.217370" lon="-5.091640"/>
      <trkpt lat="43.217510" lon="-5.091640"/>
      <trkpt lat="43.217680" lon="-5.091680"/>
      <trkpt lat="43.217790" lon="-5.091650"/>
      <trkpt lat="43.217910" lon="-5.091590"/>
      <trkpt lat="43.218010" lon="-5.091570"/>
      <trkpt lat="43.218150" lon="-5.091600"/>
      <trkpt lat="43.218450" lon="-5.091700"/>
      <trkpt lat="43.218740" lon="-5.091770"/>
      <trkpt lat="43.219030" lon="-5.091840"/>
      <trkpt lat="43.219210" lon="-5.091920"/>
      <trkpt lat="43.219470" lon="-5.091970"/>
      <trkpt lat="43.219590" lon="-5.091970"/>
      <trkpt lat="43.219800" lon="-5.091860"/>
      <trkpt lat="43.220050" lon="-5.091710"/>
      <trkpt lat="43.220160" lon="-5.091710"/>
      <trkpt lat="43.220250" lon="-5.091740"/>
      <trkpt lat="43.220800" lon="-5.091970"/>
      <trkpt lat="43.220960" lon="-5.092010"/>
      <trkpt lat="43.221120" lon="-5.092020"/>
      <trkpt lat="43.221360" lon="-5.091980"/>
      <trkpt lat="43.221560" lon="-5.091900"/>
      <trkpt lat="43.221680" lon="-5.091860"/>
      <trkpt lat="43.221840" lon="-5.091830"/>
      <trkpt lat="43.221960" lon="-5.091700"/>
      <trkpt lat="43.222100" lon="-5.091500"/>
      <trkpt lat="43.222210" lon="-5.091450"/>
      <trkpt lat="43.222330" lon="-5.091450"/>
      <trkpt lat="43.222460" lon="-5.091510"/>
      <trkpt lat="43.222700" lon="-5.091660"/>
      <trkpt lat="43.222980" lon="-5.091790"/>
      <trkpt lat="43.223110" lon="-5.091890"/>
      <trkpt lat="43.223220" lon="-5.092020"/>
      <trkpt lat="43.223390" lon="-5.092100"/>
      <trkpt lat="43.223530" lon="-5.092140"/>
      <trkpt lat="43.223680" lon="-5.092120"/>
      <trkpt lat="43.223830" lon="-5.092030"/>
      <trkpt lat="43.224020" lon="-5.091880"/>
      <trkpt lat="43.224240" lon="-5.091600"/>
      <trkpt lat="43.224450" lon="-5.091260"/>
      <trkpt lat="43.224590" lon="-5.091090"/>
      <trkpt lat="43.224720" lon="-5.091010"/>
      <trkpt lat="43.224840" lon="-5.091000"/>
      <trkpt lat="43.224950" lon="-5.090970"/>
      <trkpt lat="43.225120" lon="-5.091200"/>
      <trkpt lat="43.225330" lon="-5.091340"/>
      <trkpt lat="43.225390" lon="-5.091400"/>
      <trkpt lat="43.225490" lon="-5.091390"/>
      <trkpt lat="43.225660" lon="-5.091420"/>
      <trkpt lat="43.225960" lon="-5.091570"/>
      <trkpt lat="43.226260" lon="-5.091610"/>
      <trkpt lat="43.226530" lon="-5.091560"/>
      <trkpt lat="43.226780" lon="-5.091460"/>
      <trkpt lat="43.227020" lon="-5.091430"/>
      <trkpt lat="43.227310" lon="-5.091290"/>
      <trkpt lat="43.227680" lon="-5.091030"/>
      <trkpt lat="43.227840" lon="-5.090990"/>
      <trkpt lat="43.227990" lon="-5.091000"/>
      <trkpt lat="43.228140" lon="-5.091120"/>
      <trkpt lat="43.228310" lon="-5.091270"/>
      <trkpt lat="43.228520" lon="-5.091410"/>
      <trkpt lat="43.228770" lon="-5.091480"/>
      <trkpt lat="43.228950" lon="-5.091530"/>
      <trkpt lat="43.229120" lon="-5.091670"/>
      <trkpt lat="43.229300" lon="-5.091790"/>
      <trkpt lat="43.229420" lon="-5.091900"/>
      <trkpt lat="43.229530" lon="-5.091920"/>
      <trkpt lat="43.229620" lon="-5.091890"/>
      <trkpt lat="43.229760" lon="-5.091790"/>
      <trkpt lat="43.229920" lon="-5.091690"/>
      <trkpt lat="43.230070" lon="-5.091620"/>
      <trkpt lat="43.230220" lon="-5.091590"/>
      <trkpt lat="43.230420" lon="-5.091640"/>
      <trkpt lat="43.230650" lon="-5.091710"/>
      <trkpt lat="43.230840" lon="-5.091770"/>
      <trkpt lat="43.230900" lon="-5.091800"/>
      <trkpt lat="43.230930" lon="-5.091900"/>
      <trkpt lat="43.230910" lon="-5.092090"/>
      <trkpt lat="43.230910" lon="-5.092260"/>
      <trkpt lat="43.230950" lon="-5.092450"/>
      <trkpt lat="43.230970" lon="-5.092530"/>
      <trkpt lat="43.230990" lon="-5.092590"/>
      <trkpt lat="43.231130" lon="-5.092770"/>
      <trkpt lat="43.231270" lon="-5.092840"/>
      <trkpt lat="43.231450" lon="-5.092790"/>
      <trkpt lat="43.231650" lon="-5.092760"/>
      <trkpt lat="43.231920" lon="-5.092720"/>
      <trkpt lat="43.232180" lon="-5.092640"/>
      <trkpt lat="43.232380" lon="-5.092620"/>
      <trkpt lat="43.232550" lon="-5.092650"/>
      <trkpt lat="43.232890" lon="-5.092850"/>
      <trkpt lat="43.233000" lon="-5.092880"/>
      <trkpt lat="43.233110" lon="-5.092860"/>
      <trkpt lat="43.233210" lon="-5.092810"/>
      <trkpt lat="43.233370" lon="-5.092690"/>
      <trkpt lat="43.233780" lon="-5.092220"/>
      <trkpt lat="43.234310" lon="-5.091670"/>
      <trkpt lat="43.234540" lon="-5.091450"/>
      <trkpt lat="43.234700" lon="-5.091370"/>
      <trkpt lat="43.234890" lon="-5.091380"/>
      <trkpt lat="43.235130" lon="-5.091400"/>
      <trkpt lat="43.235360" lon="-5.091470"/>
      <trkpt lat="43.235610" lon="-5.091480"/>
      <trkpt lat="43.235760" lon="-5.091500"/>
      <trkpt lat="43.235860" lon="-5.091580"/>
      <trkpt lat="43.236100" lon="-5.091910"/>
      <trkpt lat="43.236280" lon="-5.092060"/>
      <trkpt lat="43.236470" lon="-5.092140"/>
      <trkpt lat="43.236840" lon="-5.092230"/>
      <trkpt lat="43.237000" lon="-5.092280"/>
      <trkpt lat="43.237110" lon="-5.092340"/>
      <trkpt lat="43.237240" lon="-5.092460"/>
      <trkpt lat="43.237460" lon="-5.092680"/>
      <trkpt lat="43.237650" lon="-5.092860"/>
      <trkpt lat="43.237800" lon="-5.093010"/>
      <trkpt lat="43.237980" lon="-5.093160"/>
      <trkpt lat="43.238380" lon="-5.093420"/>
      <trkpt lat="43.238770" lon="-5.093650"/>
      <trkpt lat="43.239150" lon="-5.093980"/>
      <trkpt lat="43.239320" lon="-5.094240"/>
      <trkpt lat="43.239590" lon="-5.094700"/>
      <trkpt lat="43.239760" lon="-5.095010"/>
      <trkpt lat="43.240010" lon="-5.095500"/>
      <trkpt lat="43.240100" lon="-5.095820"/>
      <trkpt lat="43.240160" lon="-5.096110"/>
      <trkpt lat="43.240230" lon="-5.096460"/>
      <trkpt lat="43.240320" lon="-5.096700"/>
      <trkpt lat="43.240440" lon="-5.096860"/>
      <trkpt lat="43.240770" lon="-5.097290"/>
      <trkpt lat="43.241220" lon="-5.097850"/>
      <trkpt lat="43.241450" lon="-5.098150"/>
      <trkpt lat="43.242010" lon="-5.098850"/>
      <trkpt lat="43.242210" lon="-5.099120"/>
      <trkpt lat="43.242300" lon="-5.099260"/>
      <trkpt lat="43.242320" lon="-5.099410"/>
      <trkpt lat="43.242330" lon="-5.099580"/>
      <trkpt lat="43.242310" lon="-5.099760"/>
      <trkpt lat="43.242270" lon="-5.099970"/>
      <trkpt lat="43.242150" lon="-5.100240"/>
      <trkpt lat="43.242100" lon="-5.100490"/>
      <trkpt lat="43.242110" lon="-5.100740"/>
      <trkpt lat="43.242140" lon="-5.101040"/>
      <trkpt lat="43.242200" lon="-5.101360"/>
      <trkpt lat="43.242250" lon="-5.101560"/>
      <trkpt lat="43.242330" lon="-5.101690"/>
      <trkpt lat="43.242420" lon="-5.101750"/>
      <trkpt lat="43.242570" lon="-5.101790"/>
      <trkpt lat="43.242700" lon="-5.101830"/>
      <trkpt lat="43.242820" lon="-5.101970"/>
      <trkpt lat="43.243080" lon="-5.102260"/>
      <trkpt lat="43.243270" lon="-5.102470"/>
      <trkpt lat="43.243380" lon="-5.102640"/>
      <trkpt lat="43.243430" lon="-5.102800"/>
      <trkpt lat="43.243470" lon="-5.103030"/>
      <trkpt lat="43.243510" lon="-5.103530"/>
      <trkpt lat="43.243530" lon="-5.103760"/>
      <trkpt lat="43.243580" lon="-5.103940"/>
      <trkpt lat="43.243650" lon="-5.104060"/>
      <trkpt lat="43.243820" lon="-5.104260"/>
      <trkpt lat="43.243970" lon="-5.104430"/>
      <trkpt lat="43.244170" lon="-5.104680"/>
      <trkpt lat="43.244260" lon="-5.104860"/>
      <trkpt lat="43.244430" lon="-5.105150"/>
      <trkpt lat="43.244710" lon="-5.105570"/>
      <trkpt lat="43.244920" lon="-5.105860"/>
      <trkpt lat="43.245180" lon="-5.106230"/>
      <trkpt lat="43.245310" lon="-5.106410"/>
      <trkpt lat="43.245390" lon="-5.106450"/>
      <trkpt lat="43.245490" lon="-5.106480"/>
      <trkpt lat="43.245720" lon="-5.106470"/>
      <trkpt lat="43.246060" lon="-5.106520"/>
      <trkpt lat="43.246460" lon="-5.106600"/>
      <trkpt lat="43.246790" lon="-5.106670"/>
      <trkpt lat="43.247020" lon="-5.106740"/>
      <trkpt lat="43.247240" lon="-5.106810"/>
      <trkpt lat="43.247420" lon="-5.106880"/>
      <trkpt lat="43.247590" lon="-5.106920"/>
      <trkpt lat="43.248110" lon="-5.106920"/>
      <trkpt lat="43.248400" lon="-5.106970"/>
      <trkpt lat="43.248800" lon="-5.107050"/>
      <trkpt lat="43.249020" lon="-5.107110"/>
      <trkpt lat="43.249170" lon="-5.107190"/>
      <trkpt lat="43.249390" lon="-5.107360"/>
      <trkpt lat="43.249920" lon="-5.107960"/>
      <trkpt lat="43.250530" lon="-5.108630"/>
      <trkpt lat="43.250650" lon="-5.108730"/>
      <trkpt lat="43.250710" lon="-5.108750"/>
      <trkpt lat="43.250780" lon="-5.108750"/>
      <trkpt lat="43.250840" lon="-5.108750"/>
      <trkpt lat="43.250940" lon="-5.108720"/>
      <trkpt lat="43.251100" lon="-5.108600"/>
      <trkpt lat="43.251310" lon="-5.108440"/>
      <trkpt lat="43.251520" lon="-5.108330"/>
      <trkpt lat="43.251540" lon="-5.108310"/>
      <trkpt lat="43.251640" lon="-5.108290"/>
      <trkpt lat="43.251730" lon="-5.108290"/>
      <trkpt lat="43.251870" lon="-5.108360"/>
      <trkpt lat="43.251980" lon="-5.108460"/>
      <trkpt lat="43.252060" lon="-5.108610"/>
      <trkpt lat="43.252190" lon="-5.109020"/>
      <trkpt lat="43.252260" lon="-5.109200"/>
      <trkpt lat="43.252360" lon="-5.109380"/>
      <trkpt lat="43.252420" lon="-5.109520"/>
      <trkpt lat="43.252490" lon="-5.109710"/>
      <trkpt lat="43.252550" lon="-5.109800"/>
      <trkpt lat="43.252650" lon="-5.109900"/>
      <trkpt lat="43.252810" lon="-5.109960"/>
      <trkpt lat="43.252990" lon="-5.109930"/>
      <trkpt lat="43.253170" lon="-5.109930"/>
      <trkpt lat="43.253270" lon="-5.109960"/>
      <trkpt lat="43.253380" lon="-5.110020"/>
      <trkpt lat="43.253540" lon="-5.110080"/>
      <trkpt lat="43.253660" lon="-5.110170"/>
      <trkpt lat="43.253840" lon="-5.110300"/>
      <trkpt lat="43.253950" lon="-5.110420"/>
      <trkpt lat="43.254060" lon="-5.110580"/>
      <trkpt lat="43.254320" lon="-5.111000"/>
      <trkpt lat="43.254620" lon="-5.111480"/>
      <trkpt lat="43.254710" lon="-5.111640"/>
      <trkpt lat="43.254800" lon="-5.111900"/>
      <trkpt lat="43.254870" lon="-5.112010"/>
      <trkpt lat="43.255000" lon="-5.112140"/>
      <trkpt lat="43.255100" lon="-5.112240"/>
      <trkpt lat="43.255180" lon="-5.112400"/>
      <trkpt lat="43.255220" lon="-5.112640"/>
      <trkpt lat="43.255270" lon="-5.112920"/>
      <trkpt lat="43.255390" lon="-5.113240"/>
      <trkpt lat="43.255710" lon="-5.114090"/>
      <trkpt lat="43.255800" lon="-5.114240"/>
      <trkpt lat="43.255890" lon="-5.114320"/>
      <trkpt lat="43.256050" lon="-5.114340"/>
      <trkpt lat="43.256180" lon="-5.114390"/>
      <trkpt lat="43.256280" lon="-5.114550"/>
      <trkpt lat="43.256790" lon="-5.115520"/>
      <trkpt lat="43.256920" lon="-5.115730"/>
      <trkpt lat="43.257050" lon="-5.115820"/>
      <trkpt lat="43.257270" lon="-5.115840"/>
      <trkpt lat="43.257490" lon="-5.115820"/>
      <trkpt lat="43.257700" lon="-5.115750"/>
      <trkpt lat="43.257970" lon="-5.115640"/>
      <trkpt lat="43.258170" lon="-5.115610"/>
      <trkpt lat="43.258500" lon="-5.115620"/>
      <trkpt lat="43.258950" lon="-5.115650"/>
      <trkpt lat="43.259340" lon="-5.115730"/>
      <trkpt lat="43.259480" lon="-5.115810"/>
      <trkpt lat="43.259610" lon="-5.115910"/>
      <trkpt lat="43.259710" lon="-5.116050"/>
      <trkpt lat="43.259750" lon="-5.116130"/>
      <trkpt lat="43.259780" lon="-5.116220"/>
      <trkpt lat="43.259810" lon="-5.116450"/>
      <trkpt lat="43.259810" lon="-5.116810"/>
      <trkpt lat="43.259770" lon="-5.117020"/>
      <trkpt lat="43.259620" lon="-5.117270"/>
      <trkpt lat="43.259350" lon="-5.117670"/>
      <trkpt lat="43.259260" lon="-5.117860"/>
      <trkpt lat="43.259200" lon="-5.118100"/>
      <trkpt lat="43.259170" lon="-5.118410"/>
      <trkpt lat="43.259180" lon="-5.118740"/>
      <trkpt lat="43.259290" lon="-5.119120"/>
      <trkpt lat="43.259430" lon="-5.119470"/>
      <trkpt lat="43.259630" lon="-5.119810"/>
      <trkpt lat="43.260020" lon="-5.120290"/>
      <trkpt lat="43.260470" lon="-5.120890"/>
      <trkpt lat="43.261610" lon="-5.122690"/>
      <trkpt lat="43.262600" lon="-5.123870"/>
      <trkpt lat="43.262900" lon="-5.124270"/>
      <trkpt lat="43.263000" lon="-5.124510"/>
      <trkpt lat="43.263080" lon="-5.124780"/>
      <trkpt lat="43.263130" lon="-5.125250"/>
      <trkpt lat="43.263190" lon="-5.125920"/>
      <trkpt lat="43.263230" lon="-5.126100"/>
      <trkpt lat="43.263290" lon="-5.126220"/>
      <trkpt lat="43.263390" lon="-5.126390"/>
      <trkpt lat="43.263470" lon="-5.126460"/>
      <trkpt lat="43.263560" lon="-5.126510"/>
      <trkpt lat="43.263770" lon="-5.126530"/>
      <trkpt lat="43.264340" lon="-5.126510"/>
      <trkpt lat="43.264480" lon="-5.126510"/>
      <trkpt lat="43.264610" lon="-5.126540"/>
      <trkpt lat="43.264760" lon="-5.126570"/>
      <trkpt lat="43.265220" lon="-5.126690"/>
      <trkpt lat="43.265440" lon="-5.126770"/>
      <trkpt lat="43.265510" lon="-5.126820"/>
      <trkpt lat="43.265560" lon="-5.126870"/>
      <trkpt lat="43.265670" lon="-5.127040"/>
      <trkpt lat="43.265770" lon="-5.127250"/>
      <trkpt lat="43.265900" lon="-5.127650"/>
      <trkpt lat="43.266010" lon="-5.128000"/>
      <trkpt lat="43.266110" lon="-5.128430"/>
      <trkpt lat="43.266200" lon="-5.129030"/>
      <trkpt lat="43.266250" lon="-5.129570"/>
      <trkpt lat="43.266250" lon="-5.129730"/>
      <trkpt lat="43.266230" lon="-5.129900"/>
      <trkpt lat="43.266210" lon="-5.130010"/>
      <trkpt lat="43.266180" lon="-5.130120"/>
      <trkpt lat="43.265990" lon="-5.130490"/>
      <trkpt lat="43.265960" lon="-5.130580"/>
      <trkpt lat="43.265950" lon="-5.130670"/>
      <trkpt lat="43.265940" lon="-5.130770"/>
      <trkpt lat="43.265940" lon="-5.130870"/>
      <trkpt lat="43.265960" lon="-5.130980"/>
      <trkpt lat="43.266000" lon="-5.131100"/>
      <trkpt lat="43.266070" lon="-5.131260"/>
      <trkpt lat="43.266160" lon="-5.131400"/>
      <trkpt lat="43.266260" lon="-5.131500"/>
      <trkpt lat="43.266360" lon="-5.131560"/>
      <trkpt lat="43.266540" lon="-5.131700"/>
      <trkpt lat="43.266780" lon="-5.131830"/>
      <trkpt lat="43.267100" lon="-5.132040"/>
      <trkpt lat="43.267360" lon="-5.132230"/>
      <trkpt lat="43.267610" lon="-5.132650"/>
      <trkpt lat="43.267760" lon="-5.132880"/>
      <trkpt lat="43.268040" lon="-5.133220"/>
      <trkpt lat="43.268450" lon="-5.133710"/>
      <trkpt lat="43.268820" lon="-5.134200"/>
      <trkpt lat="43.268890" lon="-5.134400"/>
      <trkpt lat="43.268900" lon="-5.134570"/>
      <trkpt lat="43.268880" lon="-5.134770"/>
      <trkpt lat="43.268700" lon="-5.135370"/>
      <trkpt lat="43.268590" lon="-5.135770"/>
      <trkpt lat="43.268560" lon="-5.135940"/>
      <trkpt lat="43.268570" lon="-5.136100"/>
      <trkpt lat="43.268610" lon="-5.136280"/>
      <trkpt lat="43.269060" lon="-5.137600"/>
      <trkpt lat="43.269330" lon="-5.138350"/>
      <trkpt lat="43.269500" lon="-5.138680"/>
      <trkpt lat="43.269540" lon="-5.138750"/>
      <trkpt lat="43.269810" lon="-5.139110"/>
      <trkpt lat="43.269930" lon="-5.139230"/>
      <trkpt lat="43.270580" lon="-5.139800"/>
      <trkpt lat="43.271520" lon="-5.140630"/>
      <trkpt lat="43.271670" lon="-5.140750"/>
      <trkpt lat="43.271780" lon="-5.140900"/>
      <trkpt lat="43.271820" lon="-5.140960"/>
      <trkpt lat="43.271840" lon="-5.141050"/>
      <trkpt lat="43.271850" lon="-5.141140"/>
      <trkpt lat="43.271830" lon="-5.141240"/>
      <trkpt lat="43.271780" lon="-5.141420"/>
      <trkpt lat="43.271710" lon="-5.141630"/>
      <trkpt lat="43.271700" lon="-5.141840"/>
      <trkpt lat="43.271740" lon="-5.142010"/>
      <trkpt lat="43.271820" lon="-5.142150"/>
      <trkpt lat="43.272120" lon="-5.142590"/>
      <trkpt lat="43.272390" lon="-5.142990"/>
      <trkpt lat="43.272510" lon="-5.143110"/>
      <trkpt lat="43.272660" lon="-5.143140"/>
      <trkpt lat="43.272820" lon="-5.143120"/>
      <trkpt lat="43.272960" lon="-5.143030"/>
      <trkpt lat="43.273020" lon="-5.142960"/>
      <trkpt lat="43.273060" lon="-5.142910"/>
      <trkpt lat="43.273220" lon="-5.142570"/>
      <trkpt lat="43.273370" lon="-5.142270"/>
      <trkpt lat="43.273770" lon="-5.141470"/>
      <trkpt lat="43.273850" lon="-5.141370"/>
      <trkpt lat="43.273940" lon="-5.141320"/>
      <trkpt lat="43.274480" lon="-5.141170"/>
      <trkpt lat="43.274900" lon="-5.141000"/>
      <trkpt lat="43.275080" lon="-5.140950"/>
      <trkpt lat="43.275240" lon="-5.140940"/>
      <trkpt lat="43.275390" lon="-5.140960"/>
      <trkpt lat="43.275710" lon="-5.141070"/>
      <trkpt lat="43.275840" lon="-5.141090"/>
      <trkpt lat="43.275960" lon="-5.141070"/>
      <trkpt lat="43.276070" lon="-5.141020"/>
      <trkpt lat="43.276180" lon="-5.140960"/>
      <trkpt lat="43.276280" lon="-5.140860"/>
      <trkpt lat="43.276370" lon="-5.140730"/>
      <trkpt lat="43.276510" lon="-5.140280"/>
      <trkpt lat="43.276510" lon="-5.139770"/>
      <trkpt lat="43.276500" lon="-5.139000"/>
      <trkpt lat="43.276640" lon="-5.138190"/>
      <trkpt lat="43.276750" lon="-5.137900"/>
      <trkpt lat="43.276940" lon="-5.137670"/>
      <trkpt lat="43.277210" lon="-5.137520"/>
      <trkpt lat="43.277350" lon="-5.137260"/>
      <trkpt lat="43.277690" lon="-5.136490"/>
      <trkpt lat="43.277780" lon="-5.136210"/>
      <trkpt lat="43.277920" lon="-5.135800"/>
      <trkpt lat="43.278100" lon="-5.135530"/>
      <trkpt lat="43.278300" lon="-5.135440"/>
      <trkpt lat="43.278500" lon="-5.135430"/>
      <trkpt lat="43.278910" lon="-5.135530"/>
      <trkpt lat="43.279160" lon="-5.135660"/>
      <trkpt lat="43.280010" lon="-5.136500"/>
      <trkpt lat="43.280860" lon="-5.137330"/>
      <trkpt lat="43.281090" lon="-5.137550"/>
      <trkpt lat="43.281440" lon="-5.137800"/>
      <trkpt lat="43.281710" lon="-5.137870"/>
      <trkpt lat="43.281920" lon="-5.137880"/>
      <trkpt lat="43.282130" lon="-5.137820"/>
      <trkpt lat="43.282470" lon="-5.137610"/>
      <trkpt lat="43.284110" lon="-5.136020"/>
      <trkpt lat="43.285650" lon="-5.134540"/>
      <trkpt lat="43.285770" lon="-5.134450"/>
      <trkpt lat="43.285980" lon="-5.134330"/>
      <trkpt lat="43.286090" lon="-5.134290"/>
      <trkpt lat="43.286200" lon="-5.134280"/>
      <trkpt lat="43.286870" lon="-5.134350"/>
      <trkpt lat="43.287280" lon="-5.134390"/>
      <trkpt lat="43.287610" lon="-5.134420"/>
      <trkpt lat="43.287760" lon="-5.134410"/>
      <trkpt lat="43.287910" lon="-5.134390"/>
      <trkpt lat="43.288060" lon="-5.134370"/>
      <trkpt lat="43.288510" lon="-5.134270"/>
      <trkpt lat="43.288660" lon="-5.134230"/>
      <trkpt lat="43.289250" lon="-5.134070"/>
      <trkpt lat="43.289450" lon="-5.134010"/>
      <trkpt lat="43.289870" lon="-5.133910"/>
      <trkpt lat="43.290180" lon="-5.133860"/>
      <trkpt lat="43.290450" lon="-5.133870"/>
      <trkpt lat="43.290960" lon="-5.134050"/>
      <trkpt lat="43.291320" lon="-5.134170"/>
      <trkpt lat="43.291560" lon="-5.134330"/>
      <trkpt lat="43.291740" lon="-5.134580"/>
      <trkpt lat="43.291830" lon="-5.134780"/>
      <trkpt lat="43.291880" lon="-5.134910"/>
      <trkpt lat="43.292180" lon="-5.136070"/>
      <trkpt lat="43.292320" lon="-5.136450"/>
      <trkpt lat="43.292520" lon="-5.136740"/>
      <trkpt lat="43.293280" lon="-5.137390"/>
      <trkpt lat="43.293480" lon="-5.137490"/>
      <trkpt lat="43.293670" lon="-5.137540"/>
      <trkpt lat="43.293900" lon="-5.137540"/>
      <trkpt lat="43.294210" lon="-5.137470"/>
      <trkpt lat="43.294410" lon="-5.137320"/>
      <trkpt lat="43.294580" lon="-5.137130"/>
      <trkpt lat="43.294770" lon="-5.136780"/>
      <trkpt lat="43.295000" lon="-5.136230"/>
      <trkpt lat="43.295140" lon="-5.135740"/>
      <trkpt lat="43.295310" lon="-5.135060"/>
      <trkpt lat="43.295680" lon="-5.133630"/>
      <trkpt lat="43.295760" lon="-5.133400"/>
      <trkpt lat="43.295850" lon="-5.133210"/>
      <trkpt lat="43.295950" lon="-5.133050"/>
      <trkpt lat="43.296070" lon="-5.132910"/>
      <trkpt lat="43.296210" lon="-5.132780"/>
      <trkpt lat="43.296350" lon="-5.132710"/>
      <trkpt lat="43.296510" lon="-5.132640"/>
      <trkpt lat="43.296720" lon="-5.132600"/>
      <trkpt lat="43.298020" lon="-5.132350"/>
      <trkpt lat="43.298340" lon="-5.132340"/>
      <trkpt lat="43.299110" lon="-5.132510"/>
      <trkpt lat="43.299400" lon="-5.132490"/>
      <trkpt lat="43.299600" lon="-5.132420"/>
      <trkpt lat="43.299770" lon="-5.132340"/>
      <trkpt lat="43.300000" lon="-5.132160"/>
      <trkpt lat="43.300110" lon="-5.132060"/>
      <trkpt lat="43.301600" lon="-5.130820"/>
      <trkpt lat="43.301830" lon="-5.130700"/>
      <trkpt lat="43.302020" lon="-5.130670"/>
      <trkpt lat="43.302120" lon="-5.130680"/>
      <trkpt lat="43.302210" lon="-5.130710"/>
      <trkpt lat="43.302280" lon="-5.130750"/>
      <trkpt lat="43.302380" lon="-5.130810"/>
      <trkpt lat="43.302450" lon="-5.130880"/>
      <trkpt lat="43.302510" lon="-5.130960"/>
      <trkpt lat="43.302590" lon="-5.131060"/>
      <trkpt lat="43.302650" lon="-5.131190"/>
      <trkpt lat="43.302740" lon="-5.131540"/>
      <trkpt lat="43.302830" lon="-5.132050"/>
      <trkpt lat="43.302960" lon="-5.132390"/>
      <trkpt lat="43.303130" lon="-5.132650"/>
      <trkpt lat="43.303330" lon="-5.132750"/>
      <trkpt lat="43.303420" lon="-5.132790"/>
      <trkpt lat="43.303540" lon="-5.132800"/>
      <trkpt lat="43.303660" lon="-5.132780"/>
      <trkpt lat="43.303760" lon="-5.132750"/>
      <trkpt lat="43.303890" lon="-5.132650"/>
      <trkpt lat="43.304010" lon="-5.132530"/>
      <trkpt lat="43.304170" lon="-5.132280"/>
      <trkpt lat="43.304310" lon="-5.132030"/>
      <trkpt lat="43.304490" lon="-5.131760"/>
      <trkpt lat="43.304660" lon="-5.131560"/>
      <trkpt lat="43.304820" lon="-5.131410"/>
      <trkpt lat="43.305270" lon="-5.131130"/>
      <trkpt lat="43.305420" lon="-5.131070"/>
      <trkpt lat="43.305880" lon="-5.130920"/>
      <trkpt lat="43.306230" lon="-5.130740"/>
      <trkpt lat="43.306510" lon="-5.130580"/>
      <trkpt lat="43.306600" lon="-5.130550"/>
      <trkpt lat="43.306990" lon="-5.130460"/>
      <trkpt lat="43.307120" lon="-5.130440"/>
      <trkpt lat="43.307520" lon="-5.130360"/>
      <trkpt lat="43.307850" lon="-5.130280"/>
      <trkpt lat="43.308700" lon="-5.130100"/>
      <trkpt lat="43.308950" lon="-5.130080"/>
      <trkpt lat="43.309200" lon="-5.130090"/>
      <trkpt lat="43.310360" lon="-5.130310"/>
      <trkpt lat="43.310850" lon="-5.130380"/>
      <trkpt lat="43.311290" lon="-5.130390"/>
      <trkpt lat="43.312180" lon="-5.130310"/>
      <trkpt lat="43.313420" lon="-5.130190"/>
      <trkpt lat="43.314420" lon="-5.130090"/>
      <trkpt lat="43.314700" lon="-5.130070"/>
      <trkpt lat="43.314850" lon="-5.130050"/>
      <trkpt lat="43.315520" lon="-5.129990"/>
      <trkpt lat="43.316360" lon="-5.129910"/>
      <trkpt lat="43.317160" lon="-5.129840"/>
      <trkpt lat="43.317440" lon="-5.129830"/>
      <trkpt lat="43.317600" lon="-5.129870"/>
      <trkpt lat="43.317760" lon="-5.129920"/>
      <trkpt lat="43.317980" lon="-5.130040"/>
      <trkpt lat="43.318090" lon="-5.130130"/>
      <trkpt lat="43.318180" lon="-5.130220"/>
      <trkpt lat="43.318290" lon="-5.130350"/>
      <trkpt lat="43.318400" lon="-5.130490"/>
      <trkpt lat="43.318540" lon="-5.130740"/>
      <trkpt lat="43.318650" lon="-5.131040"/>
      <trkpt lat="43.318810" lon="-5.131550"/>
      <trkpt lat="43.319240" lon="-5.133180"/>
      <trkpt lat="43.319350" lon="-5.133500"/>
      <trkpt lat="43.319470" lon="-5.133700"/>
      <trkpt lat="43.319590" lon="-5.133810"/>
      <trkpt lat="43.319750" lon="-5.133870"/>
      <trkpt lat="43.319900" lon="-5.133860"/>
      <trkpt lat="43.320130" lon="-5.133730"/>
      <trkpt lat="43.320530" lon="-5.133440"/>
      <trkpt lat="43.322390" lon="-5.132000"/>
      <trkpt lat="43.323710" lon="-5.130970"/>
      <trkpt lat="43.323960" lon="-5.130810"/>
      <trkpt lat="43.324110" lon="-5.130750"/>
      <trkpt lat="43.324270" lon="-5.130720"/>
      <trkpt lat="43.324410" lon="-5.130730"/>
      <trkpt lat="43.324540" lon="-5.130750"/>
      <trkpt lat="43.324720" lon="-5.130840"/>
      <trkpt lat="43.324820" lon="-5.130900"/>
      <trkpt lat="43.324910" lon="-5.130980"/>
      <trkpt lat="43.325010" lon="-5.131090"/>
      <trkpt lat="43.325100" lon="-5.131230"/>
      <trkpt lat="43.325190" lon="-5.131430"/>
      <trkpt lat="43.325260" lon="-5.131670"/>
      <trkpt lat="43.325300" lon="-5.131880"/>
      <trkpt lat="43.325310" lon="-5.132090"/>
      <trkpt lat="43.325290" lon="-5.132340"/>
      <trkpt lat="43.325280" lon="-5.132410"/>
      <trkpt lat="43.325250" lon="-5.132570"/>
      <trkpt lat="43.325020" lon="-5.133290"/>
      <trkpt lat="43.324740" lon="-5.134340"/>
      <trkpt lat="43.324680" lon="-5.134680"/>
      <trkpt lat="43.324630" lon="-5.134990"/>
      <trkpt lat="43.324590" lon="-5.135520"/>
      <trkpt lat="43.324560" lon="-5.136130"/>
      <trkpt lat="43.324500" lon="-5.137250"/>
      <trkpt lat="43.324490" lon="-5.137350"/>
      <trkpt lat="43.324490" lon="-5.137450"/>
      <trkpt lat="43.324500" lon="-5.137560"/>
      <trkpt lat="43.324510" lon="-5.137660"/>
      <trkpt lat="43.324540" lon="-5.137810"/>
      <trkpt lat="43.324580" lon="-5.137920"/>
      <trkpt lat="43.324620" lon="-5.138040"/>
      <trkpt lat="43.324660" lon="-5.138140"/>
      <trkpt lat="43.324720" lon="-5.138260"/>
      <trkpt lat="43.324790" lon="-5.138380"/>
      <trkpt lat="43.324860" lon="-5.138480"/>
      <trkpt lat="43.324930" lon="-5.138570"/>
      <trkpt lat="43.324990" lon="-5.138640"/>
      <trkpt lat="43.325070" lon="-5.138720"/>
      <trkpt lat="43.325150" lon="-5.138790"/>
      <trkpt lat="43.325230" lon="-5.138830"/>
      <trkpt lat="43.325320" lon="-5.138870"/>
      <trkpt lat="43.325410" lon="-5.138900"/>
      <trkpt lat="43.325910" lon="-5.139030"/>
      <trkpt lat="43.326270" lon="-5.139100"/>
      <trkpt lat="43.326400" lon="-5.139120"/>
      <trkpt lat="43.326500" lon="-5.139120"/>
      <trkpt lat="43.326590" lon="-5.139110"/>
      <trkpt lat="43.326670" lon="-5.139100"/>
      <trkpt lat="43.326770" lon="-5.139080"/>
      <trkpt lat="43.326890" lon="-5.139050"/>
      <trkpt lat="43.327730" lon="-5.138770"/>
      <trkpt lat="43.327910" lon="-5.138710"/>
      <trkpt lat="43.328260" lon="-5.138600"/>
      <trkpt lat="43.328810" lon="-5.138420"/>
      <trkpt lat="43.328890" lon="-5.138390"/>
      <trkpt lat="43.328990" lon="-5.138350"/>
      <trkpt lat="43.329090" lon="-5.138290"/>
      <trkpt lat="43.329190" lon="-5.138230"/>
      <trkpt lat="43.329280" lon="-5.138170"/>
      <trkpt lat="43.329730" lon="-5.137800"/>
      <trkpt lat="43.330310" lon="-5.137350"/>
      <trkpt lat="43.330320" lon="-5.137340"/>
      <trkpt lat="43.330390" lon="-5.137280"/>
      <trkpt lat="43.331320" lon="-5.136540"/>
      <trkpt lat="43.331930" lon="-5.136040"/>
      <trkpt lat="43.334240" lon="-5.134190"/>
      <trkpt lat="43.334480" lon="-5.134010"/>
      <trkpt lat="43.334640" lon="-5.133930"/>
      <trkpt lat="43.334790" lon="-5.133850"/>
      <trkpt lat="43.334990" lon="-5.133770"/>
      <trkpt lat="43.335190" lon="-5.133710"/>
      <trkpt lat="43.335920" lon="-5.133500"/>
      <trkpt lat="43.336870" lon="-5.133230"/>
      <trkpt lat="43.338020" lon="-5.132910"/>
      <trkpt lat="43.338970" lon="-5.132630"/>
      <trkpt lat="43.340720" lon="-5.132170"/>
      <trkpt lat="43.341010" lon="-5.132100"/>
      <trkpt lat="43.341520" lon="-5.132030"/>
      <trkpt lat="43.341890" lon="-5.131980"/>
      <trkpt lat="43.342270" lon="-5.131910"/>
      <trkpt lat="43.343030" lon="-5.131820"/>
      <trkpt lat="43.343200" lon="-5.131790"/>
      <trkpt lat="43.344210" lon="-5.131650"/>
      <trkpt lat="43.345450" lon="-5.131460"/>
      <trkpt lat="43.345660" lon="-5.131420"/>
      <trkpt lat="43.346460" lon="-5.131280"/>
      <trkpt lat="43.347370" lon="-5.131140"/>
      <trkpt lat="43.347600" lon="-5.131110"/>
      <trkpt lat="43.347830" lon="-5.131080"/>
      <trkpt lat="43.347960" lon="-5.131050"/>
      <trkpt lat="43.348020" lon="-5.131040"/>
      <trkpt lat="43.348880" lon="-5.130910"/>
      <trkpt lat="43.349000" lon="-5.130890"/>
      <trkpt lat="43.349580" lon="-5.130790"/>
      <trkpt lat="43.349680" lon="-5.130770"/>
      <trkpt lat="43.349830" lon="-5.130740"/>
      <trkpt lat="43.349940" lon="-5.130740"/>
      <trkpt lat="43.350150" lon="-5.130760"/>
      <trkpt lat="43.350320" lon="-5.130860"/>
      <trkpt lat="43.350350" lon="-5.130880"/>
      <trkpt lat="43.350470" lon="-5.130980"/>
      <trkpt lat="43.350600" lon="-5.131050"/>
      <trkpt lat="43.350630" lon="-5.131070"/>
      <trkpt lat="43.350680" lon="-5.131120"/>
      <trkpt lat="43.350700" lon="-5.130980"/>
      <trkpt lat="43.350750" lon="-5.130530"/>
      <trkpt lat="43.350770" lon="-5.130360"/>
      <trkpt lat="43.350790" lon="-5.130240"/>
      <trkpt lat="43.350790" lon="-5.130190"/>
      <trkpt lat="43.350800" lon="-5.130080"/>
      <trkpt lat="43.350840" lon="-5.129740"/>
      <trkpt lat="43.350880" lon="-5.129380"/>
      <trkpt lat="43.350940" lon="-5.129390"/>
      <trkpt lat="43.351280" lon="-5.129450"/>
      <trkpt lat="43.351670" lon="-5.129540"/>
      <trkpt lat="43.351740" lon="-5.129270"/>
      <trkpt lat="43.351780" lon="-5.129040"/>
      <trkpt lat="43.351800" lon="-5.128840"/>
      <trkpt lat="43.351790" lon="-5.128630"/>
      <trkpt lat="43.351790" lon="-5.128490"/>
      <trkpt lat="43.351790" lon="-5.128450"/>
    </trkseg>
  </trk>
</gpx>