<?xml version="1.0" encoding="UTF-8"?>
<gpx version="1.1" creator="trip-planner"
     xmlns="http://www.topografix.com/GPX/1/1">
  <metadata>
    <name>San Sebastian - Santander</name>
    <time>2026-08-08T07:58:18Z</time>
  </metadata>
  <wpt lat="43.314798" lon="-1.974583">
    <name>San Sebastián</name>
  </wpt>
  <wpt lat="43.380846" lon="-3.218721">
    <name>Castro Urdiales</name>
  </wpt>
  <wpt lat="43.455334" lon="-3.824443">
    <name>Santander</name>
  </wpt>
  <trk>
    <name>San Sebastian - Santander</name>
    <trkseg>
      <trkpt lat="43.315390" lon="-1.974010"/>
      <trkpt lat="43.315450" lon="-1.973940"/>
      <trkpt lat="43.315540" lon="-1.973740"/>
      <trkpt lat="43.315560" lon="-1.973680"/>
      <trkpt lat="43.315580" lon="-1.973610"/>
      <trkpt lat="43.315590" lon="-1.973530"/>
      <trkpt lat="43.315590" lon="-1.973500"/>
      <trkpt lat="43.315600" lon="-1.973460"/>
      <trkpt lat="43.315600" lon="-1.973390"/>
      <trkpt lat="43.315530" lon="-1.972600"/>
      <trkpt lat="43.315530" lon="-1.972510"/>
      <trkpt lat="43.315540" lon="-1.972410"/>
      <trkpt lat="43.315560" lon="-1.972320"/>
      <trkpt lat="43.315580" lon="-1.972240"/>
      <trkpt lat="43.315650" lon="-1.972040"/>
      <trkpt lat="43.315690" lon="-1.971940"/>
      <trkpt lat="43.315710" lon="-1.971880"/>
      <trkpt lat="43.315530" lon="-1.971800"/>
      <trkpt lat="43.315490" lon="-1.971780"/>
      <trkpt lat="43.315460" lon="-1.971750"/>
      <trkpt lat="43.315430" lon="-1.971720"/>
      <trkpt lat="43.315430" lon="-1.971710"/>
      <trkpt lat="43.315400" lon="-1.971670"/>
      <trkpt lat="43.315380" lon="-1.971620"/>
      <trkpt lat="43.315370" lon="-1.971580"/>
      <trkpt lat="43.315370" lon="-1.971560"/>
      <trkpt lat="43.315370" lon="-1.971540"/>
      <trkpt lat="43.315360" lon="-1.971510"/>
      <trkpt lat="43.315330" lon="-1.971190"/>
      <trkpt lat="43.315310" lon="-1.970920"/>
      <trkpt lat="43.315290" lon="-1.970750"/>
      <trkpt lat="43.315260" lon="-1.970590"/>
      <trkpt lat="43.315110" lon="-1.969920"/>
      <trkpt lat="43.315000" lon="-1.969510"/>
      <trkpt lat="43.314880" lon="-1.969000"/>
      <trkpt lat="43.314860" lon="-1.968900"/>
      <trkpt lat="43.314820" lon="-1.968800"/>
      <trkpt lat="43.314780" lon="-1.968730"/>
      <trkpt lat="43.314740" lon="-1.968680"/>
      <trkpt lat="43.314680" lon="-1.968620"/>
      <trkpt lat="43.314620" lon="-1.968550"/>
      <trkpt lat="43.314550" lon="-1.968510"/>
      <trkpt lat="43.314490" lon="-1.968480"/>
      <trkpt lat="43.314430" lon="-1.968450"/>
      <trkpt lat="43.314370" lon="-1.968440"/>
      <trkpt lat="43.314290" lon="-1.968430"/>
      <trkpt lat="43.314220" lon="-1.968430"/>
      <trkpt lat="43.314160" lon="-1.968440"/>
      <trkpt lat="43.314080" lon="-1.968460"/>
      <trkpt lat="43.314050" lon="-1.968470"/>
      <trkpt lat="43.313970" lon="-1.968540"/>
      <trkpt lat="43.313910" lon="-1.968620"/>
      <trkpt lat="43.313860" lon="-1.968700"/>
      <trkpt lat="43.313840" lon="-1.968750"/>
      <trkpt lat="43.313830" lon="-1.968830"/>
      <trkpt lat="43.313820" lon="-1.968940"/>
      <trkpt lat="43.313970" lon="-1.969710"/>
      <trkpt lat="43.313990" lon="-1.969900"/>
      <trkpt lat="43.314010" lon="-1.970070"/>
      <trkpt lat="43.314020" lon="-1.970300"/>
      <trkpt lat="43.314040" lon="-1.971060"/>
      <trkpt lat="43.314020" lon="-1.971250"/>
      <trkpt lat="43.314020" lon="-1.971580"/>
      <trkpt lat="43.314010" lon="-1.971860"/>
      <trkpt lat="43.314000" lon="-1.972020"/>
      <trkpt lat="43.313990" lon="-1.972140"/>
      <trkpt lat="43.313970" lon="-1.972250"/>
      <trkpt lat="43.313950" lon="-1.972380"/>
      <trkpt lat="43.313910" lon="-1.972500"/>
      <trkpt lat="43.313880" lon="-1.972620"/>
      <trkpt lat="43.313840" lon="-1.972740"/>
      <trkpt lat="43.313790" lon="-1.972850"/>
      <trkpt lat="43.313740" lon="-1.972960"/>
      <trkpt lat="43.313680" lon="-1.973060"/>
      <trkpt lat="43.313600" lon="-1.973160"/>
      <trkpt lat="43.313520" lon="-1.973260"/>
      <trkpt lat="43.313430" lon="-1.973340"/>
      <trkpt lat="43.313340" lon="-1.973420"/>
      <trkpt lat="43.313240" lon="-1.973480"/>
      <trkpt lat="43.313140" lon="-1.973530"/>
      <trkpt lat="43.313030" lon="-1.973570"/>
      <trkpt lat="43.312920" lon="-1.973590"/>
      <trkpt lat="43.312820" lon="-1.973590"/>
      <trkpt lat="43.311950" lon="-1.973540"/>
      <trkpt lat="43.311870" lon="-1.973530"/>
      <trkpt lat="43.311820" lon="-1.973530"/>
      <trkpt lat="43.311680" lon="-1.973520"/>
      <trkpt lat="43.311150" lon="-1.973480"/>
      <trkpt lat="43.311070" lon="-1.973480"/>
      <trkpt lat="43.310190" lon="-1.973420"/>
      <trkpt lat="43.310150" lon="-1.973410"/>
      <trkpt lat="43.309970" lon="-1.973400"/>
      <trkpt lat="43.309320" lon="-1.973360"/>
      <trkpt lat="43.308980" lon="-1.973330"/>
      <trkpt lat="43.308950" lon="-1.973330"/>
      <trkpt lat="43.308910" lon="-1.973330"/>
      <trkpt lat="43.308700" lon="-1.973310"/>
      <trkpt lat="43.308550" lon="-1.973310"/>
      <trkpt lat="43.308340" lon="-1.973340"/>
      <trkpt lat="43.308160" lon="-1.973380"/>
      <trkpt lat="43.308000" lon="-1.973460"/>
      <trkpt lat="43.307820" lon="-1.973590"/>
      <trkpt lat="43.307670" lon="-1.973720"/>
      <trkpt lat="43.307550" lon="-1.973850"/>
      <trkpt lat="43.307460" lon="-1.973970"/>
      <trkpt lat="43.307380" lon="-1.974120"/>
      <trkpt lat="43.307300" lon="-1.974280"/>
      <trkpt lat="43.307240" lon="-1.974450"/>
      <trkpt lat="43.307150" lon="-1.974720"/>
      <trkpt lat="43.307090" lon="-1.974970"/>
      <trkpt lat="43.307050" lon="-1.975160"/>
      <trkpt lat="43.307030" lon="-1.975290"/>
      <trkpt lat="43.307020" lon="-1.975420"/>
      <trkpt lat="43.307010" lon="-1.975540"/>
      <trkpt lat="43.307010" lon="-1.975790"/>
      <trkpt lat="43.307010" lon="-1.975890"/>
      <trkpt lat="43.307060" lon="-1.976260"/>
      <trkpt lat="43.307120" lon="-1.976530"/>
      <trkpt lat="43.307190" lon="-1.976770"/>
      <trkpt lat="43.307320" lon="-1.977060"/>
      <trkpt lat="43.307450" lon="-1.977300"/>
      <trkpt lat="43.307600" lon="-1.977520"/>
      <trkpt lat="43.307750" lon="-1.977700"/>
      <trkpt lat="43.307830" lon="-1.977790"/>
      <trkpt lat="43.307990" lon="-1.977970"/>
      <trkpt lat="43.308040" lon="-1.978010"/>
      <trkpt lat="43.308090" lon="-1.978070"/>
      <trkpt lat="43.308080" lon="-1.978170"/>
      <trkpt lat="43.308080" lon="-1.978200"/>
      <trkpt lat="43.308070" lon="-1.978240"/>
      <trkpt lat="43.308060" lon="-1.978260"/>
      <trkpt lat="43.308060" lon="-1.978270"/>
      <trkpt lat="43.308040" lon="-1.978300"/>
      <trkpt lat="43.308030" lon="-1.978340"/>
      <trkpt lat="43.308000" lon="-1.978380"/>
      <trkpt lat="43.307660" lon="-1.979020"/>
      <trkpt lat="43.307630" lon="-1.979070"/>
      <trkpt lat="43.307590" lon="-1.979160"/>
      <trkpt lat="43.307550" lon="-1.979330"/>
      <trkpt lat="43.307510" lon="-1.979550"/>
      <trkpt lat="43.307510" lon="-1.979590"/>
      <trkpt lat="43.307480" lon="-1.979690"/>
      <trkpt lat="43.307420" lon="-1.979810"/>
      <trkpt lat="43.307290" lon="-1.979870"/>
      <trkpt lat="43.307230" lon="-1.979880"/>
      <trkpt lat="43.307160" lon="-1.979860"/>
      <trkpt lat="43.307090" lon="-1.979830"/>
      <trkpt lat="43.307030" lon="-1.979740"/>
      <trkpt lat="43.306990" lon="-1.979680"/>
      <trkpt lat="43.306790" lon="-1.979500"/>
      <trkpt lat="43.306640" lon="-1.979440"/>
      <trkpt lat="43.306610" lon="-1.979420"/>
      <trkpt lat="43.306580" lon="-1.979400"/>
      <trkpt lat="43.306450" lon="-1.979370"/>
      <trkpt lat="43.306140" lon="-1.979310"/>
      <trkpt lat="43.306110" lon="-1.979310"/>
      <trkpt lat="43.305930" lon="-1.979270"/>
      <trkpt lat="43.305620" lon="-1.979230"/>
      <trkpt lat="43.305150" lon="-1.979120"/>
      <trkpt lat="43.304950" lon="-1.979080"/>
      <trkpt lat="43.304910" lon="-1.979070"/>
      <trkpt lat="43.304880" lon="-1.979060"/>
      <trkpt lat="43.304840" lon="-1.979060"/>
      <trkpt lat="43.303780" lon="-1.978840"/>
      <trkpt lat="43.303430" lon="-1.978760"/>
      <trkpt lat="43.303380" lon="-1.978750"/>
      <trkpt lat="43.303350" lon="-1.978740"/>
      <trkpt lat="43.303300" lon="-1.978730"/>
      <trkpt lat="43.303220" lon="-1.978710"/>
      <trkpt lat="43.302950" lon="-1.978680"/>
      <trkpt lat="43.302630" lon="-1.978630"/>
      <trkpt lat="43.302540" lon="-1.978630"/>
      <trkpt lat="43.302490" lon="-1.978630"/>
      <trkpt lat="43.302390" lon="-1.978650"/>
      <trkpt lat="43.302290" lon="-1.978650"/>
      <trkpt lat="43.302040" lon="-1.978650"/>
      <trkpt lat="43.301940" lon="-1.978640"/>
      <trkpt lat="43.301860" lon="-1.978630"/>
      <trkpt lat="43.301770" lon="-1.978640"/>
      <trkpt lat="43.301660" lon="-1.978650"/>
      <trkpt lat="43.301440" lon="-1.978690"/>
      <trkpt lat="43.301290" lon="-1.978720"/>
      <trkpt lat="43.301070" lon="-1.978780"/>
      <trkpt lat="43.300910" lon="-1.978830"/>
      <trkpt lat="43.300760" lon="-1.978890"/>
      <trkpt lat="43.300620" lon="-1.978960"/>
      <trkpt lat="43.300480" lon="-1.979040"/>
      <trkpt lat="43.300340" lon="-1.979130"/>
      <trkpt lat="43.300210" lon="-1.979230"/>
      <trkpt lat="43.300080" lon="-1.979340"/>
      <trkpt lat="43.299950" lon="-1.979470"/>
      <trkpt lat="43.299820" lon="-1.979610"/>
      <trkpt lat="43.299700" lon="-1.979750"/>
      <trkpt lat="43.299590" lon="-1.979910"/>
      <trkpt lat="43.299480" lon="-1.980080"/>
      <trkpt lat="43.299380" lon="-1.980250"/>
      <trkpt lat="43.299290" lon="-1.980430"/>
      <trkpt lat="43.299170" lon="-1.980680"/>
      <trkpt lat="43.299010" lon="-1.981100"/>
      <trkpt lat="43.298920" lon="-1.981410"/>
      <trkpt lat="43.298830" lon="-1.981680"/>
      <trkpt lat="43.298700" lon="-1.982270"/>
      <trkpt lat="43.298610" lon="-1.982720"/>
      <trkpt lat="43.298480" lon="-1.983250"/>
      <trkpt lat="43.298390" lon="-1.983390"/>
      <trkpt lat="43.298290" lon="-1.983730"/>
      <trkpt lat="43.297900" lon="-1.985020"/>
      <trkpt lat="43.297790" lon="-1.985420"/>
      <trkpt lat="43.297710" lon="-1.985830"/>
      <trkpt lat="43.297640" lon="-1.986240"/>
      <trkpt lat="43.297600" lon="-1.986640"/>
      <trkpt lat="43.297570" lon="-1.987060"/>
      <trkpt lat="43.297560" lon="-1.987420"/>
      <trkpt lat="43.297580" lon="-1.987790"/>
      <trkpt lat="43.297600" lon="-1.988150"/>
      <trkpt lat="43.297730" lon="-1.989550"/>
      <trkpt lat="43.297750" lon="-1.989830"/>
      <trkpt lat="43.297760" lon="-1.990120"/>
      <trkpt lat="43.297760" lon="-1.990410"/>
      <trkpt lat="43.297760" lon="-1.990700"/>
      <trkpt lat="43.297740" lon="-1.990990"/>
      <trkpt lat="43.297720" lon="-1.991280"/>
      <trkpt lat="43.297700" lon="-1.991540"/>
      <trkpt lat="43.297660" lon="-1.991810"/>
      <trkpt lat="43.297620" lon="-1.992070"/>
      <trkpt lat="43.297570" lon="-1.992330"/>
      <trkpt lat="43.297520" lon="-1.992590"/>
      <trkpt lat="43.297460" lon="-1.992840"/>
      <trkpt lat="43.297270" lon="-1.993530"/>
      <trkpt lat="43.297100" lon="-1.993920"/>
      <trkpt lat="43.296920" lon="-1.994300"/>
      <trkpt lat="43.296770" lon="-1.994630"/>
      <trkpt lat="43.296580" lon="-1.995000"/>
      <trkpt lat="43.296270" lon="-1.995600"/>
      <trkpt lat="43.296150" lon="-1.995850"/>
      <trkpt lat="43.296040" lon="-1.996100"/>
      <trkpt lat="43.295970" lon="-1.996280"/>
      <trkpt lat="43.295920" lon="-1.996460"/>
      <trkpt lat="43.295860" lon="-1.996650"/>
      <trkpt lat="43.295820" lon="-1.996840"/>
      <trkpt lat="43.295790" lon="-1.997030"/>
      <trkpt lat="43.295760" lon="-1.997230"/>
      <trkpt lat="43.295740" lon="-1.997430"/>
      <trkpt lat="43.295740" lon="-1.997630"/>
      <trkpt lat="43.295740" lon="-1.997830"/>
      <trkpt lat="43.295750" lon="-1.998030"/>
      <trkpt lat="43.295780" lon="-1.998230"/>
      <trkpt lat="43.295800" lon="-1.998410"/>
      <trkpt lat="43.295840" lon="-1.998590"/>
      <trkpt lat="43.295890" lon="-1.998770"/>
      <trkpt lat="43.295940" lon="-1.998940"/>
      <trkpt lat="43.296000" lon="-1.999110"/>
      <trkpt lat="43.296070" lon="-1.999270"/>
      <trkpt lat="43.296140" lon="-1.999420"/>
      <trkpt lat="43.296230" lon="-1.999570"/>
      <trkpt lat="43.296310" lon="-1.999720"/>
      <trkpt lat="43.296400" lon="-1.999850"/>
      <trkpt lat="43.296500" lon="-1.999980"/>
      <trkpt lat="43.296610" lon="-2.000100"/>
      <trkpt lat="43.296770" lon="-2.000290"/>
      <trkpt lat="43.296930" lon="-2.000460"/>
      <trkpt lat="43.297210" lon="-2.000740"/>
      <trkpt lat="43.297470" lon="-2.001040"/>
      <trkpt lat="43.297770" lon="-2.001430"/>
      <trkpt lat="43.297990" lon="-2.001750"/>
      <trkpt lat="43.298180" lon="-2.002080"/>
      <trkpt lat="43.298340" lon="-2.002400"/>
      <trkpt lat="43.298480" lon="-2.002710"/>
      <trkpt lat="43.298620" lon="-2.003050"/>
      <trkpt lat="43.298730" lon="-2.003370"/>
      <trkpt lat="43.298840" lon="-2.003760"/>
      <trkpt lat="43.298950" lon="-2.004310"/>
      <trkpt lat="43.299030" lon="-2.004770"/>
      <trkpt lat="43.299080" lon="-2.005440"/>
      <trkpt lat="43.299090" lon="-2.005760"/>
      <trkpt lat="43.299080" lon="-2.006110"/>
      <trkpt lat="43.299060" lon="-2.006440"/>
      <trkpt lat="43.299020" lon="-2.006820"/>
      <trkpt lat="43.298980" lon="-2.007130"/>
      <trkpt lat="43.298920" lon="-2.007410"/>
      <trkpt lat="43.298850" lon="-2.007730"/>
      <trkpt lat="43.298760" lon="-2.008050"/>
      <trkpt lat="43.298580" lon="-2.008560"/>
      <trkpt lat="43.298360" lon="-2.009050"/>
      <trkpt lat="43.298110" lon="-2.009520"/>
      <trkpt lat="43.297960" lon="-2.009730"/>
      <trkpt lat="43.297670" lon="-2.010110"/>
      <trkpt lat="43.296920" lon="-2.010970"/>
      <trkpt lat="43.296470" lon="-2.011510"/>
      <trkpt lat="43.296090" lon="-2.012020"/>
      <trkpt lat="43.295880" lon="-2.012360"/>
      <trkpt lat="43.295710" lon="-2.012650"/>
      <trkpt lat="43.295550" lon="-2.012960"/>
      <trkpt lat="43.295410" lon="-2.013240"/>
      <trkpt lat="43.295290" lon="-2.013520"/>
      <trkpt lat="43.295050" lon="-2.014170"/>
      <trkpt lat="43.294740" lon="-2.015060"/>
      <trkpt lat="43.294610" lon="-2.015410"/>
      <trkpt lat="43.294520" lon="-2.015610"/>
      <trkpt lat="43.294440" lon="-2.015790"/>
      <trkpt lat="43.294350" lon="-2.015940"/>
      <trkpt lat="43.294260" lon="-2.016090"/>
      <trkpt lat="43.294170" lon="-2.016220"/>
      <trkpt lat="43.294060" lon="-2.016350"/>
      <trkpt lat="43.293960" lon="-2.016470"/>
      <trkpt lat="43.293850" lon="-2.016580"/>
      <trkpt lat="43.293730" lon="-2.016680"/>
      <trkpt lat="43.293620" lon="-2.016760"/>
      <trkpt lat="43.293500" lon="-2.016840"/>
      <trkpt lat="43.293370" lon="-2.016910"/>
      <trkpt lat="43.293250" lon="-2.016970"/>
      <trkpt lat="43.293120" lon="-2.017020"/>
      <trkpt lat="43.292890" lon="-2.017060"/>
      <trkpt lat="43.292640" lon="-2.017080"/>
      <trkpt lat="43.292350" lon="-2.017070"/>
      <trkpt lat="43.291780" lon="-2.017040"/>
      <trkpt lat="43.291640" lon="-2.017030"/>
      <trkpt lat="43.291500" lon="-2.017030"/>
      <trkpt lat="43.291360" lon="-2.017040"/>
      <trkpt lat="43.291220" lon="-2.017060"/>
      <trkpt lat="43.291080" lon="-2.017090"/>
      <trkpt lat="43.290940" lon="-2.017130"/>
      <trkpt lat="43.290810" lon="-2.017180"/>
      <trkpt lat="43.290670" lon="-2.017240"/>
      <trkpt lat="43.290550" lon="-2.017320"/>
      <trkpt lat="43.290420" lon="-2.017410"/>
      <trkpt lat="43.290300" lon="-2.017510"/>
      <trkpt lat="43.290180" lon="-2.017610"/>
      <trkpt lat="43.290060" lon="-2.017740"/>
      <trkpt lat="43.289950" lon="-2.017870"/>
      <trkpt lat="43.289850" lon="-2.018020"/>
      <trkpt lat="43.289760" lon="-2.018170"/>
      <trkpt lat="43.289670" lon="-2.018330"/>
      <trkpt lat="43.289590" lon="-2.018500"/>
      <trkpt lat="43.289510" lon="-2.018670"/>
      <trkpt lat="43.289450" lon="-2.018850"/>
      <trkpt lat="43.289390" lon="-2.019040"/>
      <trkpt lat="43.289350" lon="-2.019230"/>
      <trkpt lat="43.289180" lon="-2.020100"/>
      <trkpt lat="43.289090" lon="-2.020560"/>
      <trkpt lat="43.288970" lon="-2.021010"/>
      <trkpt lat="43.288840" lon="-2.021420"/>
      <trkpt lat="43.288750" lon="-2.021680"/>
      <trkpt lat="43.288590" lon="-2.022030"/>
      <trkpt lat="43.288430" lon="-2.022360"/>
      <trkpt lat="43.288280" lon="-2.022620"/>
      <trkpt lat="43.288180" lon="-2.022790"/>
      <trkpt lat="43.288110" lon="-2.022900"/>
      <trkpt lat="43.287900" lon="-2.023150"/>
      <trkpt lat="43.287600" lon="-2.023510"/>
      <trkpt lat="43.287300" lon="-2.023860"/>
      <trkpt lat="43.287050" lon="-2.024170"/>
      <trkpt lat="43.286680" lon="-2.024670"/>
      <trkpt lat="43.286520" lon="-2.024940"/>
      <trkpt lat="43.286380" lon="-2.025220"/>
      <trkpt lat="43.286250" lon="-2.025500"/>
      <trkpt lat="43.286120" lon="-2.025820"/>
      <trkpt lat="43.286040" lon="-2.026050"/>
      <trkpt lat="43.285960" lon="-2.026340"/>
      <trkpt lat="43.285880" lon="-2.026670"/>
      <trkpt lat="43.285810" lon="-2.027000"/>
      <trkpt lat="43.285750" lon="-2.027420"/>
      <trkpt lat="43.285720" lon="-2.027890"/>
      <trkpt lat="43.285710" lon="-2.028330"/>
      <trkpt lat="43.285720" lon="-2.028560"/>
      <trkpt lat="43.285730" lon="-2.028800"/>
      <trkpt lat="43.285770" lon="-2.029190"/>
      <trkpt lat="43.285840" lon="-2.029740"/>
      <trkpt lat="43.285950" lon="-2.030340"/>
      <trkpt lat="43.286080" lon="-2.030930"/>
      <trkpt lat="43.286170" lon="-2.031380"/>
      <trkpt lat="43.286370" lon="-2.032030"/>
      <trkpt lat="43.286490" lon="-2.032420"/>
      <trkpt lat="43.286650" lon="-2.032850"/>
      <trkpt lat="43.286770" lon="-2.033150"/>
      <trkpt lat="43.286860" lon="-2.033390"/>
      <trkpt lat="43.287070" lon="-2.033840"/>
      <trkpt lat="43.287180" lon="-2.034070"/>
      <trkpt lat="43.287310" lon="-2.034320"/>
      <trkpt lat="43.287480" lon="-2.034640"/>
      <trkpt lat="43.287660" lon="-2.034950"/>
      <trkpt lat="43.287810" lon="-2.035200"/>
      <trkpt lat="43.288070" lon="-2.035580"/>
      <trkpt lat="43.288260" lon="-2.035820"/>
      <trkpt lat="43.288450" lon="-2.036050"/>
      <trkpt lat="43.288600" lon="-2.036190"/>
      <trkpt lat="43.288820" lon="-2.036390"/>
      <trkpt lat="43.288980" lon="-2.036510"/>
      <trkpt lat="43.289150" lon="-2.036630"/>
      <trkpt lat="43.289420" lon="-2.036780"/>
      <trkpt lat="43.289800" lon="-2.036960"/>
      <trkpt lat="43.290350" lon="-2.037170"/>
      <trkpt lat="43.290640" lon="-2.037310"/>
      <trkpt lat="43.290840" lon="-2.037400"/>
      <trkpt lat="43.291030" lon="-2.037520"/>
      <trkpt lat="43.291220" lon="-2.037660"/>
      <trkpt lat="43.291350" lon="-2.037770"/>
      <trkpt lat="43.291470" lon="-2.037880"/>
      <trkpt lat="43.291590" lon="-2.038010"/>
      <trkpt lat="43.291710" lon="-2.038150"/>
      <trkpt lat="43.291930" lon="-2.038440"/>
      <trkpt lat="43.292130" lon="-2.038740"/>
      <trkpt lat="43.292320" lon="-2.039040"/>
      <trkpt lat="43.292370" lon="-2.039150"/>
      <trkpt lat="43.292470" lon="-2.039410"/>
      <trkpt lat="43.292550" lon="-2.039630"/>
      <trkpt lat="43.292630" lon="-2.039880"/>
      <trkpt lat="43.292710" lon="-2.040250"/>
      <trkpt lat="43.292780" lon="-2.040580"/>
      <trkpt lat="43.292840" lon="-2.040940"/>
      <trkpt lat="43.292910" lon="-2.041590"/>
      <trkpt lat="43.292990" lon="-2.042410"/>
      <trkpt lat="43.293040" lon="-2.042920"/>
      <trkpt lat="43.293120" lon="-2.043410"/>
      <trkpt lat="43.293230" lon="-2.043950"/>
      <trkpt lat="43.293370" lon="-2.044390"/>
      <trkpt lat="43.293500" lon="-2.044830"/>
      <trkpt lat="43.293610" lon="-2.045180"/>
      <trkpt lat="43.293700" lon="-2.045480"/>
      <trkpt lat="43.293800" lon="-2.045990"/>
      <trkpt lat="43.293860" lon="-2.046340"/>
      <trkpt lat="43.293880" lon="-2.046630"/>
      <trkpt lat="43.293910" lon="-2.047010"/>
      <trkpt lat="43.293910" lon="-2.047290"/>
      <trkpt lat="43.293890" lon="-2.047680"/>
      <trkpt lat="43.293870" lon="-2.048090"/>
      <trkpt lat="43.293830" lon="-2.048550"/>
      <trkpt lat="43.293820" lon="-2.048820"/>
      <trkpt lat="43.293810" lon="-2.049300"/>
      <trkpt lat="43.293840" lon="-2.049710"/>
      <trkpt lat="43.293900" lon="-2.050140"/>
      <trkpt lat="43.294000" lon="-2.050590"/>
      <trkpt lat="43.294140" lon="-2.051020"/>
      <trkpt lat="43.294280" lon="-2.051350"/>
      <trkpt lat="43.294610" lon="-2.052140"/>
      <trkpt lat="43.294790" lon="-2.052600"/>
      <trkpt lat="43.294910" lon="-2.053050"/>
      <trkpt lat="43.295000" lon="-2.053520"/>
      <trkpt lat="43.295050" lon="-2.053980"/>
      <trkpt lat="43.295070" lon="-2.054600"/>
      <trkpt lat="43.295010" lon="-2.055560"/>
      <trkpt lat="43.294990" lon="-2.056060"/>
      <trkpt lat="43.294990" lon="-2.056550"/>
      <trkpt lat="43.295020" lon="-2.057170"/>
      <trkpt lat="43.295100" lon="-2.058160"/>
      <trkpt lat="43.295140" lon="-2.058880"/>
      <trkpt lat="43.295140" lon="-2.059470"/>
      <trkpt lat="43.295140" lon="-2.059980"/>
      <trkpt lat="43.295100" lon="-2.060570"/>
      <trkpt lat="43.295090" lon="-2.060650"/>
      <trkpt lat="43.294980" lon="-2.061310"/>
      <trkpt lat="43.294970" lon="-2.061420"/>
      <trkpt lat="43.294840" lon="-2.061970"/>
      <trkpt lat="43.294660" lon="-2.062540"/>
      <trkpt lat="43.294470" lon="-2.063080"/>
      <trkpt lat="43.294260" lon="-2.063530"/>
      <trkpt lat="43.293840" lon="-2.064290"/>
      <trkpt lat="43.293370" lon="-2.065110"/>
      <trkpt lat="43.292910" lon="-2.066010"/>
      <trkpt lat="43.292580" lon="-2.066760"/>
      <trkpt lat="43.292340" lon="-2.067380"/>
      <trkpt lat="43.292130" lon="-2.068000"/>
      <trkpt lat="43.291970" lon="-2.068550"/>
      <trkpt lat="43.291820" lon="-2.069090"/>
      <trkpt lat="43.291650" lon="-2.069890"/>
      <trkpt lat="43.291500" lon="-2.070710"/>
      <trkpt lat="43.291360" lon="-2.071470"/>
      <trkpt lat="43.291210" lon="-2.072230"/>
      <trkpt lat="43.291030" lon="-2.073020"/>
      <trkpt lat="43.290810" lon="-2.073820"/>
      <trkpt lat="43.290660" lon="-2.074300"/>
      <trkpt lat="43.290420" lon="-2.074970"/>
      <trkpt lat="43.290100" lon="-2.075790"/>
      <trkpt lat="43.289640" lon="-2.076830"/>
      <trkpt lat="43.289280" lon="-2.077660"/>
      <trkpt lat="43.288970" lon="-2.078490"/>
      <trkpt lat="43.288670" lon="-2.079360"/>
      <trkpt lat="43.288470" lon="-2.080060"/>
      <trkpt lat="43.288200" lon="-2.081150"/>
      <trkpt lat="43.287990" lon="-2.082320"/>
      <trkpt lat="43.287860" lon="-2.083130"/>
      <trkpt lat="43.287700" lon="-2.084030"/>
      <trkpt lat="43.287540" lon="-2.084810"/>
      <trkpt lat="43.287380" lon="-2.085490"/>
      <trkpt lat="43.287210" lon="-2.086040"/>
      <trkpt lat="43.286970" lon="-2.086910"/>
      <trkpt lat="43.286860" lon="-2.087310"/>
      <trkpt lat="43.286770" lon="-2.087690"/>
      <trkpt lat="43.286700" lon="-2.088100"/>
      <trkpt lat="43.286660" lon="-2.088610"/>
      <trkpt lat="43.286630" lon="-2.088990"/>
      <trkpt lat="43.286650" lon="-2.089580"/>
      <trkpt lat="43.286700" lon="-2.090160"/>
      <trkpt lat="43.286780" lon="-2.090760"/>
      <trkpt lat="43.286850" lon="-2.091280"/>
      <trkpt lat="43.286890" lon="-2.091790"/>
      <trkpt lat="43.286910" lon="-2.092260"/>
      <trkpt lat="43.286890" lon="-2.092690"/>
      <trkpt lat="43.286860" lon="-2.093110"/>
      <trkpt lat="43.286810" lon="-2.093470"/>
      <trkpt lat="43.286740" lon="-2.093850"/>
      <trkpt lat="43.286610" lon="-2.094340"/>
      <trkpt lat="43.286470" lon="-2.094790"/>
      <trkpt lat="43.286160" lon="-2.095460"/>
      <trkpt lat="43.285580" lon="-2.096670"/>
      <trkpt lat="43.285360" lon="-2.097240"/>
      <trkpt lat="43.285160" lon="-2.097940"/>
      <trkpt lat="43.284660" lon="-2.099900"/>
      <trkpt lat="43.284230" lon="-2.101070"/>
      <trkpt lat="43.283670" lon="-2.102520"/>
      <trkpt lat="43.283060" lon="-2.105120"/>
      <trkpt lat="43.282930" lon="-2.105660"/>
      <trkpt lat="43.282660" lon="-2.106590"/>
      <trkpt lat="43.282400" lon="-2.107440"/>
      <trkpt lat="43.282010" lon="-2.108740"/>
      <trkpt lat="43.281810" lon="-2.109540"/>
      <trkpt lat="43.281620" lon="-2.110400"/>
      <trkpt lat="43.281510" lon="-2.111030"/>
      <trkpt lat="43.281460" lon="-2.111330"/>
      <trkpt lat="43.281420" lon="-2.111600"/>
      <trkpt lat="43.281360" lon="-2.112100"/>
      <trkpt lat="43.281330" lon="-2.112410"/>
      <trkpt lat="43.281300" lon="-2.112710"/>
      <trkpt lat="43.281260" lon="-2.113120"/>
      <trkpt lat="43.281230" lon="-2.113780"/>
      <trkpt lat="43.281240" lon="-2.114360"/>
      <trkpt lat="43.281250" lon="-2.114660"/>
      <trkpt lat="43.281290" lon="-2.115030"/>
      <trkpt lat="43.281350" lon="-2.115460"/>
      <trkpt lat="43.281450" lon="-2.115940"/>
      <trkpt lat="43.281580" lon="-2.116420"/>
      <trkpt lat="43.281710" lon="-2.116820"/>
      <trkpt lat="43.281830" lon="-2.117170"/>
      <trkpt lat="43.281980" lon="-2.117600"/>
      <trkpt lat="43.282150" lon="-2.118120"/>
      <trkpt lat="43.282280" lon="-2.118730"/>
      <trkpt lat="43.282360" lon="-2.119250"/>
      <trkpt lat="43.282390" lon="-2.119670"/>
      <trkpt lat="43.282420" lon="-2.120090"/>
      <trkpt lat="43.282410" lon="-2.120480"/>
      <trkpt lat="43.282380" lon="-2.120980"/>
      <trkpt lat="43.282320" lon="-2.121470"/>
      <trkpt lat="43.282280" lon="-2.121960"/>
      <trkpt lat="43.282240" lon="-2.122390"/>
      <trkpt lat="43.282210" lon="-2.123010"/>
      <trkpt lat="43.282200" lon="-2.123480"/>
      <trkpt lat="43.282220" lon="-2.124080"/>
      <trkpt lat="43.282250" lon="-2.124620"/>
      <trkpt lat="43.282300" lon="-2.125230"/>
      <trkpt lat="43.282430" lon="-2.126450"/>
      <trkpt lat="43.282610" lon="-2.128280"/>
      <trkpt lat="43.282730" lon="-2.129370"/>
      <trkpt lat="43.282840" lon="-2.130450"/>
      <trkpt lat="43.282990" lon="-2.131890"/>
      <trkpt lat="43.283150" lon="-2.133300"/>
      <trkpt lat="43.283200" lon="-2.133910"/>
      <trkpt lat="43.283240" lon="-2.134370"/>
      <trkpt lat="43.283250" lon="-2.134850"/>
      <trkpt lat="43.283260" lon="-2.135320"/>
      <trkpt lat="43.283250" lon="-2.135910"/>
      <trkpt lat="43.283220" lon="-2.136910"/>
      <trkpt lat="43.283210" lon="-2.137350"/>
      <trkpt lat="43.283220" lon="-2.137840"/>
      <trkpt lat="43.283270" lon="-2.138400"/>
      <trkpt lat="43.283450" lon="-2.139720"/>
      <trkpt lat="43.283510" lon="-2.140260"/>
      <trkpt lat="43.283520" lon="-2.140720"/>
      <trkpt lat="43.283520" lon="-2.141160"/>
      <trkpt lat="43.283490" lon="-2.141520"/>
      <trkpt lat="43.283440" lon="-2.142000"/>
      <trkpt lat="43.283330" lon="-2.142510"/>
      <trkpt lat="43.283200" lon="-2.142990"/>
      <trkpt lat="43.283100" lon="-2.143280"/>
      <trkpt lat="43.282970" lon="-2.143640"/>
      <trkpt lat="43.282760" lon="-2.144080"/>
      <trkpt lat="43.282610" lon="-2.144350"/>
      <trkpt lat="43.282380" lon="-2.144700"/>
      <trkpt lat="43.282140" lon="-2.145030"/>
      <trkpt lat="43.281670" lon="-2.145530"/>
      <trkpt lat="43.281360" lon="-2.145850"/>
      <trkpt lat="43.281300" lon="-2.145910"/>
      <trkpt lat="43.280970" lon="-2.146240"/>
      <trkpt lat="43.280730" lon="-2.146510"/>
      <trkpt lat="43.280670" lon="-2.146580"/>
      <trkpt lat="43.280410" lon="-2.146930"/>
      <trkpt lat="43.280110" lon="-2.147400"/>
      <trkpt lat="43.279950" lon="-2.147690"/>
      <trkpt lat="43.279890" lon="-2.147800"/>
      <trkpt lat="43.279490" lon="-2.148770"/>
      <trkpt lat="43.279380" lon="-2.149140"/>
      <trkpt lat="43.279280" lon="-2.149510"/>
      <trkpt lat="43.279200" lon="-2.149880"/>
      <trkpt lat="43.279130" lon="-2.150350"/>
      <trkpt lat="43.279090" lon="-2.150760"/>
      <trkpt lat="43.279060" lon="-2.151170"/>
      <trkpt lat="43.279040" lon="-2.151430"/>
      <trkpt lat="43.279020" lon="-2.151910"/>
      <trkpt lat="43.279010" lon="-2.152340"/>
      <trkpt lat="43.279030" lon="-2.153350"/>
      <trkpt lat="43.279050" lon="-2.153830"/>
      <trkpt lat="43.279070" lon="-2.154250"/>
      <trkpt lat="43.279100" lon="-2.154660"/>
      <trkpt lat="43.279160" lon="-2.155280"/>
      <trkpt lat="43.279300" lon="-2.156420"/>
      <trkpt lat="43.279390" lon="-2.157110"/>
      <trkpt lat="43.279530" lon="-2.157960"/>
      <trkpt lat="43.279640" lon="-2.158620"/>
      <trkpt lat="43.279700" lon="-2.159050"/>
      <trkpt lat="43.279850" lon="-2.160360"/>
      <trkpt lat="43.279870" lon="-2.161150"/>
      <trkpt lat="43.279880" lon="-2.161300"/>
      <trkpt lat="43.279890" lon="-2.161710"/>
      <trkpt lat="43.279870" lon="-2.162250"/>
      <trkpt lat="43.279840" lon="-2.162650"/>
      <trkpt lat="43.279790" lon="-2.163000"/>
      <trkpt lat="43.279660" lon="-2.163840"/>
      <trkpt lat="43.279620" lon="-2.164060"/>
      <trkpt lat="43.279490" lon="-2.164600"/>
      <trkpt lat="43.279310" lon="-2.165190"/>
      <trkpt lat="43.279040" lon="-2.166040"/>
      <trkpt lat="43.278870" lon="-2.166620"/>
      <trkpt lat="43.278840" lon="-2.166720"/>
      <trkpt lat="43.278760" lon="-2.167010"/>
      <trkpt lat="43.278680" lon="-2.167320"/>
      <trkpt lat="43.278650" lon="-2.167500"/>
      <trkpt lat="43.278610" lon="-2.167680"/>
      <trkpt lat="43.278550" lon="-2.168010"/>
      <trkpt lat="43.278490" lon="-2.168410"/>
      <trkpt lat="43.278460" lon="-2.168740"/>
      <trkpt lat="43.278420" lon="-2.169110"/>
      <trkpt lat="43.278400" lon="-2.169450"/>
      <trkpt lat="43.278380" lon="-2.169850"/>
      <trkpt lat="43.278380" lon="-2.170170"/>
      <trkpt lat="43.278390" lon="-2.170690"/>
      <trkpt lat="43.278410" lon="-2.171150"/>
      <trkpt lat="43.278440" lon="-2.171490"/>
      <trkpt lat="43.278480" lon="-2.171840"/>
      <trkpt lat="43.278530" lon="-2.172170"/>
      <trkpt lat="43.278600" lon="-2.172620"/>
      <trkpt lat="43.278670" lon="-2.172950"/>
      <trkpt lat="43.278750" lon="-2.173310"/>
      <trkpt lat="43.278860" lon="-2.173730"/>
      <trkpt lat="43.278970" lon="-2.174090"/>
      <trkpt lat="43.279150" lon="-2.174610"/>
      <trkpt lat="43.279340" lon="-2.175040"/>
      <trkpt lat="43.279580" lon="-2.175580"/>
      <trkpt lat="43.279760" lon="-2.175950"/>
      <trkpt lat="43.280040" lon="-2.176420"/>
      <trkpt lat="43.280290" lon="-2.176830"/>
      <trkpt lat="43.280610" lon="-2.177270"/>
      <trkpt lat="43.281040" lon="-2.177870"/>
      <trkpt lat="43.281240" lon="-2.178160"/>
      <trkpt lat="43.281470" lon="-2.178580"/>
      <trkpt lat="43.281680" lon="-2.178970"/>
      <trkpt lat="43.281870" lon="-2.179450"/>
      <trkpt lat="43.281980" lon="-2.179820"/>
      <trkpt lat="43.282090" lon="-2.180260"/>
      <trkpt lat="43.282180" lon="-2.180680"/>
      <trkpt lat="43.282240" lon="-2.181190"/>
      <trkpt lat="43.282260" lon="-2.181550"/>
      <trkpt lat="43.282270" lon="-2.181830"/>
      <trkpt lat="43.282260" lon="-2.182280"/>
      <trkpt lat="43.282230" lon="-2.182620"/>
      <trkpt lat="43.282200" lon="-2.182910"/>
      <trkpt lat="43.282160" lon="-2.183140"/>
      <trkpt lat="43.282120" lon="-2.183410"/>
      <trkpt lat="43.282000" lon="-2.183900"/>
      <trkpt lat="43.281890" lon="-2.184260"/>
      <trkpt lat="43.281730" lon="-2.184750"/>
      <trkpt lat="43.281500" lon="-2.185440"/>
      <trkpt lat="43.281420" lon="-2.185780"/>
      <trkpt lat="43.281340" lon="-2.186140"/>
      <trkpt lat="43.281280" lon="-2.186520"/>
      <trkpt lat="43.281240" lon="-2.186890"/>
      <trkpt lat="43.281220" lon="-2.187250"/>
      <trkpt lat="43.281220" lon="-2.187650"/>
      <trkpt lat="43.281220" lon="-2.187970"/>
      <trkpt lat="43.281300" lon="-2.189050"/>
      <trkpt lat="43.281320" lon="-2.189380"/>
      <trkpt lat="43.281340" lon="-2.189630"/>
      <trkpt lat="43.281350" lon="-2.190180"/>
      <trkpt lat="43.281340" lon="-2.190680"/>
      <trkpt lat="43.281320" lon="-2.191190"/>
      <trkpt lat="43.281280" lon="-2.191670"/>
      <trkpt lat="43.281210" lon="-2.192340"/>
      <trkpt lat="43.281140" lon="-2.193070"/>
      <trkpt lat="43.281110" lon="-2.193570"/>
      <trkpt lat="43.281110" lon="-2.193760"/>
      <trkpt lat="43.281100" lon="-2.193850"/>
      <trkpt lat="43.281100" lon="-2.193960"/>
      <trkpt lat="43.281090" lon="-2.194170"/>
      <trkpt lat="43.281090" lon="-2.194280"/>
      <trkpt lat="43.281100" lon="-2.194380"/>
      <trkpt lat="43.281100" lon="-2.194590"/>
      <trkpt lat="43.281100" lon="-2.194690"/>
      <trkpt lat="43.281110" lon="-2.194800"/>
      <trkpt lat="43.281110" lon="-2.194890"/>
      <trkpt lat="43.281120" lon="-2.194990"/>
      <trkpt lat="43.281130" lon="-2.195200"/>
      <trkpt lat="43.281150" lon="-2.195410"/>
      <trkpt lat="43.281160" lon="-2.195600"/>
      <trkpt lat="43.281180" lon="-2.195810"/>
      <trkpt lat="43.281200" lon="-2.196020"/>
      <trkpt lat="43.281220" lon="-2.196220"/>
      <trkpt lat="43.281250" lon="-2.196420"/>
      <trkpt lat="43.281270" lon="-2.196630"/>
      <trkpt lat="43.281280" lon="-2.196840"/>
      <trkpt lat="43.281300" lon="-2.197040"/>
      <trkpt lat="43.281320" lon="-2.197240"/>
      <trkpt lat="43.281340" lon="-2.197440"/>
      <trkpt lat="43.281350" lon="-2.197650"/>
      <trkpt lat="43.281370" lon="-2.197860"/>
      <trkpt lat="43.281380" lon="-2.198060"/>
      <trkpt lat="43.281390" lon="-2.198270"/>
      <trkpt lat="43.281400" lon="-2.198470"/>
      <trkpt lat="43.281410" lon="-2.198680"/>
      <trkpt lat="43.281420" lon="-2.198910"/>
      <trkpt lat="43.281440" lon="-2.199590"/>
      <trkpt lat="43.281460" lon="-2.200290"/>
      <trkpt lat="43.281460" lon="-2.200940"/>
      <trkpt lat="43.281450" lon="-2.201140"/>
      <trkpt lat="43.281450" lon="-2.201360"/>
      <trkpt lat="43.281440" lon="-2.201560"/>
      <trkpt lat="43.281440" lon="-2.201660"/>
      <trkpt lat="43.281440" lon="-2.201760"/>
      <trkpt lat="43.281430" lon="-2.201970"/>
      <trkpt lat="43.281430" lon="-2.202180"/>
      <trkpt lat="43.281420" lon="-2.202380"/>
      <trkpt lat="43.281410" lon="-2.202590"/>
      <trkpt lat="43.281400" lon="-2.202790"/>
      <trkpt lat="43.281390" lon="-2.202990"/>
      <trkpt lat="43.281380" lon="-2.203200"/>
      <trkpt lat="43.281360" lon="-2.203410"/>
      <trkpt lat="43.281350" lon="-2.203610"/>
      <trkpt lat="43.281340" lon="-2.203820"/>
      <trkpt lat="43.281310" lon="-2.204220"/>
      <trkpt lat="43.281300" lon="-2.204430"/>
      <trkpt lat="43.281270" lon="-2.204850"/>
      <trkpt lat="43.281260" lon="-2.205050"/>
      <trkpt lat="43.281250" lon="-2.205140"/>
      <trkpt lat="43.281240" lon="-2.205250"/>
      <trkpt lat="43.281230" lon="-2.205450"/>
      <trkpt lat="43.281230" lon="-2.205670"/>
      <trkpt lat="43.281220" lon="-2.205830"/>
      <trkpt lat="43.281220" lon="-2.206080"/>
      <trkpt lat="43.281210" lon="-2.206360"/>
      <trkpt lat="43.281210" lon="-2.206770"/>
      <trkpt lat="43.281210" lon="-2.207150"/>
      <trkpt lat="43.281210" lon="-2.207490"/>
      <trkpt lat="43.281220" lon="-2.207840"/>
      <trkpt lat="43.281240" lon="-2.208430"/>
      <trkpt lat="43.281270" lon="-2.208800"/>
      <trkpt lat="43.281290" lon="-2.209080"/>
      <trkpt lat="43.281320" lon="-2.209260"/>
      <trkpt lat="43.281350" lon="-2.209430"/>
      <trkpt lat="43.281400" lon="-2.209680"/>
      <trkpt lat="43.281480" lon="-2.210050"/>
      <trkpt lat="43.281610" lon="-2.210600"/>
      <trkpt lat="43.281790" lon="-2.211230"/>
      <trkpt lat="43.282090" lon="-2.212220"/>
      <trkpt lat="43.282300" lon="-2.212880"/>
      <trkpt lat="43.282440" lon="-2.213280"/>
      <trkpt lat="43.282550" lon="-2.213620"/>
      <trkpt lat="43.282620" lon="-2.213800"/>
      <trkpt lat="43.282740" lon="-2.214180"/>
      <trkpt lat="43.282860" lon="-2.214560"/>
      <trkpt lat="43.282970" lon="-2.214930"/>
      <trkpt lat="43.283030" lon="-2.215120"/>
      <trkpt lat="43.283090" lon="-2.215330"/>
      <trkpt lat="43.283130" lon="-2.215440"/>
      <trkpt lat="43.283170" lon="-2.215550"/>
      <trkpt lat="43.283240" lon="-2.215750"/>
      <trkpt lat="43.283270" lon="-2.215840"/>
      <trkpt lat="43.283310" lon="-2.215930"/>
      <trkpt lat="43.283350" lon="-2.216030"/>
      <trkpt lat="43.283390" lon="-2.216120"/>
      <trkpt lat="43.283430" lon="-2.216210"/>
      <trkpt lat="43.283480" lon="-2.216290"/>
      <trkpt lat="43.283520" lon="-2.216380"/>
      <trkpt lat="43.283570" lon="-2.216470"/>
      <trkpt lat="43.283610" lon="-2.216560"/>
      <trkpt lat="43.283660" lon="-2.216640"/>
      <trkpt lat="43.283710" lon="-2.216720"/>
      <trkpt lat="43.283760" lon="-2.216810"/>
      <trkpt lat="43.283820" lon="-2.216890"/>
      <trkpt lat="43.283870" lon="-2.216970"/>
      <trkpt lat="43.283920" lon="-2.217040"/>
      <trkpt lat="43.283980" lon="-2.217120"/>
      <trkpt lat="43.284080" lon="-2.217270"/>
      <trkpt lat="43.284170" lon="-2.217390"/>
      <trkpt lat="43.284260" lon="-2.217510"/>
      <trkpt lat="43.284360" lon="-2.217650"/>
      <trkpt lat="43.284470" lon="-2.217800"/>
      <trkpt lat="43.284570" lon="-2.217950"/>
      <trkpt lat="43.284670" lon="-2.218110"/>
      <trkpt lat="43.284770" lon="-2.218260"/>
      <trkpt lat="43.284820" lon="-2.218340"/>
      <trkpt lat="43.284870" lon="-2.218430"/>
      <trkpt lat="43.284910" lon="-2.218500"/>
      <trkpt lat="43.284960" lon="-2.218590"/>
      <trkpt lat="43.285000" lon="-2.218670"/>
      <trkpt lat="43.285050" lon="-2.218760"/>
      <trkpt lat="43.285090" lon="-2.218850"/>
      <trkpt lat="43.285130" lon="-2.218940"/>
      <trkpt lat="43.285170" lon="-2.219030"/>
      <trkpt lat="43.285200" lon="-2.219120"/>
      <trkpt lat="43.285240" lon="-2.219200"/>
      <trkpt lat="43.285280" lon="-2.219300"/>
      <trkpt lat="43.285310" lon="-2.219390"/>
      <trkpt lat="43.285340" lon="-2.219490"/>
      <trkpt lat="43.285370" lon="-2.219580"/>
      <trkpt lat="43.285400" lon="-2.219680"/>
      <trkpt lat="43.285430" lon="-2.219770"/>
      <trkpt lat="43.285460" lon="-2.219880"/>
      <trkpt lat="43.285490" lon="-2.219970"/>
      <trkpt lat="43.285510" lon="-2.220080"/>
      <trkpt lat="43.285530" lon="-2.220170"/>
      <trkpt lat="43.285560" lon="-2.220280"/>
      <trkpt lat="43.285580" lon="-2.220370"/>
      <trkpt lat="43.285600" lon="-2.220470"/>
      <trkpt lat="43.285610" lon="-2.220570"/>
      <trkpt lat="43.285630" lon="-2.220680"/>
      <trkpt lat="43.285650" lon="-2.220780"/>
      <trkpt lat="43.285660" lon="-2.220890"/>
      <trkpt lat="43.285680" lon="-2.220980"/>
      <trkpt lat="43.285690" lon="-2.221090"/>
      <trkpt lat="43.285700" lon="-2.221190"/>
      <trkpt lat="43.285710" lon="-2.221300"/>
      <trkpt lat="43.285720" lon="-2.221500"/>
      <trkpt lat="43.285720" lon="-2.221600"/>
      <trkpt lat="43.285730" lon="-2.221710"/>
      <trkpt lat="43.285730" lon="-2.221820"/>
      <trkpt lat="43.285730" lon="-2.221930"/>
      <trkpt lat="43.285730" lon="-2.222030"/>
      <trkpt lat="43.285720" lon="-2.222130"/>
      <trkpt lat="43.285720" lon="-2.222240"/>
      <trkpt lat="43.285710" lon="-2.222340"/>
      <trkpt lat="43.285710" lon="-2.222440"/>
      <trkpt lat="43.285700" lon="-2.222550"/>
      <trkpt lat="43.285690" lon="-2.222650"/>
      <trkpt lat="43.285680" lon="-2.222760"/>
      <trkpt lat="43.285670" lon="-2.222850"/>
      <trkpt lat="43.285650" lon="-2.222960"/>
      <trkpt lat="43.285620" lon="-2.223170"/>
      <trkpt lat="43.285590" lon="-2.223370"/>
      <trkpt lat="43.285560" lon="-2.223580"/>
      <trkpt lat="43.285470" lon="-2.224090"/>
      <trkpt lat="43.285450" lon="-2.224190"/>
      <trkpt lat="43.285420" lon="-2.224400"/>
      <trkpt lat="43.285390" lon="-2.224610"/>
      <trkpt lat="43.285360" lon="-2.224810"/>
      <trkpt lat="43.285330" lon="-2.225030"/>
      <trkpt lat="43.285300" lon="-2.225240"/>
      <trkpt lat="43.285280" lon="-2.225450"/>
      <trkpt lat="43.285260" lon="-2.225660"/>
      <trkpt lat="43.285240" lon="-2.225760"/>
      <trkpt lat="43.285230" lon="-2.225870"/>
      <trkpt lat="43.285220" lon="-2.226080"/>
      <trkpt lat="43.285200" lon="-2.226290"/>
      <trkpt lat="43.285200" lon="-2.226350"/>
      <trkpt lat="43.285190" lon="-2.226510"/>
      <trkpt lat="43.285170" lon="-2.226720"/>
      <trkpt lat="43.285160" lon="-2.226940"/>
      <trkpt lat="43.285150" lon="-2.227150"/>
      <trkpt lat="43.285140" lon="-2.227370"/>
      <trkpt lat="43.285140" lon="-2.227590"/>
      <trkpt lat="43.285130" lon="-2.227810"/>
      <trkpt lat="43.285130" lon="-2.228020"/>
      <trkpt lat="43.285130" lon="-2.228240"/>
      <trkpt lat="43.285120" lon="-2.228460"/>
      <trkpt lat="43.285120" lon="-2.228670"/>
      <trkpt lat="43.285120" lon="-2.228780"/>
      <trkpt lat="43.285110" lon="-2.228890"/>
      <trkpt lat="43.285110" lon="-2.229000"/>
      <trkpt lat="43.285100" lon="-2.229110"/>
      <trkpt lat="43.285100" lon="-2.229320"/>
      <trkpt lat="43.285090" lon="-2.229430"/>
      <trkpt lat="43.285080" lon="-2.229540"/>
      <trkpt lat="43.285080" lon="-2.229650"/>
      <trkpt lat="43.285070" lon="-2.229760"/>
      <trkpt lat="43.285060" lon="-2.229870"/>
      <trkpt lat="43.285050" lon="-2.229970"/>
      <trkpt lat="43.285050" lon="-2.230080"/>
      <trkpt lat="43.285040" lon="-2.230190"/>
      <trkpt lat="43.285030" lon="-2.230290"/>
      <trkpt lat="43.285020" lon="-2.230400"/>
      <trkpt lat="43.285010" lon="-2.230500"/>
      <trkpt lat="43.285000" lon="-2.230560"/>
      <trkpt lat="43.284990" lon="-2.230620"/>
      <trkpt lat="43.284980" lon="-2.230720"/>
      <trkpt lat="43.284960" lon="-2.230840"/>
      <trkpt lat="43.284950" lon="-2.230910"/>
      <trkpt lat="43.284930" lon="-2.231050"/>
      <trkpt lat="43.284910" lon="-2.231160"/>
      <trkpt lat="43.284890" lon="-2.231270"/>
      <trkpt lat="43.284880" lon="-2.231370"/>
      <trkpt lat="43.284860" lon="-2.231480"/>
      <trkpt lat="43.284840" lon="-2.231580"/>
      <trkpt lat="43.284820" lon="-2.231690"/>
      <trkpt lat="43.284800" lon="-2.231790"/>
      <trkpt lat="43.284780" lon="-2.231890"/>
      <trkpt lat="43.284760" lon="-2.232000"/>
      <trkpt lat="43.284730" lon="-2.232110"/>
      <trkpt lat="43.284680" lon="-2.232310"/>
      <trkpt lat="43.284630" lon="-2.232510"/>
      <trkpt lat="43.284580" lon="-2.232710"/>
      <trkpt lat="43.284520" lon="-2.232910"/>
      <trkpt lat="43.284460" lon="-2.233110"/>
      <trkpt lat="43.284390" lon="-2.233310"/>
      <trkpt lat="43.284330" lon="-2.233510"/>
      <trkpt lat="43.284260" lon="-2.233710"/>
      <trkpt lat="43.284190" lon="-2.233900"/>
      <trkpt lat="43.284110" lon="-2.234090"/>
      <trkpt lat="43.284040" lon="-2.234280"/>
      <trkpt lat="43.283960" lon="-2.234470"/>
      <trkpt lat="43.283870" lon="-2.234650"/>
      <trkpt lat="43.283790" lon="-2.234840"/>
      <trkpt lat="43.283700" lon="-2.235020"/>
      <trkpt lat="43.283610" lon="-2.235200"/>
      <trkpt lat="43.283520" lon="-2.235370"/>
      <trkpt lat="43.283420" lon="-2.235550"/>
      <trkpt lat="43.283330" lon="-2.235720"/>
      <trkpt lat="43.283230" lon="-2.235890"/>
      <trkpt lat="43.283120" lon="-2.236050"/>
      <trkpt lat="43.283020" lon="-2.236210"/>
      <trkpt lat="43.282910" lon="-2.236380"/>
      <trkpt lat="43.282800" lon="-2.236530"/>
      <trkpt lat="43.282690" lon="-2.236690"/>
      <trkpt lat="43.282570" lon="-2.236840"/>
      <trkpt lat="43.282460" lon="-2.236990"/>
      <trkpt lat="43.282410" lon="-2.237050"/>
      <trkpt lat="43.282340" lon="-2.237140"/>
      <trkpt lat="43.282220" lon="-2.237280"/>
      <trkpt lat="43.282100" lon="-2.237420"/>
      <trkpt lat="43.281980" lon="-2.237560"/>
      <trkpt lat="43.281860" lon="-2.237700"/>
      <trkpt lat="43.281730" lon="-2.237840"/>
      <trkpt lat="43.281610" lon="-2.237980"/>
      <trkpt lat="43.281490" lon="-2.238110"/>
      <trkpt lat="43.281360" lon="-2.238240"/>
      <trkpt lat="43.281300" lon="-2.238310"/>
      <trkpt lat="43.281240" lon="-2.238380"/>
      <trkpt lat="43.281110" lon="-2.238510"/>
      <trkpt lat="43.280990" lon="-2.238650"/>
      <trkpt lat="43.280860" lon="-2.238790"/>
      <trkpt lat="43.280740" lon="-2.238920"/>
      <trkpt lat="43.280610" lon="-2.239050"/>
      <trkpt lat="43.280490" lon="-2.239190"/>
      <trkpt lat="43.280370" lon="-2.239330"/>
      <trkpt lat="43.280250" lon="-2.239470"/>
      <trkpt lat="43.280130" lon="-2.239620"/>
      <trkpt lat="43.280020" lon="-2.239770"/>
      <trkpt lat="43.279900" lon="-2.239920"/>
      <trkpt lat="43.279800" lon="-2.240080"/>
      <trkpt lat="43.279690" lon="-2.240240"/>
      <trkpt lat="43.279590" lon="-2.240400"/>
      <trkpt lat="43.279480" lon="-2.240570"/>
      <trkpt lat="43.279390" lon="-2.240740"/>
      <trkpt lat="43.279340" lon="-2.240840"/>
      <trkpt lat="43.279290" lon="-2.240920"/>
      <trkpt lat="43.279250" lon="-2.241000"/>
      <trkpt lat="43.279210" lon="-2.241100"/>
      <trkpt lat="43.279170" lon="-2.241190"/>
      <trkpt lat="43.279120" lon="-2.241280"/>
      <trkpt lat="43.279080" lon="-2.241370"/>
      <trkpt lat="43.279040" lon="-2.241470"/>
      <trkpt lat="43.279000" lon="-2.241570"/>
      <trkpt lat="43.278960" lon="-2.241660"/>
      <trkpt lat="43.278930" lon="-2.241750"/>
      <trkpt lat="43.278890" lon="-2.241850"/>
      <trkpt lat="43.278860" lon="-2.241940"/>
      <trkpt lat="43.278820" lon="-2.242040"/>
      <trkpt lat="43.278790" lon="-2.242140"/>
      <trkpt lat="43.278750" lon="-2.242240"/>
      <trkpt lat="43.278690" lon="-2.242440"/>
      <trkpt lat="43.278660" lon="-2.242540"/>
      <trkpt lat="43.278620" lon="-2.242640"/>
      <trkpt lat="43.278570" lon="-2.242840"/>
      <trkpt lat="43.278510" lon="-2.243030"/>
      <trkpt lat="43.278450" lon="-2.243240"/>
      <trkpt lat="43.278400" lon="-2.243440"/>
      <trkpt lat="43.278370" lon="-2.243550"/>
      <trkpt lat="43.278340" lon="-2.243650"/>
      <trkpt lat="43.278290" lon="-2.243860"/>
      <trkpt lat="43.278240" lon="-2.244060"/>
      <trkpt lat="43.278200" lon="-2.244270"/>
      <trkpt lat="43.278150" lon="-2.244470"/>
      <trkpt lat="43.278110" lon="-2.244690"/>
      <trkpt lat="43.278070" lon="-2.244900"/>
      <trkpt lat="43.278030" lon="-2.245100"/>
      <trkpt lat="43.277990" lon="-2.245320"/>
      <trkpt lat="43.277960" lon="-2.245530"/>
      <trkpt lat="43.277930" lon="-2.245740"/>
      <trkpt lat="43.277900" lon="-2.245950"/>
      <trkpt lat="43.277880" lon="-2.246060"/>
      <trkpt lat="43.277870" lon="-2.246170"/>
      <trkpt lat="43.277840" lon="-2.246380"/>
      <trkpt lat="43.277820" lon="-2.246590"/>
      <trkpt lat="43.277790" lon="-2.246810"/>
      <trkpt lat="43.277780" lon="-2.246910"/>
      <trkpt lat="43.277770" lon="-2.247020"/>
      <trkpt lat="43.277760" lon="-2.247130"/>
      <trkpt lat="43.277750" lon="-2.247240"/>
      <trkpt lat="43.277750" lon="-2.247280"/>
      <trkpt lat="43.277740" lon="-2.247450"/>
      <trkpt lat="43.277720" lon="-2.247670"/>
      <trkpt lat="43.277710" lon="-2.247890"/>
      <trkpt lat="43.277710" lon="-2.248000"/>
      <trkpt lat="43.277700" lon="-2.248110"/>
      <trkpt lat="43.277700" lon="-2.248210"/>
      <trkpt lat="43.277700" lon="-2.248320"/>
      <trkpt lat="43.277700" lon="-2.248430"/>
      <trkpt lat="43.277700" lon="-2.248540"/>
      <trkpt lat="43.277700" lon="-2.248650"/>
      <trkpt lat="43.277700" lon="-2.248760"/>
      <trkpt lat="43.277710" lon="-2.248970"/>
      <trkpt lat="43.277710" lon="-2.249070"/>
      <trkpt lat="43.277720" lon="-2.249160"/>
      <trkpt lat="43.277720" lon="-2.249260"/>
      <trkpt lat="43.277730" lon="-2.249360"/>
      <trkpt lat="43.277740" lon="-2.249560"/>
      <trkpt lat="43.277760" lon="-2.249790"/>
      <trkpt lat="43.277770" lon="-2.249900"/>
      <trkpt lat="43.277780" lon="-2.250010"/>
      <trkpt lat="43.277800" lon="-2.250210"/>
      <trkpt lat="43.277830" lon="-2.250420"/>
      <trkpt lat="43.277850" lon="-2.250630"/>
      <trkpt lat="43.277870" lon="-2.250830"/>
      <trkpt lat="43.277880" lon="-2.250930"/>
      <trkpt lat="43.277890" lon="-2.251040"/>
      <trkpt lat="43.277900" lon="-2.251140"/>
      <trkpt lat="43.277900" lon="-2.251250"/>
      <trkpt lat="43.277910" lon="-2.251360"/>
      <trkpt lat="43.277910" lon="-2.251470"/>
      <trkpt lat="43.277910" lon="-2.251570"/>
      <trkpt lat="43.277910" lon="-2.251680"/>
      <trkpt lat="43.277900" lon="-2.251790"/>
      <trkpt lat="43.277900" lon="-2.251910"/>
      <trkpt lat="43.277890" lon="-2.252010"/>
      <trkpt lat="43.277880" lon="-2.252110"/>
      <trkpt lat="43.277870" lon="-2.252220"/>
      <trkpt lat="43.277850" lon="-2.252340"/>
      <trkpt lat="43.277830" lon="-2.252440"/>
      <trkpt lat="43.277810" lon="-2.252550"/>
      <trkpt lat="43.277770" lon="-2.252740"/>
      <trkpt lat="43.277750" lon="-2.252840"/>
      <trkpt lat="43.277720" lon="-2.252950"/>
      <trkpt lat="43.277690" lon="-2.253060"/>
      <trkpt lat="43.277660" lon="-2.253160"/>
      <trkpt lat="43.277620" lon="-2.253260"/>
      <trkpt lat="43.277580" lon="-2.253350"/>
      <trkpt lat="43.277540" lon="-2.253450"/>
      <trkpt lat="43.277490" lon="-2.253560"/>
      <trkpt lat="43.277450" lon="-2.253640"/>
      <trkpt lat="43.277400" lon="-2.253730"/>
      <trkpt lat="43.277360" lon="-2.253800"/>
      <trkpt lat="43.277320" lon="-2.253880"/>
      <trkpt lat="43.277270" lon="-2.253970"/>
      <trkpt lat="43.277220" lon="-2.254050"/>
      <trkpt lat="43.277170" lon="-2.254130"/>
      <trkpt lat="43.277110" lon="-2.254210"/>
      <trkpt lat="43.277060" lon="-2.254290"/>
      <trkpt lat="43.276990" lon="-2.254360"/>
      <trkpt lat="43.276890" lon="-2.254480"/>
      <trkpt lat="43.276820" lon="-2.254560"/>
      <trkpt lat="43.276760" lon="-2.254620"/>
      <trkpt lat="43.276680" lon="-2.254690"/>
      <trkpt lat="43.276620" lon="-2.254750"/>
      <trkpt lat="43.276560" lon="-2.254800"/>
      <trkpt lat="43.276490" lon="-2.254860"/>
      <trkpt lat="43.276340" lon="-2.254960"/>
      <trkpt lat="43.276270" lon="-2.255010"/>
      <trkpt lat="43.276200" lon="-2.255050"/>
      <trkpt lat="43.276140" lon="-2.255080"/>
      <trkpt lat="43.276090" lon="-2.255100"/>
      <trkpt lat="43.276050" lon="-2.255120"/>
      <trkpt lat="43.276020" lon="-2.255140"/>
      <trkpt lat="43.275970" lon="-2.255160"/>
      <trkpt lat="43.275910" lon="-2.255180"/>
      <trkpt lat="43.275840" lon="-2.255210"/>
      <trkpt lat="43.275790" lon="-2.255230"/>
      <trkpt lat="43.275740" lon="-2.255240"/>
      <trkpt lat="43.275660" lon="-2.255260"/>
      <trkpt lat="43.275580" lon="-2.255290"/>
      <trkpt lat="43.275420" lon="-2.255330"/>
      <trkpt lat="43.275260" lon="-2.255370"/>
      <trkpt lat="43.275170" lon="-2.255390"/>
      <trkpt lat="43.275100" lon="-2.255410"/>
      <trkpt lat="43.275020" lon="-2.255430"/>
      <trkpt lat="43.274940" lon="-2.255450"/>
      <trkpt lat="43.274780" lon="-2.255490"/>
      <trkpt lat="43.274690" lon="-2.255520"/>
      <trkpt lat="43.274600" lon="-2.255550"/>
      <trkpt lat="43.274520" lon="-2.255580"/>
      <trkpt lat="43.274450" lon="-2.255610"/>
      <trkpt lat="43.274360" lon="-2.255650"/>
      <trkpt lat="43.274280" lon="-2.255690"/>
      <trkpt lat="43.274200" lon="-2.255730"/>
      <trkpt lat="43.274120" lon="-2.255770"/>
      <trkpt lat="43.274050" lon="-2.255810"/>
      <trkpt lat="43.273970" lon="-2.255860"/>
      <trkpt lat="43.273890" lon="-2.255910"/>
      <trkpt lat="43.273810" lon="-2.255970"/>
      <trkpt lat="43.273740" lon="-2.256020"/>
      <trkpt lat="43.273670" lon="-2.256080"/>
      <trkpt lat="43.273610" lon="-2.256120"/>
      <trkpt lat="43.273540" lon="-2.256190"/>
      <trkpt lat="43.273460" lon="-2.256260"/>
      <trkpt lat="43.273310" lon="-2.256410"/>
      <trkpt lat="43.273150" lon="-2.256580"/>
      <trkpt lat="43.273000" lon="-2.256760"/>
      <trkpt lat="43.272880" lon="-2.256930"/>
      <trkpt lat="43.272760" lon="-2.257110"/>
      <trkpt lat="43.272670" lon="-2.257260"/>
      <trkpt lat="43.272560" lon="-2.257450"/>
      <trkpt lat="43.272480" lon="-2.257610"/>
      <trkpt lat="43.272380" lon="-2.257790"/>
      <trkpt lat="43.272270" lon="-2.258030"/>
      <trkpt lat="43.272160" lon="-2.258290"/>
      <trkpt lat="43.272060" lon="-2.258540"/>
      <trkpt lat="43.272000" lon="-2.258710"/>
      <trkpt lat="43.271960" lon="-2.258850"/>
      <trkpt lat="43.271900" lon="-2.259040"/>
      <trkpt lat="43.271840" lon="-2.259280"/>
      <trkpt lat="43.271790" lon="-2.259460"/>
      <trkpt lat="43.271750" lon="-2.259670"/>
      <trkpt lat="43.271710" lon="-2.259880"/>
      <trkpt lat="43.271670" lon="-2.260110"/>
      <trkpt lat="43.271640" lon="-2.260300"/>
      <trkpt lat="43.271610" lon="-2.260510"/>
      <trkpt lat="43.271590" lon="-2.260730"/>
      <trkpt lat="43.271570" lon="-2.261020"/>
      <trkpt lat="43.271550" lon="-2.261300"/>
      <trkpt lat="43.271530" lon="-2.261630"/>
      <trkpt lat="43.271520" lon="-2.262010"/>
      <trkpt lat="43.271510" lon="-2.262320"/>
      <trkpt lat="43.271500" lon="-2.262620"/>
      <trkpt lat="43.271500" lon="-2.262790"/>
      <trkpt lat="43.271480" lon="-2.263170"/>
      <trkpt lat="43.271470" lon="-2.263360"/>
      <trkpt lat="43.271460" lon="-2.263630"/>
      <trkpt lat="43.271430" lon="-2.263930"/>
      <trkpt lat="43.271400" lon="-2.264190"/>
      <trkpt lat="43.271370" lon="-2.264420"/>
      <trkpt lat="43.271320" lon="-2.264690"/>
      <trkpt lat="43.271260" lon="-2.265020"/>
      <trkpt lat="43.271180" lon="-2.265360"/>
      <trkpt lat="43.271100" lon="-2.265650"/>
      <trkpt lat="43.271040" lon="-2.265830"/>
      <trkpt lat="43.270990" lon="-2.266010"/>
      <trkpt lat="43.270920" lon="-2.266200"/>
      <trkpt lat="43.270870" lon="-2.266350"/>
      <trkpt lat="43.270800" lon="-2.266510"/>
      <trkpt lat="43.270730" lon="-2.266690"/>
      <trkpt lat="43.270650" lon="-2.266860"/>
      <trkpt lat="43.270560" lon="-2.267050"/>
      <trkpt lat="43.270460" lon="-2.267250"/>
      <trkpt lat="43.270340" lon="-2.267480"/>
      <trkpt lat="43.270190" lon="-2.267730"/>
      <trkpt lat="43.270040" lon="-2.267960"/>
      <trkpt lat="43.269900" lon="-2.268160"/>
      <trkpt lat="43.269780" lon="-2.268320"/>
      <trkpt lat="43.269660" lon="-2.268470"/>
      <trkpt lat="43.269540" lon="-2.268610"/>
      <trkpt lat="43.269410" lon="-2.268760"/>
      <trkpt lat="43.269260" lon="-2.268920"/>
      <trkpt lat="43.269130" lon="-2.269040"/>
      <trkpt lat="43.268990" lon="-2.269180"/>
      <trkpt lat="43.268880" lon="-2.269280"/>
      <trkpt lat="43.268760" lon="-2.269390"/>
      <trkpt lat="43.268620" lon="-2.269490"/>
      <trkpt lat="43.268430" lon="-2.269650"/>
      <trkpt lat="43.268190" lon="-2.269830"/>
      <trkpt lat="43.267410" lon="-2.270450"/>
      <trkpt lat="43.267290" lon="-2.270530"/>
      <trkpt lat="43.266560" lon="-2.271150"/>
      <trkpt lat="43.266300" lon="-2.271430"/>
      <trkpt lat="43.266110" lon="-2.271630"/>
      <trkpt lat="43.265860" lon="-2.271940"/>
      <trkpt lat="43.265640" lon="-2.272220"/>
      <trkpt lat="43.265480" lon="-2.272450"/>
      <trkpt lat="43.265250" lon="-2.272780"/>
      <trkpt lat="43.265040" lon="-2.273100"/>
      <trkpt lat="43.264880" lon="-2.273350"/>
      <trkpt lat="43.264690" lon="-2.273680"/>
      <trkpt lat="43.264570" lon="-2.273880"/>
      <trkpt lat="43.264420" lon="-2.274160"/>
      <trkpt lat="43.264340" lon="-2.274310"/>
      <trkpt lat="43.264120" lon="-2.274740"/>
      <trkpt lat="43.264010" lon="-2.274990"/>
      <trkpt lat="43.263900" lon="-2.275240"/>
      <trkpt lat="43.263770" lon="-2.275570"/>
      <trkpt lat="43.263380" lon="-2.276520"/>
      <trkpt lat="43.263270" lon="-2.276800"/>
      <trkpt lat="43.262950" lon="-2.277640"/>
      <trkpt lat="43.262830" lon="-2.277920"/>
      <trkpt lat="43.262610" lon="-2.278450"/>
      <trkpt lat="43.262370" lon="-2.278930"/>
      <trkpt lat="43.262060" lon="-2.279510"/>
      <trkpt lat="43.261800" lon="-2.279950"/>
      <trkpt lat="43.261560" lon="-2.280310"/>
      <trkpt lat="43.261210" lon="-2.280850"/>
      <trkpt lat="43.260920" lon="-2.281270"/>
      <trkpt lat="43.260680" lon="-2.281630"/>
      <trkpt lat="43.260500" lon="-2.281940"/>
      <trkpt lat="43.260280" lon="-2.282350"/>
      <trkpt lat="43.260110" lon="-2.282710"/>
      <trkpt lat="43.259960" lon="-2.283050"/>
      <trkpt lat="43.259830" lon="-2.283400"/>
      <trkpt lat="43.259730" lon="-2.283700"/>
      <trkpt lat="43.259630" lon="-2.284020"/>
      <trkpt lat="43.259550" lon="-2.284400"/>
      <trkpt lat="43.259460" lon="-2.284930"/>
      <trkpt lat="43.259400" lon="-2.285390"/>
      <trkpt lat="43.259390" lon="-2.285880"/>
      <trkpt lat="43.259380" lon="-2.286360"/>
      <trkpt lat="43.259400" lon="-2.286710"/>
      <trkpt lat="43.259470" lon="-2.287330"/>
      <trkpt lat="43.259560" lon="-2.287780"/>
      <trkpt lat="43.259660" lon="-2.288200"/>
      <trkpt lat="43.259750" lon="-2.288520"/>
      <trkpt lat="43.259850" lon="-2.288870"/>
      <trkpt lat="43.259940" lon="-2.289170"/>
      <trkpt lat="43.260070" lon="-2.289550"/>
      <trkpt lat="43.260180" lon="-2.289870"/>
      <trkpt lat="43.260310" lon="-2.290230"/>
      <trkpt lat="43.260440" lon="-2.290590"/>
      <trkpt lat="43.260630" lon="-2.291070"/>
      <trkpt lat="43.260780" lon="-2.291430"/>
      <trkpt lat="43.260880" lon="-2.291630"/>
      <trkpt lat="43.261010" lon="-2.291890"/>
      <trkpt lat="43.261120" lon="-2.292080"/>
      <trkpt lat="43.261220" lon="-2.292260"/>
      <trkpt lat="43.261360" lon="-2.292470"/>
      <trkpt lat="43.261480" lon="-2.292650"/>
      <trkpt lat="43.261590" lon="-2.292780"/>
      <trkpt lat="43.261740" lon="-2.292960"/>
      <trkpt lat="43.261930" lon="-2.293160"/>
      <trkpt lat="43.262090" lon="-2.293350"/>
      <trkpt lat="43.262300" lon="-2.293540"/>
      <trkpt lat="43.262490" lon="-2.293700"/>
      <trkpt lat="43.262690" lon="-2.293890"/>
      <trkpt lat="43.262910" lon="-2.294080"/>
      <trkpt lat="43.263100" lon="-2.294240"/>
      <trkpt lat="43.263290" lon="-2.294420"/>
      <trkpt lat="43.263490" lon="-2.294620"/>
      <trkpt lat="43.263720" lon="-2.294870"/>
      <trkpt lat="43.263940" lon="-2.295130"/>
      <trkpt lat="43.264200" lon="-2.295460"/>
      <trkpt lat="43.264350" lon="-2.295680"/>
      <trkpt lat="43.264520" lon="-2.295940"/>
      <trkpt lat="43.264660" lon="-2.296150"/>
      <trkpt lat="43.264850" lon="-2.296490"/>
      <trkpt lat="43.265010" lon="-2.296800"/>
      <trkpt lat="43.265150" lon="-2.297080"/>
      <trkpt lat="43.265320" lon="-2.297420"/>
      <trkpt lat="43.265450" lon="-2.297680"/>
      <trkpt lat="43.265540" lon="-2.297870"/>
      <trkpt lat="43.265680" lon="-2.298180"/>
      <trkpt lat="43.265850" lon="-2.298530"/>
      <trkpt lat="43.266000" lon="-2.298840"/>
      <trkpt lat="43.266140" lon="-2.299100"/>
      <trkpt lat="43.266280" lon="-2.299350"/>
      <trkpt lat="43.266410" lon="-2.299580"/>
      <trkpt lat="43.266560" lon="-2.299820"/>
      <trkpt lat="43.266700" lon="-2.300050"/>
      <trkpt lat="43.266900" lon="-2.300340"/>
      <trkpt lat="43.267050" lon="-2.300550"/>
      <trkpt lat="43.267260" lon="-2.300860"/>
      <trkpt lat="43.267400" lon="-2.301060"/>
      <trkpt lat="43.267510" lon="-2.301220"/>
      <trkpt lat="43.267620" lon="-2.301380"/>
      <trkpt lat="43.267860" lon="-2.301730"/>
      <trkpt lat="43.268180" lon="-2.302210"/>
      <trkpt lat="43.268440" lon="-2.302600"/>
      <trkpt lat="43.268620" lon="-2.302880"/>
      <trkpt lat="43.268800" lon="-2.303170"/>
      <trkpt lat="43.268990" lon="-2.303470"/>
      <trkpt lat="43.269290" lon="-2.303950"/>
      <trkpt lat="43.269470" lon="-2.304250"/>
      <trkpt lat="43.269610" lon="-2.304490"/>
      <trkpt lat="43.269790" lon="-2.304810"/>
      <trkpt lat="43.269970" lon="-2.305120"/>
      <trkpt lat="43.270150" lon="-2.305440"/>
      <trkpt lat="43.270330" lon="-2.305750"/>
      <trkpt lat="43.270490" lon="-2.306030"/>
      <trkpt lat="43.270670" lon="-2.306330"/>
      <trkpt lat="43.270820" lon="-2.306560"/>
      <trkpt lat="43.270960" lon="-2.306780"/>
      <trkpt lat="43.271070" lon="-2.306930"/>
      <trkpt lat="43.271200" lon="-2.307100"/>
      <trkpt lat="43.271390" lon="-2.307350"/>
      <trkpt lat="43.271600" lon="-2.307590"/>
      <trkpt lat="43.271790" lon="-2.307800"/>
      <trkpt lat="43.271950" lon="-2.307960"/>
      <trkpt lat="43.272110" lon="-2.308120"/>
      <trkpt lat="43.272340" lon="-2.308330"/>
      <trkpt lat="43.272580" lon="-2.308520"/>
      <trkpt lat="43.272780" lon="-2.308680"/>
      <trkpt lat="43.273010" lon="-2.308840"/>
      <trkpt lat="43.273220" lon="-2.308970"/>
      <trkpt lat="43.273400" lon="-2.309080"/>
      <trkpt lat="43.273600" lon="-2.309190"/>
      <trkpt lat="43.273890" lon="-2.309330"/>
      <trkpt lat="43.274050" lon="-2.309410"/>
      <trkpt lat="43.274290" lon="-2.309500"/>
      <trkpt lat="43.274540" lon="-2.309600"/>
      <trkpt lat="43.274800" lon="-2.309690"/>
      <trkpt lat="43.275100" lon="-2.309800"/>
      <trkpt lat="43.275350" lon="-2.309900"/>
      <trkpt lat="43.275530" lon="-2.309960"/>
      <trkpt lat="43.275720" lon="-2.310040"/>
      <trkpt lat="43.275910" lon="-2.310120"/>
      <trkpt lat="43.276150" lon="-2.310220"/>
      <trkpt lat="43.276330" lon="-2.310300"/>
      <trkpt lat="43.276510" lon="-2.310390"/>
      <trkpt lat="43.276720" lon="-2.310490"/>
      <trkpt lat="43.277020" lon="-2.310650"/>
      <trkpt lat="43.277160" lon="-2.310730"/>
      <trkpt lat="43.277290" lon="-2.310800"/>
      <trkpt lat="43.277420" lon="-2.310880"/>
      <trkpt lat="43.277580" lon="-2.310980"/>
      <trkpt lat="43.277790" lon="-2.311120"/>
      <trkpt lat="43.277950" lon="-2.311240"/>
      <trkpt lat="43.278220" lon="-2.311440"/>
      <trkpt lat="43.278440" lon="-2.311620"/>
      <trkpt lat="43.278650" lon="-2.311810"/>
      <trkpt lat="43.278850" lon="-2.312000"/>
      <trkpt lat="43.279140" lon="-2.312310"/>
      <trkpt lat="43.279350" lon="-2.312550"/>
      <trkpt lat="43.279530" lon="-2.312780"/>
      <trkpt lat="43.279680" lon="-2.312970"/>
      <trkpt lat="43.279750" lon="-2.313070"/>
      <trkpt lat="43.279880" lon="-2.313250"/>
      <trkpt lat="43.280030" lon="-2.313480"/>
      <trkpt lat="43.280150" lon="-2.313680"/>
      <trkpt lat="43.280280" lon="-2.313900"/>
      <trkpt lat="43.280450" lon="-2.314210"/>
      <trkpt lat="43.280640" lon="-2.314570"/>
      <trkpt lat="43.280800" lon="-2.314920"/>
      <trkpt lat="43.280920" lon="-2.315190"/>
      <trkpt lat="43.281050" lon="-2.315480"/>
      <trkpt lat="43.281180" lon="-2.315790"/>
      <trkpt lat="43.281380" lon="-2.316220"/>
      <trkpt lat="43.281550" lon="-2.316600"/>
      <trkpt lat="43.281710" lon="-2.316940"/>
      <trkpt lat="43.281820" lon="-2.317160"/>
      <trkpt lat="43.282210" lon="-2.318000"/>
      <trkpt lat="43.282540" lon="-2.318730"/>
      <trkpt lat="43.282750" lon="-2.319230"/>
      <trkpt lat="43.282920" lon="-2.319660"/>
      <trkpt lat="43.283180" lon="-2.320350"/>
      <trkpt lat="43.283320" lon="-2.320740"/>
      <trkpt lat="43.283400" lon="-2.320990"/>
      <trkpt lat="43.283580" lon="-2.321550"/>
      <trkpt lat="43.283660" lon="-2.321810"/>
      <trkpt lat="43.283800" lon="-2.322300"/>
      <trkpt lat="43.283920" lon="-2.322720"/>
      <trkpt lat="43.284000" lon="-2.323060"/>
      <trkpt lat="43.284070" lon="-2.323370"/>
      <trkpt lat="43.284150" lon="-2.323690"/>
      <trkpt lat="43.284340" lon="-2.324650"/>
      <trkpt lat="43.284400" lon="-2.324940"/>
      <trkpt lat="43.284450" lon="-2.325330"/>
      <trkpt lat="43.284510" lon="-2.325740"/>
      <trkpt lat="43.284550" lon="-2.326050"/>
      <trkpt lat="43.284580" lon="-2.326320"/>
      <trkpt lat="43.284630" lon="-2.326720"/>
      <trkpt lat="43.284680" lon="-2.327240"/>
      <trkpt lat="43.284720" lon="-2.327830"/>
      <trkpt lat="43.284750" lon="-2.328410"/>
      <trkpt lat="43.284770" lon="-2.329280"/>
      <trkpt lat="43.284780" lon="-2.329970"/>
      <trkpt lat="43.284760" lon="-2.330630"/>
      <trkpt lat="43.284730" lon="-2.331320"/>
      <trkpt lat="43.284690" lon="-2.331860"/>
      <trkpt lat="43.284660" lon="-2.332500"/>
      <trkpt lat="43.284610" lon="-2.333340"/>
      <trkpt lat="43.284600" lon="-2.334010"/>
      <trkpt lat="43.284600" lon="-2.334670"/>
      <trkpt lat="43.284600" lon="-2.335300"/>
      <trkpt lat="43.284600" lon="-2.335330"/>
      <trkpt lat="43.284600" lon="-2.335800"/>
      <trkpt lat="43.284600" lon="-2.336690"/>
      <trkpt lat="43.284520" lon="-2.337640"/>
      <trkpt lat="43.284390" lon="-2.339150"/>
      <trkpt lat="43.284240" lon="-2.340560"/>
      <trkpt lat="43.284230" lon="-2.342140"/>
      <trkpt lat="43.284320" lon="-2.343070"/>
      <trkpt lat="43.284350" lon="-2.343270"/>
      <trkpt lat="43.284430" lon="-2.343750"/>
      <trkpt lat="43.284490" lon="-2.344070"/>
      <trkpt lat="43.284570" lon="-2.344480"/>
      <trkpt lat="43.284650" lon="-2.344820"/>
      <trkpt lat="43.284760" lon="-2.345240"/>
      <trkpt lat="43.284940" lon="-2.345790"/>
      <trkpt lat="43.285170" lon="-2.346510"/>
      <trkpt lat="43.285260" lon="-2.346830"/>
      <trkpt lat="43.285350" lon="-2.347170"/>
      <trkpt lat="43.285420" lon="-2.347470"/>
      <trkpt lat="43.285460" lon="-2.347760"/>
      <trkpt lat="43.285490" lon="-2.348070"/>
      <trkpt lat="43.285500" lon="-2.348410"/>
      <trkpt lat="43.285490" lon="-2.348730"/>
      <trkpt lat="43.285470" lon="-2.349110"/>
      <trkpt lat="43.285470" lon="-2.349550"/>
      <trkpt lat="43.285480" lon="-2.349890"/>
      <trkpt lat="43.285510" lon="-2.350230"/>
      <trkpt lat="43.285550" lon="-2.350520"/>
      <trkpt lat="43.285630" lon="-2.350850"/>
      <trkpt lat="43.285720" lon="-2.351150"/>
      <trkpt lat="43.285850" lon="-2.351520"/>
      <trkpt lat="43.285960" lon="-2.351820"/>
      <trkpt lat="43.286070" lon="-2.352200"/>
      <trkpt lat="43.286150" lon="-2.352510"/>
      <trkpt lat="43.286220" lon="-2.352900"/>
      <trkpt lat="43.286250" lon="-2.353330"/>
      <trkpt lat="43.286240" lon="-2.353700"/>
      <trkpt lat="43.286220" lon="-2.354050"/>
      <trkpt lat="43.286190" lon="-2.354320"/>
      <trkpt lat="43.286140" lon="-2.354590"/>
      <trkpt lat="43.286090" lon="-2.354800"/>
      <trkpt lat="43.286040" lon="-2.354990"/>
      <trkpt lat="43.285980" lon="-2.355160"/>
      <trkpt lat="43.285870" lon="-2.355430"/>
      <trkpt lat="43.285720" lon="-2.355720"/>
      <trkpt lat="43.285620" lon="-2.355890"/>
      <trkpt lat="43.285400" lon="-2.356240"/>
      <trkpt lat="43.285180" lon="-2.356530"/>
      <trkpt lat="43.284900" lon="-2.356840"/>
      <trkpt lat="43.284620" lon="-2.357110"/>
      <trkpt lat="43.284360" lon="-2.357350"/>
      <trkpt lat="43.284080" lon="-2.357540"/>
      <trkpt lat="43.283910" lon="-2.357670"/>
      <trkpt lat="43.283560" lon="-2.357920"/>
      <trkpt lat="43.283180" lon="-2.358180"/>
      <trkpt lat="43.282790" lon="-2.358470"/>
      <trkpt lat="43.282370" lon="-2.358800"/>
      <trkpt lat="43.281920" lon="-2.359190"/>
      <trkpt lat="43.281790" lon="-2.359330"/>
      <trkpt lat="43.281350" lon="-2.359740"/>
      <trkpt lat="43.281120" lon="-2.359980"/>
      <trkpt lat="43.280750" lon="-2.360390"/>
      <trkpt lat="43.280550" lon="-2.360640"/>
      <trkpt lat="43.280130" lon="-2.361130"/>
      <trkpt lat="43.279740" lon="-2.361590"/>
      <trkpt lat="43.279370" lon="-2.362040"/>
      <trkpt lat="43.278910" lon="-2.362590"/>
      <trkpt lat="43.278570" lon="-2.362990"/>
      <trkpt lat="43.278290" lon="-2.363330"/>
      <trkpt lat="43.277980" lon="-2.363670"/>
      <trkpt lat="43.277800" lon="-2.363900"/>
      <trkpt lat="43.277590" lon="-2.364140"/>
      <trkpt lat="43.277070" lon="-2.364590"/>
      <trkpt lat="43.276840" lon="-2.364770"/>
      <trkpt lat="43.276440" lon="-2.365040"/>
      <trkpt lat="43.276280" lon="-2.365140"/>
      <trkpt lat="43.276050" lon="-2.365260"/>
      <trkpt lat="43.275720" lon="-2.365420"/>
      <trkpt lat="43.275070" lon="-2.365730"/>
      <trkpt lat="43.274800" lon="-2.365880"/>
      <trkpt lat="43.274520" lon="-2.366080"/>
      <trkpt lat="43.274290" lon="-2.366280"/>
      <trkpt lat="43.274140" lon="-2.366440"/>
      <trkpt lat="43.273950" lon="-2.366660"/>
      <trkpt lat="43.273600" lon="-2.367110"/>
      <trkpt lat="43.273270" lon="-2.367500"/>
      <trkpt lat="43.273010" lon="-2.367760"/>
      <trkpt lat="43.272780" lon="-2.367950"/>
      <trkpt lat="43.272590" lon="-2.368090"/>
      <trkpt lat="43.272120" lon="-2.368410"/>
      <trkpt lat="43.271730" lon="-2.368680"/>
      <trkpt lat="43.271360" lon="-2.369000"/>
      <trkpt lat="43.271120" lon="-2.369250"/>
      <trkpt lat="43.270820" lon="-2.369630"/>
      <trkpt lat="43.270640" lon="-2.369870"/>
      <trkpt lat="43.270400" lon="-2.370180"/>
      <trkpt lat="43.270170" lon="-2.370470"/>
      <trkpt lat="43.269750" lon="-2.370920"/>
      <trkpt lat="43.269440" lon="-2.371240"/>
      <trkpt lat="43.269040" lon="-2.371670"/>
      <trkpt lat="43.268910" lon="-2.371800"/>
      <trkpt lat="43.268420" lon="-2.372350"/>
      <trkpt lat="43.267610" lon="-2.373280"/>
      <trkpt lat="43.267310" lon="-2.373570"/>
      <trkpt lat="43.267100" lon="-2.373730"/>
      <trkpt lat="43.266880" lon="-2.373880"/>
      <trkpt lat="43.266540" lon="-2.374080"/>
      <trkpt lat="43.266320" lon="-2.374200"/>
      <trkpt lat="43.266180" lon="-2.374280"/>
      <trkpt lat="43.266020" lon="-2.374380"/>
      <trkpt lat="43.265890" lon="-2.374460"/>
      <trkpt lat="43.265690" lon="-2.374620"/>
      <trkpt lat="43.265510" lon="-2.374790"/>
      <trkpt lat="43.265330" lon="-2.375000"/>
      <trkpt lat="43.265180" lon="-2.375200"/>
      <trkpt lat="43.265050" lon="-2.375430"/>
      <trkpt lat="43.264930" lon="-2.375630"/>
      <trkpt lat="43.264830" lon="-2.375820"/>
      <trkpt lat="43.264720" lon="-2.376040"/>
      <trkpt lat="43.264560" lon="-2.376350"/>
      <trkpt lat="43.264390" lon="-2.376650"/>
      <trkpt lat="43.264210" lon="-2.376900"/>
      <trkpt lat="43.264000" lon="-2.377160"/>
      <trkpt lat="43.263780" lon="-2.377370"/>
      <trkpt lat="43.263540" lon="-2.377580"/>
      <trkpt lat="43.263350" lon="-2.377750"/>
      <trkpt lat="43.263210" lon="-2.377870"/>
      <trkpt lat="43.262880" lon="-2.378170"/>
      <trkpt lat="43.262690" lon="-2.378370"/>
      <trkpt lat="43.262520" lon="-2.378610"/>
      <trkpt lat="43.262320" lon="-2.378860"/>
      <trkpt lat="43.261960" lon="-2.379340"/>
      <trkpt lat="43.261670" lon="-2.379730"/>
      <trkpt lat="43.261340" lon="-2.380060"/>
      <trkpt lat="43.261130" lon="-2.380230"/>
      <trkpt lat="43.260830" lon="-2.380440"/>
      <trkpt lat="43.260470" lon="-2.380680"/>
      <trkpt lat="43.260110" lon="-2.380940"/>
      <trkpt lat="43.259830" lon="-2.381210"/>
      <trkpt lat="43.259580" lon="-2.381530"/>
      <trkpt lat="43.259350" lon="-2.381890"/>
      <trkpt lat="43.259170" lon="-2.382230"/>
      <trkpt lat="43.259020" lon="-2.382540"/>
      <trkpt lat="43.258910" lon="-2.382760"/>
      <trkpt lat="43.258730" lon="-2.383090"/>
      <trkpt lat="43.258540" lon="-2.383430"/>
      <trkpt lat="43.258340" lon="-2.383750"/>
      <trkpt lat="43.258090" lon="-2.384150"/>
      <trkpt lat="43.257720" lon="-2.384780"/>
      <trkpt lat="43.257470" lon="-2.385330"/>
      <trkpt lat="43.257270" lon="-2.385900"/>
      <trkpt lat="43.257210" lon="-2.386150"/>
      <trkpt lat="43.257150" lon="-2.386380"/>
      <trkpt lat="43.257030" lon="-2.386910"/>
      <trkpt lat="43.256930" lon="-2.387370"/>
      <trkpt lat="43.256790" lon="-2.387880"/>
      <trkpt lat="43.256600" lon="-2.388360"/>
      <trkpt lat="43.256490" lon="-2.388570"/>
      <trkpt lat="43.256340" lon="-2.388820"/>
      <trkpt lat="43.255990" lon="-2.389260"/>
      <trkpt lat="43.255770" lon="-2.389470"/>
      <trkpt lat="43.255530" lon="-2.389660"/>
      <trkpt lat="43.255330" lon="-2.389780"/>
      <trkpt lat="43.255200" lon="-2.389850"/>
      <trkpt lat="43.255070" lon="-2.389910"/>
      <trkpt lat="43.254870" lon="-2.389980"/>
      <trkpt lat="43.254610" lon="-2.390040"/>
      <trkpt lat="43.254430" lon="-2.390060"/>
      <trkpt lat="43.254210" lon="-2.390070"/>
      <trkpt lat="43.253770" lon="-2.390040"/>
      <trkpt lat="43.253250" lon="-2.390020"/>
      <trkpt lat="43.253060" lon="-2.390040"/>
      <trkpt lat="43.252820" lon="-2.390090"/>
      <trkpt lat="43.252630" lon="-2.390150"/>
      <trkpt lat="43.252450" lon="-2.390230"/>
      <trkpt lat="43.252220" lon="-2.390360"/>
      <trkpt lat="43.252010" lon="-2.390500"/>
      <trkpt lat="43.251820" lon="-2.390680"/>
      <trkpt lat="43.251680" lon="-2.390810"/>
      <trkpt lat="43.251490" lon="-2.391050"/>
      <trkpt lat="43.251300" lon="-2.391310"/>
      <trkpt lat="43.251120" lon="-2.391600"/>
      <trkpt lat="43.250730" lon="-2.392220"/>
      <trkpt lat="43.250520" lon="-2.392500"/>
      <trkpt lat="43.250340" lon="-2.392730"/>
      <trkpt lat="43.250100" lon="-2.392980"/>
      <trkpt lat="43.249830" lon="-2.393240"/>
      <trkpt lat="43.249620" lon="-2.393400"/>
      <trkpt lat="43.249320" lon="-2.393600"/>
      <trkpt lat="43.248940" lon="-2.393800"/>
      <trkpt lat="43.248530" lon="-2.393950"/>
      <trkpt lat="43.248110" lon="-2.394080"/>
      <trkpt lat="43.247650" lon="-2.394240"/>
      <trkpt lat="43.247340" lon="-2.394360"/>
      <trkpt lat="43.247030" lon="-2.394490"/>
      <trkpt lat="43.246860" lon="-2.394570"/>
      <trkpt lat="43.246550" lon="-2.394740"/>
      <trkpt lat="43.246310" lon="-2.394880"/>
      <trkpt lat="43.246050" lon="-2.395060"/>
      <trkpt lat="43.245860" lon="-2.395190"/>
      <trkpt lat="43.245550" lon="-2.395420"/>
      <trkpt lat="43.245280" lon="-2.395660"/>
      <trkpt lat="43.244970" lon="-2.395940"/>
      <trkpt lat="43.244650" lon="-2.396270"/>
      <trkpt lat="43.244220" lon="-2.396760"/>
      <trkpt lat="43.243960" lon="-2.397100"/>
      <trkpt lat="43.243650" lon="-2.397550"/>
      <trkpt lat="43.243200" lon="-2.398190"/>
      <trkpt lat="43.242960" lon="-2.398520"/>
      <trkpt lat="43.242740" lon="-2.398740"/>
      <trkpt lat="43.242560" lon="-2.398900"/>
      <trkpt lat="43.242310" lon="-2.399070"/>
      <trkpt lat="43.242020" lon="-2.399210"/>
      <trkpt lat="43.241770" lon="-2.399320"/>
      <trkpt lat="43.241520" lon="-2.399380"/>
      <trkpt lat="43.241300" lon="-2.399390"/>
      <trkpt lat="43.241110" lon="-2.399390"/>
      <trkpt lat="43.240890" lon="-2.399370"/>
      <trkpt lat="43.240710" lon="-2.399340"/>
      <trkpt lat="43.240480" lon="-2.399280"/>
      <trkpt lat="43.240180" lon="-2.399190"/>
      <trkpt lat="43.239880" lon="-2.399100"/>
      <trkpt lat="43.239610" lon="-2.399050"/>
      <trkpt lat="43.239380" lon="-2.399030"/>
      <trkpt lat="43.239170" lon="-2.399040"/>
      <trkpt lat="43.238970" lon="-2.399070"/>
      <trkpt lat="43.238770" lon="-2.399120"/>
      <trkpt lat="43.238590" lon="-2.399190"/>
      <trkpt lat="43.238400" lon="-2.399280"/>
      <trkpt lat="43.238160" lon="-2.399420"/>
      <trkpt lat="43.237990" lon="-2.399550"/>
      <trkpt lat="43.237830" lon="-2.399700"/>
      <trkpt lat="43.237650" lon="-2.399890"/>
      <trkpt lat="43.237470" lon="-2.400110"/>
      <trkpt lat="43.237320" lon="-2.400340"/>
      <trkpt lat="43.237140" lon="-2.400620"/>
      <trkpt lat="43.236950" lon="-2.400990"/>
      <trkpt lat="43.236810" lon="-2.401230"/>
      <trkpt lat="43.236650" lon="-2.401520"/>
      <trkpt lat="43.236510" lon="-2.401770"/>
      <trkpt lat="43.236270" lon="-2.402190"/>
      <trkpt lat="43.236100" lon="-2.402450"/>
      <trkpt lat="43.235920" lon="-2.402750"/>
      <trkpt lat="43.235630" lon="-2.403180"/>
      <trkpt lat="43.235480" lon="-2.403380"/>
      <trkpt lat="43.235310" lon="-2.403610"/>
      <trkpt lat="43.235120" lon="-2.403830"/>
      <trkpt lat="43.235010" lon="-2.403950"/>
      <trkpt lat="43.234880" lon="-2.404070"/>
      <trkpt lat="43.234780" lon="-2.404150"/>
      <trkpt lat="43.234660" lon="-2.404250"/>
      <trkpt lat="43.234600" lon="-2.404300"/>
      <trkpt lat="43.234350" lon="-2.404470"/>
      <trkpt lat="43.234080" lon="-2.404610"/>
      <trkpt lat="43.233870" lon="-2.404690"/>
      <trkpt lat="43.233630" lon="-2.404740"/>
      <trkpt lat="43.233450" lon="-2.404770"/>
      <trkpt lat="43.233250" lon="-2.404790"/>
      <trkpt lat="43.233030" lon="-2.404800"/>
      <trkpt lat="43.232760" lon="-2.404780"/>
      <trkpt lat="43.232650" lon="-2.404760"/>
      <trkpt lat="43.232520" lon="-2.404730"/>
      <trkpt lat="43.232250" lon="-2.404650"/>
      <trkpt lat="43.232090" lon="-2.404570"/>
      <trkpt lat="43.231910" lon="-2.404480"/>
      <trkpt lat="43.231850" lon="-2.404450"/>
      <trkpt lat="43.231620" lon="-2.404330"/>
      <trkpt lat="43.231250" lon="-2.404100"/>
      <trkpt lat="43.231170" lon="-2.404050"/>
      <trkpt lat="43.230600" lon="-2.403740"/>
      <trkpt lat="43.230360" lon="-2.403610"/>
      <trkpt lat="43.230110" lon="-2.403490"/>
      <trkpt lat="43.229810" lon="-2.403370"/>
      <trkpt lat="43.229440" lon="-2.403240"/>
      <trkpt lat="43.228970" lon="-2.403150"/>
      <trkpt lat="43.228450" lon="-2.403060"/>
      <trkpt lat="43.228040" lon="-2.403030"/>
      <trkpt lat="43.227410" lon="-2.403030"/>
      <trkpt lat="43.226840" lon="-2.403080"/>
      <trkpt lat="43.226540" lon="-2.403120"/>
      <trkpt lat="43.226170" lon="-2.403150"/>
      <trkpt lat="43.225940" lon="-2.403180"/>
      <trkpt lat="43.225660" lon="-2.403190"/>
      <trkpt lat="43.225250" lon="-2.403190"/>
      <trkpt lat="43.224910" lon="-2.403160"/>
      <trkpt lat="43.224570" lon="-2.403110"/>
      <trkpt lat="43.223860" lon="-2.402990"/>
      <trkpt lat="43.223410" lon="-2.402920"/>
      <trkpt lat="43.223110" lon="-2.402890"/>
      <trkpt lat="43.222710" lon="-2.402860"/>
      <trkpt lat="43.222410" lon="-2.402860"/>
      <trkpt lat="43.222200" lon="-2.402860"/>
      <trkpt lat="43.221900" lon="-2.402870"/>
      <trkpt lat="43.221590" lon="-2.402920"/>
      <trkpt lat="43.221290" lon="-2.402980"/>
      <trkpt lat="43.220920" lon="-2.403100"/>
      <trkpt lat="43.220720" lon="-2.403180"/>
      <trkpt lat="43.220490" lon="-2.403280"/>
      <trkpt lat="43.220260" lon="-2.403410"/>
      <trkpt lat="43.220070" lon="-2.403530"/>
      <trkpt lat="43.219840" lon="-2.403730"/>
      <trkpt lat="43.219600" lon="-2.403930"/>
      <trkpt lat="43.219370" lon="-2.404170"/>
      <trkpt lat="43.219190" lon="-2.404370"/>
      <trkpt lat="43.219040" lon="-2.404570"/>
      <trkpt lat="43.218860" lon="-2.404840"/>
      <trkpt lat="43.218720" lon="-2.405040"/>
      <trkpt lat="43.218510" lon="-2.405400"/>
      <trkpt lat="43.218440" lon="-2.405550"/>
      <trkpt lat="43.218290" lon="-2.405800"/>
      <trkpt lat="43.218080" lon="-2.406160"/>
      <trkpt lat="43.217920" lon="-2.406420"/>
      <trkpt lat="43.217730" lon="-2.406720"/>
      <trkpt lat="43.217460" lon="-2.407060"/>
      <trkpt lat="43.217230" lon="-2.407330"/>
      <trkpt lat="43.217060" lon="-2.407500"/>
      <trkpt lat="43.216870" lon="-2.407660"/>
      <trkpt lat="43.216690" lon="-2.407800"/>
      <trkpt lat="43.216550" lon="-2.407910"/>
      <trkpt lat="43.216400" lon="-2.408010"/>
      <trkpt lat="43.216210" lon="-2.408130"/>
      <trkpt lat="43.215700" lon="-2.408430"/>
      <trkpt lat="43.215330" lon="-2.408650"/>
      <trkpt lat="43.215080" lon="-2.408840"/>
      <trkpt lat="43.214910" lon="-2.408980"/>
      <trkpt lat="43.214710" lon="-2.409150"/>
      <trkpt lat="43.214560" lon="-2.409310"/>
      <trkpt lat="43.214350" lon="-2.409530"/>
      <trkpt lat="43.214110" lon="-2.409850"/>
      <trkpt lat="43.213850" lon="-2.410260"/>
      <trkpt lat="43.213620" lon="-2.410710"/>
      <trkpt lat="43.213520" lon="-2.410940"/>
      <trkpt lat="43.213330" lon="-2.411410"/>
      <trkpt lat="43.213220" lon="-2.411750"/>
      <trkpt lat="43.213140" lon="-2.412080"/>
      <trkpt lat="43.213120" lon="-2.412150"/>
      <trkpt lat="43.213030" lon="-2.412550"/>
      <trkpt lat="43.212930" lon="-2.413110"/>
      <trkpt lat="43.212920" lon="-2.413180"/>
      <trkpt lat="43.212820" lon="-2.413770"/>
      <trkpt lat="43.212760" lon="-2.414060"/>
      <trkpt lat="43.212680" lon="-2.414330"/>
      <trkpt lat="43.212590" lon="-2.414580"/>
      <trkpt lat="43.212500" lon="-2.414810"/>
      <trkpt lat="43.212360" lon="-2.415090"/>
      <trkpt lat="43.212190" lon="-2.415330"/>
      <trkpt lat="43.212040" lon="-2.415540"/>
      <trkpt lat="43.211930" lon="-2.415660"/>
      <trkpt lat="43.211740" lon="-2.415850"/>
      <trkpt lat="43.211570" lon="-2.415980"/>
      <trkpt lat="43.211400" lon="-2.416100"/>
      <trkpt lat="43.211250" lon="-2.416180"/>
      <trkpt lat="43.211050" lon="-2.416270"/>
      <trkpt lat="43.210870" lon="-2.416340"/>
      <trkpt lat="43.210630" lon="-2.416380"/>
      <trkpt lat="43.210390" lon="-2.416400"/>
      <trkpt lat="43.210150" lon="-2.416420"/>
      <trkpt lat="43.209720" lon="-2.416430"/>
      <trkpt lat="43.209490" lon="-2.416450"/>
      <trkpt lat="43.209300" lon="-2.416490"/>
      <trkpt lat="43.209160" lon="-2.416530"/>
      <trkpt lat="43.209030" lon="-2.416580"/>
      <trkpt lat="43.208890" lon="-2.416650"/>
      <trkpt lat="43.208740" lon="-2.416740"/>
      <trkpt lat="43.208520" lon="-2.416890"/>
      <trkpt lat="43.208360" lon="-2.417040"/>
      <trkpt lat="43.208240" lon="-2.417160"/>
      <trkpt lat="43.208100" lon="-2.417330"/>
      <trkpt lat="43.208020" lon="-2.417440"/>
      <trkpt lat="43.207930" lon="-2.417580"/>
      <trkpt lat="43.207810" lon="-2.417820"/>
      <trkpt lat="43.207700" lon="-2.418070"/>
      <trkpt lat="43.207580" lon="-2.418370"/>
      <trkpt lat="43.207420" lon="-2.418820"/>
      <trkpt lat="43.207260" lon="-2.419230"/>
      <trkpt lat="43.207130" lon="-2.419510"/>
      <trkpt lat="43.207030" lon="-2.419720"/>
      <trkpt lat="43.206940" lon="-2.419870"/>
      <trkpt lat="43.206830" lon="-2.420020"/>
      <trkpt lat="43.206760" lon="-2.420130"/>
      <trkpt lat="43.206660" lon="-2.420270"/>
      <trkpt lat="43.206390" lon="-2.420600"/>
      <trkpt lat="43.206040" lon="-2.421000"/>
      <trkpt lat="43.205720" lon="-2.421330"/>
      <trkpt lat="43.205360" lon="-2.421730"/>
      <trkpt lat="43.205070" lon="-2.422080"/>
      <trkpt lat="43.204900" lon="-2.422330"/>
      <trkpt lat="43.204740" lon="-2.422570"/>
      <trkpt lat="43.204580" lon="-2.422850"/>
      <trkpt lat="43.204430" lon="-2.423140"/>
      <trkpt lat="43.204260" lon="-2.423460"/>
      <trkpt lat="43.204110" lon="-2.423800"/>
      <trkpt lat="43.203950" lon="-2.424170"/>
      <trkpt lat="43.203810" lon="-2.424520"/>
      <trkpt lat="43.203640" lon="-2.424980"/>
      <trkpt lat="43.203540" lon="-2.425320"/>
      <trkpt lat="43.203420" lon="-2.425680"/>
      <trkpt lat="43.203350" lon="-2.425940"/>
      <trkpt lat="43.203280" lon="-2.426180"/>
      <trkpt lat="43.203180" lon="-2.426490"/>
      <trkpt lat="43.203070" lon="-2.426820"/>
      <trkpt lat="43.202940" lon="-2.427150"/>
      <trkpt lat="43.202810" lon="-2.427400"/>
      <trkpt lat="43.202650" lon="-2.427700"/>
      <trkpt lat="43.202410" lon="-2.428060"/>
      <trkpt lat="43.202210" lon="-2.428320"/>
      <trkpt lat="43.201980" lon="-2.428570"/>
      <trkpt lat="43.201750" lon="-2.428850"/>
      <trkpt lat="43.201590" lon="-2.429060"/>
      <trkpt lat="43.201400" lon="-2.429340"/>
      <trkpt lat="43.201310" lon="-2.429490"/>
      <trkpt lat="43.201250" lon="-2.429610"/>
      <trkpt lat="43.201140" lon="-2.429860"/>
      <trkpt lat="43.201030" lon="-2.430130"/>
      <trkpt lat="43.200890" lon="-2.430510"/>
      <trkpt lat="43.200760" lon="-2.430840"/>
      <trkpt lat="43.200610" lon="-2.431200"/>
      <trkpt lat="43.200450" lon="-2.431560"/>
      <trkpt lat="43.200260" lon="-2.431870"/>
      <trkpt lat="43.200050" lon="-2.432150"/>
      <trkpt lat="43.199850" lon="-2.432400"/>
      <trkpt lat="43.199680" lon="-2.432580"/>
      <trkpt lat="43.199470" lon="-2.432760"/>
      <trkpt lat="43.199190" lon="-2.432960"/>
      <trkpt lat="43.198870" lon="-2.433170"/>
      <trkpt lat="43.198480" lon="-2.433420"/>
      <trkpt lat="43.198250" lon="-2.433570"/>
      <trkpt lat="43.197910" lon="-2.433820"/>
      <trkpt lat="43.197630" lon="-2.434060"/>
      <trkpt lat="43.197510" lon="-2.434180"/>
      <trkpt lat="43.197210" lon="-2.434490"/>
      <trkpt lat="43.196910" lon="-2.434840"/>
      <trkpt lat="43.196590" lon="-2.435280"/>
      <trkpt lat="43.196450" lon="-2.435510"/>
      <trkpt lat="43.196310" lon="-2.435730"/>
      <trkpt lat="43.196140" lon="-2.436030"/>
      <trkpt lat="43.195860" lon="-2.436520"/>
      <trkpt lat="43.195830" lon="-2.436580"/>
      <trkpt lat="43.195680" lon="-2.436820"/>
      <trkpt lat="43.195480" lon="-2.437090"/>
      <trkpt lat="43.195280" lon="-2.437310"/>
      <trkpt lat="43.195090" lon="-2.437490"/>
      <trkpt lat="43.194890" lon="-2.437650"/>
      <trkpt lat="43.194660" lon="-2.437790"/>
      <trkpt lat="43.194420" lon="-2.437910"/>
      <trkpt lat="43.194200" lon="-2.438020"/>
      <trkpt lat="43.194080" lon="-2.438080"/>
      <trkpt lat="43.193790" lon="-2.438210"/>
      <trkpt lat="43.193730" lon="-2.438250"/>
      <trkpt lat="43.193520" lon="-2.438380"/>
      <trkpt lat="43.193290" lon="-2.438590"/>
      <trkpt lat="43.193060" lon="-2.438840"/>
      <trkpt lat="43.192840" lon="-2.439150"/>
      <trkpt lat="43.192690" lon="-2.439410"/>
      <trkpt lat="43.192420" lon="-2.439970"/>
      <trkpt lat="43.192270" lon="-2.440320"/>
      <trkpt lat="43.192090" lon="-2.440720"/>
      <trkpt lat="43.191920" lon="-2.441090"/>
      <trkpt lat="43.191780" lon="-2.441450"/>
      <trkpt lat="43.191610" lon="-2.441920"/>
      <trkpt lat="43.191450" lon="-2.442380"/>
      <trkpt lat="43.191350" lon="-2.442680"/>
      <trkpt lat="43.191250" lon="-2.442960"/>
      <trkpt lat="43.191140" lon="-2.443310"/>
      <trkpt lat="43.191020" lon="-2.443670"/>
      <trkpt lat="43.190850" lon="-2.444230"/>
      <trkpt lat="43.190760" lon="-2.444550"/>
      <trkpt lat="43.190620" lon="-2.445040"/>
      <trkpt lat="43.190470" lon="-2.445600"/>
      <trkpt lat="43.190390" lon="-2.446020"/>
      <trkpt lat="43.190360" lon="-2.446320"/>
      <trkpt lat="43.190340" lon="-2.446940"/>
      <trkpt lat="43.190340" lon="-2.447070"/>
      <trkpt lat="43.190340" lon="-2.447570"/>
      <trkpt lat="43.190330" lon="-2.447740"/>
      <trkpt lat="43.190320" lon="-2.447900"/>
      <trkpt lat="43.190300" lon="-2.448160"/>
      <trkpt lat="43.190270" lon="-2.448410"/>
      <trkpt lat="43.190240" lon="-2.448590"/>
      <trkpt lat="43.190190" lon="-2.448820"/>
      <trkpt lat="43.190140" lon="-2.449030"/>
      <trkpt lat="43.190050" lon="-2.449350"/>
      <trkpt lat="43.189910" lon="-2.449670"/>
      <trkpt lat="43.189800" lon="-2.449900"/>
      <trkpt lat="43.189640" lon="-2.450210"/>
      <trkpt lat="43.189380" lon="-2.450740"/>
      <trkpt lat="43.189270" lon="-2.451010"/>
      <trkpt lat="43.189190" lon="-2.451220"/>
      <trkpt lat="43.189110" lon="-2.451490"/>
      <trkpt lat="43.189070" lon="-2.451670"/>
      <trkpt lat="43.189030" lon="-2.451860"/>
      <trkpt lat="43.189000" lon="-2.452060"/>
      <trkpt lat="43.188970" lon="-2.452280"/>
      <trkpt lat="43.188940" lon="-2.452520"/>
      <trkpt lat="43.188920" lon="-2.452880"/>
      <trkpt lat="43.188920" lon="-2.453160"/>
      <trkpt lat="43.188920" lon="-2.453410"/>
      <trkpt lat="43.188930" lon="-2.453610"/>
      <trkpt lat="43.188950" lon="-2.453870"/>
      <trkpt lat="43.188970" lon="-2.454210"/>
      <trkpt lat="43.188980" lon="-2.454530"/>
      <trkpt lat="43.188980" lon="-2.454860"/>
      <trkpt lat="43.188980" lon="-2.455160"/>
      <trkpt lat="43.188960" lon="-2.455400"/>
      <trkpt lat="43.188930" lon="-2.455660"/>
      <trkpt lat="43.188890" lon="-2.455940"/>
      <trkpt lat="43.188850" lon="-2.456170"/>
      <trkpt lat="43.188800" lon="-2.456400"/>
      <trkpt lat="43.188740" lon="-2.456620"/>
      <trkpt lat="43.188650" lon="-2.456910"/>
      <trkpt lat="43.188600" lon="-2.457060"/>
      <trkpt lat="43.188530" lon="-2.457290"/>
      <trkpt lat="43.188390" lon="-2.457660"/>
      <trkpt lat="43.188150" lon="-2.458220"/>
      <trkpt lat="43.187900" lon="-2.458730"/>
      <trkpt lat="43.187580" lon="-2.459270"/>
      <trkpt lat="43.187390" lon="-2.459530"/>
      <trkpt lat="43.187150" lon="-2.459860"/>
      <trkpt lat="43.187010" lon="-2.460030"/>
      <trkpt lat="43.186800" lon="-2.460270"/>
      <trkpt lat="43.186540" lon="-2.460550"/>
      <trkpt lat="43.186320" lon="-2.460750"/>
      <trkpt lat="43.186120" lon="-2.460930"/>
      <trkpt lat="43.185920" lon="-2.461100"/>
      <trkpt lat="43.185240" lon="-2.461650"/>
      <trkpt lat="43.184990" lon="-2.461840"/>
      <trkpt lat="43.184800" lon="-2.462030"/>
      <trkpt lat="43.184660" lon="-2.462170"/>
      <trkpt lat="43.184520" lon="-2.462350"/>
      <trkpt lat="43.184380" lon="-2.462560"/>
      <trkpt lat="43.184250" lon="-2.462750"/>
      <trkpt lat="43.184140" lon="-2.462950"/>
      <trkpt lat="43.184020" lon="-2.463190"/>
      <trkpt lat="43.183960" lon="-2.463330"/>
      <trkpt lat="43.183850" lon="-2.463570"/>
      <trkpt lat="43.183670" lon="-2.464040"/>
      <trkpt lat="43.183530" lon="-2.464540"/>
      <trkpt lat="43.183400" lon="-2.465130"/>
      <trkpt lat="43.183310" lon="-2.465610"/>
      <trkpt lat="43.183240" lon="-2.465910"/>
      <trkpt lat="43.183140" lon="-2.466230"/>
      <trkpt lat="43.183010" lon="-2.466600"/>
      <trkpt lat="43.182920" lon="-2.466800"/>
      <trkpt lat="43.182840" lon="-2.466960"/>
      <trkpt lat="43.182750" lon="-2.467120"/>
      <trkpt lat="43.182630" lon="-2.467320"/>
      <trkpt lat="43.182470" lon="-2.467530"/>
      <trkpt lat="43.182290" lon="-2.467740"/>
      <trkpt lat="43.182090" lon="-2.467940"/>
      <trkpt lat="43.181820" lon="-2.468210"/>
      <trkpt lat="43.181620" lon="-2.468420"/>
      <trkpt lat="43.181480" lon="-2.468550"/>
      <trkpt lat="43.181400" lon="-2.468640"/>
      <trkpt lat="43.181290" lon="-2.468790"/>
      <trkpt lat="43.181170" lon="-2.468930"/>
      <trkpt lat="43.181040" lon="-2.469130"/>
      <trkpt lat="43.180890" lon="-2.469360"/>
      <trkpt lat="43.180680" lon="-2.469740"/>
      <trkpt lat="43.180540" lon="-2.470080"/>
      <trkpt lat="43.180410" lon="-2.470400"/>
      <trkpt lat="43.180300" lon="-2.470710"/>
      <trkpt lat="43.180210" lon="-2.471080"/>
      <trkpt lat="43.180150" lon="-2.471410"/>
      <trkpt lat="43.180130" lon="-2.471720"/>
      <trkpt lat="43.180110" lon="-2.472050"/>
      <trkpt lat="43.180100" lon="-2.472520"/>
      <trkpt lat="43.180120" lon="-2.472870"/>
      <trkpt lat="43.180150" lon="-2.473100"/>
      <trkpt lat="43.180180" lon="-2.473350"/>
      <trkpt lat="43.180230" lon="-2.473670"/>
      <trkpt lat="43.180280" lon="-2.473880"/>
      <trkpt lat="43.180330" lon="-2.474100"/>
      <trkpt lat="43.180390" lon="-2.474340"/>
      <trkpt lat="43.180590" lon="-2.474960"/>
      <trkpt lat="43.180660" lon="-2.475140"/>
      <trkpt lat="43.180770" lon="-2.475480"/>
      <trkpt lat="43.180820" lon="-2.475630"/>
      <trkpt lat="43.180880" lon="-2.475830"/>
      <trkpt lat="43.180960" lon="-2.476120"/>
      <trkpt lat="43.181040" lon="-2.476500"/>
      <trkpt lat="43.181130" lon="-2.476910"/>
      <trkpt lat="43.181210" lon="-2.477450"/>
      <trkpt lat="43.181290" lon="-2.478110"/>
      <trkpt lat="43.181290" lon="-2.478230"/>
      <trkpt lat="43.181320" lon="-2.478740"/>
      <trkpt lat="43.181330" lon="-2.479280"/>
      <trkpt lat="43.181320" lon="-2.479510"/>
      <trkpt lat="43.181320" lon="-2.479560"/>
      <trkpt lat="43.181290" lon="-2.480130"/>
      <trkpt lat="43.181220" lon="-2.480710"/>
      <trkpt lat="43.181130" lon="-2.481260"/>
      <trkpt lat="43.181010" lon="-2.481690"/>
      <trkpt lat="43.180890" lon="-2.482100"/>
      <trkpt lat="43.180680" lon="-2.482710"/>
      <trkpt lat="43.180340" lon="-2.483430"/>
      <trkpt lat="43.180030" lon="-2.484060"/>
      <trkpt lat="43.179890" lon="-2.484350"/>
      <trkpt lat="43.179760" lon="-2.484640"/>
      <trkpt lat="43.179630" lon="-2.484990"/>
      <trkpt lat="43.179500" lon="-2.485390"/>
      <trkpt lat="43.179400" lon="-2.485750"/>
      <trkpt lat="43.179320" lon="-2.486090"/>
      <trkpt lat="43.179300" lon="-2.486250"/>
      <trkpt lat="43.179100" lon="-2.487170"/>
      <trkpt lat="43.179030" lon="-2.487500"/>
      <trkpt lat="43.178910" lon="-2.487960"/>
      <trkpt lat="43.178840" lon="-2.488190"/>
      <trkpt lat="43.178740" lon="-2.488480"/>
      <trkpt lat="43.178560" lon="-2.488920"/>
      <trkpt lat="43.178460" lon="-2.489130"/>
      <trkpt lat="43.178360" lon="-2.489330"/>
      <trkpt lat="43.178210" lon="-2.489590"/>
      <trkpt lat="43.178100" lon="-2.489790"/>
      <trkpt lat="43.177960" lon="-2.490050"/>
      <trkpt lat="43.177720" lon="-2.490440"/>
      <trkpt lat="43.177610" lon="-2.490650"/>
      <trkpt lat="43.177510" lon="-2.490850"/>
      <trkpt lat="43.177420" lon="-2.491080"/>
      <trkpt lat="43.177310" lon="-2.491440"/>
      <trkpt lat="43.177210" lon="-2.491870"/>
      <trkpt lat="43.177190" lon="-2.492080"/>
      <trkpt lat="43.177160" lon="-2.492300"/>
      <trkpt lat="43.177150" lon="-2.492620"/>
      <trkpt lat="43.177150" lon="-2.492970"/>
      <trkpt lat="43.177170" lon="-2.493260"/>
      <trkpt lat="43.177220" lon="-2.493570"/>
      <trkpt lat="43.177290" lon="-2.493930"/>
      <trkpt lat="43.177470" lon="-2.494650"/>
      <trkpt lat="43.177540" lon="-2.495000"/>
      <trkpt lat="43.177600" lon="-2.495350"/>
      <trkpt lat="43.177630" lon="-2.495640"/>
      <trkpt lat="43.177640" lon="-2.495920"/>
      <trkpt lat="43.177630" lon="-2.496130"/>
      <trkpt lat="43.177610" lon="-2.496430"/>
      <trkpt lat="43.177560" lon="-2.496730"/>
      <trkpt lat="43.177450" lon="-2.497160"/>
      <trkpt lat="43.177300" lon="-2.497600"/>
      <trkpt lat="43.177140" lon="-2.498030"/>
      <trkpt lat="43.177030" lon="-2.498360"/>
      <trkpt lat="43.176930" lon="-2.498680"/>
      <trkpt lat="43.176840" lon="-2.499080"/>
      <trkpt lat="43.176800" lon="-2.499420"/>
      <trkpt lat="43.176770" lon="-2.499800"/>
      <trkpt lat="43.176780" lon="-2.500140"/>
      <trkpt lat="43.176810" lon="-2.500650"/>
      <trkpt lat="43.176850" lon="-2.501230"/>
      <trkpt lat="43.176880" lon="-2.501680"/>
      <trkpt lat="43.176870" lon="-2.501990"/>
      <trkpt lat="43.176850" lon="-2.502350"/>
      <trkpt lat="43.176820" lon="-2.502580"/>
      <trkpt lat="43.176780" lon="-2.502860"/>
      <trkpt lat="43.176690" lon="-2.503230"/>
      <trkpt lat="43.176610" lon="-2.503530"/>
      <trkpt lat="43.176480" lon="-2.503880"/>
      <trkpt lat="43.176310" lon="-2.504250"/>
      <trkpt lat="43.176120" lon="-2.504600"/>
      <trkpt lat="43.175920" lon="-2.504890"/>
      <trkpt lat="43.175460" lon="-2.505500"/>
      <trkpt lat="43.175230" lon="-2.505830"/>
      <trkpt lat="43.175090" lon="-2.506070"/>
      <trkpt lat="43.174940" lon="-2.506380"/>
      <trkpt lat="43.174790" lon="-2.506790"/>
      <trkpt lat="43.174710" lon="-2.507070"/>
      <trkpt lat="43.174650" lon="-2.507370"/>
      <trkpt lat="43.174590" lon="-2.507800"/>
      <trkpt lat="43.174560" lon="-2.508180"/>
      <trkpt lat="43.174550" lon="-2.508580"/>
      <trkpt lat="43.174560" lon="-2.509090"/>
      <trkpt lat="43.174590" lon="-2.509470"/>
      <trkpt lat="43.174650" lon="-2.509950"/>
      <trkpt lat="43.174800" lon="-2.511120"/>
      <trkpt lat="43.174940" lon="-2.512270"/>
      <trkpt lat="43.175120" lon="-2.513920"/>
      <trkpt lat="43.175180" lon="-2.514660"/>
      <trkpt lat="43.175290" lon="-2.515930"/>
      <trkpt lat="43.175410" lon="-2.517100"/>
      <trkpt lat="43.175470" lon="-2.517650"/>
      <trkpt lat="43.175540" lon="-2.518200"/>
      <trkpt lat="43.175660" lon="-2.519070"/>
      <trkpt lat="43.175720" lon="-2.519390"/>
      <trkpt lat="43.175820" lon="-2.520000"/>
      <trkpt lat="43.175970" lon="-2.520780"/>
      <trkpt lat="43.176080" lon="-2.521300"/>
      <trkpt lat="43.176250" lon="-2.522020"/>
      <trkpt lat="43.176390" lon="-2.522590"/>
      <trkpt lat="43.176520" lon="-2.523090"/>
      <trkpt lat="43.176680" lon="-2.523680"/>
      <trkpt lat="43.176900" lon="-2.524460"/>
      <trkpt lat="43.177020" lon="-2.524900"/>
      <trkpt lat="43.177080" lon="-2.525180"/>
      <trkpt lat="43.177110" lon="-2.525450"/>
      <trkpt lat="43.177140" lon="-2.525690"/>
      <trkpt lat="43.177150" lon="-2.525900"/>
      <trkpt lat="43.177150" lon="-2.526110"/>
      <trkpt lat="43.177140" lon="-2.526380"/>
      <trkpt lat="43.177110" lon="-2.526600"/>
      <trkpt lat="43.177040" lon="-2.526920"/>
      <trkpt lat="43.176960" lon="-2.527220"/>
      <trkpt lat="43.176850" lon="-2.527520"/>
      <trkpt lat="43.176750" lon="-2.527750"/>
      <trkpt lat="43.176570" lon="-2.528080"/>
      <trkpt lat="43.176360" lon="-2.528390"/>
      <trkpt lat="43.175750" lon="-2.529140"/>
      <trkpt lat="43.174520" lon="-2.530620"/>
      <trkpt lat="43.173470" lon="-2.531810"/>
      <trkpt lat="43.172250" lon="-2.533190"/>
      <trkpt lat="43.172080" lon="-2.533400"/>
      <trkpt lat="43.171990" lon="-2.533520"/>
      <trkpt lat="43.171840" lon="-2.533750"/>
      <trkpt lat="43.171740" lon="-2.533920"/>
      <trkpt lat="43.171650" lon="-2.534120"/>
      <trkpt lat="43.171570" lon="-2.534350"/>
      <trkpt lat="43.171490" lon="-2.534640"/>
      <trkpt lat="43.171440" lon="-2.534870"/>
      <trkpt lat="43.171390" lon="-2.535160"/>
      <trkpt lat="43.171360" lon="-2.535460"/>
      <trkpt lat="43.171340" lon="-2.535820"/>
      <trkpt lat="43.171350" lon="-2.536190"/>
      <trkpt lat="43.171360" lon="-2.536660"/>
      <trkpt lat="43.171360" lon="-2.537240"/>
      <trkpt lat="43.171340" lon="-2.537730"/>
      <trkpt lat="43.171290" lon="-2.538260"/>
      <trkpt lat="43.171210" lon="-2.538710"/>
      <trkpt lat="43.171090" lon="-2.539270"/>
      <trkpt lat="43.170940" lon="-2.539790"/>
      <trkpt lat="43.170750" lon="-2.540300"/>
      <trkpt lat="43.170510" lon="-2.540820"/>
      <trkpt lat="43.170320" lon="-2.541150"/>
      <trkpt lat="43.170100" lon="-2.541530"/>
      <trkpt lat="43.169680" lon="-2.542160"/>
      <trkpt lat="43.169240" lon="-2.542780"/>
      <trkpt lat="43.168780" lon="-2.543450"/>
      <trkpt lat="43.168600" lon="-2.543740"/>
      <trkpt lat="43.168490" lon="-2.543970"/>
      <trkpt lat="43.168250" lon="-2.544460"/>
      <trkpt lat="43.168200" lon="-2.544600"/>
      <trkpt lat="43.168100" lon="-2.544900"/>
      <trkpt lat="43.167960" lon="-2.545350"/>
      <trkpt lat="43.167920" lon="-2.545510"/>
      <trkpt lat="43.167880" lon="-2.545730"/>
      <trkpt lat="43.167850" lon="-2.545910"/>
      <trkpt lat="43.167820" lon="-2.546240"/>
      <trkpt lat="43.167790" lon="-2.546670"/>
      <trkpt lat="43.167780" lon="-2.546850"/>
      <trkpt lat="43.167780" lon="-2.547540"/>
      <trkpt lat="43.167780" lon="-2.547790"/>
      <trkpt lat="43.167800" lon="-2.548420"/>
      <trkpt lat="43.167790" lon="-2.548770"/>
      <trkpt lat="43.167740" lon="-2.549580"/>
      <trkpt lat="43.167730" lon="-2.549670"/>
      <trkpt lat="43.167700" lon="-2.549890"/>
      <trkpt lat="43.167640" lon="-2.550320"/>
      <trkpt lat="43.167590" lon="-2.550660"/>
      <trkpt lat="43.167530" lon="-2.551130"/>
      <trkpt lat="43.167490" lon="-2.551380"/>
      <trkpt lat="43.167420" lon="-2.551860"/>
      <trkpt lat="43.167400" lon="-2.552140"/>
      <trkpt lat="43.167370" lon="-2.552770"/>
      <trkpt lat="43.167360" lon="-2.552990"/>
      <trkpt lat="43.167370" lon="-2.553670"/>
      <trkpt lat="43.167430" lon="-2.554670"/>
      <trkpt lat="43.167470" lon="-2.555400"/>
      <trkpt lat="43.167490" lon="-2.555990"/>
      <trkpt lat="43.167470" lon="-2.556700"/>
      <trkpt lat="43.167460" lon="-2.557050"/>
      <trkpt lat="43.167380" lon="-2.558120"/>
      <trkpt lat="43.167330" lon="-2.558780"/>
      <trkpt lat="43.167310" lon="-2.559400"/>
      <trkpt lat="43.167310" lon="-2.560020"/>
      <trkpt lat="43.167350" lon="-2.560700"/>
      <trkpt lat="43.167400" lon="-2.561110"/>
      <trkpt lat="43.167460" lon="-2.561610"/>
      <trkpt lat="43.167600" lon="-2.562320"/>
      <trkpt lat="43.167740" lon="-2.562890"/>
      <trkpt lat="43.167790" lon="-2.563120"/>
      <trkpt lat="43.167830" lon="-2.563270"/>
      <trkpt lat="43.168000" lon="-2.563850"/>
      <trkpt lat="43.168200" lon="-2.564600"/>
      <trkpt lat="43.168330" lon="-2.565140"/>
      <trkpt lat="43.168380" lon="-2.565420"/>
      <trkpt lat="43.168450" lon="-2.565840"/>
      <trkpt lat="43.168510" lon="-2.566170"/>
      <trkpt lat="43.168550" lon="-2.566540"/>
      <trkpt lat="43.168580" lon="-2.566870"/>
      <trkpt lat="43.168600" lon="-2.567140"/>
      <trkpt lat="43.168610" lon="-2.567330"/>
      <trkpt lat="43.168620" lon="-2.567580"/>
      <trkpt lat="43.168620" lon="-2.567740"/>
      <trkpt lat="43.168630" lon="-2.568150"/>
      <trkpt lat="43.168630" lon="-2.568320"/>
      <trkpt lat="43.168630" lon="-2.568620"/>
      <trkpt lat="43.168610" lon="-2.569160"/>
      <trkpt lat="43.168530" lon="-2.569960"/>
      <trkpt lat="43.168460" lon="-2.570420"/>
      <trkpt lat="43.168350" lon="-2.571060"/>
      <trkpt lat="43.168300" lon="-2.571330"/>
      <trkpt lat="43.168260" lon="-2.571550"/>
      <trkpt lat="43.168200" lon="-2.571830"/>
      <trkpt lat="43.168120" lon="-2.572200"/>
      <trkpt lat="43.167870" lon="-2.573440"/>
      <trkpt lat="43.167680" lon="-2.574740"/>
      <trkpt lat="43.167630" lon="-2.575360"/>
      <trkpt lat="43.167610" lon="-2.575840"/>
      <trkpt lat="43.167610" lon="-2.575930"/>
      <trkpt lat="43.167610" lon="-2.576530"/>
      <trkpt lat="43.167680" lon="-2.577410"/>
      <trkpt lat="43.167720" lon="-2.577740"/>
      <trkpt lat="43.167770" lon="-2.578200"/>
      <trkpt lat="43.167870" lon="-2.578720"/>
      <trkpt lat="43.167990" lon="-2.579310"/>
      <trkpt lat="43.168250" lon="-2.580350"/>
      <trkpt lat="43.168450" lon="-2.581070"/>
      <trkpt lat="43.168670" lon="-2.581880"/>
      <trkpt lat="43.168890" lon="-2.582710"/>
      <trkpt lat="43.169040" lon="-2.583430"/>
      <trkpt lat="43.169170" lon="-2.584230"/>
      <trkpt lat="43.169260" lon="-2.584930"/>
      <trkpt lat="43.169290" lon="-2.585680"/>
      <trkpt lat="43.169300" lon="-2.586250"/>
      <trkpt lat="43.169280" lon="-2.586880"/>
      <trkpt lat="43.169240" lon="-2.587450"/>
      <trkpt lat="43.169180" lon="-2.587940"/>
      <trkpt lat="43.169030" lon="-2.588890"/>
      <trkpt lat="43.168980" lon="-2.589240"/>
      <trkpt lat="43.168810" lon="-2.590020"/>
      <trkpt lat="43.168580" lon="-2.591050"/>
      <trkpt lat="43.168410" lon="-2.591850"/>
      <trkpt lat="43.168280" lon="-2.592480"/>
      <trkpt lat="43.168160" lon="-2.593150"/>
      <trkpt lat="43.168050" lon="-2.593870"/>
      <trkpt lat="43.167950" lon="-2.594650"/>
      <trkpt lat="43.167900" lon="-2.595360"/>
      <trkpt lat="43.167860" lon="-2.595860"/>
      <trkpt lat="43.167840" lon="-2.596360"/>
      <trkpt lat="43.167820" lon="-2.597200"/>
      <trkpt lat="43.167830" lon="-2.597770"/>
      <trkpt lat="43.167860" lon="-2.598730"/>
      <trkpt lat="43.167940" lon="-2.599660"/>
      <trkpt lat="43.168050" lon="-2.600600"/>
      <trkpt lat="43.168160" lon="-2.601290"/>
      <trkpt lat="43.168270" lon="-2.601880"/>
      <trkpt lat="43.168380" lon="-2.602450"/>
      <trkpt lat="43.168480" lon="-2.602880"/>
      <trkpt lat="43.168540" lon="-2.603140"/>
      <trkpt lat="43.168720" lon="-2.603820"/>
      <trkpt lat="43.168940" lon="-2.604560"/>
      <trkpt lat="43.169150" lon="-2.605200"/>
      <trkpt lat="43.169320" lon="-2.605640"/>
      <trkpt lat="43.169480" lon="-2.606020"/>
      <trkpt lat="43.169650" lon="-2.606380"/>
      <trkpt lat="43.170070" lon="-2.607160"/>
      <trkpt lat="43.170290" lon="-2.607520"/>
      <trkpt lat="43.170790" lon="-2.608270"/>
      <trkpt lat="43.171220" lon="-2.608850"/>
      <trkpt lat="43.171450" lon="-2.609200"/>
      <trkpt lat="43.171600" lon="-2.609460"/>
      <trkpt lat="43.171860" lon="-2.609910"/>
      <trkpt lat="43.172190" lon="-2.610580"/>
      <trkpt lat="43.172280" lon="-2.610760"/>
      <trkpt lat="43.172400" lon="-2.611030"/>
      <trkpt lat="43.172650" lon="-2.611640"/>
      <trkpt lat="43.172720" lon="-2.611840"/>
      <trkpt lat="43.172960" lon="-2.612580"/>
      <trkpt lat="43.173330" lon="-2.613780"/>
      <trkpt lat="43.173550" lon="-2.614390"/>
      <trkpt lat="43.173630" lon="-2.614580"/>
      <trkpt lat="43.173790" lon="-2.614960"/>
      <trkpt lat="43.174030" lon="-2.615460"/>
      <trkpt lat="43.174340" lon="-2.616020"/>
      <trkpt lat="43.174700" lon="-2.616600"/>
      <trkpt lat="43.175020" lon="-2.617090"/>
      <trkpt lat="43.175250" lon="-2.617480"/>
      <trkpt lat="43.175620" lon="-2.618110"/>
      <trkpt lat="43.176000" lon="-2.618780"/>
      <trkpt lat="43.176390" lon="-2.619540"/>
      <trkpt lat="43.176490" lon="-2.619750"/>
      <trkpt lat="43.176960" lon="-2.620710"/>
      <trkpt lat="43.177170" lon="-2.621180"/>
      <trkpt lat="43.177540" lon="-2.622050"/>
      <trkpt lat="43.177890" lon="-2.622920"/>
      <trkpt lat="43.178110" lon="-2.623540"/>
      <trkpt lat="43.178300" lon="-2.624150"/>
      <trkpt lat="43.178480" lon="-2.624900"/>
      <trkpt lat="43.178550" lon="-2.625290"/>
      <trkpt lat="43.178610" lon="-2.625680"/>
      <trkpt lat="43.178640" lon="-2.625860"/>
      <trkpt lat="43.178690" lon="-2.626290"/>
      <trkpt lat="43.178770" lon="-2.627130"/>
      <trkpt lat="43.178870" lon="-2.628460"/>
      <trkpt lat="43.178930" lon="-2.629490"/>
      <trkpt lat="43.178970" lon="-2.630300"/>
      <trkpt lat="43.179020" lon="-2.631340"/>
      <trkpt lat="43.179030" lon="-2.631760"/>
      <trkpt lat="43.179060" lon="-2.633270"/>
      <trkpt lat="43.179100" lon="-2.634950"/>
      <trkpt lat="43.179120" lon="-2.635920"/>
      <trkpt lat="43.179220" lon="-2.637470"/>
      <trkpt lat="43.179280" lon="-2.638200"/>
      <trkpt lat="43.179320" lon="-2.638710"/>
      <trkpt lat="43.179400" lon="-2.639480"/>
      <trkpt lat="43.179440" lon="-2.639940"/>
      <trkpt lat="43.179570" lon="-2.640910"/>
      <trkpt lat="43.179610" lon="-2.641180"/>
      <trkpt lat="43.179750" lon="-2.642050"/>
      <trkpt lat="43.179840" lon="-2.642650"/>
      <trkpt lat="43.179860" lon="-2.642750"/>
      <trkpt lat="43.179870" lon="-2.642820"/>
      <trkpt lat="43.180020" lon="-2.643870"/>
      <trkpt lat="43.180110" lon="-2.644270"/>
      <trkpt lat="43.180520" lon="-2.646050"/>
      <trkpt lat="43.180840" lon="-2.647420"/>
      <trkpt lat="43.181030" lon="-2.648190"/>
      <trkpt lat="43.181310" lon="-2.649150"/>
      <trkpt lat="43.181900" lon="-2.651020"/>
      <trkpt lat="43.182300" lon="-2.652220"/>
      <trkpt lat="43.182520" lon="-2.652820"/>
      <trkpt lat="43.183440" lon="-2.655200"/>
      <trkpt lat="43.184000" lon="-2.656760"/>
      <trkpt lat="43.184990" lon="-2.659970"/>
      <trkpt lat="43.185120" lon="-2.660450"/>
      <trkpt lat="43.185270" lon="-2.660990"/>
      <trkpt lat="43.185280" lon="-2.661060"/>
      <trkpt lat="43.185440" lon="-2.661640"/>
      <trkpt lat="43.185740" lon="-2.662920"/>
      <trkpt lat="43.185870" lon="-2.663510"/>
      <trkpt lat="43.185970" lon="-2.664010"/>
      <trkpt lat="43.186120" lon="-2.664700"/>
      <trkpt lat="43.186390" lon="-2.666210"/>
      <trkpt lat="43.186480" lon="-2.666750"/>
      <trkpt lat="43.186630" lon="-2.667610"/>
      <trkpt lat="43.186740" lon="-2.668480"/>
      <trkpt lat="43.187090" lon="-2.671330"/>
      <trkpt lat="43.187210" lon="-2.672500"/>
      <trkpt lat="43.187320" lon="-2.673750"/>
      <trkpt lat="43.187390" lon="-2.674610"/>
      <trkpt lat="43.187620" lon="-2.677430"/>
      <trkpt lat="43.187710" lon="-2.678370"/>
      <trkpt lat="43.187760" lon="-2.678890"/>
      <trkpt lat="43.187800" lon="-2.679250"/>
      <trkpt lat="43.187870" lon="-2.679890"/>
      <trkpt lat="43.187950" lon="-2.680490"/>
      <trkpt lat="43.188050" lon="-2.681150"/>
      <trkpt lat="43.188240" lon="-2.682230"/>
      <trkpt lat="43.188330" lon="-2.682680"/>
      <trkpt lat="43.188420" lon="-2.683140"/>
      <trkpt lat="43.188520" lon="-2.683580"/>
      <trkpt lat="43.188630" lon="-2.684090"/>
      <trkpt lat="43.188750" lon="-2.684580"/>
      <trkpt lat="43.188990" lon="-2.685500"/>
      <trkpt lat="43.189220" lon="-2.686280"/>
      <trkpt lat="43.189420" lon="-2.686860"/>
      <trkpt lat="43.189580" lon="-2.687270"/>
      <trkpt lat="43.189690" lon="-2.687520"/>
      <trkpt lat="43.189820" lon="-2.687800"/>
      <trkpt lat="43.189940" lon="-2.688050"/>
      <trkpt lat="43.190040" lon="-2.688260"/>
      <trkpt lat="43.190180" lon="-2.688500"/>
      <trkpt lat="43.190300" lon="-2.688700"/>
      <trkpt lat="43.190460" lon="-2.688970"/>
      <trkpt lat="43.190610" lon="-2.689190"/>
      <trkpt lat="43.190930" lon="-2.689630"/>
      <trkpt lat="43.191200" lon="-2.689960"/>
      <trkpt lat="43.191500" lon="-2.690270"/>
      <trkpt lat="43.191690" lon="-2.690460"/>
      <trkpt lat="43.191910" lon="-2.690670"/>
      <trkpt lat="43.192240" lon="-2.690940"/>
      <trkpt lat="43.192550" lon="-2.691180"/>
      <trkpt lat="43.192720" lon="-2.691290"/>
      <trkpt lat="43.192930" lon="-2.691420"/>
      <trkpt lat="43.193140" lon="-2.691550"/>
      <trkpt lat="43.193360" lon="-2.691660"/>
      <trkpt lat="43.193550" lon="-2.691750"/>
      <trkpt lat="43.193720" lon="-2.691820"/>
      <trkpt lat="43.193870" lon="-2.691890"/>
      <trkpt lat="43.194180" lon="-2.692000"/>
      <trkpt lat="43.194330" lon="-2.692040"/>
      <trkpt lat="43.194640" lon="-2.692120"/>
      <trkpt lat="43.194800" lon="-2.692160"/>
      <trkpt lat="43.194980" lon="-2.692190"/>
      <trkpt lat="43.195350" lon="-2.692240"/>
      <trkpt lat="43.196280" lon="-2.692340"/>
      <trkpt lat="43.196570" lon="-2.692400"/>
      <trkpt lat="43.196850" lon="-2.692450"/>
      <trkpt lat="43.197130" lon="-2.692530"/>
      <trkpt lat="43.197560" lon="-2.692670"/>
      <trkpt lat="43.197860" lon="-2.692800"/>
      <trkpt lat="43.198310" lon="-2.693020"/>
      <trkpt lat="43.198550" lon="-2.693160"/>
      <trkpt lat="43.198750" lon="-2.693290"/>
      <trkpt lat="43.199230" lon="-2.693630"/>
      <trkpt lat="43.199650" lon="-2.694000"/>
      <trkpt lat="43.200030" lon="-2.694370"/>
      <trkpt lat="43.200420" lon="-2.694830"/>
      <trkpt lat="43.200720" lon="-2.695210"/>
      <trkpt lat="43.200920" lon="-2.695490"/>
      <trkpt lat="43.201120" lon="-2.695790"/>
      <trkpt lat="43.201230" lon="-2.695980"/>
      <trkpt lat="43.201380" lon="-2.696240"/>
      <trkpt lat="43.201550" lon="-2.696560"/>
      <trkpt lat="43.201740" lon="-2.696940"/>
      <trkpt lat="43.202470" lon="-2.698690"/>
      <trkpt lat="43.203020" lon="-2.699950"/>
      <trkpt lat="43.203290" lon="-2.700510"/>
      <trkpt lat="43.203550" lon="-2.701000"/>
      <trkpt lat="43.203800" lon="-2.701470"/>
      <trkpt lat="43.203980" lon="-2.701780"/>
      <trkpt lat="43.204080" lon="-2.701960"/>
      <trkpt lat="43.204370" lon="-2.702420"/>
      <trkpt lat="43.204580" lon="-2.702750"/>
      <trkpt lat="43.204800" lon="-2.703060"/>
      <trkpt lat="43.205140" lon="-2.703530"/>
      <trkpt lat="43.205510" lon="-2.704010"/>
      <trkpt lat="43.205940" lon="-2.704520"/>
      <trkpt lat="43.206370" lon="-2.705000"/>
      <trkpt lat="43.206970" lon="-2.705630"/>
      <trkpt lat="43.207580" lon="-2.706240"/>
      <trkpt lat="43.208050" lon="-2.706740"/>
      <trkpt lat="43.208380" lon="-2.707080"/>
      <trkpt lat="43.208670" lon="-2.707430"/>
      <trkpt lat="43.208810" lon="-2.707590"/>
      <trkpt lat="43.208960" lon="-2.707780"/>
      <trkpt lat="43.209060" lon="-2.707910"/>
      <trkpt lat="43.209160" lon="-2.708050"/>
      <trkpt lat="43.209350" lon="-2.708320"/>
      <trkpt lat="43.209450" lon="-2.708470"/>
      <trkpt lat="43.209580" lon="-2.708680"/>
      <trkpt lat="43.209660" lon="-2.708820"/>
      <trkpt lat="43.209720" lon="-2.708940"/>
      <trkpt lat="43.209900" lon="-2.709260"/>
      <trkpt lat="43.210060" lon="-2.709570"/>
      <trkpt lat="43.210090" lon="-2.709630"/>
      <trkpt lat="43.210170" lon="-2.709810"/>
      <trkpt lat="43.210250" lon="-2.709990"/>
      <trkpt lat="43.210320" lon="-2.710160"/>
      <trkpt lat="43.210360" lon="-2.710260"/>
      <trkpt lat="43.210390" lon="-2.710350"/>
      <trkpt lat="43.210460" lon="-2.710520"/>
      <trkpt lat="43.210530" lon="-2.710710"/>
      <trkpt lat="43.210590" lon="-2.710890"/>
      <trkpt lat="43.210650" lon="-2.711080"/>
      <trkpt lat="43.210710" lon="-2.711270"/>
      <trkpt lat="43.210760" lon="-2.711460"/>
      <trkpt lat="43.210820" lon="-2.711650"/>
      <trkpt lat="43.210860" lon="-2.711810"/>
      <trkpt lat="43.210900" lon="-2.711990"/>
      <trkpt lat="43.210940" lon="-2.712190"/>
      <trkpt lat="43.210990" lon="-2.712390"/>
      <trkpt lat="43.211020" lon="-2.712590"/>
      <trkpt lat="43.211060" lon="-2.712780"/>
      <trkpt lat="43.211090" lon="-2.712980"/>
      <trkpt lat="43.211110" lon="-2.713080"/>
      <trkpt lat="43.211120" lon="-2.713180"/>
      <trkpt lat="43.211150" lon="-2.713390"/>
      <trkpt lat="43.211160" lon="-2.713480"/>
      <trkpt lat="43.211170" lon="-2.713590"/>
      <trkpt lat="43.211180" lon="-2.713690"/>
      <trkpt lat="43.211190" lon="-2.713800"/>
      <trkpt lat="43.211190" lon="-2.713890"/>
      <trkpt lat="43.211200" lon="-2.714000"/>
      <trkpt lat="43.211210" lon="-2.714130"/>
      <trkpt lat="43.211220" lon="-2.714200"/>
      <trkpt lat="43.211220" lon="-2.714280"/>
      <trkpt lat="43.211230" lon="-2.714410"/>
      <trkpt lat="43.211230" lon="-2.714610"/>
      <trkpt lat="43.211240" lon="-2.714820"/>
      <trkpt lat="43.211250" lon="-2.715020"/>
      <trkpt lat="43.211260" lon="-2.715430"/>
      <trkpt lat="43.211260" lon="-2.715630"/>
      <trkpt lat="43.211270" lon="-2.715840"/>
      <trkpt lat="43.211270" lon="-2.715920"/>
      <trkpt lat="43.211270" lon="-2.716040"/>
      <trkpt lat="43.211280" lon="-2.716160"/>
      <trkpt lat="43.211280" lon="-2.716260"/>
      <trkpt lat="43.211290" lon="-2.716350"/>
      <trkpt lat="43.211290" lon="-2.716460"/>
      <trkpt lat="43.211300" lon="-2.716560"/>
      <trkpt lat="43.211310" lon="-2.716660"/>
      <trkpt lat="43.211320" lon="-2.716760"/>
      <trkpt lat="43.211330" lon="-2.716870"/>
      <trkpt lat="43.211340" lon="-2.716960"/>
      <trkpt lat="43.211350" lon="-2.717060"/>
      <trkpt lat="43.211360" lon="-2.717160"/>
      <trkpt lat="43.211370" lon="-2.717270"/>
      <trkpt lat="43.211390" lon="-2.717380"/>
      <trkpt lat="43.211400" lon="-2.717480"/>
      <trkpt lat="43.211420" lon="-2.717580"/>
      <trkpt lat="43.211430" lon="-2.717670"/>
      <trkpt lat="43.211450" lon="-2.717780"/>
      <trkpt lat="43.211470" lon="-2.717880"/>
      <trkpt lat="43.211490" lon="-2.717980"/>
      <trkpt lat="43.211500" lon="-2.718070"/>
      <trkpt lat="43.211550" lon="-2.718290"/>
      <trkpt lat="43.211570" lon="-2.718390"/>
      <trkpt lat="43.211590" lon="-2.718480"/>
      <trkpt lat="43.211620" lon="-2.718590"/>
      <trkpt lat="43.211640" lon="-2.718680"/>
      <trkpt lat="43.211660" lon="-2.718790"/>
      <trkpt lat="43.211690" lon="-2.718880"/>
      <trkpt lat="43.211720" lon="-2.718990"/>
      <trkpt lat="43.211750" lon="-2.719090"/>
      <trkpt lat="43.211800" lon="-2.719280"/>
      <trkpt lat="43.211830" lon="-2.719380"/>
      <trkpt lat="43.211860" lon="-2.719480"/>
      <trkpt lat="43.211930" lon="-2.719670"/>
      <trkpt lat="43.211990" lon="-2.719850"/>
      <trkpt lat="43.212070" lon="-2.720060"/>
      <trkpt lat="43.212140" lon="-2.720260"/>
      <trkpt lat="43.212170" lon="-2.720340"/>
      <trkpt lat="43.212210" lon="-2.720430"/>
      <trkpt lat="43.212310" lon="-2.720650"/>
      <trkpt lat="43.212370" lon="-2.720780"/>
      <trkpt lat="43.212410" lon="-2.720860"/>
      <trkpt lat="43.212490" lon="-2.721050"/>
      <trkpt lat="43.212620" lon="-2.721280"/>
      <trkpt lat="43.212670" lon="-2.721380"/>
      <trkpt lat="43.212720" lon="-2.721480"/>
      <trkpt lat="43.212770" lon="-2.721570"/>
      <trkpt lat="43.212820" lon="-2.721660"/>
      <trkpt lat="43.212880" lon="-2.721750"/>
      <trkpt lat="43.212940" lon="-2.721850"/>
      <trkpt lat="43.213040" lon="-2.722010"/>
      <trkpt lat="43.213090" lon="-2.722090"/>
      <trkpt lat="43.213150" lon="-2.722180"/>
      <trkpt lat="43.213200" lon="-2.722250"/>
      <trkpt lat="43.213260" lon="-2.722340"/>
      <trkpt lat="43.213350" lon="-2.722460"/>
      <trkpt lat="43.213430" lon="-2.722580"/>
      <trkpt lat="43.213550" lon="-2.722730"/>
      <trkpt lat="43.213600" lon="-2.722800"/>
      <trkpt lat="43.213670" lon="-2.722880"/>
      <trkpt lat="43.213720" lon="-2.722940"/>
      <trkpt lat="43.213780" lon="-2.723010"/>
      <trkpt lat="43.213840" lon="-2.723080"/>
      <trkpt lat="43.213900" lon="-2.723150"/>
      <trkpt lat="43.214020" lon="-2.723280"/>
      <trkpt lat="43.214140" lon="-2.723410"/>
      <trkpt lat="43.214270" lon="-2.723530"/>
      <trkpt lat="43.214390" lon="-2.723650"/>
      <trkpt lat="43.214450" lon="-2.723700"/>
      <trkpt lat="43.214520" lon="-2.723760"/>
      <trkpt lat="43.214660" lon="-2.723880"/>
      <trkpt lat="43.214780" lon="-2.723990"/>
      <trkpt lat="43.214920" lon="-2.724090"/>
      <trkpt lat="43.215060" lon="-2.724200"/>
      <trkpt lat="43.215120" lon="-2.724240"/>
      <trkpt lat="43.215190" lon="-2.724290"/>
      <trkpt lat="43.215260" lon="-2.724340"/>
      <trkpt lat="43.215330" lon="-2.724380"/>
      <trkpt lat="43.215470" lon="-2.724470"/>
      <trkpt lat="43.215610" lon="-2.724560"/>
      <trkpt lat="43.215770" lon="-2.724650"/>
      <trkpt lat="43.215890" lon="-2.724710"/>
      <trkpt lat="43.216020" lon="-2.724780"/>
      <trkpt lat="43.216160" lon="-2.724840"/>
      <trkpt lat="43.216310" lon="-2.724910"/>
      <trkpt lat="43.216450" lon="-2.724970"/>
      <trkpt lat="43.216520" lon="-2.725000"/>
      <trkpt lat="43.216610" lon="-2.725040"/>
      <trkpt lat="43.216780" lon="-2.725100"/>
      <trkpt lat="43.216940" lon="-2.725150"/>
      <trkpt lat="43.217090" lon="-2.725190"/>
      <trkpt lat="43.217170" lon="-2.725210"/>
      <trkpt lat="43.217260" lon="-2.725230"/>
      <trkpt lat="43.217380" lon="-2.725260"/>
      <trkpt lat="43.217540" lon="-2.725300"/>
      <trkpt lat="43.217690" lon="-2.725330"/>
      <trkpt lat="43.217910" lon="-2.725380"/>
      <trkpt lat="43.218090" lon="-2.725430"/>
      <trkpt lat="43.218230" lon="-2.725460"/>
      <trkpt lat="43.218390" lon="-2.725510"/>
      <trkpt lat="43.218530" lon="-2.725550"/>
      <trkpt lat="43.218620" lon="-2.725570"/>
      <trkpt lat="43.218700" lon="-2.725600"/>
      <trkpt lat="43.218850" lon="-2.725650"/>
      <trkpt lat="43.218990" lon="-2.725690"/>
      <trkpt lat="43.219150" lon="-2.725750"/>
      <trkpt lat="43.219290" lon="-2.725800"/>
      <trkpt lat="43.219430" lon="-2.725860"/>
      <trkpt lat="43.219570" lon="-2.725920"/>
      <trkpt lat="43.219640" lon="-2.725950"/>
      <trkpt lat="43.219720" lon="-2.725980"/>
      <trkpt lat="43.219840" lon="-2.726030"/>
      <trkpt lat="43.220000" lon="-2.726110"/>
      <trkpt lat="43.220140" lon="-2.726180"/>
      <trkpt lat="43.220280" lon="-2.726260"/>
      <trkpt lat="43.220420" lon="-2.726330"/>
      <trkpt lat="43.220560" lon="-2.726410"/>
      <trkpt lat="43.220760" lon="-2.726520"/>
      <trkpt lat="43.220960" lon="-2.726650"/>
      <trkpt lat="43.221100" lon="-2.726760"/>
      <trkpt lat="43.221270" lon="-2.726900"/>
      <trkpt lat="43.221420" lon="-2.727040"/>
      <trkpt lat="43.221490" lon="-2.727090"/>
      <trkpt lat="43.221610" lon="-2.727210"/>
      <trkpt lat="43.221760" lon="-2.727350"/>
      <trkpt lat="43.221950" lon="-2.727550"/>
      <trkpt lat="43.222070" lon="-2.727680"/>
      <trkpt lat="43.222180" lon="-2.727800"/>
      <trkpt lat="43.222290" lon="-2.727940"/>
      <trkpt lat="43.222340" lon="-2.728010"/>
      <trkpt lat="43.222390" lon="-2.728070"/>
      <trkpt lat="43.222500" lon="-2.728210"/>
      <trkpt lat="43.222600" lon="-2.728350"/>
      <trkpt lat="43.222700" lon="-2.728500"/>
      <trkpt lat="43.222800" lon="-2.728650"/>
      <trkpt lat="43.222900" lon="-2.728800"/>
      <trkpt lat="43.222990" lon="-2.728950"/>
      <trkpt lat="43.223080" lon="-2.729110"/>
      <trkpt lat="43.223170" lon="-2.729280"/>
      <trkpt lat="43.223250" lon="-2.729450"/>
      <trkpt lat="43.223300" lon="-2.729530"/>
      <trkpt lat="43.223340" lon="-2.729620"/>
      <trkpt lat="43.223420" lon="-2.729790"/>
      <trkpt lat="43.223460" lon="-2.729870"/>
      <trkpt lat="43.223490" lon="-2.729960"/>
      <trkpt lat="43.223570" lon="-2.730130"/>
      <trkpt lat="43.223640" lon="-2.730310"/>
      <trkpt lat="43.223670" lon="-2.730400"/>
      <trkpt lat="43.223710" lon="-2.730490"/>
      <trkpt lat="43.223800" lon="-2.730730"/>
      <trkpt lat="43.223850" lon="-2.730870"/>
      <trkpt lat="43.223910" lon="-2.731040"/>
      <trkpt lat="43.223980" lon="-2.731260"/>
      <trkpt lat="43.224010" lon="-2.731360"/>
      <trkpt lat="43.224040" lon="-2.731460"/>
      <trkpt lat="43.224120" lon="-2.731710"/>
      <trkpt lat="43.224150" lon="-2.731840"/>
      <trkpt lat="43.224180" lon="-2.731930"/>
      <trkpt lat="43.224210" lon="-2.732040"/>
      <trkpt lat="43.224230" lon="-2.732140"/>
      <trkpt lat="43.224260" lon="-2.732240"/>
      <trkpt lat="43.224310" lon="-2.732450"/>
      <trkpt lat="43.224350" lon="-2.732640"/>
      <trkpt lat="43.224400" lon="-2.732840"/>
      <trkpt lat="43.224440" lon="-2.733040"/>
      <trkpt lat="43.224520" lon="-2.733440"/>
      <trkpt lat="43.224600" lon="-2.733850"/>
      <trkpt lat="43.224690" lon="-2.734270"/>
      <trkpt lat="43.224770" lon="-2.734630"/>
      <trkpt lat="43.224820" lon="-2.734850"/>
      <trkpt lat="43.224870" lon="-2.735050"/>
      <trkpt lat="43.224930" lon="-2.735250"/>
      <trkpt lat="43.224990" lon="-2.735440"/>
      <trkpt lat="43.225050" lon="-2.735640"/>
      <trkpt lat="43.225110" lon="-2.735820"/>
      <trkpt lat="43.225170" lon="-2.736010"/>
      <trkpt lat="43.225260" lon="-2.736270"/>
      <trkpt lat="43.225320" lon="-2.736420"/>
      <trkpt lat="43.225470" lon="-2.736800"/>
      <trkpt lat="43.225610" lon="-2.737170"/>
      <trkpt lat="43.225670" lon="-2.737340"/>
      <trkpt lat="43.225720" lon="-2.737470"/>
      <trkpt lat="43.225770" lon="-2.737600"/>
      <trkpt lat="43.225830" lon="-2.737750"/>
      <trkpt lat="43.225890" lon="-2.737920"/>
      <trkpt lat="43.225920" lon="-2.738020"/>
      <trkpt lat="43.225950" lon="-2.738110"/>
      <trkpt lat="43.225980" lon="-2.738210"/>
      <trkpt lat="43.226010" lon="-2.738300"/>
      <trkpt lat="43.226060" lon="-2.738500"/>
      <trkpt lat="43.226110" lon="-2.738680"/>
      <trkpt lat="43.226140" lon="-2.738790"/>
      <trkpt lat="43.226160" lon="-2.738880"/>
      <trkpt lat="43.226180" lon="-2.738970"/>
      <trkpt lat="43.226210" lon="-2.739080"/>
      <trkpt lat="43.226230" lon="-2.739180"/>
      <trkpt lat="43.226250" lon="-2.739270"/>
      <trkpt lat="43.226270" lon="-2.739370"/>
      <trkpt lat="43.226290" lon="-2.739470"/>
      <trkpt lat="43.226300" lon="-2.739570"/>
      <trkpt lat="43.226320" lon="-2.739670"/>
      <trkpt lat="43.226360" lon="-2.739870"/>
      <trkpt lat="43.226420" lon="-2.740250"/>
      <trkpt lat="43.226480" lon="-2.740670"/>
      <trkpt lat="43.226560" lon="-2.741230"/>
      <trkpt lat="43.226600" lon="-2.741460"/>
      <trkpt lat="43.226630" lon="-2.741660"/>
      <trkpt lat="43.226660" lon="-2.741860"/>
      <trkpt lat="43.226700" lon="-2.742060"/>
      <trkpt lat="43.226740" lon="-2.742260"/>
      <trkpt lat="43.226780" lon="-2.742450"/>
      <trkpt lat="43.226820" lon="-2.742650"/>
      <trkpt lat="43.226860" lon="-2.742840"/>
      <trkpt lat="43.226890" lon="-2.742940"/>
      <trkpt lat="43.226910" lon="-2.743040"/>
      <trkpt lat="43.226940" lon="-2.743130"/>
      <trkpt lat="43.226960" lon="-2.743230"/>
      <trkpt lat="43.227020" lon="-2.743420"/>
      <trkpt lat="43.227070" lon="-2.743610"/>
      <trkpt lat="43.227100" lon="-2.743700"/>
      <trkpt lat="43.227130" lon="-2.743800"/>
      <trkpt lat="43.227190" lon="-2.743990"/>
      <trkpt lat="43.227250" lon="-2.744170"/>
      <trkpt lat="43.227320" lon="-2.744360"/>
      <trkpt lat="43.227380" lon="-2.744530"/>
      <trkpt lat="43.227450" lon="-2.744720"/>
      <trkpt lat="43.227520" lon="-2.744890"/>
      <trkpt lat="43.227600" lon="-2.745080"/>
      <trkpt lat="43.227670" lon="-2.745260"/>
      <trkpt lat="43.227750" lon="-2.745430"/>
      <trkpt lat="43.227830" lon="-2.745600"/>
      <trkpt lat="43.227870" lon="-2.745690"/>
      <trkpt lat="43.227920" lon="-2.745790"/>
      <trkpt lat="43.227960" lon="-2.745870"/>
      <trkpt lat="43.228000" lon="-2.745950"/>
      <trkpt lat="43.228080" lon="-2.746110"/>
      <trkpt lat="43.228170" lon="-2.746280"/>
      <trkpt lat="43.228210" lon="-2.746360"/>
      <trkpt lat="43.228260" lon="-2.746440"/>
      <trkpt lat="43.228440" lon="-2.746770"/>
      <trkpt lat="43.228940" lon="-2.747630"/>
      <trkpt lat="43.228990" lon="-2.747740"/>
      <trkpt lat="43.229080" lon="-2.747890"/>
      <trkpt lat="43.229170" lon="-2.748050"/>
      <trkpt lat="43.229250" lon="-2.748220"/>
      <trkpt lat="43.229340" lon="-2.748390"/>
      <trkpt lat="43.229420" lon="-2.748560"/>
      <trkpt lat="43.229510" lon="-2.748730"/>
      <trkpt lat="43.229580" lon="-2.748910"/>
      <trkpt lat="43.229660" lon="-2.749080"/>
      <trkpt lat="43.229740" lon="-2.749260"/>
      <trkpt lat="43.229810" lon="-2.749440"/>
      <trkpt lat="43.229880" lon="-2.749610"/>
      <trkpt lat="43.229910" lon="-2.749710"/>
      <trkpt lat="43.229950" lon="-2.749800"/>
      <trkpt lat="43.229980" lon="-2.749890"/>
      <trkpt lat="43.230020" lon="-2.749990"/>
      <trkpt lat="43.230080" lon="-2.750170"/>
      <trkpt lat="43.230140" lon="-2.750350"/>
      <trkpt lat="43.230170" lon="-2.750450"/>
      <trkpt lat="43.230200" lon="-2.750550"/>
      <trkpt lat="43.230260" lon="-2.750730"/>
      <trkpt lat="43.230290" lon="-2.750820"/>
      <trkpt lat="43.230320" lon="-2.750920"/>
      <trkpt lat="43.230370" lon="-2.751120"/>
      <trkpt lat="43.230420" lon="-2.751310"/>
      <trkpt lat="43.230440" lon="-2.751400"/>
      <trkpt lat="43.230470" lon="-2.751490"/>
      <trkpt lat="43.230490" lon="-2.751580"/>
      <trkpt lat="43.230510" lon="-2.751690"/>
      <trkpt lat="43.230560" lon="-2.751890"/>
      <trkpt lat="43.230600" lon="-2.752080"/>
      <trkpt lat="43.230640" lon="-2.752280"/>
      <trkpt lat="43.230670" lon="-2.752480"/>
      <trkpt lat="43.230710" lon="-2.752690"/>
      <trkpt lat="43.230740" lon="-2.752890"/>
      <trkpt lat="43.230770" lon="-2.753080"/>
      <trkpt lat="43.230790" lon="-2.753280"/>
      <trkpt lat="43.230820" lon="-2.753490"/>
      <trkpt lat="43.230840" lon="-2.753690"/>
      <trkpt lat="43.230860" lon="-2.753900"/>
      <trkpt lat="43.230880" lon="-2.754100"/>
      <trkpt lat="43.230880" lon="-2.754190"/>
      <trkpt lat="43.230890" lon="-2.754290"/>
      <trkpt lat="43.230900" lon="-2.754400"/>
      <trkpt lat="43.230900" lon="-2.754500"/>
      <trkpt lat="43.230910" lon="-2.754600"/>
      <trkpt lat="43.230920" lon="-2.754700"/>
      <trkpt lat="43.230920" lon="-2.754800"/>
      <trkpt lat="43.230920" lon="-2.754910"/>
      <trkpt lat="43.230930" lon="-2.755110"/>
      <trkpt lat="43.230930" lon="-2.755320"/>
      <trkpt lat="43.230930" lon="-2.755520"/>
      <trkpt lat="43.230920" lon="-2.755930"/>
      <trkpt lat="43.230920" lon="-2.756130"/>
      <trkpt lat="43.230920" lon="-2.756340"/>
      <trkpt lat="43.230900" lon="-2.756750"/>
      <trkpt lat="43.230890" lon="-2.756940"/>
      <trkpt lat="43.230890" lon="-2.757150"/>
      <trkpt lat="43.230870" lon="-2.757550"/>
      <trkpt lat="43.230870" lon="-2.757760"/>
      <trkpt lat="43.230860" lon="-2.757970"/>
      <trkpt lat="43.230860" lon="-2.758170"/>
      <trkpt lat="43.230860" lon="-2.758370"/>
      <trkpt lat="43.230850" lon="-2.758520"/>
      <trkpt lat="43.230850" lon="-2.758750"/>
      <trkpt lat="43.230850" lon="-2.758940"/>
      <trkpt lat="43.230850" lon="-2.759160"/>
      <trkpt lat="43.230850" lon="-2.759360"/>
      <trkpt lat="43.230850" lon="-2.759570"/>
      <trkpt lat="43.230860" lon="-2.759990"/>
      <trkpt lat="43.230870" lon="-2.760400"/>
      <trkpt lat="43.230870" lon="-2.760600"/>
      <trkpt lat="43.230880" lon="-2.760820"/>
      <trkpt lat="43.230910" lon="-2.761440"/>
      <trkpt lat="43.230910" lon="-2.761650"/>
      <trkpt lat="43.230930" lon="-2.761860"/>
      <trkpt lat="43.230940" lon="-2.762060"/>
      <trkpt lat="43.230950" lon="-2.762270"/>
      <trkpt lat="43.230970" lon="-2.762480"/>
      <trkpt lat="43.231010" lon="-2.763090"/>
      <trkpt lat="43.231040" lon="-2.763510"/>
      <trkpt lat="43.231060" lon="-2.763710"/>
      <trkpt lat="43.231080" lon="-2.763920"/>
      <trkpt lat="43.231140" lon="-2.764540"/>
      <trkpt lat="43.231190" lon="-2.764940"/>
      <trkpt lat="43.231310" lon="-2.765950"/>
      <trkpt lat="43.231350" lon="-2.766350"/>
      <trkpt lat="43.231370" lon="-2.766560"/>
      <trkpt lat="43.231380" lon="-2.766650"/>
      <trkpt lat="43.231390" lon="-2.766770"/>
      <trkpt lat="43.231400" lon="-2.766970"/>
      <trkpt lat="43.231410" lon="-2.767070"/>
      <trkpt lat="43.231410" lon="-2.767180"/>
      <trkpt lat="43.231420" lon="-2.767390"/>
      <trkpt lat="43.231420" lon="-2.767490"/>
      <trkpt lat="43.231430" lon="-2.767600"/>
      <trkpt lat="43.231430" lon="-2.768010"/>
      <trkpt lat="43.231420" lon="-2.768230"/>
      <trkpt lat="43.231420" lon="-2.768430"/>
      <trkpt lat="43.231410" lon="-2.768520"/>
      <trkpt lat="43.231410" lon="-2.768630"/>
      <trkpt lat="43.231400" lon="-2.768730"/>
      <trkpt lat="43.231390" lon="-2.768850"/>
      <trkpt lat="43.231390" lon="-2.768930"/>
      <trkpt lat="43.231380" lon="-2.769070"/>
      <trkpt lat="43.231370" lon="-2.769160"/>
      <trkpt lat="43.231290" lon="-2.770100"/>
      <trkpt lat="43.231260" lon="-2.770510"/>
      <trkpt lat="43.231240" lon="-2.770730"/>
      <trkpt lat="43.231230" lon="-2.770930"/>
      <trkpt lat="43.231230" lon="-2.771140"/>
      <trkpt lat="43.231220" lon="-2.771350"/>
      <trkpt lat="43.231220" lon="-2.771560"/>
      <trkpt lat="43.231220" lon="-2.771770"/>
      <trkpt lat="43.231230" lon="-2.771970"/>
      <trkpt lat="43.231240" lon="-2.772180"/>
      <trkpt lat="43.231240" lon="-2.772280"/>
      <trkpt lat="43.231250" lon="-2.772380"/>
      <trkpt lat="43.231260" lon="-2.772590"/>
      <trkpt lat="43.231270" lon="-2.772690"/>
      <trkpt lat="43.231280" lon="-2.772800"/>
      <trkpt lat="43.231290" lon="-2.772890"/>
      <trkpt lat="43.231300" lon="-2.773000"/>
      <trkpt lat="43.231330" lon="-2.773200"/>
      <trkpt lat="43.231360" lon="-2.773410"/>
      <trkpt lat="43.231390" lon="-2.773620"/>
      <trkpt lat="43.231410" lon="-2.773710"/>
      <trkpt lat="43.231420" lon="-2.773810"/>
      <trkpt lat="43.231460" lon="-2.774000"/>
      <trkpt lat="43.231490" lon="-2.774180"/>
      <trkpt lat="43.231610" lon="-2.774770"/>
      <trkpt lat="43.231730" lon="-2.775380"/>
      <trkpt lat="43.231760" lon="-2.775580"/>
      <trkpt lat="43.231800" lon="-2.775790"/>
      <trkpt lat="43.231830" lon="-2.775980"/>
      <trkpt lat="43.231860" lon="-2.776180"/>
      <trkpt lat="43.231880" lon="-2.776390"/>
      <trkpt lat="43.231910" lon="-2.776590"/>
      <trkpt lat="43.231930" lon="-2.776790"/>
      <trkpt lat="43.231940" lon="-2.776890"/>
      <trkpt lat="43.231950" lon="-2.777000"/>
      <trkpt lat="43.231960" lon="-2.777200"/>
      <trkpt lat="43.231960" lon="-2.777300"/>
      <trkpt lat="43.231970" lon="-2.777380"/>
      <trkpt lat="43.231970" lon="-2.777460"/>
      <trkpt lat="43.231970" lon="-2.777540"/>
      <trkpt lat="43.231980" lon="-2.777610"/>
      <trkpt lat="43.231980" lon="-2.777820"/>
      <trkpt lat="43.231980" lon="-2.777920"/>
      <trkpt lat="43.231980" lon="-2.778030"/>
      <trkpt lat="43.231980" lon="-2.778230"/>
      <trkpt lat="43.231980" lon="-2.778420"/>
      <trkpt lat="43.231940" lon="-2.779050"/>
      <trkpt lat="43.231760" lon="-2.780850"/>
      <trkpt lat="43.231670" lon="-2.781890"/>
      <trkpt lat="43.231580" lon="-2.783500"/>
      <trkpt lat="43.231560" lon="-2.785690"/>
      <trkpt lat="43.231600" lon="-2.787020"/>
      <trkpt lat="43.231670" lon="-2.788150"/>
      <trkpt lat="43.231730" lon="-2.788880"/>
      <trkpt lat="43.231790" lon="-2.789370"/>
      <trkpt lat="43.231890" lon="-2.789960"/>
      <trkpt lat="43.232170" lon="-2.791110"/>
      <trkpt lat="43.232550" lon="-2.792220"/>
      <trkpt lat="43.232720" lon="-2.792680"/>
      <trkpt lat="43.232920" lon="-2.793190"/>
      <trkpt lat="43.233120" lon="-2.793700"/>
      <trkpt lat="43.233420" lon="-2.794410"/>
      <trkpt lat="43.233600" lon="-2.794840"/>
      <trkpt lat="43.233810" lon="-2.795260"/>
      <trkpt lat="43.233920" lon="-2.795500"/>
      <trkpt lat="43.234180" lon="-2.796020"/>
      <trkpt lat="43.234400" lon="-2.796460"/>
      <trkpt lat="43.234890" lon="-2.797440"/>
      <trkpt lat="43.235080" lon="-2.797760"/>
      <trkpt lat="43.235430" lon="-2.798550"/>
      <trkpt lat="43.235710" lon="-2.799210"/>
      <trkpt lat="43.236040" lon="-2.799950"/>
      <trkpt lat="43.236180" lon="-2.800260"/>
      <trkpt lat="43.236290" lon="-2.800450"/>
      <trkpt lat="43.236450" lon="-2.800720"/>
      <trkpt lat="43.236600" lon="-2.800920"/>
      <trkpt lat="43.236710" lon="-2.801060"/>
      <trkpt lat="43.236840" lon="-2.801210"/>
      <trkpt lat="43.236940" lon="-2.801310"/>
      <trkpt lat="43.237100" lon="-2.801450"/>
      <trkpt lat="43.237260" lon="-2.801570"/>
      <trkpt lat="43.237400" lon="-2.801670"/>
      <trkpt lat="43.237540" lon="-2.801750"/>
      <trkpt lat="43.237690" lon="-2.801830"/>
      <trkpt lat="43.237790" lon="-2.801870"/>
      <trkpt lat="43.238240" lon="-2.802050"/>
      <trkpt lat="43.238360" lon="-2.802070"/>
      <trkpt lat="43.238460" lon="-2.802080"/>
      <trkpt lat="43.238640" lon="-2.802080"/>
      <trkpt lat="43.238780" lon="-2.802080"/>
      <trkpt lat="43.238920" lon="-2.802070"/>
      <trkpt lat="43.239260" lon="-2.802020"/>
      <trkpt lat="43.240010" lon="-2.801910"/>
      <trkpt lat="43.240350" lon="-2.801870"/>
      <trkpt lat="43.240690" lon="-2.801850"/>
      <trkpt lat="43.240900" lon="-2.801850"/>
      <trkpt lat="43.241070" lon="-2.801850"/>
      <trkpt lat="43.241510" lon="-2.801900"/>
      <trkpt lat="43.241880" lon="-2.801960"/>
      <trkpt lat="43.242210" lon="-2.802050"/>
      <trkpt lat="43.242420" lon="-2.802120"/>
      <trkpt lat="43.242770" lon="-2.802260"/>
      <trkpt lat="43.243000" lon="-2.802360"/>
      <trkpt lat="43.243570" lon="-2.802660"/>
      <trkpt lat="43.244170" lon="-2.802980"/>
      <trkpt lat="43.244470" lon="-2.803110"/>
      <trkpt lat="43.244620" lon="-2.803180"/>
      <trkpt lat="43.244900" lon="-2.803280"/>
      <trkpt lat="43.245130" lon="-2.803350"/>
      <trkpt lat="43.245290" lon="-2.803390"/>
      <trkpt lat="43.245420" lon="-2.803420"/>
      <trkpt lat="43.245570" lon="-2.803450"/>
      <trkpt lat="43.245690" lon="-2.803470"/>
      <trkpt lat="43.245830" lon="-2.803480"/>
      <trkpt lat="43.246020" lon="-2.803500"/>
      <trkpt lat="43.246180" lon="-2.803500"/>
      <trkpt lat="43.246410" lon="-2.803500"/>
      <trkpt lat="43.246540" lon="-2.803490"/>
      <trkpt lat="43.246640" lon="-2.803490"/>
      <trkpt lat="43.246850" lon="-2.803460"/>
      <trkpt lat="43.246950" lon="-2.803450"/>
      <trkpt lat="43.247230" lon="-2.803390"/>
      <trkpt lat="43.247360" lon="-2.803360"/>
      <trkpt lat="43.247650" lon="-2.803280"/>
      <trkpt lat="43.247930" lon="-2.803190"/>
      <trkpt lat="43.248410" lon="-2.803060"/>
      <trkpt lat="43.248630" lon="-2.803000"/>
      <trkpt lat="43.248930" lon="-2.802960"/>
      <trkpt lat="43.249150" lon="-2.802940"/>
      <trkpt lat="43.249410" lon="-2.802920"/>
      <trkpt lat="43.249610" lon="-2.802930"/>
      <trkpt lat="43.249670" lon="-2.802930"/>
      <trkpt lat="43.249740" lon="-2.802940"/>
      <trkpt lat="43.250040" lon="-2.802980"/>
      <trkpt lat="43.250180" lon="-2.803000"/>
      <trkpt lat="43.250360" lon="-2.803040"/>
      <trkpt lat="43.250450" lon="-2.803070"/>
      <trkpt lat="43.250610" lon="-2.803110"/>
      <trkpt lat="43.250740" lon="-2.803160"/>
      <trkpt lat="43.251000" lon="-2.803260"/>
      <trkpt lat="43.251130" lon="-2.803330"/>
      <trkpt lat="43.251280" lon="-2.803400"/>
      <trkpt lat="43.251530" lon="-2.803540"/>
      <trkpt lat="43.251600" lon="-2.803590"/>
      <trkpt lat="43.251660" lon="-2.803630"/>
      <trkpt lat="43.251920" lon="-2.803810"/>
      <trkpt lat="43.252150" lon="-2.803970"/>
      <trkpt lat="43.252240" lon="-2.804050"/>
      <trkpt lat="43.252560" lon="-2.804310"/>
      <trkpt lat="43.252980" lon="-2.804640"/>
      <trkpt lat="43.253590" lon="-2.805120"/>
      <trkpt lat="43.254040" lon="-2.805460"/>
      <trkpt lat="43.254510" lon="-2.805810"/>
      <trkpt lat="43.255510" lon="-2.806510"/>
      <trkpt lat="43.255910" lon="-2.806780"/>
      <trkpt lat="43.256550" lon="-2.807220"/>
      <trkpt lat="43.257330" lon="-2.807760"/>
      <trkpt lat="43.257480" lon="-2.807860"/>
      <trkpt lat="43.257680" lon="-2.807990"/>
      <trkpt lat="43.257800" lon="-2.808080"/>
      <trkpt lat="43.258080" lon="-2.808270"/>
      <trkpt lat="43.258370" lon="-2.808470"/>
      <trkpt lat="43.258640" lon="-2.808660"/>
      <trkpt lat="43.258810" lon="-2.808790"/>
      <trkpt lat="43.259080" lon="-2.809000"/>
      <trkpt lat="43.259270" lon="-2.809160"/>
      <trkpt lat="43.259440" lon="-2.809310"/>
      <trkpt lat="43.259620" lon="-2.809480"/>
      <trkpt lat="43.259830" lon="-2.809690"/>
      <trkpt lat="43.260090" lon="-2.809980"/>
      <trkpt lat="43.260510" lon="-2.810490"/>
      <trkpt lat="43.260660" lon="-2.810690"/>
      <trkpt lat="43.260830" lon="-2.810940"/>
      <trkpt lat="43.261050" lon="-2.811280"/>
      <trkpt lat="43.261220" lon="-2.811570"/>
      <trkpt lat="43.261400" lon="-2.811880"/>
      <trkpt lat="43.261540" lon="-2.812170"/>
      <trkpt lat="43.261710" lon="-2.812520"/>
      <trkpt lat="43.261810" lon="-2.812750"/>
      <trkpt lat="43.262070" lon="-2.813460"/>
      <trkpt lat="43.262200" lon="-2.813830"/>
      <trkpt lat="43.262330" lon="-2.814250"/>
      <trkpt lat="43.262400" lon="-2.814510"/>
      <trkpt lat="43.262450" lon="-2.814700"/>
      <trkpt lat="43.262490" lon="-2.814860"/>
      <trkpt lat="43.262570" lon="-2.815230"/>
      <trkpt lat="43.262610" lon="-2.815450"/>
      <trkpt lat="43.262640" lon="-2.815610"/>
      <trkpt lat="43.262690" lon="-2.815880"/>
      <trkpt lat="43.262730" lon="-2.816160"/>
      <trkpt lat="43.262770" lon="-2.816470"/>
      <trkpt lat="43.262800" lon="-2.816830"/>
      <trkpt lat="43.262830" lon="-2.817120"/>
      <trkpt lat="43.262840" lon="-2.817320"/>
      <trkpt lat="43.262850" lon="-2.817550"/>
      <trkpt lat="43.262860" lon="-2.817920"/>
      <trkpt lat="43.262860" lon="-2.818090"/>
      <trkpt lat="43.262870" lon="-2.818660"/>
      <trkpt lat="43.262870" lon="-2.819770"/>
      <trkpt lat="43.262890" lon="-2.820100"/>
      <trkpt lat="43.262910" lon="-2.820420"/>
      <trkpt lat="43.262930" lon="-2.820640"/>
      <trkpt lat="43.262940" lon="-2.820810"/>
      <trkpt lat="43.262970" lon="-2.821030"/>
      <trkpt lat="43.263010" lon="-2.821380"/>
      <trkpt lat="43.263060" lon="-2.821730"/>
      <trkpt lat="43.263100" lon="-2.821940"/>
      <trkpt lat="43.263180" lon="-2.822360"/>
      <trkpt lat="43.263850" lon="-2.824960"/>
      <trkpt lat="43.263870" lon="-2.825070"/>
      <trkpt lat="43.263920" lon="-2.825290"/>
      <trkpt lat="43.264000" lon="-2.825670"/>
      <trkpt lat="43.264060" lon="-2.826010"/>
      <trkpt lat="43.264100" lon="-2.826260"/>
      <trkpt lat="43.264130" lon="-2.826470"/>
      <trkpt lat="43.264160" lon="-2.826700"/>
      <trkpt lat="43.264200" lon="-2.826990"/>
      <trkpt lat="43.264220" lon="-2.827250"/>
      <trkpt lat="43.264250" lon="-2.827570"/>
      <trkpt lat="43.264260" lon="-2.827730"/>
      <trkpt lat="43.264270" lon="-2.828040"/>
      <trkpt lat="43.264280" lon="-2.828240"/>
      <trkpt lat="43.264290" lon="-2.828460"/>
      <trkpt lat="43.264300" lon="-2.828960"/>
      <trkpt lat="43.264310" lon="-2.829410"/>
      <trkpt lat="43.264310" lon="-2.829790"/>
      <trkpt lat="43.264320" lon="-2.830140"/>
      <trkpt lat="43.264330" lon="-2.830400"/>
      <trkpt lat="43.264350" lon="-2.830710"/>
      <trkpt lat="43.264360" lon="-2.830950"/>
      <trkpt lat="43.264400" lon="-2.831310"/>
      <trkpt lat="43.264420" lon="-2.831520"/>
      <trkpt lat="43.264460" lon="-2.831830"/>
      <trkpt lat="43.264500" lon="-2.832100"/>
      <trkpt lat="43.264550" lon="-2.832430"/>
      <trkpt lat="43.264620" lon="-2.832790"/>
      <trkpt lat="43.264710" lon="-2.833210"/>
      <trkpt lat="43.264780" lon="-2.833490"/>
      <trkpt lat="43.264840" lon="-2.833710"/>
      <trkpt lat="43.264920" lon="-2.834000"/>
      <trkpt lat="43.265000" lon="-2.834250"/>
      <trkpt lat="43.265170" lon="-2.834740"/>
      <trkpt lat="43.265260" lon="-2.834990"/>
      <trkpt lat="43.265370" lon="-2.835280"/>
      <trkpt lat="43.265640" lon="-2.835940"/>
      <trkpt lat="43.265780" lon="-2.836280"/>
      <trkpt lat="43.265850" lon="-2.836440"/>
      <trkpt lat="43.265930" lon="-2.836630"/>
      <trkpt lat="43.266050" lon="-2.836930"/>
      <trkpt lat="43.266110" lon="-2.837110"/>
      <trkpt lat="43.266200" lon="-2.837330"/>
      <trkpt lat="43.266260" lon="-2.837500"/>
      <trkpt lat="43.266370" lon="-2.837830"/>
      <trkpt lat="43.266430" lon="-2.838010"/>
      <trkpt lat="43.266510" lon="-2.838240"/>
      <trkpt lat="43.266540" lon="-2.838370"/>
      <trkpt lat="43.266600" lon="-2.838580"/>
      <trkpt lat="43.266740" lon="-2.839130"/>
      <trkpt lat="43.266780" lon="-2.839320"/>
      <trkpt lat="43.266820" lon="-2.839510"/>
      <trkpt lat="43.266860" lon="-2.839700"/>
      <trkpt lat="43.266920" lon="-2.840030"/>
      <trkpt lat="43.266950" lon="-2.840230"/>
      <trkpt lat="43.267010" lon="-2.840630"/>
      <trkpt lat="43.267050" lon="-2.840950"/>
      <trkpt lat="43.267090" lon="-2.841250"/>
      <trkpt lat="43.267150" lon="-2.841750"/>
      <trkpt lat="43.267210" lon="-2.842260"/>
      <trkpt lat="43.267250" lon="-2.842530"/>
      <trkpt lat="43.267300" lon="-2.842880"/>
      <trkpt lat="43.267390" lon="-2.843410"/>
      <trkpt lat="43.267480" lon="-2.843860"/>
      <trkpt lat="43.267560" lon="-2.844170"/>
      <trkpt lat="43.267660" lon="-2.844550"/>
      <trkpt lat="43.267750" lon="-2.844850"/>
      <trkpt lat="43.267830" lon="-2.845110"/>
      <trkpt lat="43.267970" lon="-2.845530"/>
      <trkpt lat="43.268060" lon="-2.845770"/>
      <trkpt lat="43.268200" lon="-2.846120"/>
      <trkpt lat="43.268370" lon="-2.846520"/>
      <trkpt lat="43.268470" lon="-2.846780"/>
      <trkpt lat="43.268570" lon="-2.846940"/>
      <trkpt lat="43.268760" lon="-2.847280"/>
      <trkpt lat="43.269050" lon="-2.847800"/>
      <trkpt lat="43.269430" lon="-2.848370"/>
      <trkpt lat="43.270300" lon="-2.849510"/>
      <trkpt lat="43.270510" lon="-2.849770"/>
      <trkpt lat="43.270710" lon="-2.850030"/>
      <trkpt lat="43.270910" lon="-2.850300"/>
      <trkpt lat="43.271130" lon="-2.850620"/>
      <trkpt lat="43.271280" lon="-2.850870"/>
      <trkpt lat="43.271460" lon="-2.851170"/>
      <trkpt lat="43.271550" lon="-2.851330"/>
      <trkpt lat="43.271620" lon="-2.851470"/>
      <trkpt lat="43.271650" lon="-2.851530"/>
      <trkpt lat="43.271780" lon="-2.851790"/>
      <trkpt lat="43.271880" lon="-2.852000"/>
      <trkpt lat="43.272010" lon="-2.852290"/>
      <trkpt lat="43.272100" lon="-2.852520"/>
      <trkpt lat="43.272260" lon="-2.852970"/>
      <trkpt lat="43.272340" lon="-2.853210"/>
      <trkpt lat="43.272430" lon="-2.853520"/>
      <trkpt lat="43.272540" lon="-2.853900"/>
      <trkpt lat="43.272580" lon="-2.854100"/>
      <trkpt lat="43.272660" lon="-2.854460"/>
      <trkpt lat="43.272720" lon="-2.854760"/>
      <trkpt lat="43.272770" lon="-2.855030"/>
      <trkpt lat="43.272810" lon="-2.855320"/>
      <trkpt lat="43.272850" lon="-2.855680"/>
      <trkpt lat="43.272880" lon="-2.856000"/>
      <trkpt lat="43.272910" lon="-2.856440"/>
      <trkpt lat="43.272920" lon="-2.856770"/>
      <trkpt lat="43.272920" lon="-2.857120"/>
      <trkpt lat="43.272920" lon="-2.857500"/>
      <trkpt lat="43.272920" lon="-2.857930"/>
      <trkpt lat="43.272920" lon="-2.858280"/>
      <trkpt lat="43.272930" lon="-2.858730"/>
      <trkpt lat="43.272940" lon="-2.859070"/>
      <trkpt lat="43.272970" lon="-2.859470"/>
      <trkpt lat="43.273000" lon="-2.859850"/>
      <trkpt lat="43.273040" lon="-2.860220"/>
      <trkpt lat="43.273100" lon="-2.860600"/>
      <trkpt lat="43.273130" lon="-2.860800"/>
      <trkpt lat="43.273190" lon="-2.861110"/>
      <trkpt lat="43.273300" lon="-2.861590"/>
      <trkpt lat="43.273470" lon="-2.862200"/>
      <trkpt lat="43.273670" lon="-2.862870"/>
      <trkpt lat="43.273750" lon="-2.863080"/>
      <trkpt lat="43.273810" lon="-2.863250"/>
      <trkpt lat="43.274020" lon="-2.863770"/>
      <trkpt lat="43.274160" lon="-2.864060"/>
      <trkpt lat="43.274350" lon="-2.864450"/>
      <trkpt lat="43.274550" lon="-2.864840"/>
      <trkpt lat="43.274660" lon="-2.865020"/>
      <trkpt lat="43.275500" lon="-2.866580"/>
      <trkpt lat="43.275760" lon="-2.867080"/>
      <trkpt lat="43.275840" lon="-2.867290"/>
      <trkpt lat="43.276050" lon="-2.867800"/>
      <trkpt lat="43.276230" lon="-2.868300"/>
      <trkpt lat="43.276300" lon="-2.868500"/>
      <trkpt lat="43.276410" lon="-2.868860"/>
      <trkpt lat="43.276520" lon="-2.869210"/>
      <trkpt lat="43.276580" lon="-2.869470"/>
      <trkpt lat="43.276650" lon="-2.869730"/>
      <trkpt lat="43.276750" lon="-2.870140"/>
      <trkpt lat="43.276880" lon="-2.870690"/>
      <trkpt lat="43.277050" lon="-2.871420"/>
      <trkpt lat="43.277140" lon="-2.871780"/>
      <trkpt lat="43.277310" lon="-2.872350"/>
      <trkpt lat="43.277470" lon="-2.872850"/>
      <trkpt lat="43.277560" lon="-2.873110"/>
      <trkpt lat="43.277700" lon="-2.873470"/>
      <trkpt lat="43.277810" lon="-2.873720"/>
      <trkpt lat="43.277920" lon="-2.873970"/>
      <trkpt lat="43.278070" lon="-2.874290"/>
      <trkpt lat="43.278240" lon="-2.874620"/>
      <trkpt lat="43.278410" lon="-2.874930"/>
      <trkpt lat="43.278580" lon="-2.875220"/>
      <trkpt lat="43.278760" lon="-2.875520"/>
      <trkpt lat="43.278960" lon="-2.875810"/>
      <trkpt lat="43.279110" lon="-2.876020"/>
      <trkpt lat="43.279250" lon="-2.876220"/>
      <trkpt lat="43.279640" lon="-2.876760"/>
      <trkpt lat="43.280320" lon="-2.877810"/>
      <trkpt lat="43.280890" lon="-2.878870"/>
      <trkpt lat="43.280980" lon="-2.879060"/>
      <trkpt lat="43.281110" lon="-2.879370"/>
      <trkpt lat="43.281180" lon="-2.879560"/>
      <trkpt lat="43.281250" lon="-2.879740"/>
      <trkpt lat="43.281320" lon="-2.879950"/>
      <trkpt lat="43.281370" lon="-2.880100"/>
      <trkpt lat="43.281420" lon="-2.880270"/>
      <trkpt lat="43.281470" lon="-2.880420"/>
      <trkpt lat="43.281520" lon="-2.880600"/>
      <trkpt lat="43.281620" lon="-2.880990"/>
      <trkpt lat="43.281730" lon="-2.881470"/>
      <trkpt lat="43.281830" lon="-2.881920"/>
      <trkpt lat="43.281910" lon="-2.882290"/>
      <trkpt lat="43.282030" lon="-2.882850"/>
      <trkpt lat="43.282160" lon="-2.883350"/>
      <trkpt lat="43.282270" lon="-2.883730"/>
      <trkpt lat="43.282390" lon="-2.884100"/>
      <trkpt lat="43.282520" lon="-2.884450"/>
      <trkpt lat="43.282580" lon="-2.884610"/>
      <trkpt lat="43.282680" lon="-2.884880"/>
      <trkpt lat="43.282850" lon="-2.885300"/>
      <trkpt lat="43.282950" lon="-2.885510"/>
      <trkpt lat="43.283100" lon="-2.885800"/>
      <trkpt lat="43.283270" lon="-2.886100"/>
      <trkpt lat="43.283600" lon="-2.886660"/>
      <trkpt lat="43.283900" lon="-2.887130"/>
      <trkpt lat="43.284080" lon="-2.887440"/>
      <trkpt lat="43.284260" lon="-2.887750"/>
      <trkpt lat="43.284340" lon="-2.887900"/>
      <trkpt lat="43.284490" lon="-2.888180"/>
      <trkpt lat="43.284590" lon="-2.888400"/>
      <trkpt lat="43.284650" lon="-2.888540"/>
      <trkpt lat="43.284730" lon="-2.888720"/>
      <trkpt lat="43.284800" lon="-2.888880"/>
      <trkpt lat="43.284870" lon="-2.889070"/>
      <trkpt lat="43.284930" lon="-2.889230"/>
      <trkpt lat="43.285040" lon="-2.889530"/>
      <trkpt lat="43.285160" lon="-2.889850"/>
      <trkpt lat="43.285420" lon="-2.890610"/>
      <trkpt lat="43.285600" lon="-2.891060"/>
      <trkpt lat="43.285740" lon="-2.891380"/>
      <trkpt lat="43.285910" lon="-2.891710"/>
      <trkpt lat="43.286170" lon="-2.892150"/>
      <trkpt lat="43.286250" lon="-2.892280"/>
      <trkpt lat="43.286460" lon="-2.892590"/>
      <trkpt lat="43.286670" lon="-2.892860"/>
      <trkpt lat="43.286910" lon="-2.893150"/>
      <trkpt lat="43.287140" lon="-2.893400"/>
      <trkpt lat="43.287390" lon="-2.893630"/>
      <trkpt lat="43.287630" lon="-2.893860"/>
      <trkpt lat="43.287960" lon="-2.894320"/>
      <trkpt lat="43.288100" lon="-2.894590"/>
      <trkpt lat="43.288260" lon="-2.894890"/>
      <trkpt lat="43.288350" lon="-2.895110"/>
      <trkpt lat="43.288450" lon="-2.895340"/>
      <trkpt lat="43.288560" lon="-2.895640"/>
      <trkpt lat="43.288640" lon="-2.895920"/>
      <trkpt lat="43.288720" lon="-2.896240"/>
      <trkpt lat="43.288760" lon="-2.896430"/>
      <trkpt lat="43.288790" lon="-2.896630"/>
      <trkpt lat="43.288830" lon="-2.896910"/>
      <trkpt lat="43.288850" lon="-2.897100"/>
      <trkpt lat="43.288870" lon="-2.897360"/>
      <trkpt lat="43.288880" lon="-2.897580"/>
      <trkpt lat="43.288880" lon="-2.897800"/>
      <trkpt lat="43.288860" lon="-2.898240"/>
      <trkpt lat="43.288840" lon="-2.898480"/>
      <trkpt lat="43.288820" lon="-2.898670"/>
      <trkpt lat="43.288800" lon="-2.898850"/>
      <trkpt lat="43.288710" lon="-2.899490"/>
      <trkpt lat="43.288660" lon="-2.899850"/>
      <trkpt lat="43.288630" lon="-2.900050"/>
      <trkpt lat="43.288600" lon="-2.900340"/>
      <trkpt lat="43.288580" lon="-2.900570"/>
      <trkpt lat="43.288570" lon="-2.900710"/>
      <trkpt lat="43.288570" lon="-2.900910"/>
      <trkpt lat="43.288570" lon="-2.901310"/>
      <trkpt lat="43.288570" lon="-2.901510"/>
      <trkpt lat="43.288590" lon="-2.901740"/>
      <trkpt lat="43.288600" lon="-2.901900"/>
      <trkpt lat="43.288640" lon="-2.902220"/>
      <trkpt lat="43.288660" lon="-2.902380"/>
      <trkpt lat="43.288690" lon="-2.902580"/>
      <trkpt lat="43.288730" lon="-2.902760"/>
      <trkpt lat="43.288800" lon="-2.903150"/>
      <trkpt lat="43.288890" lon="-2.903540"/>
      <trkpt lat="43.289010" lon="-2.904080"/>
      <trkpt lat="43.289070" lon="-2.904400"/>
      <trkpt lat="43.289170" lon="-2.904920"/>
      <trkpt lat="43.289250" lon="-2.905380"/>
      <trkpt lat="43.289290" lon="-2.905720"/>
      <trkpt lat="43.289330" lon="-2.906040"/>
      <trkpt lat="43.289360" lon="-2.906360"/>
      <trkpt lat="43.289380" lon="-2.906660"/>
      <trkpt lat="43.289400" lon="-2.906930"/>
      <trkpt lat="43.289420" lon="-2.907400"/>
      <trkpt lat="43.289420" lon="-2.907810"/>
      <trkpt lat="43.289410" lon="-2.908220"/>
      <trkpt lat="43.289410" lon="-2.908400"/>
      <trkpt lat="43.289400" lon="-2.908550"/>
      <trkpt lat="43.289390" lon="-2.908740"/>
      <trkpt lat="43.289380" lon="-2.908900"/>
      <trkpt lat="43.289370" lon="-2.909120"/>
      <trkpt lat="43.289350" lon="-2.909330"/>
      <trkpt lat="43.289320" lon="-2.909810"/>
      <trkpt lat="43.289270" lon="-2.910340"/>
      <trkpt lat="43.289230" lon="-2.910930"/>
      <trkpt lat="43.289210" lon="-2.911270"/>
      <trkpt lat="43.289210" lon="-2.911630"/>
      <trkpt lat="43.289210" lon="-2.912010"/>
      <trkpt lat="43.289230" lon="-2.912330"/>
      <trkpt lat="43.289280" lon="-2.912950"/>
      <trkpt lat="43.289330" lon="-2.913310"/>
      <trkpt lat="43.289380" lon="-2.913710"/>
      <trkpt lat="43.289450" lon="-2.914070"/>
      <trkpt lat="43.289560" lon="-2.914700"/>
      <trkpt lat="43.289700" lon="-2.915320"/>
      <trkpt lat="43.289780" lon="-2.915670"/>
      <trkpt lat="43.289820" lon="-2.915870"/>
      <trkpt lat="43.289870" lon="-2.916110"/>
      <trkpt lat="43.289920" lon="-2.916480"/>
      <trkpt lat="43.289950" lon="-2.916750"/>
      <trkpt lat="43.289970" lon="-2.917110"/>
      <trkpt lat="43.289980" lon="-2.917480"/>
      <trkpt lat="43.289970" lon="-2.917820"/>
      <trkpt lat="43.289960" lon="-2.918000"/>
      <trkpt lat="43.289940" lon="-2.918220"/>
      <trkpt lat="43.289910" lon="-2.918450"/>
      <trkpt lat="43.289890" lon="-2.918620"/>
      <trkpt lat="43.289820" lon="-2.918960"/>
      <trkpt lat="43.289760" lon="-2.919250"/>
      <trkpt lat="43.289700" lon="-2.919460"/>
      <trkpt lat="43.289640" lon="-2.919650"/>
      <trkpt lat="43.289590" lon="-2.919820"/>
      <trkpt lat="43.289480" lon="-2.920110"/>
      <trkpt lat="43.289340" lon="-2.920430"/>
      <trkpt lat="43.289070" lon="-2.920940"/>
      <trkpt lat="43.288870" lon="-2.921270"/>
      <trkpt lat="43.288630" lon="-2.921590"/>
      <trkpt lat="43.288350" lon="-2.921930"/>
      <trkpt lat="43.288110" lon="-2.922200"/>
      <trkpt lat="43.287870" lon="-2.922470"/>
      <trkpt lat="43.287750" lon="-2.922610"/>
      <trkpt lat="43.287570" lon="-2.922840"/>
      <trkpt lat="43.287430" lon="-2.923030"/>
      <trkpt lat="43.287290" lon="-2.923240"/>
      <trkpt lat="43.287000" lon="-2.923690"/>
      <trkpt lat="43.286840" lon="-2.923980"/>
      <trkpt lat="43.286650" lon="-2.924350"/>
      <trkpt lat="43.286580" lon="-2.924490"/>
      <trkpt lat="43.286490" lon="-2.924690"/>
      <trkpt lat="43.286390" lon="-2.924930"/>
      <trkpt lat="43.286290" lon="-2.925190"/>
      <trkpt lat="43.286220" lon="-2.925380"/>
      <trkpt lat="43.286160" lon="-2.925570"/>
      <trkpt lat="43.286040" lon="-2.925950"/>
      <trkpt lat="43.285970" lon="-2.926200"/>
      <trkpt lat="43.285890" lon="-2.926510"/>
      <trkpt lat="43.285840" lon="-2.926700"/>
      <trkpt lat="43.285800" lon="-2.926910"/>
      <trkpt lat="43.285730" lon="-2.927290"/>
      <trkpt lat="43.285700" lon="-2.927480"/>
      <trkpt lat="43.285680" lon="-2.927680"/>
      <trkpt lat="43.285640" lon="-2.927990"/>
      <trkpt lat="43.285610" lon="-2.928280"/>
      <trkpt lat="43.285590" lon="-2.928580"/>
      <trkpt lat="43.285580" lon="-2.928920"/>
      <trkpt lat="43.285580" lon="-2.929260"/>
      <trkpt lat="43.285580" lon="-2.929590"/>
      <trkpt lat="43.285590" lon="-2.929900"/>
      <trkpt lat="43.285620" lon="-2.930220"/>
      <trkpt lat="43.285640" lon="-2.930520"/>
      <trkpt lat="43.285750" lon="-2.931270"/>
      <trkpt lat="43.286210" lon="-2.933690"/>
      <trkpt lat="43.286360" lon="-2.934480"/>
      <trkpt lat="43.286590" lon="-2.935530"/>
      <trkpt lat="43.286720" lon="-2.936090"/>
      <trkpt lat="43.286830" lon="-2.936520"/>
      <trkpt lat="43.287100" lon="-2.937510"/>
      <trkpt lat="43.287310" lon="-2.938110"/>
      <trkpt lat="43.287460" lon="-2.938490"/>
      <trkpt lat="43.287620" lon="-2.938860"/>
      <trkpt lat="43.287780" lon="-2.939220"/>
      <trkpt lat="43.287960" lon="-2.939590"/>
      <trkpt lat="43.288050" lon="-2.939740"/>
      <trkpt lat="43.288170" lon="-2.939990"/>
      <trkpt lat="43.288440" lon="-2.940410"/>
      <trkpt lat="43.288640" lon="-2.940700"/>
      <trkpt lat="43.288850" lon="-2.941000"/>
      <trkpt lat="43.289020" lon="-2.941220"/>
      <trkpt lat="43.289120" lon="-2.941330"/>
      <trkpt lat="43.289350" lon="-2.941590"/>
      <trkpt lat="43.289620" lon="-2.941870"/>
      <trkpt lat="43.289840" lon="-2.942080"/>
      <trkpt lat="43.290030" lon="-2.942240"/>
      <trkpt lat="43.290450" lon="-2.942580"/>
      <trkpt lat="43.290750" lon="-2.942800"/>
      <trkpt lat="43.290990" lon="-2.942960"/>
      <trkpt lat="43.291290" lon="-2.943140"/>
      <trkpt lat="43.291580" lon="-2.943280"/>
      <trkpt lat="43.291990" lon="-2.943460"/>
      <trkpt lat="43.292300" lon="-2.943580"/>
      <trkpt lat="43.292510" lon="-2.943660"/>
      <trkpt lat="43.292740" lon="-2.943760"/>
      <trkpt lat="43.292980" lon="-2.943860"/>
      <trkpt lat="43.293230" lon="-2.943980"/>
      <trkpt lat="43.293360" lon="-2.944060"/>
      <trkpt lat="43.293490" lon="-2.944130"/>
      <trkpt lat="43.293750" lon="-2.944300"/>
      <trkpt lat="43.293940" lon="-2.944440"/>
      <trkpt lat="43.294110" lon="-2.944570"/>
      <trkpt lat="43.294300" lon="-2.944730"/>
      <trkpt lat="43.294440" lon="-2.944870"/>
      <trkpt lat="43.294580" lon="-2.945010"/>
      <trkpt lat="43.294820" lon="-2.945270"/>
      <trkpt lat="43.294980" lon="-2.945460"/>
      <trkpt lat="43.295250" lon="-2.945790"/>
      <trkpt lat="43.295410" lon="-2.946000"/>
      <trkpt lat="43.295590" lon="-2.946230"/>
      <trkpt lat="43.295850" lon="-2.946590"/>
      <trkpt lat="43.296110" lon="-2.946960"/>
      <trkpt lat="43.296390" lon="-2.947360"/>
      <trkpt lat="43.296620" lon="-2.947710"/>
      <trkpt lat="43.296860" lon="-2.948100"/>
      <trkpt lat="43.297390" lon="-2.949030"/>
      <trkpt lat="43.297480" lon="-2.949190"/>
      <trkpt lat="43.297560" lon="-2.949370"/>
      <trkpt lat="43.297680" lon="-2.949620"/>
      <trkpt lat="43.297780" lon="-2.949870"/>
      <trkpt lat="43.297870" lon="-2.950100"/>
      <trkpt lat="43.297960" lon="-2.950350"/>
      <trkpt lat="43.298020" lon="-2.950540"/>
      <trkpt lat="43.298090" lon="-2.950770"/>
      <trkpt lat="43.298630" lon="-2.952550"/>
      <trkpt lat="43.298920" lon="-2.953480"/>
      <trkpt lat="43.299180" lon="-2.954330"/>
      <trkpt lat="43.299410" lon="-2.955120"/>
      <trkpt lat="43.299900" lon="-2.956720"/>
      <trkpt lat="43.300050" lon="-2.957200"/>
      <trkpt lat="43.300110" lon="-2.957350"/>
      <trkpt lat="43.300200" lon="-2.957550"/>
      <trkpt lat="43.300250" lon="-2.957680"/>
      <trkpt lat="43.300340" lon="-2.957850"/>
      <trkpt lat="43.300450" lon="-2.958050"/>
      <trkpt lat="43.300990" lon="-2.958880"/>
      <trkpt lat="43.301130" lon="-2.959100"/>
      <trkpt lat="43.301240" lon="-2.959290"/>
      <trkpt lat="43.301370" lon="-2.959600"/>
      <trkpt lat="43.301440" lon="-2.959760"/>
      <trkpt lat="43.301530" lon="-2.960020"/>
      <trkpt lat="43.301680" lon="-2.960440"/>
      <trkpt lat="43.301760" lon="-2.960690"/>
      <trkpt lat="43.301830" lon="-2.960990"/>
      <trkpt lat="43.301870" lon="-2.961280"/>
      <trkpt lat="43.301920" lon="-2.961650"/>
      <trkpt lat="43.301940" lon="-2.961970"/>
      <trkpt lat="43.301950" lon="-2.962300"/>
      <trkpt lat="43.301950" lon="-2.962490"/>
      <trkpt lat="43.301950" lon="-2.962700"/>
      <trkpt lat="43.301930" lon="-2.962950"/>
      <trkpt lat="43.301880" lon="-2.963260"/>
      <trkpt lat="43.301800" lon="-2.963540"/>
      <trkpt lat="43.301690" lon="-2.963890"/>
      <trkpt lat="43.301610" lon="-2.964080"/>
      <trkpt lat="43.301540" lon="-2.964230"/>
      <trkpt lat="43.301420" lon="-2.964450"/>
      <trkpt lat="43.301270" lon="-2.964670"/>
      <trkpt lat="43.301070" lon="-2.964910"/>
      <trkpt lat="43.300680" lon="-2.965270"/>
      <trkpt lat="43.300410" lon="-2.965470"/>
      <trkpt lat="43.300160" lon="-2.965600"/>
      <trkpt lat="43.300110" lon="-2.965620"/>
      <trkpt lat="43.299900" lon="-2.965730"/>
      <trkpt lat="43.299530" lon="-2.965880"/>
      <trkpt lat="43.299260" lon="-2.965990"/>
      <trkpt lat="43.298620" lon="-2.966260"/>
      <trkpt lat="43.298350" lon="-2.966390"/>
      <trkpt lat="43.298150" lon="-2.966510"/>
      <trkpt lat="43.297820" lon="-2.966760"/>
      <trkpt lat="43.297640" lon="-2.966950"/>
      <trkpt lat="43.297520" lon="-2.967090"/>
      <trkpt lat="43.297400" lon="-2.967250"/>
      <trkpt lat="43.297220" lon="-2.967500"/>
      <trkpt lat="43.297030" lon="-2.967810"/>
      <trkpt lat="43.296810" lon="-2.968210"/>
      <trkpt lat="43.296630" lon="-2.968610"/>
      <trkpt lat="43.296490" lon="-2.968980"/>
      <trkpt lat="43.296330" lon="-2.969480"/>
      <trkpt lat="43.296230" lon="-2.969850"/>
      <trkpt lat="43.296160" lon="-2.970230"/>
      <trkpt lat="43.295230" lon="-2.975400"/>
      <trkpt lat="43.295230" lon="-2.975410"/>
      <trkpt lat="43.294750" lon="-2.978090"/>
      <trkpt lat="43.294640" lon="-2.978680"/>
      <trkpt lat="43.294520" lon="-2.979280"/>
      <trkpt lat="43.294450" lon="-2.979620"/>
      <trkpt lat="43.294350" lon="-2.980030"/>
      <trkpt lat="43.294230" lon="-2.980440"/>
      <trkpt lat="43.294140" lon="-2.980730"/>
      <trkpt lat="43.294040" lon="-2.981050"/>
      <trkpt lat="43.293950" lon="-2.981300"/>
      <trkpt lat="43.293850" lon="-2.981560"/>
      <trkpt lat="43.293790" lon="-2.981720"/>
      <trkpt lat="43.293650" lon="-2.982020"/>
      <trkpt lat="43.293330" lon="-2.982700"/>
      <trkpt lat="43.293160" lon="-2.983030"/>
      <trkpt lat="43.293060" lon="-2.983210"/>
      <trkpt lat="43.292870" lon="-2.983570"/>
      <trkpt lat="43.292790" lon="-2.983690"/>
      <trkpt lat="43.292620" lon="-2.983940"/>
      <trkpt lat="43.292490" lon="-2.984110"/>
      <trkpt lat="43.292290" lon="-2.984370"/>
      <trkpt lat="43.292110" lon="-2.984560"/>
      <trkpt lat="43.291970" lon="-2.984690"/>
      <trkpt lat="43.291850" lon="-2.984800"/>
      <trkpt lat="43.291730" lon="-2.984880"/>
      <trkpt lat="43.291480" lon="-2.985060"/>
      <trkpt lat="43.291350" lon="-2.985140"/>
      <trkpt lat="43.291150" lon="-2.985260"/>
      <trkpt lat="43.290980" lon="-2.985350"/>
      <trkpt lat="43.290870" lon="-2.985400"/>
      <trkpt lat="43.290720" lon="-2.985460"/>
      <trkpt lat="43.290640" lon="-2.985490"/>
      <trkpt lat="43.290510" lon="-2.985530"/>
      <trkpt lat="43.290430" lon="-2.985560"/>
      <trkpt lat="43.290050" lon="-2.985670"/>
      <trkpt lat="43.289630" lon="-2.985760"/>
      <trkpt lat="43.289270" lon="-2.985820"/>
      <trkpt lat="43.288770" lon="-2.985910"/>
      <trkpt lat="43.288200" lon="-2.986030"/>
      <trkpt lat="43.287860" lon="-2.986110"/>
      <trkpt lat="43.287620" lon="-2.986170"/>
      <trkpt lat="43.287340" lon="-2.986240"/>
      <trkpt lat="43.287080" lon="-2.986310"/>
      <trkpt lat="43.286890" lon="-2.986380"/>
      <trkpt lat="43.286700" lon="-2.986490"/>
      <trkpt lat="43.286610" lon="-2.986560"/>
      <trkpt lat="43.286470" lon="-2.986670"/>
      <trkpt lat="43.286350" lon="-2.986760"/>
      <trkpt lat="43.286200" lon="-2.986910"/>
      <trkpt lat="43.286030" lon="-2.987130"/>
      <trkpt lat="43.285880" lon="-2.987350"/>
      <trkpt lat="43.285750" lon="-2.987580"/>
      <trkpt lat="43.285660" lon="-2.987770"/>
      <trkpt lat="43.285600" lon="-2.987930"/>
      <trkpt lat="43.285530" lon="-2.988130"/>
      <trkpt lat="43.285450" lon="-2.988400"/>
      <trkpt lat="43.285380" lon="-2.988750"/>
      <trkpt lat="43.285330" lon="-2.989040"/>
      <trkpt lat="43.285280" lon="-2.989350"/>
      <trkpt lat="43.285220" lon="-2.989760"/>
      <trkpt lat="43.285180" lon="-2.990020"/>
      <trkpt lat="43.285120" lon="-2.990350"/>
      <trkpt lat="43.285090" lon="-2.990550"/>
      <trkpt lat="43.285040" lon="-2.990760"/>
      <trkpt lat="43.284930" lon="-2.991200"/>
      <trkpt lat="43.284830" lon="-2.991600"/>
      <trkpt lat="43.284750" lon="-2.991900"/>
      <trkpt lat="43.284690" lon="-2.992190"/>
      <trkpt lat="43.284650" lon="-2.992460"/>
      <trkpt lat="43.284600" lon="-2.992810"/>
      <trkpt lat="43.284530" lon="-2.993530"/>
      <trkpt lat="43.284520" lon="-2.993750"/>
      <trkpt lat="43.284530" lon="-2.994000"/>
      <trkpt lat="43.284540" lon="-2.994250"/>
      <trkpt lat="43.284550" lon="-2.994440"/>
      <trkpt lat="43.284590" lon="-2.994770"/>
      <trkpt lat="43.284620" lon="-2.994940"/>
      <trkpt lat="43.284660" lon="-2.995140"/>
      <trkpt lat="43.284720" lon="-2.995420"/>
      <trkpt lat="43.284780" lon="-2.995700"/>
      <trkpt lat="43.284850" lon="-2.995960"/>
      <trkpt lat="43.284900" lon="-2.996110"/>
      <trkpt lat="43.285030" lon="-2.996470"/>
      <trkpt lat="43.285150" lon="-2.996790"/>
      <trkpt lat="43.285270" lon="-2.997070"/>
      <trkpt lat="43.285330" lon="-2.997230"/>
      <trkpt lat="43.285460" lon="-2.997520"/>
      <trkpt lat="43.285510" lon="-2.997630"/>
      <trkpt lat="43.285850" lon="-2.998400"/>
      <trkpt lat="43.286180" lon="-2.999120"/>
      <trkpt lat="43.286310" lon="-2.999410"/>
      <trkpt lat="43.286430" lon="-2.999680"/>
      <trkpt lat="43.286550" lon="-2.999960"/>
      <trkpt lat="43.286700" lon="-3.000300"/>
      <trkpt lat="43.286770" lon="-3.000450"/>
      <trkpt lat="43.287240" lon="-3.001490"/>
      <trkpt lat="43.287820" lon="-3.002790"/>
      <trkpt lat="43.288030" lon="-3.003270"/>
      <trkpt lat="43.288890" lon="-3.005160"/>
      <trkpt lat="43.289080" lon="-3.005590"/>
      <trkpt lat="43.289350" lon="-3.006210"/>
      <trkpt lat="43.289390" lon="-3.006300"/>
      <trkpt lat="43.289620" lon="-3.006840"/>
      <trkpt lat="43.290240" lon="-3.008210"/>
      <trkpt lat="43.290440" lon="-3.008700"/>
      <trkpt lat="43.290910" lon="-3.009730"/>
      <trkpt lat="43.291030" lon="-3.010010"/>
      <trkpt lat="43.291210" lon="-3.010440"/>
      <trkpt lat="43.291590" lon="-3.011370"/>
      <trkpt lat="43.291950" lon="-3.012310"/>
      <trkpt lat="43.292300" lon="-3.013320"/>
      <trkpt lat="43.292550" lon="-3.014090"/>
      <trkpt lat="43.292710" lon="-3.014550"/>
      <trkpt lat="43.292830" lon="-3.014830"/>
      <trkpt lat="43.293040" lon="-3.015280"/>
      <trkpt lat="43.293090" lon="-3.015400"/>
      <trkpt lat="43.293190" lon="-3.015610"/>
      <trkpt lat="43.293300" lon="-3.015850"/>
      <trkpt lat="43.293410" lon="-3.016060"/>
      <trkpt lat="43.293520" lon="-3.016260"/>
      <trkpt lat="43.293640" lon="-3.016470"/>
      <trkpt lat="43.293770" lon="-3.016690"/>
      <trkpt lat="43.293920" lon="-3.016950"/>
      <trkpt lat="43.294060" lon="-3.017160"/>
      <trkpt lat="43.294180" lon="-3.017340"/>
      <trkpt lat="43.294330" lon="-3.017560"/>
      <trkpt lat="43.294430" lon="-3.017700"/>
      <trkpt lat="43.294590" lon="-3.017900"/>
      <trkpt lat="43.294750" lon="-3.018110"/>
      <trkpt lat="43.294920" lon="-3.018320"/>
      <trkpt lat="43.295090" lon="-3.018520"/>
      <trkpt lat="43.295260" lon="-3.018690"/>
      <trkpt lat="43.295380" lon="-3.018830"/>
      <trkpt lat="43.295570" lon="-3.019020"/>
      <trkpt lat="43.295660" lon="-3.019100"/>
      <trkpt lat="43.295790" lon="-3.019230"/>
      <trkpt lat="43.296060" lon="-3.019470"/>
      <trkpt lat="43.296210" lon="-3.019600"/>
      <trkpt lat="43.296350" lon="-3.019710"/>
      <trkpt lat="43.296470" lon="-3.019800"/>
      <trkpt lat="43.296570" lon="-3.019880"/>
      <trkpt lat="43.296790" lon="-3.020030"/>
      <trkpt lat="43.297020" lon="-3.020190"/>
      <trkpt lat="43.297110" lon="-3.020240"/>
      <trkpt lat="43.297340" lon="-3.020380"/>
      <trkpt lat="43.297420" lon="-3.020430"/>
      <trkpt lat="43.297530" lon="-3.020490"/>
      <trkpt lat="43.297660" lon="-3.020560"/>
      <trkpt lat="43.297840" lon="-3.020660"/>
      <trkpt lat="43.298020" lon="-3.020750"/>
      <trkpt lat="43.298570" lon="-3.021030"/>
      <trkpt lat="43.298830" lon="-3.021170"/>
      <trkpt lat="43.299040" lon="-3.021300"/>
      <trkpt lat="43.299400" lon="-3.021530"/>
      <trkpt lat="43.300030" lon="-3.021990"/>
      <trkpt lat="43.300280" lon="-3.022180"/>
      <trkpt lat="43.300720" lon="-3.022520"/>
      <trkpt lat="43.300920" lon="-3.022670"/>
      <trkpt lat="43.301130" lon="-3.022810"/>
      <trkpt lat="43.301350" lon="-3.022950"/>
      <trkpt lat="43.301470" lon="-3.023030"/>
      <trkpt lat="43.301860" lon="-3.023240"/>
      <trkpt lat="43.302050" lon="-3.023300"/>
      <trkpt lat="43.302290" lon="-3.023380"/>
      <trkpt lat="43.302430" lon="-3.023430"/>
      <trkpt lat="43.302540" lon="-3.023460"/>
      <trkpt lat="43.302960" lon="-3.023520"/>
      <trkpt lat="43.303360" lon="-3.023570"/>
      <trkpt lat="43.303530" lon="-3.023600"/>
      <trkpt lat="43.303850" lon="-3.023690"/>
      <trkpt lat="43.304030" lon="-3.023750"/>
      <trkpt lat="43.304210" lon="-3.023830"/>
      <trkpt lat="43.304530" lon="-3.024000"/>
      <trkpt lat="43.304740" lon="-3.024120"/>
      <trkpt lat="43.304910" lon="-3.024250"/>
      <trkpt lat="43.305170" lon="-3.024450"/>
      <trkpt lat="43.305390" lon="-3.024640"/>
      <trkpt lat="43.305600" lon="-3.024890"/>
      <trkpt lat="43.305730" lon="-3.025010"/>
      <trkpt lat="43.305940" lon="-3.025260"/>
      <trkpt lat="43.306320" lon="-3.025750"/>
      <trkpt lat="43.306930" lon="-3.026640"/>
      <trkpt lat="43.307160" lon="-3.026970"/>
      <trkpt lat="43.307320" lon="-3.027190"/>
      <trkpt lat="43.307460" lon="-3.027370"/>
      <trkpt lat="43.307850" lon="-3.027800"/>
      <trkpt lat="43.308030" lon="-3.027990"/>
      <trkpt lat="43.308380" lon="-3.028320"/>
      <trkpt lat="43.308770" lon="-3.028630"/>
      <trkpt lat="43.309100" lon="-3.028890"/>
      <trkpt lat="43.309400" lon="-3.029160"/>
      <trkpt lat="43.309490" lon="-3.029250"/>
      <trkpt lat="43.309640" lon="-3.029380"/>
      <trkpt lat="43.309800" lon="-3.029540"/>
      <trkpt lat="43.310060" lon="-3.029820"/>
      <trkpt lat="43.310370" lon="-3.030250"/>
      <trkpt lat="43.310700" lon="-3.030730"/>
      <trkpt lat="43.310960" lon="-3.031170"/>
      <trkpt lat="43.311100" lon="-3.031450"/>
      <trkpt lat="43.311250" lon="-3.031760"/>
      <trkpt lat="43.311410" lon="-3.032100"/>
      <trkpt lat="43.311620" lon="-3.032640"/>
      <trkpt lat="43.311700" lon="-3.032870"/>
      <trkpt lat="43.311800" lon="-3.033190"/>
      <trkpt lat="43.311910" lon="-3.033510"/>
      <trkpt lat="43.312020" lon="-3.033970"/>
      <trkpt lat="43.312150" lon="-3.034520"/>
      <trkpt lat="43.312210" lon="-3.034840"/>
      <trkpt lat="43.312280" lon="-3.035300"/>
      <trkpt lat="43.312430" lon="-3.036320"/>
      <trkpt lat="43.312620" lon="-3.037520"/>
      <trkpt lat="43.312730" lon="-3.038080"/>
      <trkpt lat="43.312910" lon="-3.038880"/>
      <trkpt lat="43.313120" lon="-3.039610"/>
      <trkpt lat="43.313300" lon="-3.040230"/>
      <trkpt lat="43.313520" lon="-3.040970"/>
      <trkpt lat="43.313770" lon="-3.041820"/>
      <trkpt lat="43.313880" lon="-3.042200"/>
      <trkpt lat="43.314070" lon="-3.042820"/>
      <trkpt lat="43.314290" lon="-3.043510"/>
      <trkpt lat="43.314450" lon="-3.044060"/>
      <trkpt lat="43.314600" lon="-3.044540"/>
      <trkpt lat="43.314700" lon="-3.044850"/>
      <trkpt lat="43.314850" lon="-3.045270"/>
      <trkpt lat="43.315100" lon="-3.045910"/>
      <trkpt lat="43.315340" lon="-3.046430"/>
      <trkpt lat="43.315590" lon="-3.046890"/>
      <trkpt lat="43.315800" lon="-3.047270"/>
      <trkpt lat="43.316190" lon="-3.047870"/>
      <trkpt lat="43.316640" lon="-3.048450"/>
      <trkpt lat="43.317070" lon="-3.048940"/>
      <trkpt lat="43.317520" lon="-3.049400"/>
      <trkpt lat="43.317900" lon="-3.049730"/>
      <trkpt lat="43.318210" lon="-3.049940"/>
      <trkpt lat="43.318940" lon="-3.050430"/>
      <trkpt lat="43.319270" lon="-3.050640"/>
      <trkpt lat="43.319380" lon="-3.050720"/>
      <trkpt lat="43.319450" lon="-3.050770"/>
      <trkpt lat="43.320180" lon="-3.051370"/>
      <trkpt lat="43.320600" lon="-3.051770"/>
      <trkpt lat="43.321040" lon="-3.052280"/>
      <trkpt lat="43.321290" lon="-3.052610"/>
      <trkpt lat="43.321400" lon="-3.052760"/>
      <trkpt lat="43.321640" lon="-3.053120"/>
      <trkpt lat="43.321830" lon="-3.053440"/>
      <trkpt lat="43.322080" lon="-3.053870"/>
      <trkpt lat="43.322280" lon="-3.054290"/>
      <trkpt lat="43.322470" lon="-3.054720"/>
      <trkpt lat="43.322610" lon="-3.055040"/>
      <trkpt lat="43.322710" lon="-3.055330"/>
      <trkpt lat="43.322840" lon="-3.055730"/>
      <trkpt lat="43.322970" lon="-3.056110"/>
      <trkpt lat="43.323170" lon="-3.056740"/>
      <trkpt lat="43.323360" lon="-3.057400"/>
      <trkpt lat="43.323550" lon="-3.058010"/>
      <trkpt lat="43.323790" lon="-3.058780"/>
      <trkpt lat="43.324080" lon="-3.059710"/>
      <trkpt lat="43.324460" lon="-3.060790"/>
      <trkpt lat="43.324900" lon="-3.061970"/>
      <trkpt lat="43.325050" lon="-3.062360"/>
      <trkpt lat="43.325270" lon="-3.062870"/>
      <trkpt lat="43.325660" lon="-3.063750"/>
      <trkpt lat="43.325850" lon="-3.064210"/>
      <trkpt lat="43.326120" lon="-3.064820"/>
      <trkpt lat="43.326280" lon="-3.065150"/>
      <trkpt lat="43.326460" lon="-3.065520"/>
      <trkpt lat="43.326610" lon="-3.065810"/>
      <trkpt lat="43.327860" lon="-3.068300"/>
      <trkpt lat="43.328230" lon="-3.069050"/>
      <trkpt lat="43.328630" lon="-3.069870"/>
      <trkpt lat="43.328980" lon="-3.070630"/>
      <trkpt lat="43.329150" lon="-3.071020"/>
      <trkpt lat="43.329500" lon="-3.071820"/>
      <trkpt lat="43.329670" lon="-3.072250"/>
      <trkpt lat="43.329900" lon="-3.072840"/>
      <trkpt lat="43.330090" lon="-3.073400"/>
      <trkpt lat="43.330200" lon="-3.073810"/>
      <trkpt lat="43.330250" lon="-3.074030"/>
      <trkpt lat="43.330320" lon="-3.074320"/>
      <trkpt lat="43.330360" lon="-3.074580"/>
      <trkpt lat="43.330410" lon="-3.074940"/>
      <trkpt lat="43.330460" lon="-3.075310"/>
      <trkpt lat="43.330490" lon="-3.075830"/>
      <trkpt lat="43.330500" lon="-3.076100"/>
      <trkpt lat="43.330490" lon="-3.076400"/>
      <trkpt lat="43.330480" lon="-3.076830"/>
      <trkpt lat="43.330460" lon="-3.077130"/>
      <trkpt lat="43.330410" lon="-3.077550"/>
      <trkpt lat="43.330360" lon="-3.077900"/>
      <trkpt lat="43.330280" lon="-3.078310"/>
      <trkpt lat="43.330180" lon="-3.078780"/>
      <trkpt lat="43.330010" lon="-3.079610"/>
      <trkpt lat="43.329940" lon="-3.079970"/>
      <trkpt lat="43.329900" lon="-3.080250"/>
      <trkpt lat="43.329850" lon="-3.080640"/>
      <trkpt lat="43.329830" lon="-3.081070"/>
      <trkpt lat="43.329820" lon="-3.081440"/>
      <trkpt lat="43.329830" lon="-3.081780"/>
      <trkpt lat="43.329850" lon="-3.082120"/>
      <trkpt lat="43.329900" lon="-3.082530"/>
      <trkpt lat="43.329950" lon="-3.082880"/>
      <trkpt lat="43.330030" lon="-3.083340"/>
      <trkpt lat="43.330170" lon="-3.084160"/>
      <trkpt lat="43.330240" lon="-3.084610"/>
      <trkpt lat="43.330280" lon="-3.085050"/>
      <trkpt lat="43.330300" lon="-3.085750"/>
      <trkpt lat="43.330270" lon="-3.086400"/>
      <trkpt lat="43.330190" lon="-3.086950"/>
      <trkpt lat="43.330090" lon="-3.087490"/>
      <trkpt lat="43.329980" lon="-3.087890"/>
      <trkpt lat="43.329910" lon="-3.088120"/>
      <trkpt lat="43.329810" lon="-3.088410"/>
      <trkpt lat="43.329680" lon="-3.088740"/>
      <trkpt lat="43.329430" lon="-3.089280"/>
      <trkpt lat="43.329000" lon="-3.090150"/>
      <trkpt lat="43.328770" lon="-3.090660"/>
      <trkpt lat="43.328600" lon="-3.091140"/>
      <trkpt lat="43.328440" lon="-3.091700"/>
      <trkpt lat="43.328340" lon="-3.092180"/>
      <trkpt lat="43.328260" lon="-3.092660"/>
      <trkpt lat="43.328220" lon="-3.093210"/>
      <trkpt lat="43.328210" lon="-3.093860"/>
      <trkpt lat="43.328250" lon="-3.094520"/>
      <trkpt lat="43.328320" lon="-3.095020"/>
      <trkpt lat="43.328390" lon="-3.095390"/>
      <trkpt lat="43.328490" lon="-3.095810"/>
      <trkpt lat="43.328640" lon="-3.096290"/>
      <trkpt lat="43.328760" lon="-3.096610"/>
      <trkpt lat="43.328980" lon="-3.097100"/>
      <trkpt lat="43.329150" lon="-3.097420"/>
      <trkpt lat="43.329430" lon="-3.097850"/>
      <trkpt lat="43.329800" lon="-3.098320"/>
      <trkpt lat="43.330550" lon="-3.099270"/>
      <trkpt lat="43.331690" lon="-3.100620"/>
      <trkpt lat="43.333130" lon="-3.102300"/>
      <trkpt lat="43.333740" lon="-3.102980"/>
      <trkpt lat="43.334340" lon="-3.103600"/>
      <trkpt lat="43.334960" lon="-3.104130"/>
      <trkpt lat="43.335310" lon="-3.104370"/>
      <trkpt lat="43.335640" lon="-3.104590"/>
      <trkpt lat="43.336050" lon="-3.104840"/>
      <trkpt lat="43.336480" lon="-3.105040"/>
      <trkpt lat="43.336890" lon="-3.105230"/>
      <trkpt lat="43.337300" lon="-3.105370"/>
      <trkpt lat="43.337640" lon="-3.105510"/>
      <trkpt lat="43.337940" lon="-3.105610"/>
      <trkpt lat="43.338060" lon="-3.105650"/>
      <trkpt lat="43.338260" lon="-3.105730"/>
      <trkpt lat="43.338490" lon="-3.105840"/>
      <trkpt lat="43.338660" lon="-3.105920"/>
      <trkpt lat="43.338920" lon="-3.106090"/>
      <trkpt lat="43.339170" lon="-3.106290"/>
      <trkpt lat="43.339430" lon="-3.106500"/>
      <trkpt lat="43.339660" lon="-3.106770"/>
      <trkpt lat="43.339890" lon="-3.107050"/>
      <trkpt lat="43.340110" lon="-3.107370"/>
      <trkpt lat="43.340280" lon="-3.107680"/>
      <trkpt lat="43.340420" lon="-3.107990"/>
      <trkpt lat="43.340570" lon="-3.108330"/>
      <trkpt lat="43.340690" lon="-3.108720"/>
      <trkpt lat="43.340790" lon="-3.109150"/>
      <trkpt lat="43.340870" lon="-3.109630"/>
      <trkpt lat="43.340910" lon="-3.109990"/>
      <trkpt lat="43.340940" lon="-3.110350"/>
      <trkpt lat="43.340950" lon="-3.110670"/>
      <trkpt lat="43.340930" lon="-3.111060"/>
      <trkpt lat="43.340890" lon="-3.111420"/>
      <trkpt lat="43.340840" lon="-3.111760"/>
      <trkpt lat="43.340780" lon="-3.112070"/>
      <trkpt lat="43.340700" lon="-3.112350"/>
      <trkpt lat="43.340570" lon="-3.112740"/>
      <trkpt lat="43.340430" lon="-3.113110"/>
      <trkpt lat="43.340290" lon="-3.113470"/>
      <trkpt lat="43.340150" lon="-3.113820"/>
      <trkpt lat="43.339990" lon="-3.114220"/>
      <trkpt lat="43.339880" lon="-3.114530"/>
      <trkpt lat="43.339790" lon="-3.114830"/>
      <trkpt lat="43.339720" lon="-3.115170"/>
      <trkpt lat="43.339660" lon="-3.115470"/>
      <trkpt lat="43.339630" lon="-3.115760"/>
      <trkpt lat="43.339600" lon="-3.116050"/>
      <trkpt lat="43.339590" lon="-3.116330"/>
      <trkpt lat="43.339590" lon="-3.116540"/>
      <trkpt lat="43.339600" lon="-3.116890"/>
      <trkpt lat="43.339640" lon="-3.117310"/>
      <trkpt lat="43.339710" lon="-3.117770"/>
      <trkpt lat="43.339820" lon="-3.118230"/>
      <trkpt lat="43.339910" lon="-3.118500"/>
      <trkpt lat="43.340020" lon="-3.118810"/>
      <trkpt lat="43.340150" lon="-3.119120"/>
      <trkpt lat="43.340320" lon="-3.119430"/>
      <trkpt lat="43.340450" lon="-3.119650"/>
      <trkpt lat="43.340670" lon="-3.119980"/>
      <trkpt lat="43.341020" lon="-3.120440"/>
      <trkpt lat="43.341180" lon="-3.120650"/>
      <trkpt lat="43.341360" lon="-3.120900"/>
      <trkpt lat="43.341560" lon="-3.121170"/>
      <trkpt lat="43.341720" lon="-3.121430"/>
      <trkpt lat="43.341850" lon="-3.121710"/>
      <trkpt lat="43.341970" lon="-3.121970"/>
      <trkpt lat="43.342050" lon="-3.122170"/>
      <trkpt lat="43.342120" lon="-3.122380"/>
      <trkpt lat="43.342170" lon="-3.122570"/>
      <trkpt lat="43.342220" lon="-3.122770"/>
      <trkpt lat="43.342260" lon="-3.122970"/>
      <trkpt lat="43.342300" lon="-3.123200"/>
      <trkpt lat="43.342330" lon="-3.123410"/>
      <trkpt lat="43.342360" lon="-3.123640"/>
      <trkpt lat="43.342380" lon="-3.123880"/>
      <trkpt lat="43.342380" lon="-3.124070"/>
      <trkpt lat="43.342380" lon="-3.124280"/>
      <trkpt lat="43.342390" lon="-3.124480"/>
      <trkpt lat="43.342380" lon="-3.124680"/>
      <trkpt lat="43.342370" lon="-3.124800"/>
      <trkpt lat="43.342350" lon="-3.125020"/>
      <trkpt lat="43.342300" lon="-3.125330"/>
      <trkpt lat="43.342190" lon="-3.126090"/>
      <trkpt lat="43.342110" lon="-3.126640"/>
      <trkpt lat="43.342030" lon="-3.127180"/>
      <trkpt lat="43.341960" lon="-3.127650"/>
      <trkpt lat="43.341820" lon="-3.128680"/>
      <trkpt lat="43.341780" lon="-3.129000"/>
      <trkpt lat="43.341750" lon="-3.129340"/>
      <trkpt lat="43.341720" lon="-3.129660"/>
      <trkpt lat="43.341700" lon="-3.129950"/>
      <trkpt lat="43.341680" lon="-3.130370"/>
      <trkpt lat="43.341660" lon="-3.130940"/>
      <trkpt lat="43.341660" lon="-3.131460"/>
      <trkpt lat="43.341660" lon="-3.131870"/>
      <trkpt lat="43.341670" lon="-3.132290"/>
      <trkpt lat="43.341700" lon="-3.132870"/>
      <trkpt lat="43.341780" lon="-3.133860"/>
      <trkpt lat="43.341870" lon="-3.134540"/>
      <trkpt lat="43.341950" lon="-3.135070"/>
      <trkpt lat="43.342050" lon="-3.135680"/>
      <trkpt lat="43.342170" lon="-3.136280"/>
      <trkpt lat="43.342370" lon="-3.137130"/>
      <trkpt lat="43.342540" lon="-3.137870"/>
      <trkpt lat="43.342710" lon="-3.138620"/>
      <trkpt lat="43.342840" lon="-3.139300"/>
      <trkpt lat="43.342910" lon="-3.139830"/>
      <trkpt lat="43.342960" lon="-3.140310"/>
      <trkpt lat="43.343000" lon="-3.140870"/>
      <trkpt lat="43.343030" lon="-3.141450"/>
      <trkpt lat="43.343040" lon="-3.141560"/>
      <trkpt lat="43.343070" lon="-3.141880"/>
      <trkpt lat="43.343100" lon="-3.142280"/>
      <trkpt lat="43.343150" lon="-3.142680"/>
      <trkpt lat="43.343200" lon="-3.143040"/>
      <trkpt lat="43.343320" lon="-3.143900"/>
      <trkpt lat="43.343380" lon="-3.144390"/>
      <trkpt lat="43.343400" lon="-3.144660"/>
      <trkpt lat="43.343410" lon="-3.145000"/>
      <trkpt lat="43.343400" lon="-3.145430"/>
      <trkpt lat="43.343360" lon="-3.145870"/>
      <trkpt lat="43.343300" lon="-3.146310"/>
      <trkpt lat="43.343190" lon="-3.146780"/>
      <trkpt lat="43.343080" lon="-3.147140"/>
      <trkpt lat="43.342920" lon="-3.147560"/>
      <trkpt lat="43.342750" lon="-3.147930"/>
      <trkpt lat="43.342590" lon="-3.148230"/>
      <trkpt lat="43.342320" lon="-3.148720"/>
      <trkpt lat="43.342160" lon="-3.149020"/>
      <trkpt lat="43.342000" lon="-3.149380"/>
      <trkpt lat="43.341860" lon="-3.149760"/>
      <trkpt lat="43.341780" lon="-3.150040"/>
      <trkpt lat="43.341700" lon="-3.150380"/>
      <trkpt lat="43.341630" lon="-3.150750"/>
      <trkpt lat="43.341590" lon="-3.151110"/>
      <trkpt lat="43.341580" lon="-3.151480"/>
      <trkpt lat="43.341580" lon="-3.151830"/>
      <trkpt lat="43.341610" lon="-3.152200"/>
      <trkpt lat="43.341650" lon="-3.152490"/>
      <trkpt lat="43.341710" lon="-3.152820"/>
      <trkpt lat="43.341790" lon="-3.153120"/>
      <trkpt lat="43.341920" lon="-3.153570"/>
      <trkpt lat="43.341990" lon="-3.153780"/>
      <trkpt lat="43.342090" lon="-3.154050"/>
      <trkpt lat="43.342200" lon="-3.154330"/>
      <trkpt lat="43.342300" lon="-3.154590"/>
      <trkpt lat="43.342610" lon="-3.155280"/>
      <trkpt lat="43.342930" lon="-3.155950"/>
      <trkpt lat="43.343190" lon="-3.156410"/>
      <trkpt lat="43.343450" lon="-3.156850"/>
      <trkpt lat="43.343710" lon="-3.157260"/>
      <trkpt lat="43.343990" lon="-3.157650"/>
      <trkpt lat="43.344260" lon="-3.158020"/>
      <trkpt lat="43.344860" lon="-3.158760"/>
      <trkpt lat="43.345740" lon="-3.159760"/>
      <trkpt lat="43.346160" lon="-3.160260"/>
      <trkpt lat="43.346340" lon="-3.160490"/>
      <trkpt lat="43.346810" lon="-3.161130"/>
      <trkpt lat="43.346980" lon="-3.161400"/>
      <trkpt lat="43.347210" lon="-3.161760"/>
      <trkpt lat="43.347630" lon="-3.162460"/>
      <trkpt lat="43.347920" lon="-3.163010"/>
      <trkpt lat="43.348220" lon="-3.163560"/>
      <trkpt lat="43.348480" lon="-3.164010"/>
      <trkpt lat="43.348760" lon="-3.164440"/>
      <trkpt lat="43.349030" lon="-3.164810"/>
      <trkpt lat="43.349310" lon="-3.165170"/>
      <trkpt lat="43.349790" lon="-3.165710"/>
      <trkpt lat="43.350040" lon="-3.165960"/>
      <trkpt lat="43.350300" lon="-3.166190"/>
      <trkpt lat="43.350560" lon="-3.166420"/>
      <trkpt lat="43.350900" lon="-3.166700"/>
      <trkpt lat="43.351520" lon="-3.167200"/>
      <trkpt lat="43.352120" lon="-3.167680"/>
      <trkpt lat="43.352420" lon="-3.167930"/>
      <trkpt lat="43.352620" lon="-3.168120"/>
      <trkpt lat="43.352820" lon="-3.168320"/>
      <trkpt lat="43.352950" lon="-3.168480"/>
      <trkpt lat="43.353070" lon="-3.168630"/>
      <trkpt lat="43.353180" lon="-3.168790"/>
      <trkpt lat="43.353280" lon="-3.168940"/>
      <trkpt lat="43.353470" lon="-3.169280"/>
      <trkpt lat="43.353690" lon="-3.169750"/>
      <trkpt lat="43.353800" lon="-3.170050"/>
      <trkpt lat="43.353900" lon="-3.170350"/>
      <trkpt lat="43.353990" lon="-3.170750"/>
      <trkpt lat="43.354050" lon="-3.171050"/>
      <trkpt lat="43.354120" lon="-3.171610"/>
      <trkpt lat="43.354150" lon="-3.172030"/>
      <trkpt lat="43.354130" lon="-3.172470"/>
      <trkpt lat="43.354110" lon="-3.172880"/>
      <trkpt lat="43.354010" lon="-3.173780"/>
      <trkpt lat="43.353900" lon="-3.174680"/>
      <trkpt lat="43.353860" lon="-3.175020"/>
      <trkpt lat="43.353650" lon="-3.176830"/>
      <trkpt lat="43.353620" lon="-3.177270"/>
      <trkpt lat="43.353620" lon="-3.177780"/>
      <trkpt lat="43.353630" lon="-3.178130"/>
      <trkpt lat="43.353670" lon="-3.178530"/>
      <trkpt lat="43.353760" lon="-3.178990"/>
      <trkpt lat="43.353860" lon="-3.179410"/>
      <trkpt lat="43.354050" lon="-3.179930"/>
      <trkpt lat="43.354250" lon="-3.180380"/>
      <trkpt lat="43.354460" lon="-3.180730"/>
      <trkpt lat="43.354640" lon="-3.181010"/>
      <trkpt lat="43.354840" lon="-3.181280"/>
      <trkpt lat="43.355230" lon="-3.181750"/>
      <trkpt lat="43.355570" lon="-3.182060"/>
      <trkpt lat="43.355960" lon="-3.182360"/>
      <trkpt lat="43.357200" lon="-3.183320"/>
      <trkpt lat="43.358180" lon="-3.184150"/>
      <trkpt lat="43.359010" lon="-3.184880"/>
      <trkpt lat="43.359630" lon="-3.185490"/>
      <trkpt lat="43.359940" lon="-3.185780"/>
      <trkpt lat="43.360250" lon="-3.186090"/>
      <trkpt lat="43.360430" lon="-3.186290"/>
      <trkpt lat="43.360600" lon="-3.186500"/>
      <trkpt lat="43.360960" lon="-3.187020"/>
      <trkpt lat="43.361200" lon="-3.187410"/>
      <trkpt lat="43.361390" lon="-3.187750"/>
      <trkpt lat="43.361470" lon="-3.187900"/>
      <trkpt lat="43.361560" lon="-3.188100"/>
      <trkpt lat="43.361630" lon="-3.188280"/>
      <trkpt lat="43.361730" lon="-3.188520"/>
      <trkpt lat="43.361820" lon="-3.188830"/>
      <trkpt lat="43.361860" lon="-3.188970"/>
      <trkpt lat="43.361890" lon="-3.189150"/>
      <trkpt lat="43.361920" lon="-3.189320"/>
      <trkpt lat="43.361940" lon="-3.189510"/>
      <trkpt lat="43.361960" lon="-3.189640"/>
      <trkpt lat="43.361970" lon="-3.189760"/>
      <trkpt lat="43.361970" lon="-3.189930"/>
      <trkpt lat="43.361980" lon="-3.190110"/>
      <trkpt lat="43.361970" lon="-3.190310"/>
      <trkpt lat="43.361960" lon="-3.190520"/>
      <trkpt lat="43.361940" lon="-3.190730"/>
      <trkpt lat="43.361910" lon="-3.190930"/>
      <trkpt lat="43.361850" lon="-3.191230"/>
      <trkpt lat="43.361810" lon="-3.191380"/>
      <trkpt lat="43.361760" lon="-3.191550"/>
      <trkpt lat="43.361700" lon="-3.191710"/>
      <trkpt lat="43.361630" lon="-3.191920"/>
      <trkpt lat="43.361550" lon="-3.192110"/>
      <trkpt lat="43.361360" lon="-3.192480"/>
      <trkpt lat="43.361220" lon="-3.192700"/>
      <trkpt lat="43.361060" lon="-3.192920"/>
      <trkpt lat="43.360740" lon="-3.193300"/>
      <trkpt lat="43.359940" lon="-3.194140"/>
      <trkpt lat="43.359530" lon="-3.194600"/>
      <trkpt lat="43.359370" lon="-3.194810"/>
      <trkpt lat="43.359220" lon="-3.195040"/>
      <trkpt lat="43.359040" lon="-3.195350"/>
      <trkpt lat="43.358770" lon="-3.195900"/>
      <trkpt lat="43.358540" lon="-3.196410"/>
      <trkpt lat="43.358310" lon="-3.196850"/>
      <trkpt lat="43.358170" lon="-3.197120"/>
      <trkpt lat="43.358060" lon="-3.197300"/>
      <trkpt lat="43.357920" lon="-3.197510"/>
      <trkpt lat="43.357710" lon="-3.197780"/>
      <trkpt lat="43.357350" lon="-3.198180"/>
      <trkpt lat="43.357160" lon="-3.198350"/>
      <trkpt lat="43.356860" lon="-3.198600"/>
      <trkpt lat="43.353830" lon="-3.201040"/>
      <trkpt lat="43.353740" lon="-3.201110"/>
      <trkpt lat="43.352750" lon="-3.201910"/>
      <trkpt lat="43.352540" lon="-3.202070"/>
      <trkpt lat="43.351980" lon="-3.202580"/>
      <trkpt lat="43.351570" lon="-3.203020"/>
      <trkpt lat="43.351180" lon="-3.203540"/>
      <trkpt lat="43.351060" lon="-3.203730"/>
      <trkpt lat="43.350950" lon="-3.203900"/>
      <trkpt lat="43.350740" lon="-3.204280"/>
      <trkpt lat="43.350550" lon="-3.204640"/>
      <trkpt lat="43.350370" lon="-3.205030"/>
      <trkpt lat="43.350220" lon="-3.205430"/>
      <trkpt lat="43.350090" lon="-3.205800"/>
      <trkpt lat="43.349950" lon="-3.206290"/>
      <trkpt lat="43.349830" lon="-3.206790"/>
      <trkpt lat="43.349690" lon="-3.207600"/>
      <trkpt lat="43.349670" lon="-3.207820"/>
      <trkpt lat="43.349640" lon="-3.208020"/>
      <trkpt lat="43.349630" lon="-3.208230"/>
      <trkpt lat="43.349610" lon="-3.208570"/>
      <trkpt lat="43.349610" lon="-3.208890"/>
      <trkpt lat="43.349600" lon="-3.209150"/>
      <trkpt lat="43.349610" lon="-3.209450"/>
      <trkpt lat="43.349620" lon="-3.209740"/>
      <trkpt lat="43.349650" lon="-3.210050"/>
      <trkpt lat="43.349680" lon="-3.210360"/>
      <trkpt lat="43.349720" lon="-3.210620"/>
      <trkpt lat="43.349770" lon="-3.210910"/>
      <trkpt lat="43.349820" lon="-3.211200"/>
      <trkpt lat="43.349880" lon="-3.211470"/>
      <trkpt lat="43.349960" lon="-3.211770"/>
      <trkpt lat="43.350040" lon="-3.212040"/>
      <trkpt lat="43.350120" lon="-3.212310"/>
      <trkpt lat="43.350220" lon="-3.212580"/>
      <trkpt lat="43.350320" lon="-3.212850"/>
      <trkpt lat="43.350420" lon="-3.213100"/>
      <trkpt lat="43.350550" lon="-3.213370"/>
      <trkpt lat="43.350670" lon="-3.213620"/>
      <trkpt lat="43.350800" lon="-3.213860"/>
      <trkpt lat="43.350940" lon="-3.214090"/>
      <trkpt lat="43.351090" lon="-3.214300"/>
      <trkpt lat="43.351260" lon="-3.214500"/>
      <trkpt lat="43.351430" lon="-3.214690"/>
      <trkpt lat="43.351620" lon="-3.214860"/>
      <trkpt lat="43.351910" lon="-3.215100"/>
      <trkpt lat="43.352190" lon="-3.215280"/>
      <trkpt lat="43.352480" lon="-3.215430"/>
      <trkpt lat="43.352840" lon="-3.215560"/>
      <trkpt lat="43.353680" lon="-3.215730"/>
      <trkpt lat="43.354430" lon="-3.215850"/>
      <trkpt lat="43.354730" lon="-3.215950"/>
      <trkpt lat="43.354880" lon="-3.216010"/>
      <trkpt lat="43.355120" lon="-3.216110"/>
      <trkpt lat="43.355360" lon="-3.216250"/>
      <trkpt lat="43.355590" lon="-3.216410"/>
      <trkpt lat="43.355850" lon="-3.216630"/>
      <trkpt lat="43.356060" lon="-3.216820"/>
      <trkpt lat="43.356450" lon="-3.217220"/>
      <trkpt lat="43.356690" lon="-3.217460"/>
      <trkpt lat="43.356980" lon="-3.217750"/>
      <trkpt lat="43.357290" lon="-3.218010"/>
      <trkpt lat="43.357580" lon="-3.218200"/>
      <trkpt lat="43.357910" lon="-3.218360"/>
      <trkpt lat="43.358270" lon="-3.218490"/>
      <trkpt lat="43.358510" lon="-3.218530"/>
      <trkpt lat="43.358810" lon="-3.218570"/>
      <trkpt lat="43.358960" lon="-3.218570"/>
      <trkpt lat="43.359120" lon="-3.218570"/>
      <trkpt lat="43.359420" lon="-3.218540"/>
      <trkpt lat="43.359690" lon="-3.218470"/>
      <trkpt lat="43.359970" lon="-3.218380"/>
      <trkpt lat="43.360200" lon="-3.218270"/>
      <trkpt lat="43.360420" lon="-3.218170"/>
      <trkpt lat="43.361050" lon="-3.217810"/>
      <trkpt lat="43.361410" lon="-3.217640"/>
      <trkpt lat="43.361660" lon="-3.217550"/>
      <trkpt lat="43.361880" lon="-3.217410"/>
      <trkpt lat="43.362200" lon="-3.217340"/>
      <trkpt lat="43.362510" lon="-3.217280"/>
      <trkpt lat="43.362900" lon="-3.217280"/>
      <trkpt lat="43.363260" lon="-3.217330"/>
      <trkpt lat="43.363630" lon="-3.217450"/>
      <trkpt lat="43.363960" lon="-3.217600"/>
      <trkpt lat="43.364290" lon="-3.217810"/>
      <trkpt lat="43.365500" lon="-3.218750"/>
      <trkpt lat="43.365760" lon="-3.218800"/>
      <trkpt lat="43.365960" lon="-3.218750"/>
      <trkpt lat="43.366100" lon="-3.218650"/>
      <trkpt lat="43.366210" lon="-3.218540"/>
      <trkpt lat="43.366280" lon="-3.218430"/>
      <trkpt lat="43.366360" lon="-3.218300"/>
      <trkpt lat="43.366420" lon="-3.218170"/>
      <trkpt lat="43.366500" lon="-3.218020"/>
      <trkpt lat="43.366630" lon="-3.217800"/>
      <trkpt lat="43.366740" lon="-3.217700"/>
      <trkpt lat="43.366840" lon="-3.217550"/>
      <trkpt lat="43.366940" lon="-3.217410"/>
      <trkpt lat="43.367170" lon="-3.217100"/>
      <trkpt lat="43.367230" lon="-3.217000"/>
      <trkpt lat="43.367250" lon="-3.216960"/>
      <trkpt lat="43.367260" lon="-3.216930"/>
      <trkpt lat="43.367260" lon="-3.216870"/>
      <trkpt lat="43.367260" lon="-3.216820"/>
      <trkpt lat="43.367270" lon="-3.216770"/>
      <trkpt lat="43.367290" lon="-3.216720"/>
      <trkpt lat="43.367320" lon="-3.216680"/>
      <trkpt lat="43.367360" lon="-3.216650"/>
      <trkpt lat="43.367400" lon="-3.216640"/>
      <trkpt lat="43.367440" lon="-3.216640"/>
      <trkpt lat="43.367480" lon="-3.216660"/>
      <trkpt lat="43.367580" lon="-3.216630"/>
      <trkpt lat="43.367660" lon="-3.216580"/>
      <trkpt lat="43.367790" lon="-3.216500"/>
      <trkpt lat="43.368140" lon="-3.216230"/>
      <trkpt lat="43.368210" lon="-3.216170"/>
      <trkpt lat="43.368480" lon="-3.215960"/>
      <trkpt lat="43.368530" lon="-3.215900"/>
      <trkpt lat="43.368610" lon="-3.215800"/>
      <trkpt lat="43.368640" lon="-3.215750"/>
      <trkpt lat="43.368660" lon="-3.215690"/>
      <trkpt lat="43.368680" lon="-3.215610"/>
      <trkpt lat="43.368670" lon="-3.215580"/>
      <trkpt lat="43.368670" lon="-3.215550"/>
      <trkpt lat="43.368680" lon="-3.215520"/>
      <trkpt lat="43.368680" lon="-3.215480"/>
      <trkpt lat="43.368690" lon="-3.215460"/>
      <trkpt lat="43.368700" lon="-3.215430"/>
      <trkpt lat="43.368710" lon="-3.215410"/>
      <trkpt lat="43.368730" lon="-3.215390"/>
      <trkpt lat="43.368750" lon="-3.215370"/>
      <trkpt lat="43.368770" lon="-3.215350"/>
      <trkpt lat="43.368790" lon="-3.215340"/>
      <trkpt lat="43.368810" lon="-3.215330"/>
      <trkpt lat="43.369000" lon="-3.215150"/>
      <trkpt lat="43.369100" lon="-3.215000"/>
      <trkpt lat="43.369120" lon="-3.214970"/>
      <trkpt lat="43.369110" lon="-3.214930"/>
      <trkpt lat="43.369120" lon="-3.214890"/>
      <trkpt lat="43.369140" lon="-3.214850"/>
      <trkpt lat="43.369160" lon="-3.214820"/>
      <trkpt lat="43.369180" lon="-3.214810"/>
      <trkpt lat="43.369210" lon="-3.214800"/>
      <trkpt lat="43.369240" lon="-3.214800"/>
      <trkpt lat="43.369270" lon="-3.214820"/>
      <trkpt lat="43.369290" lon="-3.214840"/>
      <trkpt lat="43.369310" lon="-3.214880"/>
      <trkpt lat="43.369320" lon="-3.214920"/>
      <trkpt lat="43.369390" lon="-3.214940"/>
      <trkpt lat="43.369450" lon="-3.214960"/>
      <trkpt lat="43.369510" lon="-3.214970"/>
      <trkpt lat="43.369610" lon="-3.214970"/>
      <trkpt lat="43.369650" lon="-3.214960"/>
      <trkpt lat="43.369980" lon="-3.214870"/>
      <trkpt lat="43.370140" lon="-3.214830"/>
      <trkpt lat="43.370170" lon="-3.214820"/>
      <trkpt lat="43.370230" lon="-3.214810"/>
      <trkpt lat="43.370290" lon="-3.214790"/>
      <trkpt lat="43.370330" lon="-3.214780"/>
      <trkpt lat="43.370590" lon="-3.214710"/>
      <trkpt lat="43.370880" lon="-3.214640"/>
      <trkpt lat="43.371050" lon="-3.214590"/>
      <trkpt lat="43.371370" lon="-3.214520"/>
      <trkpt lat="43.371450" lon="-3.214500"/>
      <trkpt lat="43.371570" lon="-3.214460"/>
      <trkpt lat="43.371690" lon="-3.214430"/>
      <trkpt lat="43.371990" lon="-3.214360"/>
      <trkpt lat="43.372260" lon="-3.214310"/>
      <trkpt lat="43.372270" lon="-3.214310"/>
      <trkpt lat="43.372460" lon="-3.214290"/>
      <trkpt lat="43.372660" lon="-3.214320"/>
      <trkpt lat="43.372700" lon="-3.214330"/>
      <trkpt lat="43.372750" lon="-3.214350"/>
      <trkpt lat="43.373130" lon="-3.214500"/>
      <trkpt lat="43.373880" lon="-3.214790"/>
      <trkpt lat="43.374020" lon="-3.214850"/>
      <trkpt lat="43.374330" lon="-3.214970"/>
      <trkpt lat="43.374500" lon="-3.215030"/>
      <trkpt lat="43.374580" lon="-3.215060"/>
      <trkpt lat="43.374650" lon="-3.215090"/>
      <trkpt lat="43.374710" lon="-3.215120"/>
      <trkpt lat="43.375520" lon="-3.215450"/>
      <trkpt lat="43.375940" lon="-3.215620"/>
      <trkpt lat="43.376230" lon="-3.215730"/>
      <trkpt lat="43.376830" lon="-3.215970"/>
      <trkpt lat="43.377320" lon="-3.216160"/>
      <trkpt lat="43.377840" lon="-3.216360"/>
      <trkpt lat="43.378000" lon="-3.216420"/>
      <trkpt lat="43.378500" lon="-3.216620"/>
      <trkpt lat="43.378820" lon="-3.216740"/>
      <trkpt lat="43.379720" lon="-3.217130"/>
      <trkpt lat="43.379880" lon="-3.217190"/>
      <trkpt lat="43.379940" lon="-3.217220"/>
      <trkpt lat="43.380010" lon="-3.217280"/>
      <trkpt lat="43.380080" lon="-3.217350"/>
      <trkpt lat="43.380150" lon="-3.217460"/>
      <trkpt lat="43.380170" lon="-3.217500"/>
      <trkpt lat="43.380200" lon="-3.217610"/>
      <trkpt lat="43.380190" lon="-3.217780"/>
      <trkpt lat="43.380140" lon="-3.217920"/>
      <trkpt lat="43.380010" lon="-3.218270"/>
      <trkpt lat="43.379950" lon="-3.218460"/>
      <trkpt lat="43.379870" lon="-3.218680"/>
      <trkpt lat="43.379860" lon="-3.218780"/>
      <trkpt lat="43.379870" lon="-3.218880"/>
      <trkpt lat="43.379910" lon="-3.219020"/>
      <trkpt lat="43.379950" lon="-3.219080"/>
      <trkpt lat="43.380020" lon="-3.219150"/>
      <trkpt lat="43.380050" lon="-3.219180"/>
      <trkpt lat="43.380210" lon="-3.219290"/>
      <trkpt lat="43.380290" lon="-3.219350"/>
      <trkpt lat="43.380380" lon="-3.219430"/>
      <trkpt lat="43.380420" lon="-3.219350"/>
      <trkpt lat="43.380570" lon="-3.219010"/>
      <trkpt lat="43.380640" lon="-3.218870"/>
      <trkpt lat="43.380650" lon="-3.218850"/>
      <trkpt lat="43.380670" lon="-3.218800"/>
      <trkpt lat="43.380750" lon="-3.218640"/>
      <trkpt lat="43.380810" lon="-3.218490"/>
      <trkpt lat="43.380860" lon="-3.218390"/>
      <trkpt lat="43.380930" lon="-3.218220"/>
      <trkpt lat="43.380930" lon="-3.218190"/>
      <trkpt lat="43.380920" lon="-3.218150"/>
      <trkpt lat="43.380890" lon="-3.218090"/>
      <trkpt lat="43.380810" lon="-3.218020"/>
      <trkpt lat="43.380560" lon="-3.217800"/>
      <trkpt lat="43.380510" lon="-3.217760"/>
      <trkpt lat="43.380170" lon="-3.217500"/>
      <trkpt lat="43.380200" lon="-3.217610"/>
      <trkpt lat="43.380190" lon="-3.217780"/>
      <trkpt lat="43.380140" lon="-3.217920"/>
      <trkpt lat="43.380010" lon="-3.218270"/>
      <trkpt lat="43.379950" lon="-3.218460"/>
      <trkpt lat="43.379870" lon="-3.218680"/>
      <trkpt lat="43.379860" lon="-3.218780"/>
      <trkpt lat="43.379870" lon="-3.218880"/>
      <trkpt lat="43.379910" lon="-3.219020"/>
      <trkpt lat="43.379950" lon="-3.219080"/>
      <trkpt lat="43.380020" lon="-3.219150"/>
      <trkpt lat="43.380050" lon="-3.219180"/>
      <trkpt lat="43.380210" lon="-3.219290"/>
      <trkpt lat="43.380290" lon="-3.219350"/>
      <trkpt lat="43.380380" lon="-3.219430"/>
      <trkpt lat="43.380540" lon="-3.219540"/>
      <trkpt lat="43.380980" lon="-3.219840"/>
      <trkpt lat="43.381110" lon="-3.219930"/>
      <trkpt lat="43.381390" lon="-3.220130"/>
      <trkpt lat="43.381970" lon="-3.220520"/>
      <trkpt lat="43.382100" lon="-3.220610"/>
      <trkpt lat="43.382230" lon="-3.220700"/>
      <trkpt lat="43.382400" lon="-3.220800"/>
      <trkpt lat="43.382500" lon="-3.220860"/>
      <trkpt lat="43.382630" lon="-3.220930"/>
      <trkpt lat="43.382830" lon="-3.220960"/>
      <trkpt lat="43.383010" lon="-3.220960"/>
      <trkpt lat="43.383200" lon="-3.220960"/>
      <trkpt lat="43.383310" lon="-3.220970"/>
      <trkpt lat="43.383520" lon="-3.220980"/>
      <trkpt lat="43.383580" lon="-3.220990"/>
      <trkpt lat="43.383600" lon="-3.220990"/>
      <trkpt lat="43.383630" lon="-3.220990"/>
      <trkpt lat="43.383640" lon="-3.220970"/>
      <trkpt lat="43.383650" lon="-3.220940"/>
      <trkpt lat="43.383670" lon="-3.220930"/>
      <trkpt lat="43.383690" lon="-3.220920"/>
      <trkpt lat="43.383710" lon="-3.220920"/>
      <trkpt lat="43.383730" lon="-3.220930"/>
      <trkpt lat="43.383750" lon="-3.220950"/>
      <trkpt lat="43.383760" lon="-3.220970"/>
      <trkpt lat="43.383770" lon="-3.221000"/>
      <trkpt lat="43.383770" lon="-3.221030"/>
      <trkpt lat="43.383760" lon="-3.221060"/>
      <trkpt lat="43.383750" lon="-3.221080"/>
      <trkpt lat="43.383730" lon="-3.221100"/>
      <trkpt lat="43.383750" lon="-3.221160"/>
      <trkpt lat="43.383760" lon="-3.221190"/>
      <trkpt lat="43.383780" lon="-3.221290"/>
      <trkpt lat="43.383790" lon="-3.221430"/>
      <trkpt lat="43.383820" lon="-3.221650"/>
      <trkpt lat="43.383840" lon="-3.221880"/>
      <trkpt lat="43.383850" lon="-3.222020"/>
      <trkpt lat="43.383870" lon="-3.222170"/>
      <trkpt lat="43.383940" lon="-3.222920"/>
      <trkpt lat="43.383990" lon="-3.223460"/>
      <trkpt lat="43.384040" lon="-3.224040"/>
      <trkpt lat="43.384090" lon="-3.224200"/>
      <trkpt lat="43.384270" lon="-3.224430"/>
      <trkpt lat="43.384340" lon="-3.224520"/>
      <trkpt lat="43.384470" lon="-3.224670"/>
      <trkpt lat="43.384610" lon="-3.224830"/>
      <trkpt lat="43.384670" lon="-3.224910"/>
      <trkpt lat="43.384850" lon="-3.225120"/>
      <trkpt lat="43.384930" lon="-3.225220"/>
      <trkpt lat="43.385190" lon="-3.225540"/>
      <trkpt lat="43.386010" lon="-3.226510"/>
      <trkpt lat="43.386070" lon="-3.226580"/>
      <trkpt lat="43.386130" lon="-3.226650"/>
      <trkpt lat="43.386220" lon="-3.226760"/>
      <trkpt lat="43.386890" lon="-3.227570"/>
      <trkpt lat="43.387480" lon="-3.228280"/>
      <trkpt lat="43.387580" lon="-3.228410"/>
      <trkpt lat="43.387650" lon="-3.228490"/>
      <trkpt lat="43.387710" lon="-3.228560"/>
      <trkpt lat="43.388110" lon="-3.229040"/>
      <trkpt lat="43.388200" lon="-3.229150"/>
      <trkpt lat="43.388470" lon="-3.229490"/>
      <trkpt lat="43.388630" lon="-3.229690"/>
      <trkpt lat="43.388700" lon="-3.229780"/>
      <trkpt lat="43.388730" lon="-3.229810"/>
      <trkpt lat="43.388870" lon="-3.229950"/>
      <trkpt lat="43.389360" lon="-3.230320"/>
      <trkpt lat="43.389950" lon="-3.230780"/>
      <trkpt lat="43.390020" lon="-3.230820"/>
      <trkpt lat="43.390070" lon="-3.230860"/>
      <trkpt lat="43.390220" lon="-3.230980"/>
      <trkpt lat="43.390650" lon="-3.231320"/>
      <trkpt lat="43.390910" lon="-3.231420"/>
      <trkpt lat="43.391030" lon="-3.231470"/>
      <trkpt lat="43.391190" lon="-3.231510"/>
      <trkpt lat="43.391290" lon="-3.231530"/>
      <trkpt lat="43.391340" lon="-3.231510"/>
      <trkpt lat="43.391380" lon="-3.231510"/>
      <trkpt lat="43.391430" lon="-3.231530"/>
      <trkpt lat="43.391460" lon="-3.231560"/>
      <trkpt lat="43.391500" lon="-3.231610"/>
      <trkpt lat="43.391510" lon="-3.231670"/>
      <trkpt lat="43.391520" lon="-3.231730"/>
      <trkpt lat="43.391510" lon="-3.231800"/>
      <trkpt lat="43.391480" lon="-3.231860"/>
      <trkpt lat="43.391510" lon="-3.231990"/>
      <trkpt lat="43.391550" lon="-3.232080"/>
      <trkpt lat="43.391680" lon="-3.232280"/>
      <trkpt lat="43.391790" lon="-3.232410"/>
      <trkpt lat="43.391910" lon="-3.232580"/>
      <trkpt lat="43.392150" lon="-3.233090"/>
      <trkpt lat="43.392340" lon="-3.233610"/>
      <trkpt lat="43.392570" lon="-3.234060"/>
      <trkpt lat="43.392830" lon="-3.234440"/>
      <trkpt lat="43.393110" lon="-3.234700"/>
      <trkpt lat="43.394160" lon="-3.235320"/>
      <trkpt lat="43.394750" lon="-3.235790"/>
      <trkpt lat="43.395060" lon="-3.236170"/>
      <trkpt lat="43.395330" lon="-3.236480"/>
      <trkpt lat="43.395590" lon="-3.236820"/>
      <trkpt lat="43.395970" lon="-3.237430"/>
      <trkpt lat="43.396230" lon="-3.237970"/>
      <trkpt lat="43.396520" lon="-3.238780"/>
      <trkpt lat="43.396770" lon="-3.239610"/>
      <trkpt lat="43.397110" lon="-3.240720"/>
      <trkpt lat="43.397250" lon="-3.241250"/>
      <trkpt lat="43.397370" lon="-3.241800"/>
      <trkpt lat="43.397440" lon="-3.242210"/>
      <trkpt lat="43.397500" lon="-3.242630"/>
      <trkpt lat="43.397540" lon="-3.243040"/>
      <trkpt lat="43.397570" lon="-3.243440"/>
      <trkpt lat="43.397590" lon="-3.244030"/>
      <trkpt lat="43.397600" lon="-3.244660"/>
      <trkpt lat="43.397620" lon="-3.245920"/>
      <trkpt lat="43.397680" lon="-3.246700"/>
      <trkpt lat="43.397740" lon="-3.247230"/>
      <trkpt lat="43.397820" lon="-3.247730"/>
      <trkpt lat="43.398050" lon="-3.248860"/>
      <trkpt lat="43.398260" lon="-3.249570"/>
      <trkpt lat="43.398490" lon="-3.250250"/>
      <trkpt lat="43.399050" lon="-3.251700"/>
      <trkpt lat="43.399380" lon="-3.252620"/>
      <trkpt lat="43.399540" lon="-3.253250"/>
      <trkpt lat="43.399650" lon="-3.253920"/>
      <trkpt lat="43.399710" lon="-3.254630"/>
      <trkpt lat="43.399730" lon="-3.255370"/>
      <trkpt lat="43.399720" lon="-3.256110"/>
      <trkpt lat="43.399660" lon="-3.257790"/>
      <trkpt lat="43.399630" lon="-3.258300"/>
      <trkpt lat="43.399580" lon="-3.258810"/>
      <trkpt lat="43.399510" lon="-3.259210"/>
      <trkpt lat="43.399420" lon="-3.259610"/>
      <trkpt lat="43.399170" lon="-3.260450"/>
      <trkpt lat="43.398780" lon="-3.261500"/>
      <trkpt lat="43.398590" lon="-3.262010"/>
      <trkpt lat="43.398420" lon="-3.262550"/>
      <trkpt lat="43.398280" lon="-3.263080"/>
      <trkpt lat="43.398190" lon="-3.263520"/>
      <trkpt lat="43.398140" lon="-3.263960"/>
      <trkpt lat="43.398120" lon="-3.264380"/>
      <trkpt lat="43.398110" lon="-3.264700"/>
      <trkpt lat="43.398120" lon="-3.265260"/>
      <trkpt lat="43.398270" lon="-3.267430"/>
      <trkpt lat="43.398280" lon="-3.267790"/>
      <trkpt lat="43.398280" lon="-3.268150"/>
      <trkpt lat="43.398270" lon="-3.268480"/>
      <trkpt lat="43.398240" lon="-3.268820"/>
      <trkpt lat="43.398090" lon="-3.269950"/>
      <trkpt lat="43.398030" lon="-3.270520"/>
      <trkpt lat="43.397980" lon="-3.271090"/>
      <trkpt lat="43.397910" lon="-3.272280"/>
      <trkpt lat="43.397900" lon="-3.273770"/>
      <trkpt lat="43.397970" lon="-3.275060"/>
      <trkpt lat="43.398030" lon="-3.275670"/>
      <trkpt lat="43.398110" lon="-3.276300"/>
      <trkpt lat="43.398170" lon="-3.276700"/>
      <trkpt lat="43.398250" lon="-3.277090"/>
      <trkpt lat="43.398380" lon="-3.277620"/>
      <trkpt lat="43.398550" lon="-3.278110"/>
      <trkpt lat="43.398850" lon="-3.278780"/>
      <trkpt lat="43.399210" lon="-3.279440"/>
      <trkpt lat="43.399800" lon="-3.280380"/>
      <trkpt lat="43.400080" lon="-3.280850"/>
      <trkpt lat="43.400320" lon="-3.281380"/>
      <trkpt lat="43.400540" lon="-3.281980"/>
      <trkpt lat="43.400750" lon="-3.282590"/>
      <trkpt lat="43.400980" lon="-3.283460"/>
      <trkpt lat="43.401220" lon="-3.284370"/>
      <trkpt lat="43.401550" lon="-3.285780"/>
      <trkpt lat="43.401840" lon="-3.287300"/>
      <trkpt lat="43.401900" lon="-3.287610"/>
      <trkpt lat="43.402050" lon="-3.288600"/>
      <trkpt lat="43.402200" lon="-3.289620"/>
      <trkpt lat="43.402350" lon="-3.290880"/>
      <trkpt lat="43.402400" lon="-3.291490"/>
      <trkpt lat="43.402440" lon="-3.292090"/>
      <trkpt lat="43.402500" lon="-3.293040"/>
      <trkpt lat="43.402540" lon="-3.293990"/>
      <trkpt lat="43.402560" lon="-3.295060"/>
      <trkpt lat="43.402550" lon="-3.297230"/>
      <trkpt lat="43.402530" lon="-3.298710"/>
      <trkpt lat="43.402520" lon="-3.300180"/>
      <trkpt lat="43.402490" lon="-3.301290"/>
      <trkpt lat="43.402460" lon="-3.303180"/>
      <trkpt lat="43.402420" lon="-3.306730"/>
      <trkpt lat="43.402430" lon="-3.307830"/>
      <trkpt lat="43.402460" lon="-3.308520"/>
      <trkpt lat="43.402490" lon="-3.309100"/>
      <trkpt lat="43.402520" lon="-3.309670"/>
      <trkpt lat="43.402530" lon="-3.310180"/>
      <trkpt lat="43.402510" lon="-3.310690"/>
      <trkpt lat="43.402480" lon="-3.311140"/>
      <trkpt lat="43.402430" lon="-3.311510"/>
      <trkpt lat="43.402350" lon="-3.311870"/>
      <trkpt lat="43.402260" lon="-3.312150"/>
      <trkpt lat="43.402090" lon="-3.312560"/>
      <trkpt lat="43.401930" lon="-3.312920"/>
      <trkpt lat="43.401720" lon="-3.313280"/>
      <trkpt lat="43.401560" lon="-3.313510"/>
      <trkpt lat="43.401440" lon="-3.313670"/>
      <trkpt lat="43.401250" lon="-3.313880"/>
      <trkpt lat="43.401060" lon="-3.314070"/>
      <trkpt lat="43.400880" lon="-3.314230"/>
      <trkpt lat="43.400670" lon="-3.314380"/>
      <trkpt lat="43.400410" lon="-3.314560"/>
      <trkpt lat="43.400130" lon="-3.314720"/>
      <trkpt lat="43.399890" lon="-3.314830"/>
      <trkpt lat="43.399590" lon="-3.314940"/>
      <trkpt lat="43.399310" lon="-3.315010"/>
      <trkpt lat="43.399000" lon="-3.315050"/>
      <trkpt lat="43.398710" lon="-3.315060"/>
      <trkpt lat="43.398450" lon="-3.315040"/>
      <trkpt lat="43.398160" lon="-3.314980"/>
      <trkpt lat="43.397470" lon="-3.314840"/>
      <trkpt lat="43.397340" lon="-3.314810"/>
      <trkpt lat="43.397110" lon="-3.314740"/>
      <trkpt lat="43.396770" lon="-3.314610"/>
      <trkpt lat="43.395980" lon="-3.314200"/>
      <trkpt lat="43.395350" lon="-3.313920"/>
      <trkpt lat="43.394960" lon="-3.313790"/>
      <trkpt lat="43.394620" lon="-3.313720"/>
      <trkpt lat="43.394040" lon="-3.313640"/>
      <trkpt lat="43.393070" lon="-3.313530"/>
      <trkpt lat="43.392470" lon="-3.313490"/>
      <trkpt lat="43.392120" lon="-3.313480"/>
      <trkpt lat="43.391760" lon="-3.313490"/>
      <trkpt lat="43.391430" lon="-3.313530"/>
      <trkpt lat="43.391140" lon="-3.313580"/>
      <trkpt lat="43.390990" lon="-3.313610"/>
      <trkpt lat="43.390850" lon="-3.313660"/>
      <trkpt lat="43.390430" lon="-3.313830"/>
      <trkpt lat="43.389950" lon="-3.314100"/>
      <trkpt lat="43.389510" lon="-3.314400"/>
      <trkpt lat="43.389310" lon="-3.314530"/>
      <trkpt lat="43.388870" lon="-3.314840"/>
      <trkpt lat="43.388100" lon="-3.315400"/>
      <trkpt lat="43.387080" lon="-3.316180"/>
      <trkpt lat="43.386620" lon="-3.316540"/>
      <trkpt lat="43.386340" lon="-3.316810"/>
      <trkpt lat="43.385920" lon="-3.317350"/>
      <trkpt lat="43.385630" lon="-3.317800"/>
      <trkpt lat="43.385470" lon="-3.318080"/>
      <trkpt lat="43.385340" lon="-3.318340"/>
      <trkpt lat="43.385190" lon="-3.318690"/>
      <trkpt lat="43.385050" lon="-3.319050"/>
      <trkpt lat="43.384890" lon="-3.319600"/>
      <trkpt lat="43.384800" lon="-3.319980"/>
      <trkpt lat="43.384730" lon="-3.320340"/>
      <trkpt lat="43.384670" lon="-3.320850"/>
      <trkpt lat="43.384640" lon="-3.321280"/>
      <trkpt lat="43.384630" lon="-3.321480"/>
      <trkpt lat="43.384630" lon="-3.321710"/>
      <trkpt lat="43.384640" lon="-3.322140"/>
      <trkpt lat="43.384700" lon="-3.322720"/>
      <trkpt lat="43.384800" lon="-3.323330"/>
      <trkpt lat="43.384990" lon="-3.323970"/>
      <trkpt lat="43.385110" lon="-3.324380"/>
      <trkpt lat="43.385240" lon="-3.324770"/>
      <trkpt lat="43.385380" lon="-3.325170"/>
      <trkpt lat="43.385530" lon="-3.325540"/>
      <trkpt lat="43.385700" lon="-3.325960"/>
      <trkpt lat="43.385890" lon="-3.326340"/>
      <trkpt lat="43.386160" lon="-3.326810"/>
      <trkpt lat="43.386620" lon="-3.327430"/>
      <trkpt lat="43.386820" lon="-3.327620"/>
      <trkpt lat="43.387010" lon="-3.327800"/>
      <trkpt lat="43.387450" lon="-3.328160"/>
      <trkpt lat="43.387850" lon="-3.328450"/>
      <trkpt lat="43.388530" lon="-3.328950"/>
      <trkpt lat="43.389030" lon="-3.329400"/>
      <trkpt lat="43.389240" lon="-3.329620"/>
      <trkpt lat="43.389430" lon="-3.329860"/>
      <trkpt lat="43.389640" lon="-3.330150"/>
      <trkpt lat="43.389840" lon="-3.330440"/>
      <trkpt lat="43.389970" lon="-3.330670"/>
      <trkpt lat="43.390090" lon="-3.330910"/>
      <trkpt lat="43.390210" lon="-3.331160"/>
      <trkpt lat="43.390320" lon="-3.331410"/>
      <trkpt lat="43.390560" lon="-3.332080"/>
      <trkpt lat="43.390720" lon="-3.332640"/>
      <trkpt lat="43.390830" lon="-3.333160"/>
      <trkpt lat="43.390890" lon="-3.333510"/>
      <trkpt lat="43.390950" lon="-3.333860"/>
      <trkpt lat="43.391000" lon="-3.334360"/>
      <trkpt lat="43.391050" lon="-3.334860"/>
      <trkpt lat="43.391100" lon="-3.335820"/>
      <trkpt lat="43.391120" lon="-3.336620"/>
      <trkpt lat="43.391120" lon="-3.336710"/>
      <trkpt lat="43.391100" lon="-3.337540"/>
      <trkpt lat="43.391040" lon="-3.338210"/>
      <trkpt lat="43.390930" lon="-3.338950"/>
      <trkpt lat="43.390760" lon="-3.339560"/>
      <trkpt lat="43.390540" lon="-3.340160"/>
      <trkpt lat="43.390210" lon="-3.340840"/>
      <trkpt lat="43.389680" lon="-3.341840"/>
      <trkpt lat="43.389590" lon="-3.342020"/>
      <trkpt lat="43.389410" lon="-3.342420"/>
      <trkpt lat="43.389280" lon="-3.342740"/>
      <trkpt lat="43.389170" lon="-3.343080"/>
      <trkpt lat="43.389060" lon="-3.343480"/>
      <trkpt lat="43.388960" lon="-3.343890"/>
      <trkpt lat="43.388900" lon="-3.344310"/>
      <trkpt lat="43.388840" lon="-3.344730"/>
      <trkpt lat="43.388790" lon="-3.345500"/>
      <trkpt lat="43.388790" lon="-3.345770"/>
      <trkpt lat="43.388800" lon="-3.346030"/>
      <trkpt lat="43.388850" lon="-3.346470"/>
      <trkpt lat="43.388920" lon="-3.346950"/>
      <trkpt lat="43.389110" lon="-3.347760"/>
      <trkpt lat="43.389270" lon="-3.348230"/>
      <trkpt lat="43.389440" lon="-3.348670"/>
      <trkpt lat="43.389660" lon="-3.349180"/>
      <trkpt lat="43.389880" lon="-3.349720"/>
      <trkpt lat="43.390170" lon="-3.350510"/>
      <trkpt lat="43.390430" lon="-3.351280"/>
      <trkpt lat="43.390620" lon="-3.351950"/>
      <trkpt lat="43.390800" lon="-3.352640"/>
      <trkpt lat="43.390890" lon="-3.353050"/>
      <trkpt lat="43.390980" lon="-3.353470"/>
      <trkpt lat="43.391040" lon="-3.353830"/>
      <trkpt lat="43.391080" lon="-3.354240"/>
      <trkpt lat="43.391110" lon="-3.354730"/>
      <trkpt lat="43.391110" lon="-3.355170"/>
      <trkpt lat="43.391100" lon="-3.355570"/>
      <trkpt lat="43.391050" lon="-3.356040"/>
      <trkpt lat="43.390990" lon="-3.356480"/>
      <trkpt lat="43.390920" lon="-3.356810"/>
      <trkpt lat="43.390820" lon="-3.357180"/>
      <trkpt lat="43.390710" lon="-3.357560"/>
      <trkpt lat="43.390570" lon="-3.357940"/>
      <trkpt lat="43.390350" lon="-3.358440"/>
      <trkpt lat="43.390120" lon="-3.358890"/>
      <trkpt lat="43.389710" lon="-3.359520"/>
      <trkpt lat="43.389460" lon="-3.359840"/>
      <trkpt lat="43.389210" lon="-3.360150"/>
      <trkpt lat="43.388720" lon="-3.360740"/>
      <trkpt lat="43.388200" lon="-3.361280"/>
      <trkpt lat="43.387740" lon="-3.361730"/>
      <trkpt lat="43.387290" lon="-3.362110"/>
      <trkpt lat="43.386970" lon="-3.362340"/>
      <trkpt lat="43.386640" lon="-3.362540"/>
      <trkpt lat="43.386070" lon="-3.362900"/>
      <trkpt lat="43.385710" lon="-3.363150"/>
      <trkpt lat="43.385370" lon="-3.363430"/>
      <trkpt lat="43.384980" lon="-3.363820"/>
      <trkpt lat="43.384600" lon="-3.364250"/>
      <trkpt lat="43.384220" lon="-3.364690"/>
      <trkpt lat="43.383820" lon="-3.365120"/>
      <trkpt lat="43.383500" lon="-3.365440"/>
      <trkpt lat="43.383100" lon="-3.365840"/>
      <trkpt lat="43.383030" lon="-3.365920"/>
      <trkpt lat="43.382850" lon="-3.366110"/>
      <trkpt lat="43.382680" lon="-3.366320"/>
      <trkpt lat="43.382440" lon="-3.366650"/>
      <trkpt lat="43.382320" lon="-3.366830"/>
      <trkpt lat="43.382210" lon="-3.367010"/>
      <trkpt lat="43.382100" lon="-3.367190"/>
      <trkpt lat="43.382000" lon="-3.367400"/>
      <trkpt lat="43.381840" lon="-3.367750"/>
      <trkpt lat="43.381680" lon="-3.368140"/>
      <trkpt lat="43.381460" lon="-3.368720"/>
      <trkpt lat="43.381180" lon="-3.369550"/>
      <trkpt lat="43.380930" lon="-3.370380"/>
      <trkpt lat="43.380840" lon="-3.370730"/>
      <trkpt lat="43.380770" lon="-3.371080"/>
      <trkpt lat="43.380730" lon="-3.371350"/>
      <trkpt lat="43.380630" lon="-3.372030"/>
      <trkpt lat="43.380600" lon="-3.372550"/>
      <trkpt lat="43.380560" lon="-3.373050"/>
      <trkpt lat="43.380530" lon="-3.373550"/>
      <trkpt lat="43.380540" lon="-3.374010"/>
      <trkpt lat="43.380560" lon="-3.374690"/>
      <trkpt lat="43.380610" lon="-3.375350"/>
      <trkpt lat="43.380720" lon="-3.376320"/>
      <trkpt lat="43.380890" lon="-3.377220"/>
      <trkpt lat="43.381130" lon="-3.378190"/>
      <trkpt lat="43.381380" lon="-3.379030"/>
      <trkpt lat="43.381700" lon="-3.379880"/>
      <trkpt lat="43.382410" lon="-3.381290"/>
      <trkpt lat="43.383170" lon="-3.382460"/>
      <trkpt lat="43.383640" lon="-3.382970"/>
      <trkpt lat="43.384110" lon="-3.383420"/>
      <trkpt lat="43.384710" lon="-3.383880"/>
      <trkpt lat="43.385490" lon="-3.384390"/>
      <trkpt lat="43.386130" lon="-3.384890"/>
      <trkpt lat="43.386560" lon="-3.385290"/>
      <trkpt lat="43.386820" lon="-3.385590"/>
      <trkpt lat="43.387060" lon="-3.385890"/>
      <trkpt lat="43.387250" lon="-3.386170"/>
      <trkpt lat="43.387440" lon="-3.386480"/>
      <trkpt lat="43.387630" lon="-3.386870"/>
      <trkpt lat="43.387790" lon="-3.387200"/>
      <trkpt lat="43.387950" lon="-3.387600"/>
      <trkpt lat="43.388120" lon="-3.388160"/>
      <trkpt lat="43.388830" lon="-3.390380"/>
      <trkpt lat="43.389040" lon="-3.390910"/>
      <trkpt lat="43.389330" lon="-3.391590"/>
      <trkpt lat="43.389800" lon="-3.392540"/>
      <trkpt lat="43.390260" lon="-3.393340"/>
      <trkpt lat="43.390760" lon="-3.394110"/>
      <trkpt lat="43.391330" lon="-3.394850"/>
      <trkpt lat="43.391580" lon="-3.395140"/>
      <trkpt lat="43.391830" lon="-3.395410"/>
      <trkpt lat="43.392330" lon="-3.395920"/>
      <trkpt lat="43.393060" lon="-3.396560"/>
      <trkpt lat="43.394020" lon="-3.397180"/>
      <trkpt lat="43.394570" lon="-3.397500"/>
      <trkpt lat="43.395100" lon="-3.397790"/>
      <trkpt lat="43.395800" lon="-3.398160"/>
      <trkpt lat="43.396150" lon="-3.398330"/>
      <trkpt lat="43.396490" lon="-3.398530"/>
      <trkpt lat="43.396800" lon="-3.398770"/>
      <trkpt lat="43.397310" lon="-3.399140"/>
      <trkpt lat="43.397810" lon="-3.399550"/>
      <trkpt lat="43.398060" lon="-3.399760"/>
      <trkpt lat="43.398300" lon="-3.399970"/>
      <trkpt lat="43.398660" lon="-3.400310"/>
      <trkpt lat="43.399020" lon="-3.400670"/>
      <trkpt lat="43.399370" lon="-3.401060"/>
      <trkpt lat="43.399720" lon="-3.401460"/>
      <trkpt lat="43.400390" lon="-3.402290"/>
      <trkpt lat="43.400720" lon="-3.402720"/>
      <trkpt lat="43.401040" lon="-3.403150"/>
      <trkpt lat="43.401560" lon="-3.403860"/>
      <trkpt lat="43.401810" lon="-3.404220"/>
      <trkpt lat="43.402040" lon="-3.404610"/>
      <trkpt lat="43.402290" lon="-3.405060"/>
      <trkpt lat="43.402620" lon="-3.405710"/>
      <trkpt lat="43.402850" lon="-3.406260"/>
      <trkpt lat="43.403050" lon="-3.406830"/>
      <trkpt lat="43.403450" lon="-3.407960"/>
      <trkpt lat="43.403880" lon="-3.409070"/>
      <trkpt lat="43.404310" lon="-3.410180"/>
      <trkpt lat="43.404480" lon="-3.410700"/>
      <trkpt lat="43.404640" lon="-3.411320"/>
      <trkpt lat="43.404740" lon="-3.411850"/>
      <trkpt lat="43.404800" lon="-3.412330"/>
      <trkpt lat="43.404820" lon="-3.412540"/>
      <trkpt lat="43.404840" lon="-3.413090"/>
      <trkpt lat="43.404830" lon="-3.413760"/>
      <trkpt lat="43.404800" lon="-3.414460"/>
      <trkpt lat="43.404690" lon="-3.415440"/>
      <trkpt lat="43.404550" lon="-3.416080"/>
      <trkpt lat="43.404320" lon="-3.416890"/>
      <trkpt lat="43.403930" lon="-3.418200"/>
      <trkpt lat="43.403190" lon="-3.420000"/>
      <trkpt lat="43.402450" lon="-3.421560"/>
      <trkpt lat="43.402290" lon="-3.421980"/>
      <trkpt lat="43.402090" lon="-3.422600"/>
      <trkpt lat="43.401970" lon="-3.423100"/>
      <trkpt lat="43.401890" lon="-3.423630"/>
      <trkpt lat="43.401840" lon="-3.424100"/>
      <trkpt lat="43.401810" lon="-3.424630"/>
      <trkpt lat="43.401830" lon="-3.425220"/>
      <trkpt lat="43.401860" lon="-3.425740"/>
      <trkpt lat="43.402020" lon="-3.427100"/>
      <trkpt lat="43.402210" lon="-3.428790"/>
      <trkpt lat="43.402230" lon="-3.429390"/>
      <trkpt lat="43.402250" lon="-3.429950"/>
      <trkpt lat="43.402240" lon="-3.430550"/>
      <trkpt lat="43.402210" lon="-3.431050"/>
      <trkpt lat="43.402140" lon="-3.431680"/>
      <trkpt lat="43.402050" lon="-3.432280"/>
      <trkpt lat="43.401940" lon="-3.432810"/>
      <trkpt lat="43.401770" lon="-3.433460"/>
      <trkpt lat="43.401520" lon="-3.434180"/>
      <trkpt lat="43.401200" lon="-3.434980"/>
      <trkpt lat="43.401020" lon="-3.435400"/>
      <trkpt lat="43.400740" lon="-3.436000"/>
      <trkpt lat="43.400480" lon="-3.436510"/>
      <trkpt lat="43.400360" lon="-3.436740"/>
      <trkpt lat="43.399980" lon="-3.437420"/>
      <trkpt lat="43.399610" lon="-3.438040"/>
      <trkpt lat="43.399130" lon="-3.438780"/>
      <trkpt lat="43.398610" lon="-3.439490"/>
      <trkpt lat="43.398310" lon="-3.439870"/>
      <trkpt lat="43.398010" lon="-3.440250"/>
      <trkpt lat="43.397370" lon="-3.440960"/>
      <trkpt lat="43.396740" lon="-3.441590"/>
      <trkpt lat="43.396210" lon="-3.442070"/>
      <trkpt lat="43.395660" lon="-3.442530"/>
      <trkpt lat="43.394890" lon="-3.443120"/>
      <trkpt lat="43.394580" lon="-3.443320"/>
      <trkpt lat="43.394520" lon="-3.443350"/>
      <trkpt lat="43.394090" lon="-3.443620"/>
      <trkpt lat="43.393870" lon="-3.443740"/>
      <trkpt lat="43.393600" lon="-3.443890"/>
      <trkpt lat="43.393440" lon="-3.443980"/>
      <trkpt lat="43.392550" lon="-3.444410"/>
      <trkpt lat="43.391960" lon="-3.444750"/>
      <trkpt lat="43.391650" lon="-3.444950"/>
      <trkpt lat="43.391340" lon="-3.445180"/>
      <trkpt lat="43.391100" lon="-3.445390"/>
      <trkpt lat="43.390850" lon="-3.445660"/>
      <trkpt lat="43.390610" lon="-3.445960"/>
      <trkpt lat="43.390380" lon="-3.446280"/>
      <trkpt lat="43.390160" lon="-3.446650"/>
      <trkpt lat="43.390000" lon="-3.446980"/>
      <trkpt lat="43.389870" lon="-3.447300"/>
      <trkpt lat="43.389750" lon="-3.447700"/>
      <trkpt lat="43.389660" lon="-3.447950"/>
      <trkpt lat="43.389620" lon="-3.448050"/>
      <trkpt lat="43.389580" lon="-3.448210"/>
      <trkpt lat="43.389520" lon="-3.448520"/>
      <trkpt lat="43.389470" lon="-3.448820"/>
      <trkpt lat="43.389450" lon="-3.448950"/>
      <trkpt lat="43.389430" lon="-3.449120"/>
      <trkpt lat="43.389420" lon="-3.449310"/>
      <trkpt lat="43.389400" lon="-3.449660"/>
      <trkpt lat="43.389400" lon="-3.449960"/>
      <trkpt lat="43.389410" lon="-3.450270"/>
      <trkpt lat="43.389430" lon="-3.450560"/>
      <trkpt lat="43.389470" lon="-3.450860"/>
      <trkpt lat="43.389520" lon="-3.451200"/>
      <trkpt lat="43.389630" lon="-3.451690"/>
      <trkpt lat="43.389760" lon="-3.452170"/>
      <trkpt lat="43.389910" lon="-3.452630"/>
      <trkpt lat="43.390040" lon="-3.452970"/>
      <trkpt lat="43.390170" lon="-3.453300"/>
      <trkpt lat="43.390490" lon="-3.454060"/>
      <trkpt lat="43.390780" lon="-3.454780"/>
      <trkpt lat="43.390930" lon="-3.455140"/>
      <trkpt lat="43.391060" lon="-3.455520"/>
      <trkpt lat="43.391240" lon="-3.456060"/>
      <trkpt lat="43.391320" lon="-3.456350"/>
      <trkpt lat="43.391390" lon="-3.456620"/>
      <trkpt lat="43.391510" lon="-3.457190"/>
      <trkpt lat="43.391590" lon="-3.457640"/>
      <trkpt lat="43.391650" lon="-3.458120"/>
      <trkpt lat="43.391670" lon="-3.458460"/>
      <trkpt lat="43.391690" lon="-3.458820"/>
      <trkpt lat="43.391690" lon="-3.459510"/>
      <trkpt lat="43.391650" lon="-3.460220"/>
      <trkpt lat="43.391610" lon="-3.460690"/>
      <trkpt lat="43.391500" lon="-3.461760"/>
      <trkpt lat="43.390920" lon="-3.466880"/>
      <trkpt lat="43.390820" lon="-3.467820"/>
      <trkpt lat="43.390640" lon="-3.469440"/>
      <trkpt lat="43.390550" lon="-3.470240"/>
      <trkpt lat="43.390490" lon="-3.471040"/>
      <trkpt lat="43.390470" lon="-3.471280"/>
      <trkpt lat="43.390440" lon="-3.471800"/>
      <trkpt lat="43.390430" lon="-3.472180"/>
      <trkpt lat="43.390420" lon="-3.472540"/>
      <trkpt lat="43.390430" lon="-3.473130"/>
      <trkpt lat="43.390430" lon="-3.473440"/>
      <trkpt lat="43.390440" lon="-3.473680"/>
      <trkpt lat="43.390460" lon="-3.473910"/>
      <trkpt lat="43.390480" lon="-3.474170"/>
      <trkpt lat="43.390530" lon="-3.474610"/>
      <trkpt lat="43.390560" lon="-3.474830"/>
      <trkpt lat="43.390590" lon="-3.475040"/>
      <trkpt lat="43.390680" lon="-3.475500"/>
      <trkpt lat="43.390780" lon="-3.475960"/>
      <trkpt lat="43.391000" lon="-3.476780"/>
      <trkpt lat="43.391110" lon="-3.477110"/>
      <trkpt lat="43.391220" lon="-3.477420"/>
      <trkpt lat="43.391470" lon="-3.478030"/>
      <trkpt lat="43.391690" lon="-3.478480"/>
      <trkpt lat="43.391880" lon="-3.478840"/>
      <trkpt lat="43.392210" lon="-3.479400"/>
      <trkpt lat="43.392570" lon="-3.479920"/>
      <trkpt lat="43.392880" lon="-3.480310"/>
      <trkpt lat="43.393210" lon="-3.480680"/>
      <trkpt lat="43.393460" lon="-3.480950"/>
      <trkpt lat="43.393700" lon="-3.481190"/>
      <trkpt lat="43.393880" lon="-3.481360"/>
      <trkpt lat="43.394060" lon="-3.481520"/>
      <trkpt lat="43.394420" lon="-3.481830"/>
      <trkpt lat="43.395150" lon="-3.482400"/>
      <trkpt lat="43.395860" lon="-3.482960"/>
      <trkpt lat="43.396210" lon="-3.483230"/>
      <trkpt lat="43.396560" lon="-3.483530"/>
      <trkpt lat="43.396750" lon="-3.483690"/>
      <trkpt lat="43.397120" lon="-3.484040"/>
      <trkpt lat="43.397450" lon="-3.484360"/>
      <trkpt lat="43.397720" lon="-3.484640"/>
      <trkpt lat="43.398380" lon="-3.485390"/>
      <trkpt lat="43.398510" lon="-3.485540"/>
      <trkpt lat="43.398650" lon="-3.485710"/>
      <trkpt lat="43.398960" lon="-3.486100"/>
      <trkpt lat="43.399170" lon="-3.486400"/>
      <trkpt lat="43.399510" lon="-3.486900"/>
      <trkpt lat="43.399820" lon="-3.487440"/>
      <trkpt lat="43.399950" lon="-3.487660"/>
      <trkpt lat="43.400060" lon="-3.487890"/>
      <trkpt lat="43.400230" lon="-3.488230"/>
      <trkpt lat="43.400380" lon="-3.488590"/>
      <trkpt lat="43.400630" lon="-3.489250"/>
      <trkpt lat="43.400940" lon="-3.490230"/>
      <trkpt lat="43.401090" lon="-3.490720"/>
      <trkpt lat="43.401260" lon="-3.491190"/>
      <trkpt lat="43.401540" lon="-3.491840"/>
      <trkpt lat="43.401830" lon="-3.492440"/>
      <trkpt lat="43.402000" lon="-3.492730"/>
      <trkpt lat="43.402160" lon="-3.493000"/>
      <trkpt lat="43.402330" lon="-3.493250"/>
      <trkpt lat="43.402510" lon="-3.493480"/>
      <trkpt lat="43.402680" lon="-3.493720"/>
      <trkpt lat="43.402870" lon="-3.493940"/>
      <trkpt lat="43.403080" lon="-3.494190"/>
      <trkpt lat="43.403410" lon="-3.494500"/>
      <trkpt lat="43.403720" lon="-3.494780"/>
      <trkpt lat="43.404050" lon="-3.495040"/>
      <trkpt lat="43.404290" lon="-3.495210"/>
      <trkpt lat="43.404530" lon="-3.495360"/>
      <trkpt lat="43.404900" lon="-3.495560"/>
      <trkpt lat="43.405120" lon="-3.495660"/>
      <trkpt lat="43.405280" lon="-3.495730"/>
      <trkpt lat="43.405440" lon="-3.495800"/>
      <trkpt lat="43.405640" lon="-3.495870"/>
      <trkpt lat="43.406000" lon="-3.496000"/>
      <trkpt lat="43.406270" lon="-3.496090"/>
      <trkpt lat="43.406510" lon="-3.496180"/>
      <trkpt lat="43.406710" lon="-3.496260"/>
      <trkpt lat="43.406840" lon="-3.496320"/>
      <trkpt lat="43.407030" lon="-3.496410"/>
      <trkpt lat="43.407150" lon="-3.496480"/>
      <trkpt lat="43.407340" lon="-3.496590"/>
      <trkpt lat="43.407630" lon="-3.496810"/>
      <trkpt lat="43.407920" lon="-3.497050"/>
      <trkpt lat="43.408190" lon="-3.497330"/>
      <trkpt lat="43.408460" lon="-3.497620"/>
      <trkpt lat="43.408710" lon="-3.497960"/>
      <trkpt lat="43.408960" lon="-3.498340"/>
      <trkpt lat="43.409170" lon="-3.498750"/>
      <trkpt lat="43.409370" lon="-3.499190"/>
      <trkpt lat="43.409520" lon="-3.499630"/>
      <trkpt lat="43.409660" lon="-3.500080"/>
      <trkpt lat="43.409760" lon="-3.500500"/>
      <trkpt lat="43.409800" lon="-3.500710"/>
      <trkpt lat="43.409840" lon="-3.500940"/>
      <trkpt lat="43.409870" lon="-3.501190"/>
      <trkpt lat="43.409890" lon="-3.501450"/>
      <trkpt lat="43.409920" lon="-3.501740"/>
      <trkpt lat="43.409930" lon="-3.502010"/>
      <trkpt lat="43.409930" lon="-3.502220"/>
      <trkpt lat="43.409930" lon="-3.502430"/>
      <trkpt lat="43.409920" lon="-3.502660"/>
      <trkpt lat="43.409900" lon="-3.502890"/>
      <trkpt lat="43.409870" lon="-3.503250"/>
      <trkpt lat="43.409830" lon="-3.503490"/>
      <trkpt lat="43.409780" lon="-3.503800"/>
      <trkpt lat="43.409730" lon="-3.504060"/>
      <trkpt lat="43.409670" lon="-3.504310"/>
      <trkpt lat="43.409600" lon="-3.504570"/>
      <trkpt lat="43.409490" lon="-3.504920"/>
      <trkpt lat="43.409340" lon="-3.505340"/>
      <trkpt lat="43.409030" lon="-3.506180"/>
      <trkpt lat="43.408890" lon="-3.506570"/>
      <trkpt lat="43.408800" lon="-3.506890"/>
      <trkpt lat="43.408720" lon="-3.507180"/>
      <trkpt lat="43.408650" lon="-3.507450"/>
      <trkpt lat="43.408590" lon="-3.507730"/>
      <trkpt lat="43.408540" lon="-3.507970"/>
      <trkpt lat="43.408490" lon="-3.508250"/>
      <trkpt lat="43.408460" lon="-3.508510"/>
      <trkpt lat="43.408430" lon="-3.508760"/>
      <trkpt lat="43.408400" lon="-3.509010"/>
      <trkpt lat="43.408390" lon="-3.509200"/>
      <trkpt lat="43.408370" lon="-3.509420"/>
      <trkpt lat="43.408360" lon="-3.509670"/>
      <trkpt lat="43.408360" lon="-3.509900"/>
      <trkpt lat="43.408360" lon="-3.510120"/>
      <trkpt lat="43.408360" lon="-3.510340"/>
      <trkpt lat="43.408380" lon="-3.510790"/>
      <trkpt lat="43.408410" lon="-3.511180"/>
      <trkpt lat="43.408440" lon="-3.511430"/>
      <trkpt lat="43.408490" lon="-3.511790"/>
      <trkpt lat="43.408530" lon="-3.512020"/>
      <trkpt lat="43.408570" lon="-3.512280"/>
      <trkpt lat="43.408640" lon="-3.512600"/>
      <trkpt lat="43.408710" lon="-3.512860"/>
      <trkpt lat="43.408820" lon="-3.513210"/>
      <trkpt lat="43.408940" lon="-3.513600"/>
      <trkpt lat="43.409090" lon="-3.513990"/>
      <trkpt lat="43.409250" lon="-3.514400"/>
      <trkpt lat="43.409310" lon="-3.514550"/>
      <trkpt lat="43.409420" lon="-3.514790"/>
      <trkpt lat="43.409560" lon="-3.515060"/>
      <trkpt lat="43.409730" lon="-3.515370"/>
      <trkpt lat="43.410060" lon="-3.515920"/>
      <trkpt lat="43.410410" lon="-3.516510"/>
      <trkpt lat="43.410530" lon="-3.516720"/>
      <trkpt lat="43.410680" lon="-3.517020"/>
      <trkpt lat="43.410780" lon="-3.517230"/>
      <trkpt lat="43.410900" lon="-3.517490"/>
      <trkpt lat="43.411160" lon="-3.518150"/>
      <trkpt lat="43.411210" lon="-3.518300"/>
      <trkpt lat="43.411320" lon="-3.518650"/>
      <trkpt lat="43.411390" lon="-3.518900"/>
      <trkpt lat="43.411440" lon="-3.519110"/>
      <trkpt lat="43.411520" lon="-3.519450"/>
      <trkpt lat="43.411580" lon="-3.519740"/>
      <trkpt lat="43.411640" lon="-3.520100"/>
      <trkpt lat="43.411670" lon="-3.520290"/>
      <trkpt lat="43.411720" lon="-3.520760"/>
      <trkpt lat="43.411760" lon="-3.521080"/>
      <trkpt lat="43.411770" lon="-3.521560"/>
      <trkpt lat="43.411770" lon="-3.521900"/>
      <trkpt lat="43.411770" lon="-3.522170"/>
      <trkpt lat="43.411750" lon="-3.522460"/>
      <trkpt lat="43.411720" lon="-3.522810"/>
      <trkpt lat="43.411680" lon="-3.523120"/>
      <trkpt lat="43.411630" lon="-3.523470"/>
      <trkpt lat="43.411540" lon="-3.524030"/>
      <trkpt lat="43.411370" lon="-3.524970"/>
      <trkpt lat="43.411290" lon="-3.525440"/>
      <trkpt lat="43.411260" lon="-3.525720"/>
      <trkpt lat="43.411240" lon="-3.525910"/>
      <trkpt lat="43.411220" lon="-3.526090"/>
      <trkpt lat="43.411210" lon="-3.526370"/>
      <trkpt lat="43.411200" lon="-3.526730"/>
      <trkpt lat="43.411210" lon="-3.526990"/>
      <trkpt lat="43.411220" lon="-3.527260"/>
      <trkpt lat="43.411240" lon="-3.527520"/>
      <trkpt lat="43.411270" lon="-3.527720"/>
      <trkpt lat="43.411310" lon="-3.528050"/>
      <trkpt lat="43.411370" lon="-3.528340"/>
      <trkpt lat="43.411430" lon="-3.528620"/>
      <trkpt lat="43.411490" lon="-3.528860"/>
      <trkpt lat="43.411580" lon="-3.529150"/>
      <trkpt lat="43.411700" lon="-3.529500"/>
      <trkpt lat="43.411840" lon="-3.529840"/>
      <trkpt lat="43.411920" lon="-3.530000"/>
      <trkpt lat="43.412000" lon="-3.530180"/>
      <trkpt lat="43.412170" lon="-3.530500"/>
      <trkpt lat="43.412550" lon="-3.531210"/>
      <trkpt lat="43.412740" lon="-3.531560"/>
      <trkpt lat="43.412970" lon="-3.532040"/>
      <trkpt lat="43.413110" lon="-3.532350"/>
      <trkpt lat="43.413220" lon="-3.532630"/>
      <trkpt lat="43.413250" lon="-3.532710"/>
      <trkpt lat="43.413270" lon="-3.532770"/>
      <trkpt lat="43.413360" lon="-3.533030"/>
      <trkpt lat="43.413410" lon="-3.533210"/>
      <trkpt lat="43.413480" lon="-3.533450"/>
      <trkpt lat="43.413540" lon="-3.533660"/>
      <trkpt lat="43.413590" lon="-3.533880"/>
      <trkpt lat="43.413650" lon="-3.534150"/>
      <trkpt lat="43.413700" lon="-3.534450"/>
      <trkpt lat="43.413750" lon="-3.534760"/>
      <trkpt lat="43.413780" lon="-3.535070"/>
      <trkpt lat="43.413810" lon="-3.535410"/>
      <trkpt lat="43.413820" lon="-3.535660"/>
      <trkpt lat="43.413830" lon="-3.535890"/>
      <trkpt lat="43.413830" lon="-3.536080"/>
      <trkpt lat="43.413830" lon="-3.536270"/>
      <trkpt lat="43.413820" lon="-3.536440"/>
      <trkpt lat="43.413810" lon="-3.536690"/>
      <trkpt lat="43.413780" lon="-3.537000"/>
      <trkpt lat="43.413750" lon="-3.537230"/>
      <trkpt lat="43.413710" lon="-3.537500"/>
      <trkpt lat="43.413660" lon="-3.537870"/>
      <trkpt lat="43.413530" lon="-3.538500"/>
      <trkpt lat="43.413390" lon="-3.539300"/>
      <trkpt lat="43.413340" lon="-3.539660"/>
      <trkpt lat="43.413300" lon="-3.539960"/>
      <trkpt lat="43.413280" lon="-3.540230"/>
      <trkpt lat="43.413260" lon="-3.540500"/>
      <trkpt lat="43.413250" lon="-3.540790"/>
      <trkpt lat="43.413240" lon="-3.541220"/>
      <trkpt lat="43.413260" lon="-3.541640"/>
      <trkpt lat="43.413280" lon="-3.541960"/>
      <trkpt lat="43.413300" lon="-3.542240"/>
      <trkpt lat="43.413340" lon="-3.542590"/>
      <trkpt lat="43.413410" lon="-3.543050"/>
      <trkpt lat="43.413470" lon="-3.543340"/>
      <trkpt lat="43.413520" lon="-3.543590"/>
      <trkpt lat="43.413690" lon="-3.544240"/>
      <trkpt lat="43.413890" lon="-3.544850"/>
      <trkpt lat="43.414110" lon="-3.545370"/>
      <trkpt lat="43.414310" lon="-3.545790"/>
      <trkpt lat="43.414520" lon="-3.546190"/>
      <trkpt lat="43.414770" lon="-3.546580"/>
      <trkpt lat="43.415030" lon="-3.546960"/>
      <trkpt lat="43.415620" lon="-3.547760"/>
      <trkpt lat="43.415850" lon="-3.548080"/>
      <trkpt lat="43.416100" lon="-3.548520"/>
      <trkpt lat="43.416400" lon="-3.549120"/>
      <trkpt lat="43.416530" lon="-3.549430"/>
      <trkpt lat="43.416640" lon="-3.549750"/>
      <trkpt lat="43.416750" lon="-3.550100"/>
      <trkpt lat="43.416840" lon="-3.550480"/>
      <trkpt lat="43.416920" lon="-3.550880"/>
      <trkpt lat="43.416990" lon="-3.551290"/>
      <trkpt lat="43.417020" lon="-3.551570"/>
      <trkpt lat="43.417040" lon="-3.551880"/>
      <trkpt lat="43.417050" lon="-3.552180"/>
      <trkpt lat="43.417050" lon="-3.552520"/>
      <trkpt lat="43.417030" lon="-3.552900"/>
      <trkpt lat="43.416990" lon="-3.553310"/>
      <trkpt lat="43.416950" lon="-3.553630"/>
      <trkpt lat="43.416890" lon="-3.553960"/>
      <trkpt lat="43.416810" lon="-3.554330"/>
      <trkpt lat="43.416710" lon="-3.554700"/>
      <trkpt lat="43.416620" lon="-3.554970"/>
      <trkpt lat="43.416520" lon="-3.555240"/>
      <trkpt lat="43.416280" lon="-3.555750"/>
      <trkpt lat="43.416090" lon="-3.556100"/>
      <trkpt lat="43.415880" lon="-3.556440"/>
      <trkpt lat="43.415540" lon="-3.556930"/>
      <trkpt lat="43.415150" lon="-3.557380"/>
      <trkpt lat="43.413660" lon="-3.558670"/>
      <trkpt lat="43.413100" lon="-3.559320"/>
      <trkpt lat="43.412820" lon="-3.559690"/>
      <trkpt lat="43.412410" lon="-3.560390"/>
      <trkpt lat="43.412160" lon="-3.560920"/>
      <trkpt lat="43.411940" lon="-3.561470"/>
      <trkpt lat="43.411710" lon="-3.562170"/>
      <trkpt lat="43.411540" lon="-3.562880"/>
      <trkpt lat="43.411460" lon="-3.563310"/>
      <trkpt lat="43.411400" lon="-3.563750"/>
      <trkpt lat="43.411350" lon="-3.564250"/>
      <trkpt lat="43.411330" lon="-3.564740"/>
      <trkpt lat="43.411330" lon="-3.565180"/>
      <trkpt lat="43.411340" lon="-3.565580"/>
      <trkpt lat="43.411370" lon="-3.566040"/>
      <trkpt lat="43.411420" lon="-3.566490"/>
      <trkpt lat="43.411490" lon="-3.566910"/>
      <trkpt lat="43.411560" lon="-3.567310"/>
      <trkpt lat="43.411650" lon="-3.567680"/>
      <trkpt lat="43.411750" lon="-3.568020"/>
      <trkpt lat="43.412030" lon="-3.568910"/>
      <trkpt lat="43.412160" lon="-3.569350"/>
      <trkpt lat="43.412270" lon="-3.569800"/>
      <trkpt lat="43.412400" lon="-3.570340"/>
      <trkpt lat="43.412490" lon="-3.570790"/>
      <trkpt lat="43.412540" lon="-3.571180"/>
      <trkpt lat="43.412590" lon="-3.571570"/>
      <trkpt lat="43.412620" lon="-3.572070"/>
      <trkpt lat="43.412620" lon="-3.572570"/>
      <trkpt lat="43.412620" lon="-3.572930"/>
      <trkpt lat="43.412600" lon="-3.573310"/>
      <trkpt lat="43.412560" lon="-3.573820"/>
      <trkpt lat="43.412500" lon="-3.574310"/>
      <trkpt lat="43.412380" lon="-3.574970"/>
      <trkpt lat="43.412240" lon="-3.575620"/>
      <trkpt lat="43.412020" lon="-3.576450"/>
      <trkpt lat="43.411910" lon="-3.576870"/>
      <trkpt lat="43.411860" lon="-3.577050"/>
      <trkpt lat="43.411840" lon="-3.577190"/>
      <trkpt lat="43.411760" lon="-3.577790"/>
      <trkpt lat="43.411720" lon="-3.578100"/>
      <trkpt lat="43.411710" lon="-3.578390"/>
      <trkpt lat="43.411690" lon="-3.578780"/>
      <trkpt lat="43.411690" lon="-3.578990"/>
      <trkpt lat="43.411700" lon="-3.579330"/>
      <trkpt lat="43.411720" lon="-3.579730"/>
      <trkpt lat="43.411750" lon="-3.580180"/>
      <trkpt lat="43.411780" lon="-3.580630"/>
      <trkpt lat="43.411790" lon="-3.581150"/>
      <trkpt lat="43.411760" lon="-3.581690"/>
      <trkpt lat="43.411700" lon="-3.582220"/>
      <trkpt lat="43.411580" lon="-3.582910"/>
      <trkpt lat="43.411350" lon="-3.583980"/>
      <trkpt lat="43.411250" lon="-3.584520"/>
      <trkpt lat="43.411190" lon="-3.585060"/>
      <trkpt lat="43.411150" lon="-3.585510"/>
      <trkpt lat="43.411140" lon="-3.585880"/>
      <trkpt lat="43.411150" lon="-3.586240"/>
      <trkpt lat="43.411170" lon="-3.586540"/>
      <trkpt lat="43.411190" lon="-3.586820"/>
      <trkpt lat="43.411270" lon="-3.587410"/>
      <trkpt lat="43.411400" lon="-3.588230"/>
      <trkpt lat="43.411510" lon="-3.589050"/>
      <trkpt lat="43.411550" lon="-3.589450"/>
      <trkpt lat="43.411560" lon="-3.589830"/>
      <trkpt lat="43.411580" lon="-3.590190"/>
      <trkpt lat="43.411570" lon="-3.590560"/>
      <trkpt lat="43.411550" lon="-3.590920"/>
      <trkpt lat="43.411520" lon="-3.591280"/>
      <trkpt lat="43.411490" lon="-3.591560"/>
      <trkpt lat="43.411440" lon="-3.591850"/>
      <trkpt lat="43.411390" lon="-3.592140"/>
      <trkpt lat="43.411330" lon="-3.592420"/>
      <trkpt lat="43.411170" lon="-3.593060"/>
      <trkpt lat="43.410930" lon="-3.593900"/>
      <trkpt lat="43.410640" lon="-3.594730"/>
      <trkpt lat="43.410510" lon="-3.595060"/>
      <trkpt lat="43.410380" lon="-3.595380"/>
      <trkpt lat="43.410040" lon="-3.596090"/>
      <trkpt lat="43.409820" lon="-3.596520"/>
      <trkpt lat="43.409580" lon="-3.596940"/>
      <trkpt lat="43.408720" lon="-3.598250"/>
      <trkpt lat="43.408300" lon="-3.598900"/>
      <trkpt lat="43.407890" lon="-3.599560"/>
      <trkpt lat="43.407570" lon="-3.600190"/>
      <trkpt lat="43.407420" lon="-3.600520"/>
      <trkpt lat="43.407280" lon="-3.600850"/>
      <trkpt lat="43.407120" lon="-3.601340"/>
      <trkpt lat="43.406980" lon="-3.601830"/>
      <trkpt lat="43.406840" lon="-3.602550"/>
      <trkpt lat="43.406800" lon="-3.602830"/>
      <trkpt lat="43.406780" lon="-3.603120"/>
      <trkpt lat="43.406760" lon="-3.603680"/>
      <trkpt lat="43.406770" lon="-3.604160"/>
      <trkpt lat="43.406810" lon="-3.604630"/>
      <trkpt lat="43.406860" lon="-3.605380"/>
      <trkpt lat="43.406890" lon="-3.605790"/>
      <trkpt lat="43.406920" lon="-3.606210"/>
      <trkpt lat="43.406930" lon="-3.606700"/>
      <trkpt lat="43.406930" lon="-3.607230"/>
      <trkpt lat="43.406920" lon="-3.607770"/>
      <trkpt lat="43.406870" lon="-3.608420"/>
      <trkpt lat="43.406830" lon="-3.608990"/>
      <trkpt lat="43.406820" lon="-3.609270"/>
      <trkpt lat="43.406800" lon="-3.609780"/>
      <trkpt lat="43.406820" lon="-3.610270"/>
      <trkpt lat="43.406850" lon="-3.610780"/>
      <trkpt lat="43.406900" lon="-3.611310"/>
      <trkpt lat="43.406970" lon="-3.611850"/>
      <trkpt lat="43.407080" lon="-3.612620"/>
      <trkpt lat="43.407150" lon="-3.613100"/>
      <trkpt lat="43.407200" lon="-3.613460"/>
      <trkpt lat="43.407250" lon="-3.613990"/>
      <trkpt lat="43.407280" lon="-3.614320"/>
      <trkpt lat="43.407290" lon="-3.614680"/>
      <trkpt lat="43.407310" lon="-3.615050"/>
      <trkpt lat="43.407300" lon="-3.615420"/>
      <trkpt lat="43.407280" lon="-3.615790"/>
      <trkpt lat="43.407270" lon="-3.616030"/>
      <trkpt lat="43.407240" lon="-3.616280"/>
      <trkpt lat="43.407160" lon="-3.616950"/>
      <trkpt lat="43.407060" lon="-3.617610"/>
      <trkpt lat="43.406920" lon="-3.618230"/>
      <trkpt lat="43.406750" lon="-3.618820"/>
      <trkpt lat="43.406560" lon="-3.619400"/>
      <trkpt lat="43.406370" lon="-3.620070"/>
      <trkpt lat="43.406280" lon="-3.620440"/>
      <trkpt lat="43.406210" lon="-3.620830"/>
      <trkpt lat="43.406090" lon="-3.621600"/>
      <trkpt lat="43.405980" lon="-3.622330"/>
      <trkpt lat="43.405860" lon="-3.622880"/>
      <trkpt lat="43.405710" lon="-3.623400"/>
      <trkpt lat="43.405520" lon="-3.623930"/>
      <trkpt lat="43.405220" lon="-3.624580"/>
      <trkpt lat="43.405010" lon="-3.624940"/>
      <trkpt lat="43.404780" lon="-3.625280"/>
      <trkpt lat="43.404550" lon="-3.625580"/>
      <trkpt lat="43.404310" lon="-3.625860"/>
      <trkpt lat="43.403790" lon="-3.626410"/>
      <trkpt lat="43.403410" lon="-3.626810"/>
      <trkpt lat="43.403090" lon="-3.627170"/>
      <trkpt lat="43.402830" lon="-3.627470"/>
      <trkpt lat="43.402580" lon="-3.627810"/>
      <trkpt lat="43.402310" lon="-3.628260"/>
      <trkpt lat="43.402080" lon="-3.628720"/>
      <trkpt lat="43.401880" lon="-3.629210"/>
      <trkpt lat="43.401690" lon="-3.629780"/>
      <trkpt lat="43.401550" lon="-3.630410"/>
      <trkpt lat="43.401490" lon="-3.630750"/>
      <trkpt lat="43.401450" lon="-3.631080"/>
      <trkpt lat="43.401420" lon="-3.631340"/>
      <trkpt lat="43.401410" lon="-3.631600"/>
      <trkpt lat="43.401400" lon="-3.631960"/>
      <trkpt lat="43.401410" lon="-3.632300"/>
      <trkpt lat="43.401430" lon="-3.632880"/>
      <trkpt lat="43.401470" lon="-3.633710"/>
      <trkpt lat="43.401490" lon="-3.634380"/>
      <trkpt lat="43.401490" lon="-3.634810"/>
      <trkpt lat="43.401480" lon="-3.635240"/>
      <trkpt lat="43.401420" lon="-3.636110"/>
      <trkpt lat="43.401350" lon="-3.636740"/>
      <trkpt lat="43.401260" lon="-3.637400"/>
      <trkpt lat="43.401100" lon="-3.638230"/>
      <trkpt lat="43.400820" lon="-3.639320"/>
      <trkpt lat="43.400570" lon="-3.640020"/>
      <trkpt lat="43.400290" lon="-3.640780"/>
      <trkpt lat="43.400030" lon="-3.641370"/>
      <trkpt lat="43.399610" lon="-3.642150"/>
      <trkpt lat="43.399290" lon="-3.642710"/>
      <trkpt lat="43.398940" lon="-3.643240"/>
      <trkpt lat="43.398460" lon="-3.643940"/>
      <trkpt lat="43.398240" lon="-3.644290"/>
      <trkpt lat="43.398070" lon="-3.644580"/>
      <trkpt lat="43.397910" lon="-3.644860"/>
      <trkpt lat="43.397740" lon="-3.645160"/>
      <trkpt lat="43.397440" lon="-3.645800"/>
      <trkpt lat="43.397080" lon="-3.646780"/>
      <trkpt lat="43.396850" lon="-3.647610"/>
      <trkpt lat="43.396650" lon="-3.648460"/>
      <trkpt lat="43.396430" lon="-3.649310"/>
      <trkpt lat="43.396180" lon="-3.650170"/>
      <trkpt lat="43.395870" lon="-3.651000"/>
      <trkpt lat="43.395590" lon="-3.651680"/>
      <trkpt lat="43.395460" lon="-3.651960"/>
      <trkpt lat="43.395240" lon="-3.652380"/>
      <trkpt lat="43.394970" lon="-3.652870"/>
      <trkpt lat="43.394670" lon="-3.653360"/>
      <trkpt lat="43.394080" lon="-3.654330"/>
      <trkpt lat="43.393610" lon="-3.655130"/>
      <trkpt lat="43.393420" lon="-3.655530"/>
      <trkpt lat="43.393230" lon="-3.655930"/>
      <trkpt lat="43.393010" lon="-3.656490"/>
      <trkpt lat="43.392800" lon="-3.657050"/>
      <trkpt lat="43.392580" lon="-3.657710"/>
      <trkpt lat="43.392180" lon="-3.658940"/>
      <trkpt lat="43.392000" lon="-3.659450"/>
      <trkpt lat="43.391770" lon="-3.660040"/>
      <trkpt lat="43.391590" lon="-3.660480"/>
      <trkpt lat="43.391400" lon="-3.660890"/>
      <trkpt lat="43.391050" lon="-3.661510"/>
      <trkpt lat="43.390430" lon="-3.662500"/>
      <trkpt lat="43.389880" lon="-3.663290"/>
      <trkpt lat="43.389620" lon="-3.663700"/>
      <trkpt lat="43.389360" lon="-3.664110"/>
      <trkpt lat="43.389010" lon="-3.664740"/>
      <trkpt lat="43.388730" lon="-3.665330"/>
      <trkpt lat="43.388550" lon="-3.665740"/>
      <trkpt lat="43.388380" lon="-3.666180"/>
      <trkpt lat="43.388200" lon="-3.666700"/>
      <trkpt lat="43.388000" lon="-3.667360"/>
      <trkpt lat="43.387840" lon="-3.667960"/>
      <trkpt lat="43.387760" lon="-3.668330"/>
      <trkpt lat="43.387630" lon="-3.669010"/>
      <trkpt lat="43.387560" lon="-3.669470"/>
      <trkpt lat="43.387490" lon="-3.669960"/>
      <trkpt lat="43.387440" lon="-3.670430"/>
      <trkpt lat="43.387360" lon="-3.671120"/>
      <trkpt lat="43.387320" lon="-3.671740"/>
      <trkpt lat="43.387270" lon="-3.672470"/>
      <trkpt lat="43.387260" lon="-3.673040"/>
      <trkpt lat="43.387270" lon="-3.673830"/>
      <trkpt lat="43.387310" lon="-3.674760"/>
      <trkpt lat="43.387400" lon="-3.675810"/>
      <trkpt lat="43.387530" lon="-3.676800"/>
      <trkpt lat="43.387670" lon="-3.677670"/>
      <trkpt lat="43.387820" lon="-3.678460"/>
      <trkpt lat="43.387980" lon="-3.679110"/>
      <trkpt lat="43.388410" lon="-3.680820"/>
      <trkpt lat="43.388840" lon="-3.682520"/>
      <trkpt lat="43.389060" lon="-3.683600"/>
      <trkpt lat="43.389240" lon="-3.684750"/>
      <trkpt lat="43.389420" lon="-3.685840"/>
      <trkpt lat="43.389770" lon="-3.687240"/>
      <trkpt lat="43.389980" lon="-3.688040"/>
      <trkpt lat="43.390170" lon="-3.688730"/>
      <trkpt lat="43.390330" lon="-3.689720"/>
      <trkpt lat="43.390460" lon="-3.690630"/>
      <trkpt lat="43.390620" lon="-3.692310"/>
      <trkpt lat="43.390760" lon="-3.693490"/>
      <trkpt lat="43.390970" lon="-3.694560"/>
      <trkpt lat="43.391170" lon="-3.695350"/>
      <trkpt lat="43.391410" lon="-3.696220"/>
      <trkpt lat="43.391540" lon="-3.696660"/>
      <trkpt lat="43.391690" lon="-3.697180"/>
      <trkpt lat="43.391800" lon="-3.697590"/>
      <trkpt lat="43.391890" lon="-3.697980"/>
      <trkpt lat="43.391970" lon="-3.698460"/>
      <trkpt lat="43.392040" lon="-3.699000"/>
      <trkpt lat="43.392060" lon="-3.699330"/>
      <trkpt lat="43.392070" lon="-3.699650"/>
      <trkpt lat="43.392080" lon="-3.699930"/>
      <trkpt lat="43.392070" lon="-3.700430"/>
      <trkpt lat="43.392040" lon="-3.700920"/>
      <trkpt lat="43.391980" lon="-3.701440"/>
      <trkpt lat="43.391900" lon="-3.701920"/>
      <trkpt lat="43.391650" lon="-3.703340"/>
      <trkpt lat="43.391500" lon="-3.704320"/>
      <trkpt lat="43.391390" lon="-3.705320"/>
      <trkpt lat="43.391310" lon="-3.706510"/>
      <trkpt lat="43.391210" lon="-3.707690"/>
      <trkpt lat="43.391080" lon="-3.708970"/>
      <trkpt lat="43.390860" lon="-3.711010"/>
      <trkpt lat="43.390680" lon="-3.712170"/>
      <trkpt lat="43.390550" lon="-3.713250"/>
      <trkpt lat="43.390490" lon="-3.713910"/>
      <trkpt lat="43.390450" lon="-3.714890"/>
      <trkpt lat="43.390450" lon="-3.715850"/>
      <trkpt lat="43.390540" lon="-3.717780"/>
      <trkpt lat="43.390550" lon="-3.718440"/>
      <trkpt lat="43.390530" lon="-3.719030"/>
      <trkpt lat="43.390510" lon="-3.719590"/>
      <trkpt lat="43.390440" lon="-3.720260"/>
      <trkpt lat="43.390340" lon="-3.720970"/>
      <trkpt lat="43.390210" lon="-3.721660"/>
      <trkpt lat="43.390060" lon="-3.722290"/>
      <trkpt lat="43.389880" lon="-3.722880"/>
      <trkpt lat="43.389750" lon="-3.723300"/>
      <trkpt lat="43.389540" lon="-3.723870"/>
      <trkpt lat="43.389290" lon="-3.724490"/>
      <trkpt lat="43.389080" lon="-3.725110"/>
      <trkpt lat="43.388970" lon="-3.725460"/>
      <trkpt lat="43.388870" lon="-3.725800"/>
      <trkpt lat="43.388800" lon="-3.726120"/>
      <trkpt lat="43.388740" lon="-3.726420"/>
      <trkpt lat="43.388690" lon="-3.726760"/>
      <trkpt lat="43.388650" lon="-3.727040"/>
      <trkpt lat="43.388620" lon="-3.727360"/>
      <trkpt lat="43.388600" lon="-3.727600"/>
      <trkpt lat="43.388590" lon="-3.727810"/>
      <trkpt lat="43.388590" lon="-3.728130"/>
      <trkpt lat="43.388590" lon="-3.728750"/>
      <trkpt lat="43.388600" lon="-3.729830"/>
      <trkpt lat="43.388610" lon="-3.731310"/>
      <trkpt lat="43.388620" lon="-3.732750"/>
      <trkpt lat="43.388620" lon="-3.734200"/>
      <trkpt lat="43.388620" lon="-3.736350"/>
      <trkpt lat="43.388630" lon="-3.737020"/>
      <trkpt lat="43.388630" lon="-3.737540"/>
      <trkpt lat="43.388640" lon="-3.738290"/>
      <trkpt lat="43.388640" lon="-3.738750"/>
      <trkpt lat="43.388650" lon="-3.739630"/>
      <trkpt lat="43.388650" lon="-3.740470"/>
      <trkpt lat="43.388650" lon="-3.740890"/>
      <trkpt lat="43.388660" lon="-3.741120"/>
      <trkpt lat="43.388670" lon="-3.741360"/>
      <trkpt lat="43.388680" lon="-3.741600"/>
      <trkpt lat="43.388710" lon="-3.741840"/>
      <trkpt lat="43.388730" lon="-3.742050"/>
      <trkpt lat="43.388770" lon="-3.742330"/>
      <trkpt lat="43.388820" lon="-3.742600"/>
      <trkpt lat="43.388880" lon="-3.742850"/>
      <trkpt lat="43.388940" lon="-3.743090"/>
      <trkpt lat="43.389010" lon="-3.743320"/>
      <trkpt lat="43.389090" lon="-3.743570"/>
      <trkpt lat="43.389200" lon="-3.743870"/>
      <trkpt lat="43.389330" lon="-3.744170"/>
      <trkpt lat="43.389420" lon="-3.744350"/>
      <trkpt lat="43.389500" lon="-3.744510"/>
      <trkpt lat="43.389610" lon="-3.744720"/>
      <trkpt lat="43.389890" lon="-3.745160"/>
      <trkpt lat="43.390620" lon="-3.746150"/>
      <trkpt lat="43.390720" lon="-3.746290"/>
      <trkpt lat="43.390870" lon="-3.746480"/>
      <trkpt lat="43.391030" lon="-3.746700"/>
      <trkpt lat="43.391830" lon="-3.747810"/>
      <trkpt lat="43.392240" lon="-3.748360"/>
      <trkpt lat="43.392450" lon="-3.748670"/>
      <trkpt lat="43.392590" lon="-3.748860"/>
      <trkpt lat="43.392830" lon="-3.749230"/>
      <trkpt lat="43.393350" lon="-3.750110"/>
      <trkpt lat="43.393530" lon="-3.750460"/>
      <trkpt lat="43.393710" lon="-3.750860"/>
      <trkpt lat="43.393890" lon="-3.751280"/>
      <trkpt lat="43.394070" lon="-3.751750"/>
      <trkpt lat="43.394310" lon="-3.752440"/>
      <trkpt lat="43.394610" lon="-3.753480"/>
      <trkpt lat="43.394890" lon="-3.754530"/>
      <trkpt lat="43.394950" lon="-3.754710"/>
      <trkpt lat="43.395150" lon="-3.755310"/>
      <trkpt lat="43.395270" lon="-3.755620"/>
      <trkpt lat="43.395340" lon="-3.755800"/>
      <trkpt lat="43.395430" lon="-3.755980"/>
      <trkpt lat="43.395510" lon="-3.756140"/>
      <trkpt lat="43.395600" lon="-3.756310"/>
      <trkpt lat="43.395700" lon="-3.756470"/>
      <trkpt lat="43.395800" lon="-3.756640"/>
      <trkpt lat="43.395900" lon="-3.756770"/>
      <trkpt lat="43.395980" lon="-3.756900"/>
      <trkpt lat="43.396080" lon="-3.757040"/>
      <trkpt lat="43.396210" lon="-3.757190"/>
      <trkpt lat="43.396430" lon="-3.757430"/>
      <trkpt lat="43.396780" lon="-3.757770"/>
      <trkpt lat="43.397310" lon="-3.758180"/>
      <trkpt lat="43.397750" lon="-3.758530"/>
      <trkpt lat="43.398000" lon="-3.758750"/>
      <trkpt lat="43.398350" lon="-3.759060"/>
      <trkpt lat="43.398890" lon="-3.759710"/>
      <trkpt lat="43.399170" lon="-3.760190"/>
      <trkpt lat="43.399290" lon="-3.760390"/>
      <trkpt lat="43.399400" lon="-3.760630"/>
      <trkpt lat="43.399560" lon="-3.760980"/>
      <trkpt lat="43.399660" lon="-3.761220"/>
      <trkpt lat="43.399800" lon="-3.761690"/>
      <trkpt lat="43.399900" lon="-3.762050"/>
      <trkpt lat="43.400000" lon="-3.762550"/>
      <trkpt lat="43.400090" lon="-3.763240"/>
      <trkpt lat="43.400120" lon="-3.763560"/>
      <trkpt lat="43.400120" lon="-3.763890"/>
      <trkpt lat="43.400110" lon="-3.764250"/>
      <trkpt lat="43.400100" lon="-3.764690"/>
      <trkpt lat="43.399990" lon="-3.765730"/>
      <trkpt lat="43.399920" lon="-3.766540"/>
      <trkpt lat="43.399910" lon="-3.766730"/>
      <trkpt lat="43.399910" lon="-3.767020"/>
      <trkpt lat="43.399910" lon="-3.767210"/>
      <trkpt lat="43.399930" lon="-3.767910"/>
      <trkpt lat="43.400020" lon="-3.768560"/>
      <trkpt lat="43.400300" lon="-3.770020"/>
      <trkpt lat="43.400490" lon="-3.771140"/>
      <trkpt lat="43.400580" lon="-3.771900"/>
      <trkpt lat="43.400650" lon="-3.772770"/>
      <trkpt lat="43.400680" lon="-3.773790"/>
      <trkpt lat="43.400680" lon="-3.774420"/>
      <trkpt lat="43.400630" lon="-3.775420"/>
      <trkpt lat="43.400560" lon="-3.776280"/>
      <trkpt lat="43.400430" lon="-3.777120"/>
      <trkpt lat="43.400310" lon="-3.777800"/>
      <trkpt lat="43.400170" lon="-3.778490"/>
      <trkpt lat="43.399940" lon="-3.779360"/>
      <trkpt lat="43.399670" lon="-3.780250"/>
      <trkpt lat="43.398850" lon="-3.782840"/>
      <trkpt lat="43.397770" lon="-3.786330"/>
      <trkpt lat="43.397540" lon="-3.787030"/>
      <trkpt lat="43.397250" lon="-3.787970"/>
      <trkpt lat="43.397120" lon="-3.788380"/>
      <trkpt lat="43.396990" lon="-3.788810"/>
      <trkpt lat="43.396830" lon="-3.789390"/>
      <trkpt lat="43.396750" lon="-3.789720"/>
      <trkpt lat="43.396660" lon="-3.790110"/>
      <trkpt lat="43.396600" lon="-3.790370"/>
      <trkpt lat="43.396540" lon="-3.790650"/>
      <trkpt lat="43.396440" lon="-3.791170"/>
      <trkpt lat="43.396070" lon="-3.793160"/>
      <trkpt lat="43.395140" lon="-3.797950"/>
      <trkpt lat="43.395060" lon="-3.798360"/>
      <trkpt lat="43.394980" lon="-3.798810"/>
      <trkpt lat="43.394520" lon="-3.801390"/>
      <trkpt lat="43.394460" lon="-3.801740"/>
      <trkpt lat="43.394210" lon="-3.803060"/>
      <trkpt lat="43.393930" lon="-3.804530"/>
      <trkpt lat="43.393850" lon="-3.804950"/>
      <trkpt lat="43.393800" lon="-3.805240"/>
      <trkpt lat="43.393780" lon="-3.805430"/>
      <trkpt lat="43.393760" lon="-3.805610"/>
      <trkpt lat="43.393730" lon="-3.805900"/>
      <trkpt lat="43.393720" lon="-3.806150"/>
      <trkpt lat="43.393720" lon="-3.806370"/>
      <trkpt lat="43.393710" lon="-3.806580"/>
      <trkpt lat="43.393720" lon="-3.806810"/>
      <trkpt lat="43.393730" lon="-3.807030"/>
      <trkpt lat="43.393740" lon="-3.807200"/>
      <trkpt lat="43.393760" lon="-3.807380"/>
      <trkpt lat="43.393770" lon="-3.807520"/>
      <trkpt lat="43.393790" lon="-3.807680"/>
      <trkpt lat="43.393870" lon="-3.808190"/>
      <trkpt lat="43.393890" lon="-3.808380"/>
      <trkpt lat="43.393910" lon="-3.808540"/>
      <trkpt lat="43.393960" lon="-3.808950"/>
      <trkpt lat="43.394020" lon="-3.809390"/>
      <trkpt lat="43.394070" lon="-3.809770"/>
      <trkpt lat="43.394100" lon="-3.810020"/>
      <trkpt lat="43.394150" lon="-3.810400"/>
      <trkpt lat="43.394200" lon="-3.810790"/>
      <trkpt lat="43.394240" lon="-3.811060"/>
      <trkpt lat="43.394270" lon="-3.811210"/>
      <trkpt lat="43.394320" lon="-3.811440"/>
      <trkpt lat="43.394360" lon="-3.811630"/>
      <trkpt lat="43.394420" lon="-3.811830"/>
      <trkpt lat="43.394500" lon="-3.812060"/>
      <trkpt lat="43.394580" lon="-3.812250"/>
      <trkpt lat="43.394650" lon="-3.812410"/>
      <trkpt lat="43.394720" lon="-3.812570"/>
      <trkpt lat="43.394790" lon="-3.812700"/>
      <trkpt lat="43.394880" lon="-3.812860"/>
      <trkpt lat="43.394990" lon="-3.813030"/>
      <trkpt lat="43.395110" lon="-3.813180"/>
      <trkpt lat="43.395240" lon="-3.813340"/>
      <trkpt lat="43.395350" lon="-3.813460"/>
      <trkpt lat="43.395490" lon="-3.813600"/>
      <trkpt lat="43.395620" lon="-3.813710"/>
      <trkpt lat="43.395770" lon="-3.813820"/>
      <trkpt lat="43.395870" lon="-3.813890"/>
      <trkpt lat="43.395970" lon="-3.813950"/>
      <trkpt lat="43.396040" lon="-3.814000"/>
      <trkpt lat="43.396130" lon="-3.814050"/>
      <trkpt lat="43.396260" lon="-3.814110"/>
      <trkpt lat="43.396380" lon="-3.814160"/>
      <trkpt lat="43.396750" lon="-3.814320"/>
      <trkpt lat="43.397120" lon="-3.814460"/>
      <trkpt lat="43.397490" lon="-3.814630"/>
      <trkpt lat="43.399530" lon="-3.815470"/>
      <trkpt lat="43.399680" lon="-3.815530"/>
      <trkpt lat="43.399810" lon="-3.815590"/>
      <trkpt lat="43.399900" lon="-3.815640"/>
      <trkpt lat="43.400000" lon="-3.815680"/>
      <trkpt lat="43.400110" lon="-3.815740"/>
      <trkpt lat="43.400180" lon="-3.815790"/>
      <trkpt lat="43.400260" lon="-3.815830"/>
      <trkpt lat="43.400360" lon="-3.815900"/>
      <trkpt lat="43.400410" lon="-3.815930"/>
      <trkpt lat="43.400470" lon="-3.815980"/>
      <trkpt lat="43.400540" lon="-3.816030"/>
      <trkpt lat="43.400610" lon="-3.816080"/>
      <trkpt lat="43.400750" lon="-3.816190"/>
      <trkpt lat="43.400880" lon="-3.816300"/>
      <trkpt lat="43.400970" lon="-3.816400"/>
      <trkpt lat="43.401090" lon="-3.816520"/>
      <trkpt lat="43.401230" lon="-3.816670"/>
      <trkpt lat="43.401410" lon="-3.816880"/>
      <trkpt lat="43.401800" lon="-3.817350"/>
      <trkpt lat="43.402300" lon="-3.817960"/>
      <trkpt lat="43.402640" lon="-3.818400"/>
      <trkpt lat="43.403050" lon="-3.818940"/>
      <trkpt lat="43.403230" lon="-3.819170"/>
      <trkpt lat="43.403620" lon="-3.819670"/>
      <trkpt lat="43.404040" lon="-3.820380"/>
      <trkpt lat="43.404290" lon="-3.820890"/>
      <trkpt lat="43.404520" lon="-3.821390"/>
      <trkpt lat="43.405100" lon="-3.822580"/>
      <trkpt lat="43.405340" lon="-3.823090"/>
      <trkpt lat="43.405460" lon="-3.823330"/>
      <trkpt lat="43.405600" lon="-3.823670"/>
      <trkpt lat="43.405730" lon="-3.824030"/>
      <trkpt lat="43.405940" lon="-3.824610"/>
      <trkpt lat="43.406350" lon="-3.825730"/>
      <trkpt lat="43.406790" lon="-3.826830"/>
      <trkpt lat="43.407340" lon="-3.828160"/>
      <trkpt lat="43.407550" lon="-3.828670"/>
      <trkpt lat="43.408810" lon="-3.831690"/>
      <trkpt lat="43.409060" lon="-3.832280"/>
      <trkpt lat="43.409390" lon="-3.832890"/>
      <trkpt lat="43.409570" lon="-3.833160"/>
      <trkpt lat="43.409740" lon="-3.833400"/>
      <trkpt lat="43.410230" lon="-3.833950"/>
      <trkpt lat="43.410840" lon="-3.834530"/>
      <trkpt lat="43.411640" lon="-3.835250"/>
      <trkpt lat="43.413190" lon="-3.836650"/>
      <trkpt lat="43.413590" lon="-3.837020"/>
      <trkpt lat="43.415250" lon="-3.838510"/>
      <trkpt lat="43.415720" lon="-3.838920"/>
      <trkpt lat="43.415960" lon="-3.839130"/>
      <trkpt lat="43.416300" lon="-3.839430"/>
      <trkpt lat="43.416740" lon="-3.839740"/>
      <trkpt lat="43.416870" lon="-3.839830"/>
      <trkpt lat="43.417000" lon="-3.839910"/>
      <trkpt lat="43.417140" lon="-3.839980"/>
      <trkpt lat="43.417380" lon="-3.840080"/>
      <trkpt lat="43.417510" lon="-3.840120"/>
      <trkpt lat="43.417650" lon="-3.840150"/>
      <trkpt lat="43.417800" lon="-3.840180"/>
      <trkpt lat="43.417960" lon="-3.840180"/>
      <trkpt lat="43.418070" lon="-3.840170"/>
      <trkpt lat="43.418250" lon="-3.840140"/>
      <trkpt lat="43.418510" lon="-3.840070"/>
      <trkpt lat="43.418740" lon="-3.839960"/>
      <trkpt lat="43.418850" lon="-3.839880"/>
      <trkpt lat="43.419050" lon="-3.839740"/>
      <trkpt lat="43.419220" lon="-3.839580"/>
      <trkpt lat="43.419360" lon="-3.839430"/>
      <trkpt lat="43.419500" lon="-3.839260"/>
      <trkpt lat="43.420010" lon="-3.838570"/>
      <trkpt lat="43.420300" lon="-3.838190"/>
      <trkpt lat="43.420640" lon="-3.837740"/>
      <trkpt lat="43.420660" lon="-3.837720"/>
      <trkpt lat="43.420680" lon="-3.837700"/>
      <trkpt lat="43.420740" lon="-3.837620"/>
      <trkpt lat="43.420810" lon="-3.837530"/>
      <trkpt lat="43.421530" lon="-3.836590"/>
      <trkpt lat="43.421750" lon="-3.836340"/>
      <trkpt lat="43.422270" lon="-3.835730"/>
      <trkpt lat="43.422510" lon="-3.835530"/>
      <trkpt lat="43.422740" lon="-3.835370"/>
      <trkpt lat="43.422970" lon="-3.835250"/>
      <trkpt lat="43.423080" lon="-3.835200"/>
      <trkpt lat="43.423260" lon="-3.835150"/>
      <trkpt lat="43.423390" lon="-3.835130"/>
      <trkpt lat="43.423510" lon="-3.835120"/>
      <trkpt lat="43.423750" lon="-3.835120"/>
      <trkpt lat="43.424030" lon="-3.835140"/>
      <trkpt lat="43.424320" lon="-3.835170"/>
      <trkpt lat="43.424610" lon="-3.835200"/>
      <trkpt lat="43.424750" lon="-3.835220"/>
      <trkpt lat="43.425040" lon="-3.835270"/>
      <trkpt lat="43.425860" lon="-3.835440"/>
      <trkpt lat="43.426690" lon="-3.835630"/>
      <trkpt lat="43.427900" lon="-3.835920"/>
      <trkpt lat="43.428280" lon="-3.835990"/>
      <trkpt lat="43.428580" lon="-3.836030"/>
      <trkpt lat="43.430750" lon="-3.836490"/>
      <trkpt lat="43.431090" lon="-3.836560"/>
      <trkpt lat="43.431510" lon="-3.836670"/>
      <trkpt lat="43.431850" lon="-3.836740"/>
      <trkpt lat="43.432500" lon="-3.836870"/>
      <trkpt lat="43.433270" lon="-3.837000"/>
      <trkpt lat="43.433980" lon="-3.837120"/>
      <trkpt lat="43.434560" lon="-3.837200"/>
      <trkpt lat="43.434720" lon="-3.837220"/>
      <trkpt lat="43.435150" lon="-3.837270"/>
      <trkpt lat="43.435370" lon="-3.837270"/>
      <trkpt lat="43.435780" lon="-3.837270"/>
      <trkpt lat="43.436560" lon="-3.837260"/>
      <trkpt lat="43.437080" lon="-3.837230"/>
      <trkpt lat="43.437380" lon="-3.837190"/>
      <trkpt lat="43.437580" lon="-3.837160"/>
      <trkpt lat="43.437780" lon="-3.837110"/>
      <trkpt lat="43.437960" lon="-3.837070"/>
      <trkpt lat="43.438410" lon="-3.836990"/>
      <trkpt lat="43.438880" lon="-3.836880"/>
      <trkpt lat="43.438950" lon="-3.836870"/>
      <trkpt lat="43.439250" lon="-3.836790"/>
      <trkpt lat="43.439320" lon="-3.836770"/>
      <trkpt lat="43.439410" lon="-3.836750"/>
      <trkpt lat="43.439690" lon="-3.836660"/>
      <trkpt lat="43.440000" lon="-3.836550"/>
      <trkpt lat="43.440070" lon="-3.836530"/>
      <trkpt lat="43.440250" lon="-3.836460"/>
      <trkpt lat="43.441020" lon="-3.836130"/>
      <trkpt lat="43.441390" lon="-3.835970"/>
      <trkpt lat="43.442310" lon="-3.835520"/>
      <trkpt lat="43.442570" lon="-3.835430"/>
      <trkpt lat="43.442860" lon="-3.835210"/>
      <trkpt lat="43.443260" lon="-3.834960"/>
      <trkpt lat="43.444510" lon="-3.834030"/>
      <trkpt lat="43.446010" lon="-3.832910"/>
      <trkpt lat="43.446580" lon="-3.832500"/>
      <trkpt lat="43.447820" lon="-3.831580"/>
      <trkpt lat="43.448260" lon="-3.831250"/>
      <trkpt lat="43.448820" lon="-3.830850"/>
      <trkpt lat="43.449600" lon="-3.830220"/>
      <trkpt lat="43.450180" lon="-3.829800"/>
      <trkpt lat="43.450400" lon="-3.829640"/>
      <trkpt lat="43.450570" lon="-3.829500"/>
      <trkpt lat="43.450820" lon="-3.829150"/>
      <trkpt lat="43.451070" lon="-3.828750"/>
      <trkpt lat="43.451220" lon="-3.828390"/>
      <trkpt lat="43.451280" lon="-3.828220"/>
      <trkpt lat="43.451330" lon="-3.828030"/>
      <trkpt lat="43.451350" lon="-3.827880"/>
      <trkpt lat="43.451370" lon="-3.827790"/>
      <trkpt lat="43.451370" lon="-3.827660"/>
      <trkpt lat="43.451380" lon="-3.827430"/>
      <trkpt lat="43.451370" lon="-3.827320"/>
      <trkpt lat="43.451390" lon="-3.827210"/>
      <trkpt lat="43.451440" lon="-3.827120"/>
      <trkpt lat="43.451490" lon="-3.827050"/>
      <trkpt lat="43.451550" lon="-3.827010"/>
      <trkpt lat="43.451600" lon="-3.826990"/>
      <trkpt lat="43.451650" lon="-3.826980"/>
      <trkpt lat="43.451730" lon="-3.826990"/>
      <trkpt lat="43.451810" lon="-3.827040"/>
      <trkpt lat="43.451880" lon="-3.827120"/>
      <trkpt lat="43.451920" lon="-3.827240"/>
      <trkpt lat="43.451940" lon="-3.827370"/>
      <trkpt lat="43.452040" lon="-3.827480"/>
      <trkpt lat="43.452100" lon="-3.827540"/>
      <trkpt lat="43.452180" lon="-3.827590"/>
      <trkpt lat="43.452270" lon="-3.827620"/>
      <trkpt lat="43.452660" lon="-3.827830"/>
      <trkpt lat="43.452850" lon="-3.827930"/>
      <trkpt lat="43.453160" lon="-3.828090"/>
      <trkpt lat="43.453330" lon="-3.828180"/>
      <trkpt lat="43.453620" lon="-3.828340"/>
      <trkpt lat="43.453690" lon="-3.828370"/>
      <trkpt lat="43.453740" lon="-3.828400"/>
      <trkpt lat="43.453770" lon="-3.828410"/>
      <trkpt lat="43.453800" lon="-3.828410"/>
      <trkpt lat="43.453860" lon="-3.828410"/>
      <trkpt lat="43.453900" lon="-3.828400"/>
      <trkpt lat="43.453940" lon="-3.828370"/>
      <trkpt lat="43.453970" lon="-3.828350"/>
      <trkpt lat="43.454020" lon="-3.828280"/>
      <trkpt lat="43.454040" lon="-3.828260"/>
      <trkpt lat="43.454060" lon="-3.828230"/>
      <trkpt lat="43.454080" lon="-3.828200"/>
      <trkpt lat="43.454190" lon="-3.827960"/>
      <trkpt lat="43.454240" lon="-3.827860"/>
      <trkpt lat="43.454320" lon="-3.827770"/>
      <trkpt lat="43.454440" lon="-3.827660"/>
      <trkpt lat="43.454480" lon="-3.827630"/>
      <trkpt lat="43.454540" lon="-3.827590"/>
      <trkpt lat="43.454660" lon="-3.827550"/>
      <trkpt lat="43.454780" lon="-3.827510"/>
      <trkpt lat="43.454850" lon="-3.827490"/>
      <trkpt lat="43.455470" lon="-3.827280"/>
      <trkpt lat="43.455580" lon="-3.827240"/>
      <trkpt lat="43.455590" lon="-3.827240"/>
      <trkpt lat="43.455850" lon="-3.827140"/>
      <trkpt lat="43.455850" lon="-3.827100"/>
      <trkpt lat="43.455750" lon="-3.826620"/>
      <trkpt lat="43.455500" lon="-3.826710"/>
      <trkpt lat="43.455470" lon="-3.826520"/>
      <trkpt lat="43.455430" lon="-3.826330"/>
      <trkpt lat="43.455480" lon="-3.826310"/>
      <trkpt lat="43.455500" lon="-3.826300"/>
      <trkpt lat="43.455680" lon="-3.826240"/>
      <trkpt lat="43.455670" lon="-3.826160"/>
      <trkpt lat="43.455580" lon="-3.825720"/>
      <trkpt lat="43.455520" lon="-3.825370"/>
      <trkpt lat="43.455460" lon="-3.825140"/>
      <trkpt lat="43.455480" lon="-3.824670"/>
    </trkseg>
  </trk>
</gpx>