<?xml version="1.0" encoding="UTF-8"?>
<gpx version="1.1" creator="trip-planner"
     xmlns="http://www.topografix.com/GPX/1/1">
  <metadata>
    <name>San Vicente - Vitoria-Gasteiz</name>
    <time>2026-08-08T07:59:59Z</time>
  </metadata>
  <wpt lat="43.386368" lon="-4.398566">
    <name>San Vicente de la Barquera</name>
  </wpt>
  <wpt lat="42.854747" lon="-2.676179">
    <name>Vitoria-Gasteiz</name>
  </wpt>
  <trk>
    <name>San Vicente - Vitoria-Gasteiz</name>
    <trkseg>
      <trkpt lat="43.386430" lon="-4.398370"/>
      <trkpt lat="43.385990" lon="-4.398110"/>
      <trkpt lat="43.385940" lon="-4.398090"/>
      <trkpt lat="43.385900" lon="-4.398070"/>
      <trkpt lat="43.385850" lon="-4.398040"/>
      <trkpt lat="43.385810" lon="-4.398020"/>
      <trkpt lat="43.385780" lon="-4.398020"/>
      <trkpt lat="43.385750" lon="-4.398010"/>
      <trkpt lat="43.385730" lon="-4.398010"/>
      <trkpt lat="43.385700" lon="-4.398020"/>
      <trkpt lat="43.385680" lon="-4.398020"/>
      <trkpt lat="43.385650" lon="-4.398030"/>
      <trkpt lat="43.385640" lon="-4.398030"/>
      <trkpt lat="43.385620" lon="-4.398050"/>
      <trkpt lat="43.385590" lon="-4.398060"/>
      <trkpt lat="43.385580" lon="-4.398080"/>
      <trkpt lat="43.385560" lon="-4.398100"/>
      <trkpt lat="43.385530" lon="-4.398130"/>
      <trkpt lat="43.385500" lon="-4.398180"/>
      <trkpt lat="43.385440" lon="-4.398250"/>
      <trkpt lat="43.385210" lon="-4.398600"/>
      <trkpt lat="43.385090" lon="-4.398770"/>
      <trkpt lat="43.384990" lon="-4.398920"/>
      <trkpt lat="43.384870" lon="-4.399110"/>
      <trkpt lat="43.384800" lon="-4.399200"/>
      <trkpt lat="43.384690" lon="-4.399370"/>
      <trkpt lat="43.384660" lon="-4.399410"/>
      <trkpt lat="43.384640" lon="-4.399440"/>
      <trkpt lat="43.384630" lon="-4.399450"/>
      <trkpt lat="43.384620" lon="-4.399470"/>
      <trkpt lat="43.384610" lon="-4.399480"/>
      <trkpt lat="43.384600" lon="-4.399490"/>
      <trkpt lat="43.384590" lon="-4.399500"/>
      <trkpt lat="43.384580" lon="-4.399510"/>
      <trkpt lat="43.384570" lon="-4.399520"/>
      <trkpt lat="43.384560" lon="-4.399530"/>
      <trkpt lat="43.384550" lon="-4.399540"/>
      <trkpt lat="43.384540" lon="-4.399540"/>
      <trkpt lat="43.384530" lon="-4.399550"/>
      <trkpt lat="43.384520" lon="-4.399560"/>
      <trkpt lat="43.384500" lon="-4.399560"/>
      <trkpt lat="43.384490" lon="-4.399570"/>
      <trkpt lat="43.384480" lon="-4.399570"/>
      <trkpt lat="43.384470" lon="-4.399570"/>
      <trkpt lat="43.384450" lon="-4.399570"/>
      <trkpt lat="43.384440" lon="-4.399570"/>
      <trkpt lat="43.384430" lon="-4.399570"/>
      <trkpt lat="43.384420" lon="-4.399570"/>
      <trkpt lat="43.384400" lon="-4.399570"/>
      <trkpt lat="43.384380" lon="-4.399570"/>
      <trkpt lat="43.384370" lon="-4.399560"/>
      <trkpt lat="43.384350" lon="-4.399560"/>
      <trkpt lat="43.384340" lon="-4.399550"/>
      <trkpt lat="43.384320" lon="-4.399540"/>
      <trkpt lat="43.384220" lon="-4.399450"/>
      <trkpt lat="43.384130" lon="-4.399370"/>
      <trkpt lat="43.384050" lon="-4.399300"/>
      <trkpt lat="43.383690" lon="-4.398990"/>
      <trkpt lat="43.383390" lon="-4.398730"/>
      <trkpt lat="43.383240" lon="-4.398610"/>
      <trkpt lat="43.382800" lon="-4.398230"/>
      <trkpt lat="43.382620" lon="-4.398080"/>
      <trkpt lat="43.382160" lon="-4.397700"/>
      <trkpt lat="43.382100" lon="-4.397640"/>
      <trkpt lat="43.382020" lon="-4.397580"/>
      <trkpt lat="43.381810" lon="-4.397410"/>
      <trkpt lat="43.381760" lon="-4.397400"/>
      <trkpt lat="43.381650" lon="-4.397320"/>
      <trkpt lat="43.381610" lon="-4.397280"/>
      <trkpt lat="43.381580" lon="-4.397260"/>
      <trkpt lat="43.381570" lon="-4.397260"/>
      <trkpt lat="43.381550" lon="-4.397240"/>
      <trkpt lat="43.381530" lon="-4.397240"/>
      <trkpt lat="43.381520" lon="-4.397230"/>
      <trkpt lat="43.381510" lon="-4.397230"/>
      <trkpt lat="43.381490" lon="-4.397220"/>
      <trkpt lat="43.381480" lon="-4.397220"/>
      <trkpt lat="43.381460" lon="-4.397220"/>
      <trkpt lat="43.381420" lon="-4.397210"/>
      <trkpt lat="43.381410" lon="-4.397210"/>
      <trkpt lat="43.381340" lon="-4.397190"/>
      <trkpt lat="43.381330" lon="-4.397200"/>
      <trkpt lat="43.381330" lon="-4.397210"/>
      <trkpt lat="43.381320" lon="-4.397220"/>
      <trkpt lat="43.381300" lon="-4.397220"/>
      <trkpt lat="43.381290" lon="-4.397230"/>
      <trkpt lat="43.381280" lon="-4.397230"/>
      <trkpt lat="43.381260" lon="-4.397230"/>
      <trkpt lat="43.381250" lon="-4.397220"/>
      <trkpt lat="43.381240" lon="-4.397220"/>
      <trkpt lat="43.381220" lon="-4.397210"/>
      <trkpt lat="43.381210" lon="-4.397200"/>
      <trkpt lat="43.381200" lon="-4.397190"/>
      <trkpt lat="43.381190" lon="-4.397170"/>
      <trkpt lat="43.381150" lon="-4.397160"/>
      <trkpt lat="43.381130" lon="-4.397160"/>
      <trkpt lat="43.381120" lon="-4.397160"/>
      <trkpt lat="43.381100" lon="-4.397160"/>
      <trkpt lat="43.381090" lon="-4.397160"/>
      <trkpt lat="43.381070" lon="-4.397160"/>
      <trkpt lat="43.381040" lon="-4.397170"/>
      <trkpt lat="43.380900" lon="-4.397290"/>
      <trkpt lat="43.380810" lon="-4.397340"/>
      <trkpt lat="43.380720" lon="-4.397390"/>
      <trkpt lat="43.380640" lon="-4.397420"/>
      <trkpt lat="43.380530" lon="-4.397450"/>
      <trkpt lat="43.380440" lon="-4.397460"/>
      <trkpt lat="43.380090" lon="-4.397490"/>
      <trkpt lat="43.379420" lon="-4.397550"/>
      <trkpt lat="43.379200" lon="-4.397580"/>
      <trkpt lat="43.378980" lon="-4.397650"/>
      <trkpt lat="43.378830" lon="-4.397740"/>
      <trkpt lat="43.378690" lon="-4.397860"/>
      <trkpt lat="43.378540" lon="-4.398050"/>
      <trkpt lat="43.378390" lon="-4.398280"/>
      <trkpt lat="43.378260" lon="-4.398510"/>
      <trkpt lat="43.378130" lon="-4.398670"/>
      <trkpt lat="43.378080" lon="-4.398730"/>
      <trkpt lat="43.377990" lon="-4.398840"/>
      <trkpt lat="43.377840" lon="-4.398960"/>
      <trkpt lat="43.377610" lon="-4.399080"/>
      <trkpt lat="43.377360" lon="-4.399120"/>
      <trkpt lat="43.377010" lon="-4.399070"/>
      <trkpt lat="43.376660" lon="-4.399020"/>
      <trkpt lat="43.376470" lon="-4.399050"/>
      <trkpt lat="43.376360" lon="-4.399090"/>
      <trkpt lat="43.376200" lon="-4.399150"/>
      <trkpt lat="43.375630" lon="-4.399440"/>
      <trkpt lat="43.375510" lon="-4.399490"/>
      <trkpt lat="43.375340" lon="-4.399550"/>
      <trkpt lat="43.375200" lon="-4.399600"/>
      <trkpt lat="43.375090" lon="-4.399630"/>
      <trkpt lat="43.374970" lon="-4.399640"/>
      <trkpt lat="43.374840" lon="-4.399630"/>
      <trkpt lat="43.374710" lon="-4.399610"/>
      <trkpt lat="43.374610" lon="-4.399570"/>
      <trkpt lat="43.374490" lon="-4.399510"/>
      <trkpt lat="43.374390" lon="-4.399440"/>
      <trkpt lat="43.374260" lon="-4.399340"/>
      <trkpt lat="43.374140" lon="-4.399220"/>
      <trkpt lat="43.374060" lon="-4.399140"/>
      <trkpt lat="43.373940" lon="-4.399010"/>
      <trkpt lat="43.373820" lon="-4.398890"/>
      <trkpt lat="43.373710" lon="-4.398800"/>
      <trkpt lat="43.373570" lon="-4.398740"/>
      <trkpt lat="43.373450" lon="-4.398690"/>
      <trkpt lat="43.373320" lon="-4.398660"/>
      <trkpt lat="43.373180" lon="-4.398660"/>
      <trkpt lat="43.373040" lon="-4.398680"/>
      <trkpt lat="43.372880" lon="-4.398740"/>
      <trkpt lat="43.372770" lon="-4.398800"/>
      <trkpt lat="43.372600" lon="-4.398940"/>
      <trkpt lat="43.372360" lon="-4.399190"/>
      <trkpt lat="43.372180" lon="-4.399380"/>
      <trkpt lat="43.371970" lon="-4.399560"/>
      <trkpt lat="43.371800" lon="-4.399660"/>
      <trkpt lat="43.371650" lon="-4.399730"/>
      <trkpt lat="43.371500" lon="-4.399790"/>
      <trkpt lat="43.371280" lon="-4.399820"/>
      <trkpt lat="43.371040" lon="-4.399820"/>
      <trkpt lat="43.369390" lon="-4.399510"/>
      <trkpt lat="43.368960" lon="-4.399430"/>
      <trkpt lat="43.368610" lon="-4.399370"/>
      <trkpt lat="43.368260" lon="-4.399320"/>
      <trkpt lat="43.368110" lon="-4.399310"/>
      <trkpt lat="43.368010" lon="-4.399310"/>
      <trkpt lat="43.367940" lon="-4.399310"/>
      <trkpt lat="43.367870" lon="-4.399310"/>
      <trkpt lat="43.367820" lon="-4.399320"/>
      <trkpt lat="43.367770" lon="-4.399330"/>
      <trkpt lat="43.367730" lon="-4.399340"/>
      <trkpt lat="43.367690" lon="-4.399340"/>
      <trkpt lat="43.367640" lon="-4.399390"/>
      <trkpt lat="43.367610" lon="-4.399400"/>
      <trkpt lat="43.367580" lon="-4.399410"/>
      <trkpt lat="43.367560" lon="-4.399430"/>
      <trkpt lat="43.367530" lon="-4.399440"/>
      <trkpt lat="43.367510" lon="-4.399460"/>
      <trkpt lat="43.367490" lon="-4.399480"/>
      <trkpt lat="43.367470" lon="-4.399500"/>
      <trkpt lat="43.367450" lon="-4.399520"/>
      <trkpt lat="43.367430" lon="-4.399550"/>
      <trkpt lat="43.367410" lon="-4.399580"/>
      <trkpt lat="43.367350" lon="-4.399660"/>
      <trkpt lat="43.367350" lon="-4.399690"/>
      <trkpt lat="43.367350" lon="-4.399720"/>
      <trkpt lat="43.367340" lon="-4.399760"/>
      <trkpt lat="43.367340" lon="-4.399790"/>
      <trkpt lat="43.367320" lon="-4.399820"/>
      <trkpt lat="43.367300" lon="-4.399860"/>
      <trkpt lat="43.367280" lon="-4.399890"/>
      <trkpt lat="43.367260" lon="-4.399920"/>
      <trkpt lat="43.367240" lon="-4.399940"/>
      <trkpt lat="43.367210" lon="-4.399960"/>
      <trkpt lat="43.367180" lon="-4.399970"/>
      <trkpt lat="43.367150" lon="-4.399980"/>
      <trkpt lat="43.367120" lon="-4.399980"/>
      <trkpt lat="43.367090" lon="-4.399980"/>
      <trkpt lat="43.367060" lon="-4.399970"/>
      <trkpt lat="43.367030" lon="-4.399960"/>
      <trkpt lat="43.367000" lon="-4.399940"/>
      <trkpt lat="43.366960" lon="-4.399950"/>
      <trkpt lat="43.366920" lon="-4.399960"/>
      <trkpt lat="43.366890" lon="-4.399960"/>
      <trkpt lat="43.366860" lon="-4.399970"/>
      <trkpt lat="43.366840" lon="-4.399980"/>
      <trkpt lat="43.366820" lon="-4.399990"/>
      <trkpt lat="43.366800" lon="-4.400010"/>
      <trkpt lat="43.366780" lon="-4.400020"/>
      <trkpt lat="43.366730" lon="-4.400050"/>
      <trkpt lat="43.366470" lon="-4.400320"/>
      <trkpt lat="43.366250" lon="-4.400550"/>
      <trkpt lat="43.366230" lon="-4.400610"/>
      <trkpt lat="43.366170" lon="-4.400700"/>
      <trkpt lat="43.366160" lon="-4.400710"/>
      <trkpt lat="43.366150" lon="-4.400730"/>
      <trkpt lat="43.366140" lon="-4.400750"/>
      <trkpt lat="43.366140" lon="-4.400760"/>
      <trkpt lat="43.366130" lon="-4.400780"/>
      <trkpt lat="43.366100" lon="-4.400900"/>
      <trkpt lat="43.366110" lon="-4.400950"/>
      <trkpt lat="43.366100" lon="-4.400990"/>
      <trkpt lat="43.366100" lon="-4.401030"/>
      <trkpt lat="43.366090" lon="-4.401070"/>
      <trkpt lat="43.366080" lon="-4.401110"/>
      <trkpt lat="43.366060" lon="-4.401140"/>
      <trkpt lat="43.366040" lon="-4.401180"/>
      <trkpt lat="43.366020" lon="-4.401210"/>
      <trkpt lat="43.365990" lon="-4.401230"/>
      <trkpt lat="43.365970" lon="-4.401250"/>
      <trkpt lat="43.365930" lon="-4.401260"/>
      <trkpt lat="43.365900" lon="-4.401270"/>
      <trkpt lat="43.365870" lon="-4.401280"/>
      <trkpt lat="43.365830" lon="-4.401270"/>
      <trkpt lat="43.365800" lon="-4.401260"/>
      <trkpt lat="43.365770" lon="-4.401240"/>
      <trkpt lat="43.365740" lon="-4.401220"/>
      <trkpt lat="43.365720" lon="-4.401200"/>
      <trkpt lat="43.365700" lon="-4.401170"/>
      <trkpt lat="43.365680" lon="-4.401130"/>
      <trkpt lat="43.365660" lon="-4.401090"/>
      <trkpt lat="43.365650" lon="-4.401050"/>
      <trkpt lat="43.365640" lon="-4.401010"/>
      <trkpt lat="43.365640" lon="-4.400950"/>
      <trkpt lat="43.365640" lon="-4.400890"/>
      <trkpt lat="43.365660" lon="-4.400830"/>
      <trkpt lat="43.365680" lon="-4.400780"/>
      <trkpt lat="43.365680" lon="-4.400690"/>
      <trkpt lat="43.365690" lon="-4.400600"/>
      <trkpt lat="43.365690" lon="-4.400530"/>
      <trkpt lat="43.365680" lon="-4.400480"/>
      <trkpt lat="43.365670" lon="-4.400430"/>
      <trkpt lat="43.365660" lon="-4.400380"/>
      <trkpt lat="43.365640" lon="-4.400330"/>
      <trkpt lat="43.365630" lon="-4.400280"/>
      <trkpt lat="43.365610" lon="-4.400220"/>
      <trkpt lat="43.365570" lon="-4.400140"/>
      <trkpt lat="43.365490" lon="-4.399980"/>
      <trkpt lat="43.365430" lon="-4.399850"/>
      <trkpt lat="43.365360" lon="-4.399730"/>
      <trkpt lat="43.365300" lon="-4.399620"/>
      <trkpt lat="43.365230" lon="-4.399510"/>
      <trkpt lat="43.365160" lon="-4.399410"/>
      <trkpt lat="43.365100" lon="-4.399310"/>
      <trkpt lat="43.365020" lon="-4.399210"/>
      <trkpt lat="43.364970" lon="-4.399130"/>
      <trkpt lat="43.364890" lon="-4.399030"/>
      <trkpt lat="43.364800" lon="-4.398920"/>
      <trkpt lat="43.364670" lon="-4.398780"/>
      <trkpt lat="43.364540" lon="-4.398640"/>
      <trkpt lat="43.364450" lon="-4.398560"/>
      <trkpt lat="43.364340" lon="-4.398460"/>
      <trkpt lat="43.364190" lon="-4.398330"/>
      <trkpt lat="43.363800" lon="-4.398030"/>
      <trkpt lat="43.363450" lon="-4.397770"/>
      <trkpt lat="43.363030" lon="-4.397460"/>
      <trkpt lat="43.362430" lon="-4.397030"/>
      <trkpt lat="43.362290" lon="-4.396930"/>
      <trkpt lat="43.362150" lon="-4.396840"/>
      <trkpt lat="43.362010" lon="-4.396750"/>
      <trkpt lat="43.361870" lon="-4.396650"/>
      <trkpt lat="43.361610" lon="-4.396470"/>
      <trkpt lat="43.361460" lon="-4.396370"/>
      <trkpt lat="43.361330" lon="-4.396280"/>
      <trkpt lat="43.361190" lon="-4.396180"/>
      <trkpt lat="43.361060" lon="-4.396080"/>
      <trkpt lat="43.360920" lon="-4.395980"/>
      <trkpt lat="43.360780" lon="-4.395880"/>
      <trkpt lat="43.360650" lon="-4.395770"/>
      <trkpt lat="43.360510" lon="-4.395660"/>
      <trkpt lat="43.360380" lon="-4.395570"/>
      <trkpt lat="43.360260" lon="-4.395460"/>
      <trkpt lat="43.360120" lon="-4.395350"/>
      <trkpt lat="43.359990" lon="-4.395240"/>
      <trkpt lat="43.359860" lon="-4.395130"/>
      <trkpt lat="43.359730" lon="-4.395010"/>
      <trkpt lat="43.359610" lon="-4.394890"/>
      <trkpt lat="43.359480" lon="-4.394770"/>
      <trkpt lat="43.359350" lon="-4.394650"/>
      <trkpt lat="43.359230" lon="-4.394530"/>
      <trkpt lat="43.359100" lon="-4.394400"/>
      <trkpt lat="43.358860" lon="-4.394140"/>
      <trkpt lat="43.358750" lon="-4.394020"/>
      <trkpt lat="43.358620" lon="-4.393880"/>
      <trkpt lat="43.358500" lon="-4.393740"/>
      <trkpt lat="43.358380" lon="-4.393600"/>
      <trkpt lat="43.358260" lon="-4.393450"/>
      <trkpt lat="43.357930" lon="-4.393040"/>
      <trkpt lat="43.357710" lon="-4.392750"/>
      <trkpt lat="43.357500" lon="-4.392450"/>
      <trkpt lat="43.357290" lon="-4.392150"/>
      <trkpt lat="43.357080" lon="-4.391840"/>
      <trkpt lat="43.356980" lon="-4.391670"/>
      <trkpt lat="43.356890" lon="-4.391520"/>
      <trkpt lat="43.356780" lon="-4.391350"/>
      <trkpt lat="43.356690" lon="-4.391190"/>
      <trkpt lat="43.356600" lon="-4.391030"/>
      <trkpt lat="43.356500" lon="-4.390870"/>
      <trkpt lat="43.356410" lon="-4.390700"/>
      <trkpt lat="43.356310" lon="-4.390530"/>
      <trkpt lat="43.356230" lon="-4.390360"/>
      <trkpt lat="43.356130" lon="-4.390180"/>
      <trkpt lat="43.356050" lon="-4.390020"/>
      <trkpt lat="43.355970" lon="-4.389850"/>
      <trkpt lat="43.355870" lon="-4.389660"/>
      <trkpt lat="43.355790" lon="-4.389480"/>
      <trkpt lat="43.355710" lon="-4.389300"/>
      <trkpt lat="43.355630" lon="-4.389110"/>
      <trkpt lat="43.355570" lon="-4.388940"/>
      <trkpt lat="43.355490" lon="-4.388760"/>
      <trkpt lat="43.355420" lon="-4.388580"/>
      <trkpt lat="43.355350" lon="-4.388400"/>
      <trkpt lat="43.355270" lon="-4.388210"/>
      <trkpt lat="43.355210" lon="-4.388030"/>
      <trkpt lat="43.355140" lon="-4.387840"/>
      <trkpt lat="43.355070" lon="-4.387650"/>
      <trkpt lat="43.355000" lon="-4.387460"/>
      <trkpt lat="43.354940" lon="-4.387270"/>
      <trkpt lat="43.354870" lon="-4.387070"/>
      <trkpt lat="43.354810" lon="-4.386890"/>
      <trkpt lat="43.354750" lon="-4.386690"/>
      <trkpt lat="43.354690" lon="-4.386500"/>
      <trkpt lat="43.354600" lon="-4.386170"/>
      <trkpt lat="43.354470" lon="-4.385710"/>
      <trkpt lat="43.354220" lon="-4.384730"/>
      <trkpt lat="43.353900" lon="-4.383490"/>
      <trkpt lat="43.353310" lon="-4.381210"/>
      <trkpt lat="43.352720" lon="-4.378910"/>
      <trkpt lat="43.352420" lon="-4.377740"/>
      <trkpt lat="43.352120" lon="-4.376560"/>
      <trkpt lat="43.351560" lon="-4.374400"/>
      <trkpt lat="43.351510" lon="-4.374210"/>
      <trkpt lat="43.351460" lon="-4.374000"/>
      <trkpt lat="43.351420" lon="-4.373820"/>
      <trkpt lat="43.351370" lon="-4.373610"/>
      <trkpt lat="43.351320" lon="-4.373410"/>
      <trkpt lat="43.351280" lon="-4.373210"/>
      <trkpt lat="43.351240" lon="-4.373010"/>
      <trkpt lat="43.351200" lon="-4.372810"/>
      <trkpt lat="43.351160" lon="-4.372610"/>
      <trkpt lat="43.351120" lon="-4.372400"/>
      <trkpt lat="43.351090" lon="-4.372200"/>
      <trkpt lat="43.351060" lon="-4.372000"/>
      <trkpt lat="43.351030" lon="-4.371790"/>
      <trkpt lat="43.351000" lon="-4.371580"/>
      <trkpt lat="43.350980" lon="-4.371380"/>
      <trkpt lat="43.350950" lon="-4.371170"/>
      <trkpt lat="43.350930" lon="-4.370960"/>
      <trkpt lat="43.350910" lon="-4.370760"/>
      <trkpt lat="43.350890" lon="-4.370550"/>
      <trkpt lat="43.350880" lon="-4.370340"/>
      <trkpt lat="43.350850" lon="-4.370000"/>
      <trkpt lat="43.350820" lon="-4.369450"/>
      <trkpt lat="43.350790" lon="-4.369050"/>
      <trkpt lat="43.350780" lon="-4.368850"/>
      <trkpt lat="43.350760" lon="-4.368640"/>
      <trkpt lat="43.350750" lon="-4.368420"/>
      <trkpt lat="43.350730" lon="-4.368220"/>
      <trkpt lat="43.350710" lon="-4.368010"/>
      <trkpt lat="43.350690" lon="-4.367810"/>
      <trkpt lat="43.350660" lon="-4.367610"/>
      <trkpt lat="43.350640" lon="-4.367400"/>
      <trkpt lat="43.350600" lon="-4.367200"/>
      <trkpt lat="43.350570" lon="-4.367000"/>
      <trkpt lat="43.350520" lon="-4.366780"/>
      <trkpt lat="43.350480" lon="-4.366590"/>
      <trkpt lat="43.350440" lon="-4.366410"/>
      <trkpt lat="43.350390" lon="-4.366200"/>
      <trkpt lat="43.350330" lon="-4.366000"/>
      <trkpt lat="43.350270" lon="-4.365810"/>
      <trkpt lat="43.350210" lon="-4.365620"/>
      <trkpt lat="43.350140" lon="-4.365420"/>
      <trkpt lat="43.350070" lon="-4.365250"/>
      <trkpt lat="43.349990" lon="-4.365060"/>
      <trkpt lat="43.349910" lon="-4.364880"/>
      <trkpt lat="43.349830" lon="-4.364710"/>
      <trkpt lat="43.349750" lon="-4.364540"/>
      <trkpt lat="43.349660" lon="-4.364370"/>
      <trkpt lat="43.349560" lon="-4.364200"/>
      <trkpt lat="43.349470" lon="-4.364040"/>
      <trkpt lat="43.349370" lon="-4.363890"/>
      <trkpt lat="43.349270" lon="-4.363740"/>
      <trkpt lat="43.349160" lon="-4.363590"/>
      <trkpt lat="43.349050" lon="-4.363450"/>
      <trkpt lat="43.348940" lon="-4.363310"/>
      <trkpt lat="43.348820" lon="-4.363160"/>
      <trkpt lat="43.348700" lon="-4.363040"/>
      <trkpt lat="43.348600" lon="-4.362930"/>
      <trkpt lat="43.348450" lon="-4.362790"/>
      <trkpt lat="43.348330" lon="-4.362670"/>
      <trkpt lat="43.348220" lon="-4.362580"/>
      <trkpt lat="43.348090" lon="-4.362470"/>
      <trkpt lat="43.347960" lon="-4.362360"/>
      <trkpt lat="43.347820" lon="-4.362260"/>
      <trkpt lat="43.347690" lon="-4.362160"/>
      <trkpt lat="43.347560" lon="-4.362070"/>
      <trkpt lat="43.347420" lon="-4.361980"/>
      <trkpt lat="43.347290" lon="-4.361890"/>
      <trkpt lat="43.347010" lon="-4.361720"/>
      <trkpt lat="43.346870" lon="-4.361640"/>
      <trkpt lat="43.346170" lon="-4.361220"/>
      <trkpt lat="43.346030" lon="-4.361140"/>
      <trkpt lat="43.345890" lon="-4.361050"/>
      <trkpt lat="43.345760" lon="-4.360970"/>
      <trkpt lat="43.345610" lon="-4.360880"/>
      <trkpt lat="43.345480" lon="-4.360780"/>
      <trkpt lat="43.345340" lon="-4.360690"/>
      <trkpt lat="43.345210" lon="-4.360590"/>
      <trkpt lat="43.345070" lon="-4.360480"/>
      <trkpt lat="43.344950" lon="-4.360390"/>
      <trkpt lat="43.344810" lon="-4.360270"/>
      <trkpt lat="43.344680" lon="-4.360150"/>
      <trkpt lat="43.344560" lon="-4.360040"/>
      <trkpt lat="43.344430" lon="-4.359920"/>
      <trkpt lat="43.344330" lon="-4.359810"/>
      <trkpt lat="43.344220" lon="-4.359700"/>
      <trkpt lat="43.344100" lon="-4.359560"/>
      <trkpt lat="43.343980" lon="-4.359430"/>
      <trkpt lat="43.343870" lon="-4.359300"/>
      <trkpt lat="43.343760" lon="-4.359170"/>
      <trkpt lat="43.343660" lon="-4.359040"/>
      <trkpt lat="43.343560" lon="-4.358910"/>
      <trkpt lat="43.343460" lon="-4.358780"/>
      <trkpt lat="43.343360" lon="-4.358630"/>
      <trkpt lat="43.343270" lon="-4.358490"/>
      <trkpt lat="43.343180" lon="-4.358350"/>
      <trkpt lat="43.343080" lon="-4.358200"/>
      <trkpt lat="43.342990" lon="-4.358050"/>
      <trkpt lat="43.342890" lon="-4.357880"/>
      <trkpt lat="43.342800" lon="-4.357720"/>
      <trkpt lat="43.342710" lon="-4.357550"/>
      <trkpt lat="43.342620" lon="-4.357360"/>
      <trkpt lat="43.342540" lon="-4.357180"/>
      <trkpt lat="43.342460" lon="-4.357020"/>
      <trkpt lat="43.342380" lon="-4.356830"/>
      <trkpt lat="43.342310" lon="-4.356660"/>
      <trkpt lat="43.342240" lon="-4.356480"/>
      <trkpt lat="43.342170" lon="-4.356280"/>
      <trkpt lat="43.342100" lon="-4.356100"/>
      <trkpt lat="43.342030" lon="-4.355900"/>
      <trkpt lat="43.341970" lon="-4.355710"/>
      <trkpt lat="43.341920" lon="-4.355530"/>
      <trkpt lat="43.341860" lon="-4.355330"/>
      <trkpt lat="43.341810" lon="-4.355130"/>
      <trkpt lat="43.341760" lon="-4.354920"/>
      <trkpt lat="43.341710" lon="-4.354730"/>
      <trkpt lat="43.341670" lon="-4.354540"/>
      <trkpt lat="43.341630" lon="-4.354330"/>
      <trkpt lat="43.341590" lon="-4.354130"/>
      <trkpt lat="43.341560" lon="-4.353930"/>
      <trkpt lat="43.341530" lon="-4.353720"/>
      <trkpt lat="43.341500" lon="-4.353510"/>
      <trkpt lat="43.341480" lon="-4.353310"/>
      <trkpt lat="43.341460" lon="-4.353100"/>
      <trkpt lat="43.341440" lon="-4.352890"/>
      <trkpt lat="43.341420" lon="-4.352680"/>
      <trkpt lat="43.341410" lon="-4.352470"/>
      <trkpt lat="43.341400" lon="-4.352260"/>
      <trkpt lat="43.341400" lon="-4.352050"/>
      <trkpt lat="43.341390" lon="-4.351830"/>
      <trkpt lat="43.341400" lon="-4.351630"/>
      <trkpt lat="43.341400" lon="-4.351410"/>
      <trkpt lat="43.341410" lon="-4.351200"/>
      <trkpt lat="43.341420" lon="-4.350980"/>
      <trkpt lat="43.341430" lon="-4.350780"/>
      <trkpt lat="43.341450" lon="-4.350580"/>
      <trkpt lat="43.341470" lon="-4.350370"/>
      <trkpt lat="43.341500" lon="-4.350170"/>
      <trkpt lat="43.341520" lon="-4.349960"/>
      <trkpt lat="43.341550" lon="-4.349780"/>
      <trkpt lat="43.341580" lon="-4.349570"/>
      <trkpt lat="43.341620" lon="-4.349370"/>
      <trkpt lat="43.341650" lon="-4.349160"/>
      <trkpt lat="43.341690" lon="-4.348960"/>
      <trkpt lat="43.341730" lon="-4.348780"/>
      <trkpt lat="43.341770" lon="-4.348570"/>
      <trkpt lat="43.341820" lon="-4.348370"/>
      <trkpt lat="43.341860" lon="-4.348160"/>
      <trkpt lat="43.341900" lon="-4.347970"/>
      <trkpt lat="43.341950" lon="-4.347780"/>
      <trkpt lat="43.341990" lon="-4.347580"/>
      <trkpt lat="43.342040" lon="-4.347390"/>
      <trkpt lat="43.342080" lon="-4.347180"/>
      <trkpt lat="43.342120" lon="-4.346980"/>
      <trkpt lat="43.342170" lon="-4.346780"/>
      <trkpt lat="43.342210" lon="-4.346580"/>
      <trkpt lat="43.342250" lon="-4.346370"/>
      <trkpt lat="43.342290" lon="-4.346170"/>
      <trkpt lat="43.342320" lon="-4.345970"/>
      <trkpt lat="43.342350" lon="-4.345760"/>
      <trkpt lat="43.342380" lon="-4.345570"/>
      <trkpt lat="43.342410" lon="-4.345360"/>
      <trkpt lat="43.342440" lon="-4.345150"/>
      <trkpt lat="43.342460" lon="-4.344940"/>
      <trkpt lat="43.342480" lon="-4.344740"/>
      <trkpt lat="43.342490" lon="-4.344540"/>
      <trkpt lat="43.342510" lon="-4.344330"/>
      <trkpt lat="43.342520" lon="-4.344110"/>
      <trkpt lat="43.342520" lon="-4.343910"/>
      <trkpt lat="43.342530" lon="-4.343700"/>
      <trkpt lat="43.342530" lon="-4.343640"/>
      <trkpt lat="43.342520" lon="-4.343500"/>
      <trkpt lat="43.342510" lon="-4.343280"/>
      <trkpt lat="43.342500" lon="-4.343080"/>
      <trkpt lat="43.342490" lon="-4.342870"/>
      <trkpt lat="43.342470" lon="-4.342660"/>
      <trkpt lat="43.342460" lon="-4.342460"/>
      <trkpt lat="43.342430" lon="-4.342250"/>
      <trkpt lat="43.342410" lon="-4.342040"/>
      <trkpt lat="43.342380" lon="-4.341840"/>
      <trkpt lat="43.342350" lon="-4.341640"/>
      <trkpt lat="43.342310" lon="-4.341420"/>
      <trkpt lat="43.342290" lon="-4.341300"/>
      <trkpt lat="43.342270" lon="-4.341230"/>
      <trkpt lat="43.342230" lon="-4.341030"/>
      <trkpt lat="43.342180" lon="-4.340830"/>
      <trkpt lat="43.342130" lon="-4.340640"/>
      <trkpt lat="43.342070" lon="-4.340440"/>
      <trkpt lat="43.342020" lon="-4.340250"/>
      <trkpt lat="43.341950" lon="-4.340050"/>
      <trkpt lat="43.341890" lon="-4.339870"/>
      <trkpt lat="43.341830" lon="-4.339680"/>
      <trkpt lat="43.341760" lon="-4.339500"/>
      <trkpt lat="43.341700" lon="-4.339330"/>
      <trkpt lat="43.341630" lon="-4.339160"/>
      <trkpt lat="43.341560" lon="-4.338990"/>
      <trkpt lat="43.341490" lon="-4.338820"/>
      <trkpt lat="43.341420" lon="-4.338650"/>
      <trkpt lat="43.341330" lon="-4.338470"/>
      <trkpt lat="43.341250" lon="-4.338290"/>
      <trkpt lat="43.341180" lon="-4.338130"/>
      <trkpt lat="43.341100" lon="-4.337980"/>
      <trkpt lat="43.341000" lon="-4.337800"/>
      <trkpt lat="43.340910" lon="-4.337640"/>
      <trkpt lat="43.340820" lon="-4.337490"/>
      <trkpt lat="43.340720" lon="-4.337330"/>
      <trkpt lat="43.340620" lon="-4.337190"/>
      <trkpt lat="43.340530" lon="-4.337050"/>
      <trkpt lat="43.340450" lon="-4.336950"/>
      <trkpt lat="43.340350" lon="-4.336810"/>
      <trkpt lat="43.340250" lon="-4.336670"/>
      <trkpt lat="43.340180" lon="-4.336580"/>
      <trkpt lat="43.340060" lon="-4.336440"/>
      <trkpt lat="43.339940" lon="-4.336300"/>
      <trkpt lat="43.339830" lon="-4.336170"/>
      <trkpt lat="43.339700" lon="-4.336040"/>
      <trkpt lat="43.339600" lon="-4.335930"/>
      <trkpt lat="43.339460" lon="-4.335790"/>
      <trkpt lat="43.339330" lon="-4.335680"/>
      <trkpt lat="43.339210" lon="-4.335570"/>
      <trkpt lat="43.339070" lon="-4.335450"/>
      <trkpt lat="43.338940" lon="-4.335350"/>
      <trkpt lat="43.338810" lon="-4.335250"/>
      <trkpt lat="43.338680" lon="-4.335140"/>
      <trkpt lat="43.338540" lon="-4.335040"/>
      <trkpt lat="43.338460" lon="-4.334980"/>
      <trkpt lat="43.338370" lon="-4.334920"/>
      <trkpt lat="43.338250" lon="-4.334830"/>
      <trkpt lat="43.338110" lon="-4.334740"/>
      <trkpt lat="43.337970" lon="-4.334650"/>
      <trkpt lat="43.337840" lon="-4.334560"/>
      <trkpt lat="43.337700" lon="-4.334480"/>
      <trkpt lat="43.337570" lon="-4.334380"/>
      <trkpt lat="43.337430" lon="-4.334290"/>
      <trkpt lat="43.337290" lon="-4.334210"/>
      <trkpt lat="43.337160" lon="-4.334120"/>
      <trkpt lat="43.337030" lon="-4.334020"/>
      <trkpt lat="43.336890" lon="-4.333920"/>
      <trkpt lat="43.336760" lon="-4.333820"/>
      <trkpt lat="43.336630" lon="-4.333720"/>
      <trkpt lat="43.336500" lon="-4.333620"/>
      <trkpt lat="43.336370" lon="-4.333510"/>
      <trkpt lat="43.336240" lon="-4.333400"/>
      <trkpt lat="43.336120" lon="-4.333280"/>
      <trkpt lat="43.336000" lon="-4.333160"/>
      <trkpt lat="43.335870" lon="-4.333030"/>
      <trkpt lat="43.335760" lon="-4.332910"/>
      <trkpt lat="43.335640" lon="-4.332780"/>
      <trkpt lat="43.335530" lon="-4.332650"/>
      <trkpt lat="43.335420" lon="-4.332510"/>
      <trkpt lat="43.335310" lon="-4.332370"/>
      <trkpt lat="43.335200" lon="-4.332230"/>
      <trkpt lat="43.335090" lon="-4.332090"/>
      <trkpt lat="43.334980" lon="-4.331930"/>
      <trkpt lat="43.334880" lon="-4.331780"/>
      <trkpt lat="43.334780" lon="-4.331630"/>
      <trkpt lat="43.334690" lon="-4.331470"/>
      <trkpt lat="43.334600" lon="-4.331320"/>
      <trkpt lat="43.334500" lon="-4.331150"/>
      <trkpt lat="43.334410" lon="-4.330980"/>
      <trkpt lat="43.334320" lon="-4.330810"/>
      <trkpt lat="43.334240" lon="-4.330650"/>
      <trkpt lat="43.334150" lon="-4.330470"/>
      <trkpt lat="43.334080" lon="-4.330300"/>
      <trkpt lat="43.334000" lon="-4.330120"/>
      <trkpt lat="43.333920" lon="-4.329940"/>
      <trkpt lat="43.333850" lon="-4.329760"/>
      <trkpt lat="43.333790" lon="-4.329580"/>
      <trkpt lat="43.333720" lon="-4.329400"/>
      <trkpt lat="43.333660" lon="-4.329200"/>
      <trkpt lat="43.333600" lon="-4.329020"/>
      <trkpt lat="43.333540" lon="-4.328830"/>
      <trkpt lat="43.333480" lon="-4.328640"/>
      <trkpt lat="43.333430" lon="-4.328440"/>
      <trkpt lat="43.333380" lon="-4.328240"/>
      <trkpt lat="43.333340" lon="-4.328050"/>
      <trkpt lat="43.333290" lon="-4.327850"/>
      <trkpt lat="43.333260" lon="-4.327660"/>
      <trkpt lat="43.333220" lon="-4.327450"/>
      <trkpt lat="43.333180" lon="-4.327250"/>
      <trkpt lat="43.333150" lon="-4.327060"/>
      <trkpt lat="43.333120" lon="-4.326840"/>
      <trkpt lat="43.333100" lon="-4.326650"/>
      <trkpt lat="43.333080" lon="-4.326450"/>
      <trkpt lat="43.333060" lon="-4.326250"/>
      <trkpt lat="43.333050" lon="-4.326040"/>
      <trkpt lat="43.333030" lon="-4.325840"/>
      <trkpt lat="43.333030" lon="-4.325630"/>
      <trkpt lat="43.333020" lon="-4.325430"/>
      <trkpt lat="43.333020" lon="-4.325220"/>
      <trkpt lat="43.333020" lon="-4.325020"/>
      <trkpt lat="43.333020" lon="-4.324820"/>
      <trkpt lat="43.333020" lon="-4.324610"/>
      <trkpt lat="43.333030" lon="-4.324410"/>
      <trkpt lat="43.333050" lon="-4.324210"/>
      <trkpt lat="43.333070" lon="-4.323930"/>
      <trkpt lat="43.333080" lon="-4.323720"/>
      <trkpt lat="43.333100" lon="-4.323500"/>
      <trkpt lat="43.333120" lon="-4.323300"/>
      <trkpt lat="43.333150" lon="-4.323100"/>
      <trkpt lat="43.333170" lon="-4.322880"/>
      <trkpt lat="43.333190" lon="-4.322680"/>
      <trkpt lat="43.333220" lon="-4.322480"/>
      <trkpt lat="43.333240" lon="-4.322270"/>
      <trkpt lat="43.333270" lon="-4.322070"/>
      <trkpt lat="43.333290" lon="-4.321860"/>
      <trkpt lat="43.333310" lon="-4.321660"/>
      <trkpt lat="43.333330" lon="-4.321460"/>
      <trkpt lat="43.333340" lon="-4.321360"/>
      <trkpt lat="43.333370" lon="-4.321090"/>
      <trkpt lat="43.333390" lon="-4.320890"/>
      <trkpt lat="43.333420" lon="-4.320340"/>
      <trkpt lat="43.333450" lon="-4.319750"/>
      <trkpt lat="43.333480" lon="-4.319110"/>
      <trkpt lat="43.333490" lon="-4.318530"/>
      <trkpt lat="43.333480" lon="-4.318360"/>
      <trkpt lat="43.333480" lon="-4.318150"/>
      <trkpt lat="43.333470" lon="-4.317940"/>
      <trkpt lat="43.333460" lon="-4.317740"/>
      <trkpt lat="43.333450" lon="-4.317530"/>
      <trkpt lat="43.333440" lon="-4.317330"/>
      <trkpt lat="43.333420" lon="-4.317120"/>
      <trkpt lat="43.333410" lon="-4.316910"/>
      <trkpt lat="43.333390" lon="-4.316710"/>
      <trkpt lat="43.333360" lon="-4.316500"/>
      <trkpt lat="43.333340" lon="-4.316300"/>
      <trkpt lat="43.333320" lon="-4.316090"/>
      <trkpt lat="43.333290" lon="-4.315890"/>
      <trkpt lat="43.333260" lon="-4.315680"/>
      <trkpt lat="43.333230" lon="-4.315480"/>
      <trkpt lat="43.333200" lon="-4.315280"/>
      <trkpt lat="43.333170" lon="-4.315080"/>
      <trkpt lat="43.333130" lon="-4.314870"/>
      <trkpt lat="43.333100" lon="-4.314670"/>
      <trkpt lat="43.333080" lon="-4.314580"/>
      <trkpt lat="43.333050" lon="-4.314450"/>
      <trkpt lat="43.333010" lon="-4.314270"/>
      <trkpt lat="43.332970" lon="-4.314080"/>
      <trkpt lat="43.332920" lon="-4.313880"/>
      <trkpt lat="43.332870" lon="-4.313680"/>
      <trkpt lat="43.332820" lon="-4.313490"/>
      <trkpt lat="43.332770" lon="-4.313300"/>
      <trkpt lat="43.332720" lon="-4.313100"/>
      <trkpt lat="43.332660" lon="-4.312910"/>
      <trkpt lat="43.332610" lon="-4.312720"/>
      <trkpt lat="43.332550" lon="-4.312530"/>
      <trkpt lat="43.332490" lon="-4.312340"/>
      <trkpt lat="43.332430" lon="-4.312150"/>
      <trkpt lat="43.332360" lon="-4.311960"/>
      <trkpt lat="43.332230" lon="-4.311590"/>
      <trkpt lat="43.332160" lon="-4.311400"/>
      <trkpt lat="43.332080" lon="-4.311220"/>
      <trkpt lat="43.332010" lon="-4.311040"/>
      <trkpt lat="43.331940" lon="-4.310860"/>
      <trkpt lat="43.331860" lon="-4.310680"/>
      <trkpt lat="43.331700" lon="-4.310330"/>
      <trkpt lat="43.331540" lon="-4.309990"/>
      <trkpt lat="43.331370" lon="-4.309640"/>
      <trkpt lat="43.331020" lon="-4.308960"/>
      <trkpt lat="43.330290" lon="-4.307610"/>
      <trkpt lat="43.330020" lon="-4.307110"/>
      <trkpt lat="43.328730" lon="-4.304740"/>
      <trkpt lat="43.328060" lon="-4.303500"/>
      <trkpt lat="43.327830" lon="-4.303070"/>
      <trkpt lat="43.326640" lon="-4.300860"/>
      <trkpt lat="43.326160" lon="-4.299980"/>
      <trkpt lat="43.325630" lon="-4.298970"/>
      <trkpt lat="43.325460" lon="-4.298630"/>
      <trkpt lat="43.325240" lon="-4.298170"/>
      <trkpt lat="43.324940" lon="-4.297520"/>
      <trkpt lat="43.324720" lon="-4.297020"/>
      <trkpt lat="43.324560" lon="-4.296650"/>
      <trkpt lat="43.324490" lon="-4.296470"/>
      <trkpt lat="43.324420" lon="-4.296280"/>
      <trkpt lat="43.324350" lon="-4.296100"/>
      <trkpt lat="43.324280" lon="-4.295920"/>
      <trkpt lat="43.324210" lon="-4.295730"/>
      <trkpt lat="43.324140" lon="-4.295540"/>
      <trkpt lat="43.324080" lon="-4.295350"/>
      <trkpt lat="43.323950" lon="-4.294970"/>
      <trkpt lat="43.323820" lon="-4.294580"/>
      <trkpt lat="43.323710" lon="-4.294200"/>
      <trkpt lat="43.323650" lon="-4.293990"/>
      <trkpt lat="43.323590" lon="-4.293800"/>
      <trkpt lat="43.323540" lon="-4.293610"/>
      <trkpt lat="43.323480" lon="-4.293410"/>
      <trkpt lat="43.323430" lon="-4.293210"/>
      <trkpt lat="43.323380" lon="-4.293010"/>
      <trkpt lat="43.323330" lon="-4.292820"/>
      <trkpt lat="43.323280" lon="-4.292620"/>
      <trkpt lat="43.323230" lon="-4.292410"/>
      <trkpt lat="43.323180" lon="-4.292210"/>
      <trkpt lat="43.323140" lon="-4.292010"/>
      <trkpt lat="43.323090" lon="-4.291820"/>
      <trkpt lat="43.323050" lon="-4.291610"/>
      <trkpt lat="43.323010" lon="-4.291410"/>
      <trkpt lat="43.322970" lon="-4.291210"/>
      <trkpt lat="43.322930" lon="-4.291010"/>
      <trkpt lat="43.322890" lon="-4.290800"/>
      <trkpt lat="43.322850" lon="-4.290600"/>
      <trkpt lat="43.322820" lon="-4.290390"/>
      <trkpt lat="43.322780" lon="-4.290190"/>
      <trkpt lat="43.322750" lon="-4.289980"/>
      <trkpt lat="43.322720" lon="-4.289780"/>
      <trkpt lat="43.322690" lon="-4.289570"/>
      <trkpt lat="43.322660" lon="-4.289360"/>
      <trkpt lat="43.322630" lon="-4.289140"/>
      <trkpt lat="43.322600" lon="-4.288940"/>
      <trkpt lat="43.322580" lon="-4.288740"/>
      <trkpt lat="43.322550" lon="-4.288520"/>
      <trkpt lat="43.322530" lon="-4.288320"/>
      <trkpt lat="43.322510" lon="-4.288110"/>
      <trkpt lat="43.322470" lon="-4.287700"/>
      <trkpt lat="43.322370" lon="-4.286650"/>
      <trkpt lat="43.322240" lon="-4.285130"/>
      <trkpt lat="43.322000" lon="-4.282420"/>
      <trkpt lat="43.321770" lon="-4.279870"/>
      <trkpt lat="43.321730" lon="-4.279390"/>
      <trkpt lat="43.321420" lon="-4.275970"/>
      <trkpt lat="43.321370" lon="-4.275350"/>
      <trkpt lat="43.321320" lon="-4.274740"/>
      <trkpt lat="43.321280" lon="-4.274310"/>
      <trkpt lat="43.321260" lon="-4.274120"/>
      <trkpt lat="43.321240" lon="-4.273910"/>
      <trkpt lat="43.321210" lon="-4.273710"/>
      <trkpt lat="43.321190" lon="-4.273520"/>
      <trkpt lat="43.321160" lon="-4.273300"/>
      <trkpt lat="43.321130" lon="-4.273100"/>
      <trkpt lat="43.321100" lon="-4.272900"/>
      <trkpt lat="43.321060" lon="-4.272690"/>
      <trkpt lat="43.321020" lon="-4.272490"/>
      <trkpt lat="43.320980" lon="-4.272280"/>
      <trkpt lat="43.320930" lon="-4.272090"/>
      <trkpt lat="43.320880" lon="-4.271880"/>
      <trkpt lat="43.320830" lon="-4.271690"/>
      <trkpt lat="43.320780" lon="-4.271490"/>
      <trkpt lat="43.320730" lon="-4.271290"/>
      <trkpt lat="43.320670" lon="-4.271100"/>
      <trkpt lat="43.320610" lon="-4.270910"/>
      <trkpt lat="43.320540" lon="-4.270720"/>
      <trkpt lat="43.320480" lon="-4.270530"/>
      <trkpt lat="43.320410" lon="-4.270340"/>
      <trkpt lat="43.320330" lon="-4.270160"/>
      <trkpt lat="43.320260" lon="-4.269970"/>
      <trkpt lat="43.320190" lon="-4.269800"/>
      <trkpt lat="43.320110" lon="-4.269620"/>
      <trkpt lat="43.320020" lon="-4.269440"/>
      <trkpt lat="43.319940" lon="-4.269260"/>
      <trkpt lat="43.319850" lon="-4.269090"/>
      <trkpt lat="43.319760" lon="-4.268920"/>
      <trkpt lat="43.319670" lon="-4.268750"/>
      <trkpt lat="43.319580" lon="-4.268590"/>
      <trkpt lat="43.319480" lon="-4.268420"/>
      <trkpt lat="43.319380" lon="-4.268260"/>
      <trkpt lat="43.319280" lon="-4.268100"/>
      <trkpt lat="43.319180" lon="-4.267950"/>
      <trkpt lat="43.319080" lon="-4.267790"/>
      <trkpt lat="43.318970" lon="-4.267630"/>
      <trkpt lat="43.318870" lon="-4.267480"/>
      <trkpt lat="43.318670" lon="-4.267180"/>
      <trkpt lat="43.318460" lon="-4.266860"/>
      <trkpt lat="43.318360" lon="-4.266710"/>
      <trkpt lat="43.318260" lon="-4.266550"/>
      <trkpt lat="43.318160" lon="-4.266400"/>
      <trkpt lat="43.318070" lon="-4.266230"/>
      <trkpt lat="43.317980" lon="-4.266080"/>
      <trkpt lat="43.317870" lon="-4.265880"/>
      <trkpt lat="43.317780" lon="-4.265710"/>
      <trkpt lat="43.317700" lon="-4.265540"/>
      <trkpt lat="43.317610" lon="-4.265370"/>
      <trkpt lat="43.317530" lon="-4.265180"/>
      <trkpt lat="43.317460" lon="-4.265000"/>
      <trkpt lat="43.317380" lon="-4.264820"/>
      <trkpt lat="43.317310" lon="-4.264630"/>
      <trkpt lat="43.317250" lon="-4.264440"/>
      <trkpt lat="43.317180" lon="-4.264250"/>
      <trkpt lat="43.317120" lon="-4.264050"/>
      <trkpt lat="43.317060" lon="-4.263840"/>
      <trkpt lat="43.317010" lon="-4.263640"/>
      <trkpt lat="43.316970" lon="-4.263450"/>
      <trkpt lat="43.316920" lon="-4.263240"/>
      <trkpt lat="43.316880" lon="-4.263040"/>
      <trkpt lat="43.316860" lon="-4.262970"/>
      <trkpt lat="43.316840" lon="-4.262840"/>
      <trkpt lat="43.316810" lon="-4.262630"/>
      <trkpt lat="43.316770" lon="-4.262420"/>
      <trkpt lat="43.316740" lon="-4.262220"/>
      <trkpt lat="43.316720" lon="-4.262010"/>
      <trkpt lat="43.316700" lon="-4.261800"/>
      <trkpt lat="43.316680" lon="-4.261600"/>
      <trkpt lat="43.316670" lon="-4.261380"/>
      <trkpt lat="43.316660" lon="-4.261180"/>
      <trkpt lat="43.316650" lon="-4.260970"/>
      <trkpt lat="43.316650" lon="-4.260750"/>
      <trkpt lat="43.316650" lon="-4.260540"/>
      <trkpt lat="43.316660" lon="-4.260330"/>
      <trkpt lat="43.316670" lon="-4.260120"/>
      <trkpt lat="43.316680" lon="-4.259910"/>
      <trkpt lat="43.316700" lon="-4.259700"/>
      <trkpt lat="43.316720" lon="-4.259480"/>
      <trkpt lat="43.316740" lon="-4.259280"/>
      <trkpt lat="43.316770" lon="-4.259070"/>
      <trkpt lat="43.316800" lon="-4.258860"/>
      <trkpt lat="43.316830" lon="-4.258670"/>
      <trkpt lat="43.316860" lon="-4.258460"/>
      <trkpt lat="43.316890" lon="-4.258300"/>
      <trkpt lat="43.316900" lon="-4.258250"/>
      <trkpt lat="43.316930" lon="-4.258050"/>
      <trkpt lat="43.316960" lon="-4.257840"/>
      <trkpt lat="43.316990" lon="-4.257640"/>
      <trkpt lat="43.317030" lon="-4.257430"/>
      <trkpt lat="43.317060" lon="-4.257230"/>
      <trkpt lat="43.317090" lon="-4.257030"/>
      <trkpt lat="43.317130" lon="-4.256810"/>
      <trkpt lat="43.317160" lon="-4.256610"/>
      <trkpt lat="43.317190" lon="-4.256400"/>
      <trkpt lat="43.317210" lon="-4.256190"/>
      <trkpt lat="43.317240" lon="-4.255990"/>
      <trkpt lat="43.317260" lon="-4.255780"/>
      <trkpt lat="43.317280" lon="-4.255590"/>
      <trkpt lat="43.317300" lon="-4.255360"/>
      <trkpt lat="43.317320" lon="-4.255150"/>
      <trkpt lat="43.317330" lon="-4.254950"/>
      <trkpt lat="43.317350" lon="-4.254740"/>
      <trkpt lat="43.317350" lon="-4.254540"/>
      <trkpt lat="43.317360" lon="-4.254330"/>
      <trkpt lat="43.317370" lon="-4.254110"/>
      <trkpt lat="43.317370" lon="-4.253900"/>
      <trkpt lat="43.317370" lon="-4.253690"/>
      <trkpt lat="43.317360" lon="-4.253480"/>
      <trkpt lat="43.317360" lon="-4.253270"/>
      <trkpt lat="43.317350" lon="-4.253060"/>
      <trkpt lat="43.317340" lon="-4.252860"/>
      <trkpt lat="43.317330" lon="-4.252650"/>
      <trkpt lat="43.317320" lon="-4.252440"/>
      <trkpt lat="43.317300" lon="-4.252230"/>
      <trkpt lat="43.317280" lon="-4.252020"/>
      <trkpt lat="43.317260" lon="-4.251820"/>
      <trkpt lat="43.317240" lon="-4.251610"/>
      <trkpt lat="43.317220" lon="-4.251420"/>
      <trkpt lat="43.317190" lon="-4.251210"/>
      <trkpt lat="43.317160" lon="-4.251000"/>
      <trkpt lat="43.317120" lon="-4.250800"/>
      <trkpt lat="43.317090" lon="-4.250600"/>
      <trkpt lat="43.317060" lon="-4.250400"/>
      <trkpt lat="43.317020" lon="-4.250200"/>
      <trkpt lat="43.316950" lon="-4.249800"/>
      <trkpt lat="43.316900" lon="-4.249590"/>
      <trkpt lat="43.316860" lon="-4.249390"/>
      <trkpt lat="43.316810" lon="-4.249150"/>
      <trkpt lat="43.316770" lon="-4.248950"/>
      <trkpt lat="43.316730" lon="-4.248750"/>
      <trkpt lat="43.316690" lon="-4.248540"/>
      <trkpt lat="43.316660" lon="-4.248350"/>
      <trkpt lat="43.316620" lon="-4.248160"/>
      <trkpt lat="43.316580" lon="-4.247940"/>
      <trkpt lat="43.316550" lon="-4.247730"/>
      <trkpt lat="43.316510" lon="-4.247530"/>
      <trkpt lat="43.316480" lon="-4.247330"/>
      <trkpt lat="43.316450" lon="-4.247110"/>
      <trkpt lat="43.316420" lon="-4.246920"/>
      <trkpt lat="43.316390" lon="-4.246710"/>
      <trkpt lat="43.316360" lon="-4.246510"/>
      <trkpt lat="43.316340" lon="-4.246300"/>
      <trkpt lat="43.316320" lon="-4.246090"/>
      <trkpt lat="43.316300" lon="-4.245890"/>
      <trkpt lat="43.316280" lon="-4.245680"/>
      <trkpt lat="43.316260" lon="-4.245470"/>
      <trkpt lat="43.316250" lon="-4.245260"/>
      <trkpt lat="43.316240" lon="-4.245060"/>
      <trkpt lat="43.316230" lon="-4.244840"/>
      <trkpt lat="43.316220" lon="-4.244620"/>
      <trkpt lat="43.316210" lon="-4.244410"/>
      <trkpt lat="43.316210" lon="-4.244200"/>
      <trkpt lat="43.316210" lon="-4.243990"/>
      <trkpt lat="43.316210" lon="-4.243780"/>
      <trkpt lat="43.316210" lon="-4.243570"/>
      <trkpt lat="43.316220" lon="-4.243360"/>
      <trkpt lat="43.316230" lon="-4.243150"/>
      <trkpt lat="43.316240" lon="-4.242940"/>
      <trkpt lat="43.316250" lon="-4.242730"/>
      <trkpt lat="43.316270" lon="-4.242510"/>
      <trkpt lat="43.316290" lon="-4.242300"/>
      <trkpt lat="43.316310" lon="-4.242100"/>
      <trkpt lat="43.316330" lon="-4.241890"/>
      <trkpt lat="43.316350" lon="-4.241680"/>
      <trkpt lat="43.316370" lon="-4.241470"/>
      <trkpt lat="43.316400" lon="-4.241270"/>
      <trkpt lat="43.316420" lon="-4.241060"/>
      <trkpt lat="43.316450" lon="-4.240850"/>
      <trkpt lat="43.316490" lon="-4.240650"/>
      <trkpt lat="43.316520" lon="-4.240450"/>
      <trkpt lat="43.316560" lon="-4.240240"/>
      <trkpt lat="43.316600" lon="-4.240050"/>
      <trkpt lat="43.316640" lon="-4.239850"/>
      <trkpt lat="43.316680" lon="-4.239650"/>
      <trkpt lat="43.316730" lon="-4.239440"/>
      <trkpt lat="43.316780" lon="-4.239240"/>
      <trkpt lat="43.316830" lon="-4.239050"/>
      <trkpt lat="43.316880" lon="-4.238850"/>
      <trkpt lat="43.316930" lon="-4.238650"/>
      <trkpt lat="43.316990" lon="-4.238450"/>
      <trkpt lat="43.317050" lon="-4.238250"/>
      <trkpt lat="43.317110" lon="-4.238060"/>
      <trkpt lat="43.317170" lon="-4.237880"/>
      <trkpt lat="43.317230" lon="-4.237690"/>
      <trkpt lat="43.317300" lon="-4.237500"/>
      <trkpt lat="43.317370" lon="-4.237310"/>
      <trkpt lat="43.317440" lon="-4.237120"/>
      <trkpt lat="43.317510" lon="-4.236930"/>
      <trkpt lat="43.317580" lon="-4.236750"/>
      <trkpt lat="43.317660" lon="-4.236560"/>
      <trkpt lat="43.317740" lon="-4.236390"/>
      <trkpt lat="43.317820" lon="-4.236200"/>
      <trkpt lat="43.317900" lon="-4.236030"/>
      <trkpt lat="43.317980" lon="-4.235850"/>
      <trkpt lat="43.318070" lon="-4.235670"/>
      <trkpt lat="43.318150" lon="-4.235500"/>
      <trkpt lat="43.318240" lon="-4.235330"/>
      <trkpt lat="43.318330" lon="-4.235160"/>
      <trkpt lat="43.318420" lon="-4.234990"/>
      <trkpt lat="43.318520" lon="-4.234820"/>
      <trkpt lat="43.318610" lon="-4.234660"/>
      <trkpt lat="43.318710" lon="-4.234500"/>
      <trkpt lat="43.318810" lon="-4.234330"/>
      <trkpt lat="43.318900" lon="-4.234170"/>
      <trkpt lat="43.319000" lon="-4.234020"/>
      <trkpt lat="43.319100" lon="-4.233860"/>
      <trkpt lat="43.319200" lon="-4.233700"/>
      <trkpt lat="43.319310" lon="-4.233540"/>
      <trkpt lat="43.319410" lon="-4.233390"/>
      <trkpt lat="43.319510" lon="-4.233230"/>
      <trkpt lat="43.319620" lon="-4.233070"/>
      <trkpt lat="43.319730" lon="-4.232920"/>
      <trkpt lat="43.319830" lon="-4.232760"/>
      <trkpt lat="43.319930" lon="-4.232610"/>
      <trkpt lat="43.320030" lon="-4.232460"/>
      <trkpt lat="43.320140" lon="-4.232300"/>
      <trkpt lat="43.320240" lon="-4.232140"/>
      <trkpt lat="43.320340" lon="-4.231990"/>
      <trkpt lat="43.320450" lon="-4.231830"/>
      <trkpt lat="43.320550" lon="-4.231680"/>
      <trkpt lat="43.320640" lon="-4.231520"/>
      <trkpt lat="43.320750" lon="-4.231350"/>
      <trkpt lat="43.320840" lon="-4.231200"/>
      <trkpt lat="43.320940" lon="-4.231030"/>
      <trkpt lat="43.321030" lon="-4.230870"/>
      <trkpt lat="43.321120" lon="-4.230690"/>
      <trkpt lat="43.321210" lon="-4.230520"/>
      <trkpt lat="43.321300" lon="-4.230350"/>
      <trkpt lat="43.321380" lon="-4.230180"/>
      <trkpt lat="43.321470" lon="-4.230000"/>
      <trkpt lat="43.321550" lon="-4.229820"/>
      <trkpt lat="43.321630" lon="-4.229640"/>
      <trkpt lat="43.321700" lon="-4.229460"/>
      <trkpt lat="43.321770" lon="-4.229280"/>
      <trkpt lat="43.321850" lon="-4.229090"/>
      <trkpt lat="43.321920" lon="-4.228900"/>
      <trkpt lat="43.321990" lon="-4.228710"/>
      <trkpt lat="43.322050" lon="-4.228520"/>
      <trkpt lat="43.322110" lon="-4.228330"/>
      <trkpt lat="43.322170" lon="-4.228130"/>
      <trkpt lat="43.322230" lon="-4.227940"/>
      <trkpt lat="43.322280" lon="-4.227750"/>
      <trkpt lat="43.322330" lon="-4.227550"/>
      <trkpt lat="43.322380" lon="-4.227350"/>
      <trkpt lat="43.322430" lon="-4.227150"/>
      <trkpt lat="43.322470" lon="-4.226950"/>
      <trkpt lat="43.322520" lon="-4.226740"/>
      <trkpt lat="43.322560" lon="-4.226540"/>
      <trkpt lat="43.322590" lon="-4.226340"/>
      <trkpt lat="43.322630" lon="-4.226130"/>
      <trkpt lat="43.322660" lon="-4.225930"/>
      <trkpt lat="43.322690" lon="-4.225720"/>
      <trkpt lat="43.322710" lon="-4.225510"/>
      <trkpt lat="43.322740" lon="-4.225300"/>
      <trkpt lat="43.322760" lon="-4.225090"/>
      <trkpt lat="43.322780" lon="-4.224890"/>
      <trkpt lat="43.322800" lon="-4.224680"/>
      <trkpt lat="43.322810" lon="-4.224470"/>
      <trkpt lat="43.322820" lon="-4.224260"/>
      <trkpt lat="43.322830" lon="-4.224060"/>
      <trkpt lat="43.322830" lon="-4.223840"/>
      <trkpt lat="43.322840" lon="-4.223630"/>
      <trkpt lat="43.322840" lon="-4.223420"/>
      <trkpt lat="43.322840" lon="-4.223210"/>
      <trkpt lat="43.322830" lon="-4.223000"/>
      <trkpt lat="43.322820" lon="-4.222790"/>
      <trkpt lat="43.322810" lon="-4.222580"/>
      <trkpt lat="43.322800" lon="-4.222370"/>
      <trkpt lat="43.322790" lon="-4.222160"/>
      <trkpt lat="43.322770" lon="-4.221950"/>
      <trkpt lat="43.322750" lon="-4.221740"/>
      <trkpt lat="43.322720" lon="-4.221530"/>
      <trkpt lat="43.322700" lon="-4.221330"/>
      <trkpt lat="43.322670" lon="-4.221120"/>
      <trkpt lat="43.322640" lon="-4.220920"/>
      <trkpt lat="43.322610" lon="-4.220710"/>
      <trkpt lat="43.322570" lon="-4.220510"/>
      <trkpt lat="43.322530" lon="-4.220300"/>
      <trkpt lat="43.322490" lon="-4.220100"/>
      <trkpt lat="43.322450" lon="-4.219900"/>
      <trkpt lat="43.322400" lon="-4.219700"/>
      <trkpt lat="43.322350" lon="-4.219510"/>
      <trkpt lat="43.322300" lon="-4.219310"/>
      <trkpt lat="43.322250" lon="-4.219110"/>
      <trkpt lat="43.322190" lon="-4.218920"/>
      <trkpt lat="43.322130" lon="-4.218720"/>
      <trkpt lat="43.322080" lon="-4.218520"/>
      <trkpt lat="43.322010" lon="-4.218330"/>
      <trkpt lat="43.321960" lon="-4.218140"/>
      <trkpt lat="43.321890" lon="-4.217940"/>
      <trkpt lat="43.321830" lon="-4.217750"/>
      <trkpt lat="43.321770" lon="-4.217570"/>
      <trkpt lat="43.321710" lon="-4.217370"/>
      <trkpt lat="43.321640" lon="-4.217180"/>
      <trkpt lat="43.321580" lon="-4.216990"/>
      <trkpt lat="43.321520" lon="-4.216790"/>
      <trkpt lat="43.321460" lon="-4.216600"/>
      <trkpt lat="43.321400" lon="-4.216410"/>
      <trkpt lat="43.321340" lon="-4.216220"/>
      <trkpt lat="43.321280" lon="-4.216040"/>
      <trkpt lat="43.321230" lon="-4.215850"/>
      <trkpt lat="43.321180" lon="-4.215660"/>
      <trkpt lat="43.321130" lon="-4.215480"/>
      <trkpt lat="43.321080" lon="-4.215290"/>
      <trkpt lat="43.321040" lon="-4.215110"/>
      <trkpt lat="43.321000" lon="-4.214920"/>
      <trkpt lat="43.320950" lon="-4.214720"/>
      <trkpt lat="43.320920" lon="-4.214540"/>
      <trkpt lat="43.320880" lon="-4.214360"/>
      <trkpt lat="43.320850" lon="-4.214210"/>
      <trkpt lat="43.320820" lon="-4.214010"/>
      <trkpt lat="43.320790" lon="-4.213800"/>
      <trkpt lat="43.320760" lon="-4.213600"/>
      <trkpt lat="43.320730" lon="-4.213380"/>
      <trkpt lat="43.320710" lon="-4.213180"/>
      <trkpt lat="43.320690" lon="-4.212970"/>
      <trkpt lat="43.320670" lon="-4.212760"/>
      <trkpt lat="43.320650" lon="-4.212550"/>
      <trkpt lat="43.320640" lon="-4.212340"/>
      <trkpt lat="43.320630" lon="-4.212130"/>
      <trkpt lat="43.320620" lon="-4.211920"/>
      <trkpt lat="43.320610" lon="-4.211710"/>
      <trkpt lat="43.320610" lon="-4.211500"/>
      <trkpt lat="43.320610" lon="-4.211290"/>
      <trkpt lat="43.320610" lon="-4.211080"/>
      <trkpt lat="43.320610" lon="-4.210870"/>
      <trkpt lat="43.320620" lon="-4.210660"/>
      <trkpt lat="43.320630" lon="-4.210450"/>
      <trkpt lat="43.320640" lon="-4.210230"/>
      <trkpt lat="43.320650" lon="-4.210030"/>
      <trkpt lat="43.320670" lon="-4.209830"/>
      <trkpt lat="43.320690" lon="-4.209610"/>
      <trkpt lat="43.320710" lon="-4.209400"/>
      <trkpt lat="43.320740" lon="-4.209200"/>
      <trkpt lat="43.320770" lon="-4.208990"/>
      <trkpt lat="43.320790" lon="-4.208790"/>
      <trkpt lat="43.320830" lon="-4.208590"/>
      <trkpt lat="43.320860" lon="-4.208380"/>
      <trkpt lat="43.320900" lon="-4.208180"/>
      <trkpt lat="43.320940" lon="-4.207980"/>
      <trkpt lat="43.320990" lon="-4.207760"/>
      <trkpt lat="43.321030" lon="-4.207560"/>
      <trkpt lat="43.321080" lon="-4.207360"/>
      <trkpt lat="43.321130" lon="-4.207160"/>
      <trkpt lat="43.321180" lon="-4.206960"/>
      <trkpt lat="43.321240" lon="-4.206770"/>
      <trkpt lat="43.321290" lon="-4.206570"/>
      <trkpt lat="43.321350" lon="-4.206380"/>
      <trkpt lat="43.321420" lon="-4.206180"/>
      <trkpt lat="43.321480" lon="-4.205990"/>
      <trkpt lat="43.321550" lon="-4.205800"/>
      <trkpt lat="43.321620" lon="-4.205620"/>
      <trkpt lat="43.321690" lon="-4.205430"/>
      <trkpt lat="43.321760" lon="-4.205240"/>
      <trkpt lat="43.321840" lon="-4.205070"/>
      <trkpt lat="43.321910" lon="-4.204890"/>
      <trkpt lat="43.322000" lon="-4.204700"/>
      <trkpt lat="43.322080" lon="-4.204530"/>
      <trkpt lat="43.322160" lon="-4.204350"/>
      <trkpt lat="43.322250" lon="-4.204180"/>
      <trkpt lat="43.322340" lon="-4.204000"/>
      <trkpt lat="43.322430" lon="-4.203830"/>
      <trkpt lat="43.322520" lon="-4.203660"/>
      <trkpt lat="43.322620" lon="-4.203500"/>
      <trkpt lat="43.322800" lon="-4.203160"/>
      <trkpt lat="43.322990" lon="-4.202830"/>
      <trkpt lat="43.323180" lon="-4.202490"/>
      <trkpt lat="43.323370" lon="-4.202170"/>
      <trkpt lat="43.323460" lon="-4.202000"/>
      <trkpt lat="43.323550" lon="-4.201830"/>
      <trkpt lat="43.323640" lon="-4.201660"/>
      <trkpt lat="43.323730" lon="-4.201490"/>
      <trkpt lat="43.323820" lon="-4.201320"/>
      <trkpt lat="43.323910" lon="-4.201150"/>
      <trkpt lat="43.324000" lon="-4.200970"/>
      <trkpt lat="43.324090" lon="-4.200800"/>
      <trkpt lat="43.324170" lon="-4.200630"/>
      <trkpt lat="43.324250" lon="-4.200450"/>
      <trkpt lat="43.324330" lon="-4.200270"/>
      <trkpt lat="43.324410" lon="-4.200090"/>
      <trkpt lat="43.324490" lon="-4.199910"/>
      <trkpt lat="43.324570" lon="-4.199730"/>
      <trkpt lat="43.324640" lon="-4.199540"/>
      <trkpt lat="43.324720" lon="-4.199360"/>
      <trkpt lat="43.324790" lon="-4.199170"/>
      <trkpt lat="43.324860" lon="-4.198990"/>
      <trkpt lat="43.324930" lon="-4.198800"/>
      <trkpt lat="43.324990" lon="-4.198610"/>
      <trkpt lat="43.325060" lon="-4.198420"/>
      <trkpt lat="43.325130" lon="-4.198230"/>
      <trkpt lat="43.325190" lon="-4.198040"/>
      <trkpt lat="43.325250" lon="-4.197840"/>
      <trkpt lat="43.325310" lon="-4.197650"/>
      <trkpt lat="43.325360" lon="-4.197460"/>
      <trkpt lat="43.325420" lon="-4.197260"/>
      <trkpt lat="43.325480" lon="-4.197060"/>
      <trkpt lat="43.325530" lon="-4.196870"/>
      <trkpt lat="43.325580" lon="-4.196670"/>
      <trkpt lat="43.325630" lon="-4.196470"/>
      <trkpt lat="43.325680" lon="-4.196270"/>
      <trkpt lat="43.325720" lon="-4.196070"/>
      <trkpt lat="43.325770" lon="-4.195860"/>
      <trkpt lat="43.325810" lon="-4.195660"/>
      <trkpt lat="43.325850" lon="-4.195470"/>
      <trkpt lat="43.325890" lon="-4.195260"/>
      <trkpt lat="43.325930" lon="-4.195050"/>
      <trkpt lat="43.325970" lon="-4.194850"/>
      <trkpt lat="43.326000" lon="-4.194660"/>
      <trkpt lat="43.326030" lon="-4.194440"/>
      <trkpt lat="43.326060" lon="-4.194240"/>
      <trkpt lat="43.326090" lon="-4.194040"/>
      <trkpt lat="43.326120" lon="-4.193840"/>
      <trkpt lat="43.326150" lon="-4.193630"/>
      <trkpt lat="43.326170" lon="-4.193510"/>
      <trkpt lat="43.326170" lon="-4.193450"/>
      <trkpt lat="43.326200" lon="-4.193220"/>
      <trkpt lat="43.326220" lon="-4.193030"/>
      <trkpt lat="43.326240" lon="-4.192810"/>
      <trkpt lat="43.326250" lon="-4.192640"/>
      <trkpt lat="43.326260" lon="-4.192470"/>
      <trkpt lat="43.326260" lon="-4.192270"/>
      <trkpt lat="43.326270" lon="-4.192070"/>
      <trkpt lat="43.326270" lon="-4.191900"/>
      <trkpt lat="43.326270" lon="-4.191710"/>
      <trkpt lat="43.326260" lon="-4.191510"/>
      <trkpt lat="43.326250" lon="-4.191310"/>
      <trkpt lat="43.326240" lon="-4.191120"/>
      <trkpt lat="43.326230" lon="-4.190930"/>
      <trkpt lat="43.326210" lon="-4.190680"/>
      <trkpt lat="43.326190" lon="-4.190480"/>
      <trkpt lat="43.326160" lon="-4.190270"/>
      <trkpt lat="43.326130" lon="-4.190080"/>
      <trkpt lat="43.326100" lon="-4.189880"/>
      <trkpt lat="43.326070" lon="-4.189690"/>
      <trkpt lat="43.326030" lon="-4.189480"/>
      <trkpt lat="43.325980" lon="-4.189300"/>
      <trkpt lat="43.325950" lon="-4.189140"/>
      <trkpt lat="43.325890" lon="-4.188900"/>
      <trkpt lat="43.325830" lon="-4.188710"/>
      <trkpt lat="43.325780" lon="-4.188530"/>
      <trkpt lat="43.325720" lon="-4.188340"/>
      <trkpt lat="43.325660" lon="-4.188160"/>
      <trkpt lat="43.325620" lon="-4.188040"/>
      <trkpt lat="43.325590" lon="-4.187960"/>
      <trkpt lat="43.325530" lon="-4.187820"/>
      <trkpt lat="43.325460" lon="-4.187650"/>
      <trkpt lat="43.325400" lon="-4.187490"/>
      <trkpt lat="43.325330" lon="-4.187340"/>
      <trkpt lat="43.325290" lon="-4.187260"/>
      <trkpt lat="43.325220" lon="-4.187090"/>
      <trkpt lat="43.325140" lon="-4.186920"/>
      <trkpt lat="43.325060" lon="-4.186750"/>
      <trkpt lat="43.324970" lon="-4.186580"/>
      <trkpt lat="43.324890" lon="-4.186410"/>
      <trkpt lat="43.324710" lon="-4.186080"/>
      <trkpt lat="43.324620" lon="-4.185920"/>
      <trkpt lat="43.324530" lon="-4.185760"/>
      <trkpt lat="43.324450" lon="-4.185600"/>
      <trkpt lat="43.324360" lon="-4.185430"/>
      <trkpt lat="43.324270" lon="-4.185260"/>
      <trkpt lat="43.324190" lon="-4.185090"/>
      <trkpt lat="43.324110" lon="-4.184930"/>
      <trkpt lat="43.324030" lon="-4.184770"/>
      <trkpt lat="43.323950" lon="-4.184590"/>
      <trkpt lat="43.323880" lon="-4.184420"/>
      <trkpt lat="43.323810" lon="-4.184260"/>
      <trkpt lat="43.323720" lon="-4.184060"/>
      <trkpt lat="43.323660" lon="-4.183900"/>
      <trkpt lat="43.323590" lon="-4.183720"/>
      <trkpt lat="43.323530" lon="-4.183540"/>
      <trkpt lat="43.323460" lon="-4.183350"/>
      <trkpt lat="43.323400" lon="-4.183170"/>
      <trkpt lat="43.323340" lon="-4.182980"/>
      <trkpt lat="43.323290" lon="-4.182790"/>
      <trkpt lat="43.323230" lon="-4.182600"/>
      <trkpt lat="43.323180" lon="-4.182420"/>
      <trkpt lat="43.323120" lon="-4.182160"/>
      <trkpt lat="43.323090" lon="-4.182020"/>
      <trkpt lat="43.323040" lon="-4.181830"/>
      <trkpt lat="43.323000" lon="-4.181630"/>
      <trkpt lat="43.322960" lon="-4.181450"/>
      <trkpt lat="43.322930" lon="-4.181240"/>
      <trkpt lat="43.322890" lon="-4.181050"/>
      <trkpt lat="43.322860" lon="-4.180850"/>
      <trkpt lat="43.322840" lon="-4.180650"/>
      <trkpt lat="43.322810" lon="-4.180450"/>
      <trkpt lat="43.322790" lon="-4.180250"/>
      <trkpt lat="43.322770" lon="-4.180040"/>
      <trkpt lat="43.322760" lon="-4.179850"/>
      <trkpt lat="43.322740" lon="-4.179650"/>
      <trkpt lat="43.322730" lon="-4.179450"/>
      <trkpt lat="43.322720" lon="-4.179250"/>
      <trkpt lat="43.322720" lon="-4.179040"/>
      <trkpt lat="43.322710" lon="-4.178840"/>
      <trkpt lat="43.322720" lon="-4.178640"/>
      <trkpt lat="43.322720" lon="-4.178430"/>
      <trkpt lat="43.322720" lon="-4.178240"/>
      <trkpt lat="43.322720" lon="-4.178030"/>
      <trkpt lat="43.322730" lon="-4.177830"/>
      <trkpt lat="43.322740" lon="-4.177630"/>
      <trkpt lat="43.322750" lon="-4.177430"/>
      <trkpt lat="43.322760" lon="-4.177230"/>
      <trkpt lat="43.322770" lon="-4.177020"/>
      <trkpt lat="43.322780" lon="-4.176830"/>
      <trkpt lat="43.322800" lon="-4.176620"/>
      <trkpt lat="43.322810" lon="-4.176420"/>
      <trkpt lat="43.322830" lon="-4.176220"/>
      <trkpt lat="43.322850" lon="-4.176020"/>
      <trkpt lat="43.322870" lon="-4.175820"/>
      <trkpt lat="43.322890" lon="-4.175620"/>
      <trkpt lat="43.322910" lon="-4.175420"/>
      <trkpt lat="43.322940" lon="-4.175220"/>
      <trkpt lat="43.322960" lon="-4.175020"/>
      <trkpt lat="43.322990" lon="-4.174820"/>
      <trkpt lat="43.323020" lon="-4.174630"/>
      <trkpt lat="43.323050" lon="-4.174430"/>
      <trkpt lat="43.323080" lon="-4.174230"/>
      <trkpt lat="43.323110" lon="-4.174030"/>
      <trkpt lat="43.323140" lon="-4.173830"/>
      <trkpt lat="43.323180" lon="-4.173640"/>
      <trkpt lat="43.323210" lon="-4.173440"/>
      <trkpt lat="43.323250" lon="-4.173250"/>
      <trkpt lat="43.323290" lon="-4.173060"/>
      <trkpt lat="43.323330" lon="-4.172860"/>
      <trkpt lat="43.323370" lon="-4.172660"/>
      <trkpt lat="43.323410" lon="-4.172470"/>
      <trkpt lat="43.323460" lon="-4.172270"/>
      <trkpt lat="43.323540" lon="-4.171890"/>
      <trkpt lat="43.323590" lon="-4.171700"/>
      <trkpt lat="43.323640" lon="-4.171510"/>
      <trkpt lat="43.323690" lon="-4.171320"/>
      <trkpt lat="43.323740" lon="-4.171130"/>
      <trkpt lat="43.323790" lon="-4.170940"/>
      <trkpt lat="43.323900" lon="-4.170550"/>
      <trkpt lat="43.323960" lon="-4.170360"/>
      <trkpt lat="43.324020" lon="-4.170170"/>
      <trkpt lat="43.324080" lon="-4.169970"/>
      <trkpt lat="43.324150" lon="-4.169780"/>
      <trkpt lat="43.324210" lon="-4.169580"/>
      <trkpt lat="43.324270" lon="-4.169390"/>
      <trkpt lat="43.324330" lon="-4.169230"/>
      <trkpt lat="43.324410" lon="-4.169020"/>
      <trkpt lat="43.324550" lon="-4.168650"/>
      <trkpt lat="43.324690" lon="-4.168280"/>
      <trkpt lat="43.324760" lon="-4.168100"/>
      <trkpt lat="43.324840" lon="-4.167920"/>
      <trkpt lat="43.324910" lon="-4.167740"/>
      <trkpt lat="43.324990" lon="-4.167540"/>
      <trkpt lat="43.325150" lon="-4.167200"/>
      <trkpt lat="43.325230" lon="-4.167020"/>
      <trkpt lat="43.325310" lon="-4.166850"/>
      <trkpt lat="43.325390" lon="-4.166670"/>
      <trkpt lat="43.325480" lon="-4.166490"/>
      <trkpt lat="43.325560" lon="-4.166320"/>
      <trkpt lat="43.325650" lon="-4.166140"/>
      <trkpt lat="43.325740" lon="-4.165970"/>
      <trkpt lat="43.325830" lon="-4.165800"/>
      <trkpt lat="43.325920" lon="-4.165630"/>
      <trkpt lat="43.326020" lon="-4.165450"/>
      <trkpt lat="43.326100" lon="-4.165310"/>
      <trkpt lat="43.326290" lon="-4.164980"/>
      <trkpt lat="43.326490" lon="-4.164650"/>
      <trkpt lat="43.326680" lon="-4.164330"/>
      <trkpt lat="43.326890" lon="-4.164020"/>
      <trkpt lat="43.327090" lon="-4.163710"/>
      <trkpt lat="43.327200" lon="-4.163550"/>
      <trkpt lat="43.327410" lon="-4.163260"/>
      <trkpt lat="43.327500" lon="-4.163130"/>
      <trkpt lat="43.327740" lon="-4.162810"/>
      <trkpt lat="43.327960" lon="-4.162520"/>
      <trkpt lat="43.328090" lon="-4.162370"/>
      <trkpt lat="43.328300" lon="-4.162120"/>
      <trkpt lat="43.328540" lon="-4.161850"/>
      <trkpt lat="43.328720" lon="-4.161680"/>
      <trkpt lat="43.328860" lon="-4.161530"/>
      <trkpt lat="43.328990" lon="-4.161400"/>
      <trkpt lat="43.329160" lon="-4.161220"/>
      <trkpt lat="43.329270" lon="-4.161120"/>
      <trkpt lat="43.329400" lon="-4.161000"/>
      <trkpt lat="43.329530" lon="-4.160890"/>
      <trkpt lat="43.329670" lon="-4.160780"/>
      <trkpt lat="43.329800" lon="-4.160670"/>
      <trkpt lat="43.329940" lon="-4.160560"/>
      <trkpt lat="43.330200" lon="-4.160360"/>
      <trkpt lat="43.330340" lon="-4.160270"/>
      <trkpt lat="43.330480" lon="-4.160170"/>
      <trkpt lat="43.330610" lon="-4.160080"/>
      <trkpt lat="43.330760" lon="-4.159990"/>
      <trkpt lat="43.330880" lon="-4.159920"/>
      <trkpt lat="43.331030" lon="-4.159830"/>
      <trkpt lat="43.331170" lon="-4.159750"/>
      <trkpt lat="43.331310" lon="-4.159680"/>
      <trkpt lat="43.331450" lon="-4.159600"/>
      <trkpt lat="43.331600" lon="-4.159530"/>
      <trkpt lat="43.331740" lon="-4.159460"/>
      <trkpt lat="43.331890" lon="-4.159390"/>
      <trkpt lat="43.332030" lon="-4.159340"/>
      <trkpt lat="43.332190" lon="-4.159270"/>
      <trkpt lat="43.332480" lon="-4.159160"/>
      <trkpt lat="43.332620" lon="-4.159100"/>
      <trkpt lat="43.332920" lon="-4.159000"/>
      <trkpt lat="43.333220" lon="-4.158890"/>
      <trkpt lat="43.333360" lon="-4.158840"/>
      <trkpt lat="43.333510" lon="-4.158790"/>
      <trkpt lat="43.333660" lon="-4.158740"/>
      <trkpt lat="43.333800" lon="-4.158680"/>
      <trkpt lat="43.333970" lon="-4.158620"/>
      <trkpt lat="43.334110" lon="-4.158560"/>
      <trkpt lat="43.334270" lon="-4.158490"/>
      <trkpt lat="43.334420" lon="-4.158420"/>
      <trkpt lat="43.334560" lon="-4.158350"/>
      <trkpt lat="43.334700" lon="-4.158280"/>
      <trkpt lat="43.334850" lon="-4.158190"/>
      <trkpt lat="43.335000" lon="-4.158100"/>
      <trkpt lat="43.335120" lon="-4.158020"/>
      <trkpt lat="43.335270" lon="-4.157920"/>
      <trkpt lat="43.335400" lon="-4.157820"/>
      <trkpt lat="43.335540" lon="-4.157720"/>
      <trkpt lat="43.335680" lon="-4.157610"/>
      <trkpt lat="43.335810" lon="-4.157500"/>
      <trkpt lat="43.335940" lon="-4.157380"/>
      <trkpt lat="43.336080" lon="-4.157260"/>
      <trkpt lat="43.336190" lon="-4.157150"/>
      <trkpt lat="43.336320" lon="-4.157020"/>
      <trkpt lat="43.336440" lon="-4.156890"/>
      <trkpt lat="43.336570" lon="-4.156750"/>
      <trkpt lat="43.336680" lon="-4.156620"/>
      <trkpt lat="43.336780" lon="-4.156500"/>
      <trkpt lat="43.336930" lon="-4.156310"/>
      <trkpt lat="43.337030" lon="-4.156180"/>
      <trkpt lat="43.337120" lon="-4.156060"/>
      <trkpt lat="43.337240" lon="-4.155880"/>
      <trkpt lat="43.337350" lon="-4.155710"/>
      <trkpt lat="43.337450" lon="-4.155560"/>
      <trkpt lat="43.337550" lon="-4.155390"/>
      <trkpt lat="43.337650" lon="-4.155230"/>
      <trkpt lat="43.337750" lon="-4.155060"/>
      <trkpt lat="43.337840" lon="-4.154880"/>
      <trkpt lat="43.337920" lon="-4.154720"/>
      <trkpt lat="43.338010" lon="-4.154530"/>
      <trkpt lat="43.338090" lon="-4.154350"/>
      <trkpt lat="43.338170" lon="-4.154180"/>
      <trkpt lat="43.338240" lon="-4.154000"/>
      <trkpt lat="43.338320" lon="-4.153810"/>
      <trkpt lat="43.338390" lon="-4.153630"/>
      <trkpt lat="43.338460" lon="-4.153430"/>
      <trkpt lat="43.338520" lon="-4.153250"/>
      <trkpt lat="43.338590" lon="-4.153050"/>
      <trkpt lat="43.338660" lon="-4.152800"/>
      <trkpt lat="43.338770" lon="-4.152430"/>
      <trkpt lat="43.338890" lon="-4.152020"/>
      <trkpt lat="43.339000" lon="-4.151610"/>
      <trkpt lat="43.339110" lon="-4.151200"/>
      <trkpt lat="43.339230" lon="-4.150790"/>
      <trkpt lat="43.339350" lon="-4.150390"/>
      <trkpt lat="43.339470" lon="-4.149980"/>
      <trkpt lat="43.339610" lon="-4.149580"/>
      <trkpt lat="43.339740" lon="-4.149200"/>
      <trkpt lat="43.339890" lon="-4.148790"/>
      <trkpt lat="43.340110" lon="-4.148240"/>
      <trkpt lat="43.340280" lon="-4.147850"/>
      <trkpt lat="43.340430" lon="-4.147530"/>
      <trkpt lat="43.340520" lon="-4.147320"/>
      <trkpt lat="43.340620" lon="-4.147120"/>
      <trkpt lat="43.340790" lon="-4.146780"/>
      <trkpt lat="43.340980" lon="-4.146420"/>
      <trkpt lat="43.341140" lon="-4.146110"/>
      <trkpt lat="43.341350" lon="-4.145760"/>
      <trkpt lat="43.341470" lon="-4.145560"/>
      <trkpt lat="43.341680" lon="-4.145220"/>
      <trkpt lat="43.341990" lon="-4.144750"/>
      <trkpt lat="43.342300" lon="-4.144300"/>
      <trkpt lat="43.342620" lon="-4.143840"/>
      <trkpt lat="43.342950" lon="-4.143380"/>
      <trkpt lat="43.343260" lon="-4.142940"/>
      <trkpt lat="43.343470" lon="-4.142620"/>
      <trkpt lat="43.343570" lon="-4.142460"/>
      <trkpt lat="43.343670" lon="-4.142290"/>
      <trkpt lat="43.343760" lon="-4.142120"/>
      <trkpt lat="43.343850" lon="-4.141960"/>
      <trkpt lat="43.344030" lon="-4.141620"/>
      <trkpt lat="43.344110" lon="-4.141450"/>
      <trkpt lat="43.344190" lon="-4.141260"/>
      <trkpt lat="43.344270" lon="-4.141090"/>
      <trkpt lat="43.344340" lon="-4.140900"/>
      <trkpt lat="43.344420" lon="-4.140700"/>
      <trkpt lat="43.344550" lon="-4.140360"/>
      <trkpt lat="43.344610" lon="-4.140160"/>
      <trkpt lat="43.344680" lon="-4.139960"/>
      <trkpt lat="43.344730" lon="-4.139790"/>
      <trkpt lat="43.344810" lon="-4.139480"/>
      <trkpt lat="43.344880" lon="-4.139180"/>
      <trkpt lat="43.344930" lon="-4.138980"/>
      <trkpt lat="43.344970" lon="-4.138780"/>
      <trkpt lat="43.345010" lon="-4.138580"/>
      <trkpt lat="43.345050" lon="-4.138360"/>
      <trkpt lat="43.345080" lon="-4.138150"/>
      <trkpt lat="43.345110" lon="-4.137960"/>
      <trkpt lat="43.345140" lon="-4.137740"/>
      <trkpt lat="43.345160" lon="-4.137530"/>
      <trkpt lat="43.345170" lon="-4.137340"/>
      <trkpt lat="43.345190" lon="-4.137120"/>
      <trkpt lat="43.345200" lon="-4.136920"/>
      <trkpt lat="43.345210" lon="-4.136720"/>
      <trkpt lat="43.345220" lon="-4.136500"/>
      <trkpt lat="43.345220" lon="-4.136310"/>
      <trkpt lat="43.345220" lon="-4.136080"/>
      <trkpt lat="43.345220" lon="-4.135880"/>
      <trkpt lat="43.345210" lon="-4.135680"/>
      <trkpt lat="43.345200" lon="-4.135490"/>
      <trkpt lat="43.345190" lon="-4.135280"/>
      <trkpt lat="43.345180" lon="-4.135080"/>
      <trkpt lat="43.345150" lon="-4.134810"/>
      <trkpt lat="43.345120" lon="-4.134410"/>
      <trkpt lat="43.345070" lon="-4.134010"/>
      <trkpt lat="43.345020" lon="-4.133540"/>
      <trkpt lat="43.344950" lon="-4.132890"/>
      <trkpt lat="43.344920" lon="-4.132520"/>
      <trkpt lat="43.344900" lon="-4.132310"/>
      <trkpt lat="43.344890" lon="-4.132090"/>
      <trkpt lat="43.344880" lon="-4.131870"/>
      <trkpt lat="43.344870" lon="-4.131660"/>
      <trkpt lat="43.344860" lon="-4.131450"/>
      <trkpt lat="43.344860" lon="-4.131240"/>
      <trkpt lat="43.344860" lon="-4.131010"/>
      <trkpt lat="43.344870" lon="-4.130790"/>
      <trkpt lat="43.344870" lon="-4.130590"/>
      <trkpt lat="43.344880" lon="-4.130370"/>
      <trkpt lat="43.344900" lon="-4.130110"/>
      <trkpt lat="43.344920" lon="-4.129730"/>
      <trkpt lat="43.344940" lon="-4.129510"/>
      <trkpt lat="43.344970" lon="-4.129310"/>
      <trkpt lat="43.344990" lon="-4.129100"/>
      <trkpt lat="43.345020" lon="-4.128910"/>
      <trkpt lat="43.345050" lon="-4.128710"/>
      <trkpt lat="43.345080" lon="-4.128490"/>
      <trkpt lat="43.345130" lon="-4.128220"/>
      <trkpt lat="43.345210" lon="-4.127840"/>
      <trkpt lat="43.345300" lon="-4.127440"/>
      <trkpt lat="43.345390" lon="-4.127100"/>
      <trkpt lat="43.345450" lon="-4.126870"/>
      <trkpt lat="43.345510" lon="-4.126640"/>
      <trkpt lat="43.345560" lon="-4.126500"/>
      <trkpt lat="43.345610" lon="-4.126320"/>
      <trkpt lat="43.345690" lon="-4.126100"/>
      <trkpt lat="43.345820" lon="-4.125730"/>
      <trkpt lat="43.345960" lon="-4.125350"/>
      <trkpt lat="43.346100" lon="-4.124990"/>
      <trkpt lat="43.346250" lon="-4.124630"/>
      <trkpt lat="43.346480" lon="-4.124050"/>
      <trkpt lat="43.346600" lon="-4.123740"/>
      <trkpt lat="43.346700" lon="-4.123480"/>
      <trkpt lat="43.346830" lon="-4.123120"/>
      <trkpt lat="43.346950" lon="-4.122770"/>
      <trkpt lat="43.347080" lon="-4.122370"/>
      <trkpt lat="43.347190" lon="-4.122030"/>
      <trkpt lat="43.347260" lon="-4.121780"/>
      <trkpt lat="43.347350" lon="-4.121440"/>
      <trkpt lat="43.347410" lon="-4.121190"/>
      <trkpt lat="43.347490" lon="-4.120830"/>
      <trkpt lat="43.347530" lon="-4.120650"/>
      <trkpt lat="43.347570" lon="-4.120450"/>
      <trkpt lat="43.347610" lon="-4.120240"/>
      <trkpt lat="43.347660" lon="-4.119990"/>
      <trkpt lat="43.347710" lon="-4.119700"/>
      <trkpt lat="43.347740" lon="-4.119440"/>
      <trkpt lat="43.347780" lon="-4.119180"/>
      <trkpt lat="43.347830" lon="-4.118820"/>
      <trkpt lat="43.347870" lon="-4.118470"/>
      <trkpt lat="43.347890" lon="-4.118200"/>
      <trkpt lat="43.347920" lon="-4.117950"/>
      <trkpt lat="43.347960" lon="-4.117520"/>
      <trkpt lat="43.348010" lon="-4.116940"/>
      <trkpt lat="43.348060" lon="-4.116510"/>
      <trkpt lat="43.348100" lon="-4.116130"/>
      <trkpt lat="43.348140" lon="-4.115860"/>
      <trkpt lat="43.348170" lon="-4.115580"/>
      <trkpt lat="43.348210" lon="-4.115330"/>
      <trkpt lat="43.348260" lon="-4.115090"/>
      <trkpt lat="43.348330" lon="-4.114700"/>
      <trkpt lat="43.348430" lon="-4.114260"/>
      <trkpt lat="43.348520" lon="-4.113860"/>
      <trkpt lat="43.348620" lon="-4.113530"/>
      <trkpt lat="43.348690" lon="-4.113270"/>
      <trkpt lat="43.348790" lon="-4.112940"/>
      <trkpt lat="43.348920" lon="-4.112570"/>
      <trkpt lat="43.349000" lon="-4.112360"/>
      <trkpt lat="43.349070" lon="-4.112170"/>
      <trkpt lat="43.349210" lon="-4.111840"/>
      <trkpt lat="43.349300" lon="-4.111640"/>
      <trkpt lat="43.349450" lon="-4.111310"/>
      <trkpt lat="43.349560" lon="-4.111080"/>
      <trkpt lat="43.349720" lon="-4.110760"/>
      <trkpt lat="43.349820" lon="-4.110580"/>
      <trkpt lat="43.349930" lon="-4.110370"/>
      <trkpt lat="43.350270" lon="-4.109780"/>
      <trkpt lat="43.350860" lon="-4.108830"/>
      <trkpt lat="43.351550" lon="-4.107700"/>
      <trkpt lat="43.352230" lon="-4.106570"/>
      <trkpt lat="43.352640" lon="-4.105920"/>
      <trkpt lat="43.352930" lon="-4.105440"/>
      <trkpt lat="43.353110" lon="-4.105120"/>
      <trkpt lat="43.353300" lon="-4.104790"/>
      <trkpt lat="43.353480" lon="-4.104460"/>
      <trkpt lat="43.353650" lon="-4.104130"/>
      <trkpt lat="43.353870" lon="-4.103650"/>
      <trkpt lat="43.354060" lon="-4.103200"/>
      <trkpt lat="43.354220" lon="-4.102770"/>
      <trkpt lat="43.354410" lon="-4.102230"/>
      <trkpt lat="43.354570" lon="-4.101690"/>
      <trkpt lat="43.354720" lon="-4.101100"/>
      <trkpt lat="43.354770" lon="-4.100860"/>
      <trkpt lat="43.354810" lon="-4.100680"/>
      <trkpt lat="43.354890" lon="-4.100250"/>
      <trkpt lat="43.354970" lon="-4.099740"/>
      <trkpt lat="43.355010" lon="-4.099470"/>
      <trkpt lat="43.355030" lon="-4.099250"/>
      <trkpt lat="43.355090" lon="-4.098590"/>
      <trkpt lat="43.355110" lon="-4.098360"/>
      <trkpt lat="43.355120" lon="-4.098150"/>
      <trkpt lat="43.355130" lon="-4.097920"/>
      <trkpt lat="43.355140" lon="-4.097720"/>
      <trkpt lat="43.355140" lon="-4.097510"/>
      <trkpt lat="43.355140" lon="-4.097290"/>
      <trkpt lat="43.355140" lon="-4.097100"/>
      <trkpt lat="43.355140" lon="-4.096890"/>
      <trkpt lat="43.355130" lon="-4.096700"/>
      <trkpt lat="43.355120" lon="-4.096470"/>
      <trkpt lat="43.355110" lon="-4.096270"/>
      <trkpt lat="43.355090" lon="-4.096050"/>
      <trkpt lat="43.355070" lon="-4.095850"/>
      <trkpt lat="43.355050" lon="-4.095620"/>
      <trkpt lat="43.355020" lon="-4.095380"/>
      <trkpt lat="43.355000" lon="-4.095190"/>
      <trkpt lat="43.354980" lon="-4.095010"/>
      <trkpt lat="43.354950" lon="-4.094830"/>
      <trkpt lat="43.354910" lon="-4.094610"/>
      <trkpt lat="43.354880" lon="-4.094410"/>
      <trkpt lat="43.354840" lon="-4.094200"/>
      <trkpt lat="43.354780" lon="-4.093930"/>
      <trkpt lat="43.354740" lon="-4.093720"/>
      <trkpt lat="43.354700" lon="-4.093570"/>
      <trkpt lat="43.354660" lon="-4.093400"/>
      <trkpt lat="43.354600" lon="-4.093160"/>
      <trkpt lat="43.354490" lon="-4.092780"/>
      <trkpt lat="43.354390" lon="-4.092430"/>
      <trkpt lat="43.354200" lon="-4.091820"/>
      <trkpt lat="43.354010" lon="-4.091190"/>
      <trkpt lat="43.353940" lon="-4.090920"/>
      <trkpt lat="43.353880" lon="-4.090710"/>
      <trkpt lat="43.353820" lon="-4.090490"/>
      <trkpt lat="43.353760" lon="-4.090260"/>
      <trkpt lat="43.353710" lon="-4.090060"/>
      <trkpt lat="43.353670" lon="-4.089870"/>
      <trkpt lat="43.353630" lon="-4.089700"/>
      <trkpt lat="43.353600" lon="-4.089510"/>
      <trkpt lat="43.353560" lon="-4.089280"/>
      <trkpt lat="43.353510" lon="-4.089010"/>
      <trkpt lat="43.353470" lon="-4.088710"/>
      <trkpt lat="43.353430" lon="-4.088450"/>
      <trkpt lat="43.353410" lon="-4.088210"/>
      <trkpt lat="43.353380" lon="-4.087960"/>
      <trkpt lat="43.353360" lon="-4.087680"/>
      <trkpt lat="43.353340" lon="-4.087390"/>
      <trkpt lat="43.353320" lon="-4.087120"/>
      <trkpt lat="43.353310" lon="-4.086890"/>
      <trkpt lat="43.353300" lon="-4.086660"/>
      <trkpt lat="43.353300" lon="-4.086420"/>
      <trkpt lat="43.353310" lon="-4.086150"/>
      <trkpt lat="43.353310" lon="-4.085870"/>
      <trkpt lat="43.353320" lon="-4.085620"/>
      <trkpt lat="43.353330" lon="-4.085380"/>
      <trkpt lat="43.353350" lon="-4.085110"/>
      <trkpt lat="43.353370" lon="-4.084880"/>
      <trkpt lat="43.353400" lon="-4.084560"/>
      <trkpt lat="43.353430" lon="-4.084350"/>
      <trkpt lat="43.353460" lon="-4.084120"/>
      <trkpt lat="43.353480" lon="-4.083910"/>
      <trkpt lat="43.353520" lon="-4.083700"/>
      <trkpt lat="43.353550" lon="-4.083480"/>
      <trkpt lat="43.353590" lon="-4.083240"/>
      <trkpt lat="43.353650" lon="-4.082940"/>
      <trkpt lat="43.353710" lon="-4.082680"/>
      <trkpt lat="43.353770" lon="-4.082440"/>
      <trkpt lat="43.353820" lon="-4.082220"/>
      <trkpt lat="43.353890" lon="-4.081960"/>
      <trkpt lat="43.353950" lon="-4.081760"/>
      <trkpt lat="43.354010" lon="-4.081560"/>
      <trkpt lat="43.354080" lon="-4.081320"/>
      <trkpt lat="43.354160" lon="-4.081100"/>
      <trkpt lat="43.354220" lon="-4.080930"/>
      <trkpt lat="43.354280" lon="-4.080740"/>
      <trkpt lat="43.354360" lon="-4.080550"/>
      <trkpt lat="43.354430" lon="-4.080350"/>
      <trkpt lat="43.354520" lon="-4.080140"/>
      <trkpt lat="43.354810" lon="-4.079450"/>
      <trkpt lat="43.355130" lon="-4.078690"/>
      <trkpt lat="43.355440" lon="-4.077970"/>
      <trkpt lat="43.355670" lon="-4.077430"/>
      <trkpt lat="43.355810" lon="-4.077080"/>
      <trkpt lat="43.355890" lon="-4.076890"/>
      <trkpt lat="43.355940" lon="-4.076770"/>
      <trkpt lat="43.355990" lon="-4.076640"/>
      <trkpt lat="43.356040" lon="-4.076510"/>
      <trkpt lat="43.356080" lon="-4.076370"/>
      <trkpt lat="43.356130" lon="-4.076230"/>
      <trkpt lat="43.356170" lon="-4.076120"/>
      <trkpt lat="43.356240" lon="-4.075890"/>
      <trkpt lat="43.356290" lon="-4.075720"/>
      <trkpt lat="43.356350" lon="-4.075510"/>
      <trkpt lat="43.356390" lon="-4.075340"/>
      <trkpt lat="43.356440" lon="-4.075140"/>
      <trkpt lat="43.356500" lon="-4.074880"/>
      <trkpt lat="43.356550" lon="-4.074610"/>
      <trkpt lat="43.356590" lon="-4.074420"/>
      <trkpt lat="43.356630" lon="-4.074190"/>
      <trkpt lat="43.356650" lon="-4.074000"/>
      <trkpt lat="43.356690" lon="-4.073690"/>
      <trkpt lat="43.356730" lon="-4.073260"/>
      <trkpt lat="43.356750" lon="-4.072940"/>
      <trkpt lat="43.356770" lon="-4.072700"/>
      <trkpt lat="43.356770" lon="-4.072500"/>
      <trkpt lat="43.356780" lon="-4.072190"/>
      <trkpt lat="43.356770" lon="-4.071780"/>
      <trkpt lat="43.356760" lon="-4.071550"/>
      <trkpt lat="43.356740" lon="-4.071270"/>
      <trkpt lat="43.356690" lon="-4.070680"/>
      <trkpt lat="43.356640" lon="-4.070270"/>
      <trkpt lat="43.356630" lon="-4.070220"/>
      <trkpt lat="43.356530" lon="-4.069490"/>
      <trkpt lat="43.356220" lon="-4.067420"/>
      <trkpt lat="43.356070" lon="-4.066330"/>
      <trkpt lat="43.356040" lon="-4.066060"/>
      <trkpt lat="43.356010" lon="-4.065790"/>
      <trkpt lat="43.355990" lon="-4.065530"/>
      <trkpt lat="43.355970" lon="-4.065250"/>
      <trkpt lat="43.355960" lon="-4.064970"/>
      <trkpt lat="43.355960" lon="-4.064760"/>
      <trkpt lat="43.355960" lon="-4.064530"/>
      <trkpt lat="43.355960" lon="-4.064340"/>
      <trkpt lat="43.355970" lon="-4.064110"/>
      <trkpt lat="43.355980" lon="-4.063910"/>
      <trkpt lat="43.356000" lon="-4.063700"/>
      <trkpt lat="43.356020" lon="-4.063460"/>
      <trkpt lat="43.356040" lon="-4.063270"/>
      <trkpt lat="43.356060" lon="-4.063090"/>
      <trkpt lat="43.356090" lon="-4.062920"/>
      <trkpt lat="43.356120" lon="-4.062740"/>
      <trkpt lat="43.356200" lon="-4.062330"/>
      <trkpt lat="43.356300" lon="-4.061840"/>
      <trkpt lat="43.356370" lon="-4.061500"/>
      <trkpt lat="43.356390" lon="-4.061380"/>
      <trkpt lat="43.356490" lon="-4.060950"/>
      <trkpt lat="43.356530" lon="-4.060770"/>
      <trkpt lat="43.356560" lon="-4.060600"/>
      <trkpt lat="43.356590" lon="-4.060380"/>
      <trkpt lat="43.356620" lon="-4.060150"/>
      <trkpt lat="43.356650" lon="-4.059950"/>
      <trkpt lat="43.356670" lon="-4.059720"/>
      <trkpt lat="43.356690" lon="-4.059510"/>
      <trkpt lat="43.356710" lon="-4.059250"/>
      <trkpt lat="43.356720" lon="-4.059040"/>
      <trkpt lat="43.356730" lon="-4.058890"/>
      <trkpt lat="43.356730" lon="-4.058710"/>
      <trkpt lat="43.356730" lon="-4.058510"/>
      <trkpt lat="43.356720" lon="-4.058310"/>
      <trkpt lat="43.356720" lon="-4.058110"/>
      <trkpt lat="43.356710" lon="-4.057880"/>
      <trkpt lat="43.356700" lon="-4.057650"/>
      <trkpt lat="43.356690" lon="-4.057450"/>
      <trkpt lat="43.356680" lon="-4.057210"/>
      <trkpt lat="43.356670" lon="-4.056980"/>
      <trkpt lat="43.356650" lon="-4.056440"/>
      <trkpt lat="43.356670" lon="-4.055880"/>
      <trkpt lat="43.356700" lon="-4.055310"/>
      <trkpt lat="43.356770" lon="-4.054740"/>
      <trkpt lat="43.356850" lon="-4.054300"/>
      <trkpt lat="43.356900" lon="-4.054010"/>
      <trkpt lat="43.356960" lon="-4.053780"/>
      <trkpt lat="43.357010" lon="-4.053570"/>
      <trkpt lat="43.357070" lon="-4.053360"/>
      <trkpt lat="43.357440" lon="-4.052110"/>
      <trkpt lat="43.357800" lon="-4.050940"/>
      <trkpt lat="43.358220" lon="-4.049590"/>
      <trkpt lat="43.358420" lon="-4.048940"/>
      <trkpt lat="43.358490" lon="-4.048740"/>
      <trkpt lat="43.358540" lon="-4.048560"/>
      <trkpt lat="43.358590" lon="-4.048350"/>
      <trkpt lat="43.358630" lon="-4.048140"/>
      <trkpt lat="43.358670" lon="-4.047950"/>
      <trkpt lat="43.358710" lon="-4.047740"/>
      <trkpt lat="43.358740" lon="-4.047520"/>
      <trkpt lat="43.358760" lon="-4.047330"/>
      <trkpt lat="43.358790" lon="-4.047130"/>
      <trkpt lat="43.358810" lon="-4.046930"/>
      <trkpt lat="43.358830" lon="-4.046720"/>
      <trkpt lat="43.358850" lon="-4.046530"/>
      <trkpt lat="43.358870" lon="-4.046330"/>
      <trkpt lat="43.358880" lon="-4.046220"/>
      <trkpt lat="43.358890" lon="-4.046120"/>
      <trkpt lat="43.358910" lon="-4.045940"/>
      <trkpt lat="43.358920" lon="-4.045740"/>
      <trkpt lat="43.358930" lon="-4.045530"/>
      <trkpt lat="43.358940" lon="-4.045320"/>
      <trkpt lat="43.358940" lon="-4.045130"/>
      <trkpt lat="43.358940" lon="-4.044950"/>
      <trkpt lat="43.358930" lon="-4.044890"/>
      <trkpt lat="43.358930" lon="-4.044710"/>
      <trkpt lat="43.358920" lon="-4.044520"/>
      <trkpt lat="43.358910" lon="-4.044330"/>
      <trkpt lat="43.358890" lon="-4.044160"/>
      <trkpt lat="43.358880" lon="-4.044010"/>
      <trkpt lat="43.358860" lon="-4.043850"/>
      <trkpt lat="43.358830" lon="-4.043640"/>
      <trkpt lat="43.358800" lon="-4.043450"/>
      <trkpt lat="43.358760" lon="-4.043240"/>
      <trkpt lat="43.358740" lon="-4.043090"/>
      <trkpt lat="43.358720" lon="-4.043000"/>
      <trkpt lat="43.358640" lon="-4.042700"/>
      <trkpt lat="43.358530" lon="-4.042340"/>
      <trkpt lat="43.358410" lon="-4.041940"/>
      <trkpt lat="43.358300" lon="-4.041630"/>
      <trkpt lat="43.358190" lon="-4.041370"/>
      <trkpt lat="43.358110" lon="-4.041150"/>
      <trkpt lat="43.357920" lon="-4.040760"/>
      <trkpt lat="43.357730" lon="-4.040410"/>
      <trkpt lat="43.357490" lon="-4.040030"/>
      <trkpt lat="43.357190" lon="-4.039580"/>
      <trkpt lat="43.357050" lon="-4.039390"/>
      <trkpt lat="43.356900" lon="-4.039200"/>
      <trkpt lat="43.356760" lon="-4.039040"/>
      <trkpt lat="43.356560" lon="-4.038840"/>
      <trkpt lat="43.356370" lon="-4.038670"/>
      <trkpt lat="43.356230" lon="-4.038550"/>
      <trkpt lat="43.356050" lon="-4.038420"/>
      <trkpt lat="43.355780" lon="-4.038230"/>
      <trkpt lat="43.355640" lon="-4.038140"/>
      <trkpt lat="43.355500" lon="-4.038060"/>
      <trkpt lat="43.355370" lon="-4.038000"/>
      <trkpt lat="43.355200" lon="-4.037920"/>
      <trkpt lat="43.355070" lon="-4.037850"/>
      <trkpt lat="43.354910" lon="-4.037790"/>
      <trkpt lat="43.354780" lon="-4.037740"/>
      <trkpt lat="43.354620" lon="-4.037690"/>
      <trkpt lat="43.354460" lon="-4.037640"/>
      <trkpt lat="43.354300" lon="-4.037590"/>
      <trkpt lat="43.354080" lon="-4.037540"/>
      <trkpt lat="43.353880" lon="-4.037490"/>
      <trkpt lat="43.353690" lon="-4.037450"/>
      <trkpt lat="43.353410" lon="-4.037380"/>
      <trkpt lat="43.353230" lon="-4.037330"/>
      <trkpt lat="43.353080" lon="-4.037290"/>
      <trkpt lat="43.352930" lon="-4.037240"/>
      <trkpt lat="43.352810" lon="-4.037190"/>
      <trkpt lat="43.352660" lon="-4.037130"/>
      <trkpt lat="43.352500" lon="-4.037080"/>
      <trkpt lat="43.352270" lon="-4.036980"/>
      <trkpt lat="43.352080" lon="-4.036880"/>
      <trkpt lat="43.351890" lon="-4.036770"/>
      <trkpt lat="43.351780" lon="-4.036710"/>
      <trkpt lat="43.351670" lon="-4.036650"/>
      <trkpt lat="43.351530" lon="-4.036570"/>
      <trkpt lat="43.351390" lon="-4.036480"/>
      <trkpt lat="43.351280" lon="-4.036400"/>
      <trkpt lat="43.351100" lon="-4.036270"/>
      <trkpt lat="43.350980" lon="-4.036190"/>
      <trkpt lat="43.350770" lon="-4.036020"/>
      <trkpt lat="43.350600" lon="-4.035870"/>
      <trkpt lat="43.350430" lon="-4.035720"/>
      <trkpt lat="43.350290" lon="-4.035590"/>
      <trkpt lat="43.350160" lon="-4.035450"/>
      <trkpt lat="43.350020" lon="-4.035310"/>
      <trkpt lat="43.349770" lon="-4.035030"/>
      <trkpt lat="43.349710" lon="-4.034960"/>
      <trkpt lat="43.349590" lon="-4.034810"/>
      <trkpt lat="43.349380" lon="-4.034520"/>
      <trkpt lat="43.349260" lon="-4.034370"/>
      <trkpt lat="43.349170" lon="-4.034230"/>
      <trkpt lat="43.349020" lon="-4.034010"/>
      <trkpt lat="43.348840" lon="-4.033710"/>
      <trkpt lat="43.348650" lon="-4.033370"/>
      <trkpt lat="43.348480" lon="-4.033040"/>
      <trkpt lat="43.348350" lon="-4.032760"/>
      <trkpt lat="43.348260" lon="-4.032570"/>
      <trkpt lat="43.348160" lon="-4.032320"/>
      <trkpt lat="43.348060" lon="-4.032070"/>
      <trkpt lat="43.347960" lon="-4.031800"/>
      <trkpt lat="43.347850" lon="-4.031490"/>
      <trkpt lat="43.347750" lon="-4.031170"/>
      <trkpt lat="43.347620" lon="-4.030720"/>
      <trkpt lat="43.347510" lon="-4.030290"/>
      <trkpt lat="43.347400" lon="-4.029880"/>
      <trkpt lat="43.347310" lon="-4.029540"/>
      <trkpt lat="43.347220" lon="-4.029250"/>
      <trkpt lat="43.347140" lon="-4.028950"/>
      <trkpt lat="43.347030" lon="-4.028590"/>
      <trkpt lat="43.346910" lon="-4.028200"/>
      <trkpt lat="43.346780" lon="-4.027810"/>
      <trkpt lat="43.346670" lon="-4.027500"/>
      <trkpt lat="43.346590" lon="-4.027260"/>
      <trkpt lat="43.346500" lon="-4.027040"/>
      <trkpt lat="43.346400" lon="-4.026770"/>
      <trkpt lat="43.346320" lon="-4.026580"/>
      <trkpt lat="43.346220" lon="-4.026320"/>
      <trkpt lat="43.346090" lon="-4.025990"/>
      <trkpt lat="43.345940" lon="-4.025640"/>
      <trkpt lat="43.345790" lon="-4.025300"/>
      <trkpt lat="43.345640" lon="-4.024950"/>
      <trkpt lat="43.345550" lon="-4.024710"/>
      <trkpt lat="43.345420" lon="-4.024410"/>
      <trkpt lat="43.345350" lon="-4.024230"/>
      <trkpt lat="43.345280" lon="-4.024000"/>
      <trkpt lat="43.345160" lon="-4.023650"/>
      <trkpt lat="43.345090" lon="-4.023460"/>
      <trkpt lat="43.345040" lon="-4.023280"/>
      <trkpt lat="43.344970" lon="-4.023070"/>
      <trkpt lat="43.344870" lon="-4.022700"/>
      <trkpt lat="43.344770" lon="-4.022330"/>
      <trkpt lat="43.344720" lon="-4.022130"/>
      <trkpt lat="43.344670" lon="-4.021910"/>
      <trkpt lat="43.344620" lon="-4.021710"/>
      <trkpt lat="43.344580" lon="-4.021500"/>
      <trkpt lat="43.344530" lon="-4.021240"/>
      <trkpt lat="43.344470" lon="-4.020900"/>
      <trkpt lat="43.344430" lon="-4.020640"/>
      <trkpt lat="43.344390" lon="-4.020280"/>
      <trkpt lat="43.344360" lon="-4.020020"/>
      <trkpt lat="43.344320" lon="-4.019680"/>
      <trkpt lat="43.344300" lon="-4.019390"/>
      <trkpt lat="43.344280" lon="-4.019040"/>
      <trkpt lat="43.344270" lon="-4.018760"/>
      <trkpt lat="43.344260" lon="-4.018390"/>
      <trkpt lat="43.344260" lon="-4.018130"/>
      <trkpt lat="43.344270" lon="-4.017760"/>
      <trkpt lat="43.344270" lon="-4.017490"/>
      <trkpt lat="43.344290" lon="-4.017140"/>
      <trkpt lat="43.344310" lon="-4.016860"/>
      <trkpt lat="43.344340" lon="-4.016510"/>
      <trkpt lat="43.344370" lon="-4.016240"/>
      <trkpt lat="43.344410" lon="-4.015890"/>
      <trkpt lat="43.344450" lon="-4.015620"/>
      <trkpt lat="43.344500" lon="-4.015230"/>
      <trkpt lat="43.344560" lon="-4.014850"/>
      <trkpt lat="43.344630" lon="-4.014430"/>
      <trkpt lat="43.344660" lon="-4.014210"/>
      <trkpt lat="43.344690" lon="-4.014010"/>
      <trkpt lat="43.344720" lon="-4.013810"/>
      <trkpt lat="43.344750" lon="-4.013600"/>
      <trkpt lat="43.344780" lon="-4.013400"/>
      <trkpt lat="43.344810" lon="-4.013200"/>
      <trkpt lat="43.344840" lon="-4.012990"/>
      <trkpt lat="43.344870" lon="-4.012780"/>
      <trkpt lat="43.344900" lon="-4.012560"/>
      <trkpt lat="43.344930" lon="-4.012360"/>
      <trkpt lat="43.344970" lon="-4.011960"/>
      <trkpt lat="43.345020" lon="-4.011530"/>
      <trkpt lat="43.345050" lon="-4.011130"/>
      <trkpt lat="43.345090" lon="-4.010710"/>
      <trkpt lat="43.345130" lon="-4.010280"/>
      <trkpt lat="43.345170" lon="-4.009870"/>
      <trkpt lat="43.345220" lon="-4.009460"/>
      <trkpt lat="43.345260" lon="-4.009060"/>
      <trkpt lat="43.345310" lon="-4.008630"/>
      <trkpt lat="43.345350" lon="-4.008220"/>
      <trkpt lat="43.345400" lon="-4.007830"/>
      <trkpt lat="43.345460" lon="-4.007410"/>
      <trkpt lat="43.345510" lon="-4.007010"/>
      <trkpt lat="43.345570" lon="-4.006600"/>
      <trkpt lat="43.345630" lon="-4.006190"/>
      <trkpt lat="43.345680" lon="-4.005750"/>
      <trkpt lat="43.345710" lon="-4.005540"/>
      <trkpt lat="43.345740" lon="-4.005330"/>
      <trkpt lat="43.345760" lon="-4.005130"/>
      <trkpt lat="43.345780" lon="-4.004930"/>
      <trkpt lat="43.345800" lon="-4.004720"/>
      <trkpt lat="43.345820" lon="-4.004510"/>
      <trkpt lat="43.345840" lon="-4.004300"/>
      <trkpt lat="43.345860" lon="-4.004090"/>
      <trkpt lat="43.345870" lon="-4.003880"/>
      <trkpt lat="43.345880" lon="-4.003680"/>
      <trkpt lat="43.345890" lon="-4.003470"/>
      <trkpt lat="43.345900" lon="-4.003270"/>
      <trkpt lat="43.345910" lon="-4.003050"/>
      <trkpt lat="43.345920" lon="-4.002840"/>
      <trkpt lat="43.345920" lon="-4.002630"/>
      <trkpt lat="43.345930" lon="-4.002420"/>
      <trkpt lat="43.345930" lon="-4.002210"/>
      <trkpt lat="43.345920" lon="-4.002010"/>
      <trkpt lat="43.345920" lon="-4.001790"/>
      <trkpt lat="43.345910" lon="-4.001410"/>
      <trkpt lat="43.345900" lon="-4.001150"/>
      <trkpt lat="43.345890" lon="-4.000960"/>
      <trkpt lat="43.345880" lon="-4.000750"/>
      <trkpt lat="43.345870" lon="-4.000550"/>
      <trkpt lat="43.345850" lon="-4.000330"/>
      <trkpt lat="43.345830" lon="-4.000130"/>
      <trkpt lat="43.345800" lon="-3.999920"/>
      <trkpt lat="43.345780" lon="-3.999730"/>
      <trkpt lat="43.345750" lon="-3.999520"/>
      <trkpt lat="43.345720" lon="-3.999300"/>
      <trkpt lat="43.345690" lon="-3.999100"/>
      <trkpt lat="43.345670" lon="-3.998950"/>
      <trkpt lat="43.345640" lon="-3.998790"/>
      <trkpt lat="43.345600" lon="-3.998580"/>
      <trkpt lat="43.345560" lon="-3.998380"/>
      <trkpt lat="43.345520" lon="-3.998180"/>
      <trkpt lat="43.345480" lon="-3.997980"/>
      <trkpt lat="43.345430" lon="-3.997780"/>
      <trkpt lat="43.345380" lon="-3.997580"/>
      <trkpt lat="43.345330" lon="-3.997390"/>
      <trkpt lat="43.345280" lon="-3.997190"/>
      <trkpt lat="43.345220" lon="-3.997000"/>
      <trkpt lat="43.345160" lon="-3.996800"/>
      <trkpt lat="43.345100" lon="-3.996610"/>
      <trkpt lat="43.345040" lon="-3.996410"/>
      <trkpt lat="43.344980" lon="-3.996230"/>
      <trkpt lat="43.344910" lon="-3.996040"/>
      <trkpt lat="43.344840" lon="-3.995860"/>
      <trkpt lat="43.344770" lon="-3.995660"/>
      <trkpt lat="43.344720" lon="-3.995560"/>
      <trkpt lat="43.344660" lon="-3.995410"/>
      <trkpt lat="43.344450" lon="-3.994940"/>
      <trkpt lat="43.344370" lon="-3.994770"/>
      <trkpt lat="43.344290" lon="-3.994600"/>
      <trkpt lat="43.344190" lon="-3.994400"/>
      <trkpt lat="43.344100" lon="-3.994230"/>
      <trkpt lat="43.344020" lon="-3.994080"/>
      <trkpt lat="43.343920" lon="-3.993910"/>
      <trkpt lat="43.343830" lon="-3.993750"/>
      <trkpt lat="43.343730" lon="-3.993590"/>
      <trkpt lat="43.343630" lon="-3.993440"/>
      <trkpt lat="43.343520" lon="-3.993290"/>
      <trkpt lat="43.343420" lon="-3.993140"/>
      <trkpt lat="43.343310" lon="-3.992990"/>
      <trkpt lat="43.343200" lon="-3.992850"/>
      <trkpt lat="43.343080" lon="-3.992700"/>
      <trkpt lat="43.342960" lon="-3.992570"/>
      <trkpt lat="43.342850" lon="-3.992430"/>
      <trkpt lat="43.342730" lon="-3.992300"/>
      <trkpt lat="43.342610" lon="-3.992180"/>
      <trkpt lat="43.342480" lon="-3.992060"/>
      <trkpt lat="43.342360" lon="-3.991930"/>
      <trkpt lat="43.342240" lon="-3.991810"/>
      <trkpt lat="43.342110" lon="-3.991690"/>
      <trkpt lat="43.341990" lon="-3.991570"/>
      <trkpt lat="43.341870" lon="-3.991460"/>
      <trkpt lat="43.341740" lon="-3.991330"/>
      <trkpt lat="43.341620" lon="-3.991220"/>
      <trkpt lat="43.341490" lon="-3.991090"/>
      <trkpt lat="43.341360" lon="-3.990970"/>
      <trkpt lat="43.341240" lon="-3.990840"/>
      <trkpt lat="43.341120" lon="-3.990710"/>
      <trkpt lat="43.341000" lon="-3.990580"/>
      <trkpt lat="43.340890" lon="-3.990460"/>
      <trkpt lat="43.340770" lon="-3.990320"/>
      <trkpt lat="43.340650" lon="-3.990180"/>
      <trkpt lat="43.340540" lon="-3.990040"/>
      <trkpt lat="43.340430" lon="-3.989900"/>
      <trkpt lat="43.340320" lon="-3.989750"/>
      <trkpt lat="43.340210" lon="-3.989600"/>
      <trkpt lat="43.340100" lon="-3.989450"/>
      <trkpt lat="43.340000" lon="-3.989300"/>
      <trkpt lat="43.339900" lon="-3.989140"/>
      <trkpt lat="43.339800" lon="-3.988980"/>
      <trkpt lat="43.339700" lon="-3.988820"/>
      <trkpt lat="43.339610" lon="-3.988660"/>
      <trkpt lat="43.339510" lon="-3.988490"/>
      <trkpt lat="43.339420" lon="-3.988330"/>
      <trkpt lat="43.339330" lon="-3.988160"/>
      <trkpt lat="43.339250" lon="-3.988020"/>
      <trkpt lat="43.339160" lon="-3.987850"/>
      <trkpt lat="43.339060" lon="-3.987650"/>
      <trkpt lat="43.338970" lon="-3.987490"/>
      <trkpt lat="43.338880" lon="-3.987320"/>
      <trkpt lat="43.338790" lon="-3.987150"/>
      <trkpt lat="43.338700" lon="-3.986980"/>
      <trkpt lat="43.338600" lon="-3.986810"/>
      <trkpt lat="43.338510" lon="-3.986650"/>
      <trkpt lat="43.338420" lon="-3.986490"/>
      <trkpt lat="43.338320" lon="-3.986330"/>
      <trkpt lat="43.338220" lon="-3.986170"/>
      <trkpt lat="43.338110" lon="-3.986020"/>
      <trkpt lat="43.338010" lon="-3.985870"/>
      <trkpt lat="43.337900" lon="-3.985720"/>
      <trkpt lat="43.337790" lon="-3.985580"/>
      <trkpt lat="43.337680" lon="-3.985430"/>
      <trkpt lat="43.337560" lon="-3.985290"/>
      <trkpt lat="43.337450" lon="-3.985160"/>
      <trkpt lat="43.337340" lon="-3.985030"/>
      <trkpt lat="43.337210" lon="-3.984900"/>
      <trkpt lat="43.337090" lon="-3.984770"/>
      <trkpt lat="43.336970" lon="-3.984650"/>
      <trkpt lat="43.336850" lon="-3.984530"/>
      <trkpt lat="43.336720" lon="-3.984410"/>
      <trkpt lat="43.336590" lon="-3.984300"/>
      <trkpt lat="43.336460" lon="-3.984180"/>
      <trkpt lat="43.336340" lon="-3.984070"/>
      <trkpt lat="43.336210" lon="-3.983950"/>
      <trkpt lat="43.336080" lon="-3.983840"/>
      <trkpt lat="43.335950" lon="-3.983730"/>
      <trkpt lat="43.335820" lon="-3.983620"/>
      <trkpt lat="43.335790" lon="-3.983590"/>
      <trkpt lat="43.335710" lon="-3.983510"/>
      <trkpt lat="43.335660" lon="-3.983470"/>
      <trkpt lat="43.335560" lon="-3.983380"/>
      <trkpt lat="43.335440" lon="-3.983260"/>
      <trkpt lat="43.335310" lon="-3.983140"/>
      <trkpt lat="43.335190" lon="-3.983020"/>
      <trkpt lat="43.335070" lon="-3.982890"/>
      <trkpt lat="43.334940" lon="-3.982750"/>
      <trkpt lat="43.334820" lon="-3.982620"/>
      <trkpt lat="43.334700" lon="-3.982480"/>
      <trkpt lat="43.334580" lon="-3.982340"/>
      <trkpt lat="43.334470" lon="-3.982200"/>
      <trkpt lat="43.334360" lon="-3.982050"/>
      <trkpt lat="43.334250" lon="-3.981910"/>
      <trkpt lat="43.334140" lon="-3.981760"/>
      <trkpt lat="43.334030" lon="-3.981610"/>
      <trkpt lat="43.333930" lon="-3.981460"/>
      <trkpt lat="43.333830" lon="-3.981300"/>
      <trkpt lat="43.333730" lon="-3.981140"/>
      <trkpt lat="43.333630" lon="-3.980980"/>
      <trkpt lat="43.333530" lon="-3.980820"/>
      <trkpt lat="43.333440" lon="-3.980650"/>
      <trkpt lat="43.333340" lon="-3.980480"/>
      <trkpt lat="43.333260" lon="-3.980320"/>
      <trkpt lat="43.333170" lon="-3.980140"/>
      <trkpt lat="43.333080" lon="-3.979970"/>
      <trkpt lat="43.333000" lon="-3.979800"/>
      <trkpt lat="43.332920" lon="-3.979620"/>
      <trkpt lat="43.332830" lon="-3.979430"/>
      <trkpt lat="43.332760" lon="-3.979260"/>
      <trkpt lat="43.332680" lon="-3.979070"/>
      <trkpt lat="43.332610" lon="-3.978890"/>
      <trkpt lat="43.332540" lon="-3.978710"/>
      <trkpt lat="43.332470" lon="-3.978520"/>
      <trkpt lat="43.332410" lon="-3.978330"/>
      <trkpt lat="43.332340" lon="-3.978130"/>
      <trkpt lat="43.332280" lon="-3.977940"/>
      <trkpt lat="43.332230" lon="-3.977750"/>
      <trkpt lat="43.332170" lon="-3.977560"/>
      <trkpt lat="43.332120" lon="-3.977360"/>
      <trkpt lat="43.332070" lon="-3.977160"/>
      <trkpt lat="43.332020" lon="-3.976970"/>
      <trkpt lat="43.331970" lon="-3.976760"/>
      <trkpt lat="43.331930" lon="-3.976580"/>
      <trkpt lat="43.331890" lon="-3.976360"/>
      <trkpt lat="43.331850" lon="-3.976160"/>
      <trkpt lat="43.331810" lon="-3.975960"/>
      <trkpt lat="43.331780" lon="-3.975750"/>
      <trkpt lat="43.331750" lon="-3.975540"/>
      <trkpt lat="43.331720" lon="-3.975340"/>
      <trkpt lat="43.331690" lon="-3.975130"/>
      <trkpt lat="43.331670" lon="-3.974930"/>
      <trkpt lat="43.331650" lon="-3.974720"/>
      <trkpt lat="43.331630" lon="-3.974510"/>
      <trkpt lat="43.331620" lon="-3.974310"/>
      <trkpt lat="43.331600" lon="-3.974090"/>
      <trkpt lat="43.331590" lon="-3.973890"/>
      <trkpt lat="43.331590" lon="-3.973680"/>
      <trkpt lat="43.331580" lon="-3.973470"/>
      <trkpt lat="43.331580" lon="-3.973260"/>
      <trkpt lat="43.331570" lon="-3.973050"/>
      <trkpt lat="43.331570" lon="-3.972840"/>
      <trkpt lat="43.331570" lon="-3.972630"/>
      <trkpt lat="43.331570" lon="-3.972420"/>
      <trkpt lat="43.331570" lon="-3.972210"/>
      <trkpt lat="43.331570" lon="-3.972000"/>
      <trkpt lat="43.331570" lon="-3.971790"/>
      <trkpt lat="43.331570" lon="-3.971580"/>
      <trkpt lat="43.331570" lon="-3.971370"/>
      <trkpt lat="43.331560" lon="-3.971160"/>
      <trkpt lat="43.331560" lon="-3.970960"/>
      <trkpt lat="43.331550" lon="-3.970750"/>
      <trkpt lat="43.331540" lon="-3.970540"/>
      <trkpt lat="43.331520" lon="-3.970330"/>
      <trkpt lat="43.331510" lon="-3.970120"/>
      <trkpt lat="43.331490" lon="-3.969910"/>
      <trkpt lat="43.331470" lon="-3.969710"/>
      <trkpt lat="43.331440" lon="-3.969510"/>
      <trkpt lat="43.331410" lon="-3.969300"/>
      <trkpt lat="43.331380" lon="-3.969100"/>
      <trkpt lat="43.331350" lon="-3.968890"/>
      <trkpt lat="43.331310" lon="-3.968690"/>
      <trkpt lat="43.331270" lon="-3.968490"/>
      <trkpt lat="43.331230" lon="-3.968290"/>
      <trkpt lat="43.331180" lon="-3.968090"/>
      <trkpt lat="43.331130" lon="-3.967890"/>
      <trkpt lat="43.331080" lon="-3.967690"/>
      <trkpt lat="43.331030" lon="-3.967500"/>
      <trkpt lat="43.330970" lon="-3.967310"/>
      <trkpt lat="43.330910" lon="-3.967110"/>
      <trkpt lat="43.330850" lon="-3.966920"/>
      <trkpt lat="43.330780" lon="-3.966740"/>
      <trkpt lat="43.330710" lon="-3.966550"/>
      <trkpt lat="43.330650" lon="-3.966370"/>
      <trkpt lat="43.330570" lon="-3.966180"/>
      <trkpt lat="43.330490" lon="-3.966000"/>
      <trkpt lat="43.330420" lon="-3.965820"/>
      <trkpt lat="43.330330" lon="-3.965640"/>
      <trkpt lat="43.330250" lon="-3.965470"/>
      <trkpt lat="43.330160" lon="-3.965290"/>
      <trkpt lat="43.330080" lon="-3.965120"/>
      <trkpt lat="43.329990" lon="-3.964960"/>
      <trkpt lat="43.329890" lon="-3.964790"/>
      <trkpt lat="43.329800" lon="-3.964630"/>
      <trkpt lat="43.329700" lon="-3.964470"/>
      <trkpt lat="43.329600" lon="-3.964310"/>
      <trkpt lat="43.329500" lon="-3.964160"/>
      <trkpt lat="43.329390" lon="-3.964000"/>
      <trkpt lat="43.329280" lon="-3.963860"/>
      <trkpt lat="43.329070" lon="-3.963560"/>
      <trkpt lat="43.328840" lon="-3.963280"/>
      <trkpt lat="43.328500" lon="-3.962850"/>
      <trkpt lat="43.328160" lon="-3.962440"/>
      <trkpt lat="43.327930" lon="-3.962150"/>
      <trkpt lat="43.327710" lon="-3.961880"/>
      <trkpt lat="43.327480" lon="-3.961590"/>
      <trkpt lat="43.327260" lon="-3.961310"/>
      <trkpt lat="43.327030" lon="-3.961030"/>
      <trkpt lat="43.326920" lon="-3.960890"/>
      <trkpt lat="43.326800" lon="-3.960750"/>
      <trkpt lat="43.326580" lon="-3.960480"/>
      <trkpt lat="43.326470" lon="-3.960340"/>
      <trkpt lat="43.326130" lon="-3.959930"/>
      <trkpt lat="43.325800" lon="-3.959510"/>
      <trkpt lat="43.325470" lon="-3.959080"/>
      <trkpt lat="43.325130" lon="-3.958650"/>
      <trkpt lat="43.324800" lon="-3.958220"/>
      <trkpt lat="43.324470" lon="-3.957780"/>
      <trkpt lat="43.323940" lon="-3.957060"/>
      <trkpt lat="43.323290" lon="-3.956160"/>
      <trkpt lat="43.322960" lon="-3.955700"/>
      <trkpt lat="43.322640" lon="-3.955250"/>
      <trkpt lat="43.322330" lon="-3.954800"/>
      <trkpt lat="43.322010" lon="-3.954350"/>
      <trkpt lat="43.321900" lon="-3.954200"/>
      <trkpt lat="43.321690" lon="-3.953900"/>
      <trkpt lat="43.321470" lon="-3.953600"/>
      <trkpt lat="43.321260" lon="-3.953300"/>
      <trkpt lat="43.321150" lon="-3.953150"/>
      <trkpt lat="43.321040" lon="-3.953010"/>
      <trkpt lat="43.320930" lon="-3.952870"/>
      <trkpt lat="43.320810" lon="-3.952730"/>
      <trkpt lat="43.320700" lon="-3.952590"/>
      <trkpt lat="43.320580" lon="-3.952460"/>
      <trkpt lat="43.320460" lon="-3.952330"/>
      <trkpt lat="43.320330" lon="-3.952210"/>
      <trkpt lat="43.320210" lon="-3.952100"/>
      <trkpt lat="43.320080" lon="-3.951980"/>
      <trkpt lat="43.319950" lon="-3.951870"/>
      <trkpt lat="43.319820" lon="-3.951760"/>
      <trkpt lat="43.319690" lon="-3.951660"/>
      <trkpt lat="43.319550" lon="-3.951570"/>
      <trkpt lat="43.319410" lon="-3.951470"/>
      <trkpt lat="43.319280" lon="-3.951390"/>
      <trkpt lat="43.319140" lon="-3.951310"/>
      <trkpt lat="43.318990" lon="-3.951220"/>
      <trkpt lat="43.318850" lon="-3.951150"/>
      <trkpt lat="43.318710" lon="-3.951080"/>
      <trkpt lat="43.318560" lon="-3.951010"/>
      <trkpt lat="43.318410" lon="-3.950950"/>
      <trkpt lat="43.318270" lon="-3.950880"/>
      <trkpt lat="43.318120" lon="-3.950820"/>
      <trkpt lat="43.317980" lon="-3.950760"/>
      <trkpt lat="43.317830" lon="-3.950700"/>
      <trkpt lat="43.317690" lon="-3.950640"/>
      <trkpt lat="43.317540" lon="-3.950570"/>
      <trkpt lat="43.317400" lon="-3.950510"/>
      <trkpt lat="43.317250" lon="-3.950440"/>
      <trkpt lat="43.317110" lon="-3.950360"/>
      <trkpt lat="43.316970" lon="-3.950290"/>
      <trkpt lat="43.316830" lon="-3.950210"/>
      <trkpt lat="43.316690" lon="-3.950130"/>
      <trkpt lat="43.316550" lon="-3.950040"/>
      <trkpt lat="43.316410" lon="-3.949950"/>
      <trkpt lat="43.316280" lon="-3.949850"/>
      <trkpt lat="43.316150" lon="-3.949750"/>
      <trkpt lat="43.316020" lon="-3.949640"/>
      <trkpt lat="43.315890" lon="-3.949530"/>
      <trkpt lat="43.315760" lon="-3.949410"/>
      <trkpt lat="43.315640" lon="-3.949300"/>
      <trkpt lat="43.315510" lon="-3.949180"/>
      <trkpt lat="43.315390" lon="-3.949050"/>
      <trkpt lat="43.315270" lon="-3.948920"/>
      <trkpt lat="43.315150" lon="-3.948800"/>
      <trkpt lat="43.315030" lon="-3.948660"/>
      <trkpt lat="43.314920" lon="-3.948540"/>
      <trkpt lat="43.314790" lon="-3.948390"/>
      <trkpt lat="43.314680" lon="-3.948260"/>
      <trkpt lat="43.314560" lon="-3.948120"/>
      <trkpt lat="43.314450" lon="-3.947980"/>
      <trkpt lat="43.314330" lon="-3.947840"/>
      <trkpt lat="43.314220" lon="-3.947700"/>
      <trkpt lat="43.314100" lon="-3.947560"/>
      <trkpt lat="43.313990" lon="-3.947410"/>
      <trkpt lat="43.313870" lon="-3.947260"/>
      <trkpt lat="43.313770" lon="-3.947130"/>
      <trkpt lat="43.313670" lon="-3.946990"/>
      <trkpt lat="43.313560" lon="-3.946840"/>
      <trkpt lat="43.313450" lon="-3.946690"/>
      <trkpt lat="43.313350" lon="-3.946550"/>
      <trkpt lat="43.313240" lon="-3.946390"/>
      <trkpt lat="43.313080" lon="-3.946150"/>
      <trkpt lat="43.313030" lon="-3.946080"/>
      <trkpt lat="43.312920" lon="-3.945920"/>
      <trkpt lat="43.312820" lon="-3.945770"/>
      <trkpt lat="43.312720" lon="-3.945610"/>
      <trkpt lat="43.312620" lon="-3.945450"/>
      <trkpt lat="43.312520" lon="-3.945290"/>
      <trkpt lat="43.312430" lon="-3.945130"/>
      <trkpt lat="43.312340" lon="-3.944960"/>
      <trkpt lat="43.312240" lon="-3.944790"/>
      <trkpt lat="43.312160" lon="-3.944620"/>
      <trkpt lat="43.312070" lon="-3.944450"/>
      <trkpt lat="43.311990" lon="-3.944270"/>
      <trkpt lat="43.311910" lon="-3.944090"/>
      <trkpt lat="43.311840" lon="-3.943910"/>
      <trkpt lat="43.311770" lon="-3.943720"/>
      <trkpt lat="43.311700" lon="-3.943530"/>
      <trkpt lat="43.311630" lon="-3.943340"/>
      <trkpt lat="43.311570" lon="-3.943150"/>
      <trkpt lat="43.311510" lon="-3.942960"/>
      <trkpt lat="43.311460" lon="-3.942770"/>
      <trkpt lat="43.311400" lon="-3.942560"/>
      <trkpt lat="43.311350" lon="-3.942370"/>
      <trkpt lat="43.311310" lon="-3.942170"/>
      <trkpt lat="43.311270" lon="-3.941970"/>
      <trkpt lat="43.311230" lon="-3.941760"/>
      <trkpt lat="43.311200" lon="-3.941560"/>
      <trkpt lat="43.311170" lon="-3.941360"/>
      <trkpt lat="43.311140" lon="-3.941150"/>
      <trkpt lat="43.311120" lon="-3.940940"/>
      <trkpt lat="43.311100" lon="-3.940740"/>
      <trkpt lat="43.311080" lon="-3.940530"/>
      <trkpt lat="43.311070" lon="-3.940320"/>
      <trkpt lat="43.311060" lon="-3.940110"/>
      <trkpt lat="43.311050" lon="-3.939900"/>
      <trkpt lat="43.311050" lon="-3.939690"/>
      <trkpt lat="43.311050" lon="-3.939480"/>
      <trkpt lat="43.311060" lon="-3.939270"/>
      <trkpt lat="43.311070" lon="-3.939060"/>
      <trkpt lat="43.311080" lon="-3.938850"/>
      <trkpt lat="43.311100" lon="-3.938640"/>
      <trkpt lat="43.311120" lon="-3.938440"/>
      <trkpt lat="43.311140" lon="-3.938230"/>
      <trkpt lat="43.311170" lon="-3.938020"/>
      <trkpt lat="43.311200" lon="-3.937820"/>
      <trkpt lat="43.311230" lon="-3.937610"/>
      <trkpt lat="43.311270" lon="-3.937410"/>
      <trkpt lat="43.311300" lon="-3.937230"/>
      <trkpt lat="43.311350" lon="-3.937010"/>
      <trkpt lat="43.311400" lon="-3.936810"/>
      <trkpt lat="43.311440" lon="-3.936610"/>
      <trkpt lat="43.311490" lon="-3.936410"/>
      <trkpt lat="43.311540" lon="-3.936210"/>
      <trkpt lat="43.311590" lon="-3.936010"/>
      <trkpt lat="43.311640" lon="-3.935810"/>
      <trkpt lat="43.311690" lon="-3.935620"/>
      <trkpt lat="43.311740" lon="-3.935420"/>
      <trkpt lat="43.311790" lon="-3.935210"/>
      <trkpt lat="43.311830" lon="-3.935010"/>
      <trkpt lat="43.311870" lon="-3.934820"/>
      <trkpt lat="43.311920" lon="-3.934610"/>
      <trkpt lat="43.311960" lon="-3.934400"/>
      <trkpt lat="43.311990" lon="-3.934240"/>
      <trkpt lat="43.312030" lon="-3.934000"/>
      <trkpt lat="43.312070" lon="-3.933800"/>
      <trkpt lat="43.312100" lon="-3.933590"/>
      <trkpt lat="43.312120" lon="-3.933380"/>
      <trkpt lat="43.312150" lon="-3.933170"/>
      <trkpt lat="43.312170" lon="-3.932970"/>
      <trkpt lat="43.312190" lon="-3.932760"/>
      <trkpt lat="43.312210" lon="-3.932550"/>
      <trkpt lat="43.312220" lon="-3.932340"/>
      <trkpt lat="43.312230" lon="-3.932140"/>
      <trkpt lat="43.312240" lon="-3.931920"/>
      <trkpt lat="43.312250" lon="-3.931710"/>
      <trkpt lat="43.312260" lon="-3.931500"/>
      <trkpt lat="43.312260" lon="-3.931290"/>
      <trkpt lat="43.312260" lon="-3.931080"/>
      <trkpt lat="43.312260" lon="-3.930870"/>
      <trkpt lat="43.312250" lon="-3.930660"/>
      <trkpt lat="43.312240" lon="-3.930450"/>
      <trkpt lat="43.312230" lon="-3.930240"/>
      <trkpt lat="43.312210" lon="-3.930040"/>
      <trkpt lat="43.312200" lon="-3.929820"/>
      <trkpt lat="43.312180" lon="-3.929640"/>
      <trkpt lat="43.312160" lon="-3.929410"/>
      <trkpt lat="43.312130" lon="-3.929200"/>
      <trkpt lat="43.312110" lon="-3.928990"/>
      <trkpt lat="43.312080" lon="-3.928790"/>
      <trkpt lat="43.312050" lon="-3.928580"/>
      <trkpt lat="43.312020" lon="-3.928380"/>
      <trkpt lat="43.311980" lon="-3.928170"/>
      <trkpt lat="43.311950" lon="-3.927970"/>
      <trkpt lat="43.311920" lon="-3.927760"/>
      <trkpt lat="43.311880" lon="-3.927560"/>
      <trkpt lat="43.311850" lon="-3.927350"/>
      <trkpt lat="43.311820" lon="-3.927140"/>
      <trkpt lat="43.311790" lon="-3.926940"/>
      <trkpt lat="43.311760" lon="-3.926740"/>
      <trkpt lat="43.311730" lon="-3.926530"/>
      <trkpt lat="43.311700" lon="-3.926320"/>
      <trkpt lat="43.311680" lon="-3.926110"/>
      <trkpt lat="43.311660" lon="-3.925910"/>
      <trkpt lat="43.311640" lon="-3.925700"/>
      <trkpt lat="43.311630" lon="-3.925490"/>
      <trkpt lat="43.311610" lon="-3.925290"/>
      <trkpt lat="43.311600" lon="-3.925080"/>
      <trkpt lat="43.311600" lon="-3.924870"/>
      <trkpt lat="43.311590" lon="-3.924650"/>
      <trkpt lat="43.311590" lon="-3.924440"/>
      <trkpt lat="43.311600" lon="-3.924240"/>
      <trkpt lat="43.311600" lon="-3.924030"/>
      <trkpt lat="43.311610" lon="-3.923820"/>
      <trkpt lat="43.311620" lon="-3.923610"/>
      <trkpt lat="43.311630" lon="-3.923410"/>
      <trkpt lat="43.311650" lon="-3.923190"/>
      <trkpt lat="43.311670" lon="-3.922980"/>
      <trkpt lat="43.311690" lon="-3.922780"/>
      <trkpt lat="43.311710" lon="-3.922570"/>
      <trkpt lat="43.311730" lon="-3.922360"/>
      <trkpt lat="43.311750" lon="-3.922160"/>
      <trkpt lat="43.311780" lon="-3.921950"/>
      <trkpt lat="43.311800" lon="-3.921740"/>
      <trkpt lat="43.311820" lon="-3.921530"/>
      <trkpt lat="43.311840" lon="-3.921330"/>
      <trkpt lat="43.311860" lon="-3.921160"/>
      <trkpt lat="43.311880" lon="-3.921000"/>
      <trkpt lat="43.311900" lon="-3.920800"/>
      <trkpt lat="43.311920" lon="-3.920590"/>
      <trkpt lat="43.311940" lon="-3.920380"/>
      <trkpt lat="43.311950" lon="-3.920170"/>
      <trkpt lat="43.311970" lon="-3.919970"/>
      <trkpt lat="43.311990" lon="-3.919760"/>
      <trkpt lat="43.312010" lon="-3.919550"/>
      <trkpt lat="43.312030" lon="-3.919340"/>
      <trkpt lat="43.312040" lon="-3.919140"/>
      <trkpt lat="43.312060" lon="-3.918930"/>
      <trkpt lat="43.312070" lon="-3.918730"/>
      <trkpt lat="43.312090" lon="-3.918510"/>
      <trkpt lat="43.312100" lon="-3.918310"/>
      <trkpt lat="43.312110" lon="-3.918100"/>
      <trkpt lat="43.312130" lon="-3.917890"/>
      <trkpt lat="43.312140" lon="-3.917680"/>
      <trkpt lat="43.312150" lon="-3.917480"/>
      <trkpt lat="43.312160" lon="-3.917270"/>
      <trkpt lat="43.312180" lon="-3.917060"/>
      <trkpt lat="43.312190" lon="-3.916850"/>
      <trkpt lat="43.312200" lon="-3.916650"/>
      <trkpt lat="43.312210" lon="-3.916440"/>
      <trkpt lat="43.312210" lon="-3.916230"/>
      <trkpt lat="43.312220" lon="-3.916020"/>
      <trkpt lat="43.312230" lon="-3.915810"/>
      <trkpt lat="43.312240" lon="-3.915610"/>
      <trkpt lat="43.312250" lon="-3.915390"/>
      <trkpt lat="43.312250" lon="-3.915190"/>
      <trkpt lat="43.312260" lon="-3.914980"/>
      <trkpt lat="43.312270" lon="-3.914770"/>
      <trkpt lat="43.312280" lon="-3.914560"/>
      <trkpt lat="43.312290" lon="-3.914150"/>
      <trkpt lat="43.312300" lon="-3.913940"/>
      <trkpt lat="43.312320" lon="-3.913340"/>
      <trkpt lat="43.312340" lon="-3.912700"/>
      <trkpt lat="43.312370" lon="-3.912060"/>
      <trkpt lat="43.312410" lon="-3.911230"/>
      <trkpt lat="43.312420" lon="-3.911020"/>
      <trkpt lat="43.312430" lon="-3.910810"/>
      <trkpt lat="43.312460" lon="-3.910400"/>
      <trkpt lat="43.312470" lon="-3.910190"/>
      <trkpt lat="43.312490" lon="-3.909970"/>
      <trkpt lat="43.312500" lon="-3.909770"/>
      <trkpt lat="43.312530" lon="-3.909470"/>
      <trkpt lat="43.312560" lon="-3.909140"/>
      <trkpt lat="43.312600" lon="-3.908740"/>
      <trkpt lat="43.312640" lon="-3.908320"/>
      <trkpt lat="43.312680" lon="-3.907900"/>
      <trkpt lat="43.312730" lon="-3.907490"/>
      <trkpt lat="43.312770" lon="-3.907090"/>
      <trkpt lat="43.312820" lon="-3.906670"/>
      <trkpt lat="43.312870" lon="-3.906280"/>
      <trkpt lat="43.312930" lon="-3.905850"/>
      <trkpt lat="43.312990" lon="-3.905440"/>
      <trkpt lat="43.313040" lon="-3.905170"/>
      <trkpt lat="43.313090" lon="-3.904830"/>
      <trkpt lat="43.313190" lon="-3.904220"/>
      <trkpt lat="43.313260" lon="-3.903800"/>
      <trkpt lat="43.313330" lon="-3.903410"/>
      <trkpt lat="43.313440" lon="-3.902800"/>
      <trkpt lat="43.313510" lon="-3.902390"/>
      <trkpt lat="43.313590" lon="-3.901990"/>
      <trkpt lat="43.313660" lon="-3.901590"/>
      <trkpt lat="43.313730" lon="-3.901210"/>
      <trkpt lat="43.313800" lon="-3.900850"/>
      <trkpt lat="43.313880" lon="-3.900440"/>
      <trkpt lat="43.313950" lon="-3.900030"/>
      <trkpt lat="43.313990" lon="-3.899820"/>
      <trkpt lat="43.314030" lon="-3.899600"/>
      <trkpt lat="43.314070" lon="-3.899410"/>
      <trkpt lat="43.314100" lon="-3.899200"/>
      <trkpt lat="43.314130" lon="-3.899000"/>
      <trkpt lat="43.314160" lon="-3.898810"/>
      <trkpt lat="43.314200" lon="-3.898600"/>
      <trkpt lat="43.314220" lon="-3.898380"/>
      <trkpt lat="43.314250" lon="-3.898180"/>
      <trkpt lat="43.314280" lon="-3.897970"/>
      <trkpt lat="43.314300" lon="-3.897770"/>
      <trkpt lat="43.314320" lon="-3.897560"/>
      <trkpt lat="43.314340" lon="-3.897350"/>
      <trkpt lat="43.314360" lon="-3.897140"/>
      <trkpt lat="43.314370" lon="-3.896940"/>
      <trkpt lat="43.314390" lon="-3.896730"/>
      <trkpt lat="43.314400" lon="-3.896540"/>
      <trkpt lat="43.314410" lon="-3.896310"/>
      <trkpt lat="43.314420" lon="-3.896100"/>
      <trkpt lat="43.314430" lon="-3.895890"/>
      <trkpt lat="43.314430" lon="-3.895680"/>
      <trkpt lat="43.314430" lon="-3.895470"/>
      <trkpt lat="43.314430" lon="-3.895250"/>
      <trkpt lat="43.314430" lon="-3.895050"/>
      <trkpt lat="43.314430" lon="-3.894840"/>
      <trkpt lat="43.314420" lon="-3.894640"/>
      <trkpt lat="43.314420" lon="-3.894430"/>
      <trkpt lat="43.314410" lon="-3.894210"/>
      <trkpt lat="43.314400" lon="-3.894010"/>
      <trkpt lat="43.314390" lon="-3.893800"/>
      <trkpt lat="43.314370" lon="-3.893590"/>
      <trkpt lat="43.314360" lon="-3.893390"/>
      <trkpt lat="43.314340" lon="-3.893170"/>
      <trkpt lat="43.314320" lon="-3.892970"/>
      <trkpt lat="43.314300" lon="-3.892760"/>
      <trkpt lat="43.314280" lon="-3.892550"/>
      <trkpt lat="43.314250" lon="-3.892340"/>
      <trkpt lat="43.314220" lon="-3.892130"/>
      <trkpt lat="43.314200" lon="-3.891930"/>
      <trkpt lat="43.314170" lon="-3.891730"/>
      <trkpt lat="43.314140" lon="-3.891520"/>
      <trkpt lat="43.314100" lon="-3.891320"/>
      <trkpt lat="43.314070" lon="-3.891120"/>
      <trkpt lat="43.314030" lon="-3.890910"/>
      <trkpt lat="43.313980" lon="-3.890710"/>
      <trkpt lat="43.313940" lon="-3.890510"/>
      <trkpt lat="43.313900" lon="-3.890310"/>
      <trkpt lat="43.313850" lon="-3.890100"/>
      <trkpt lat="43.313810" lon="-3.889910"/>
      <trkpt lat="43.313760" lon="-3.889710"/>
      <trkpt lat="43.313710" lon="-3.889510"/>
      <trkpt lat="43.313660" lon="-3.889310"/>
      <trkpt lat="43.313600" lon="-3.889120"/>
      <trkpt lat="43.313550" lon="-3.888920"/>
      <trkpt lat="43.313490" lon="-3.888730"/>
      <trkpt lat="43.313430" lon="-3.888530"/>
      <trkpt lat="43.313370" lon="-3.888340"/>
      <trkpt lat="43.313310" lon="-3.888140"/>
      <trkpt lat="43.313240" lon="-3.887950"/>
      <trkpt lat="43.313180" lon="-3.887760"/>
      <trkpt lat="43.313120" lon="-3.887570"/>
      <trkpt lat="43.313060" lon="-3.887380"/>
      <trkpt lat="43.312990" lon="-3.887180"/>
      <trkpt lat="43.312930" lon="-3.887010"/>
      <trkpt lat="43.312870" lon="-3.886810"/>
      <trkpt lat="43.312810" lon="-3.886620"/>
      <trkpt lat="43.312750" lon="-3.886430"/>
      <trkpt lat="43.312690" lon="-3.886230"/>
      <trkpt lat="43.312630" lon="-3.886030"/>
      <trkpt lat="43.312570" lon="-3.885800"/>
      <trkpt lat="43.312520" lon="-3.885640"/>
      <trkpt lat="43.312480" lon="-3.885440"/>
      <trkpt lat="43.312430" lon="-3.885230"/>
      <trkpt lat="43.312390" lon="-3.885030"/>
      <trkpt lat="43.312350" lon="-3.884830"/>
      <trkpt lat="43.312310" lon="-3.884620"/>
      <trkpt lat="43.312290" lon="-3.884530"/>
      <trkpt lat="43.312270" lon="-3.884410"/>
      <trkpt lat="43.312250" lon="-3.884210"/>
      <trkpt lat="43.312220" lon="-3.884010"/>
      <trkpt lat="43.312190" lon="-3.883800"/>
      <trkpt lat="43.312170" lon="-3.883600"/>
      <trkpt lat="43.312160" lon="-3.883390"/>
      <trkpt lat="43.312140" lon="-3.883180"/>
      <trkpt lat="43.312130" lon="-3.882970"/>
      <trkpt lat="43.312120" lon="-3.882760"/>
      <trkpt lat="43.312120" lon="-3.882560"/>
      <trkpt lat="43.312120" lon="-3.882340"/>
      <trkpt lat="43.312120" lon="-3.882130"/>
      <trkpt lat="43.312120" lon="-3.881920"/>
      <trkpt lat="43.312130" lon="-3.881720"/>
      <trkpt lat="43.312140" lon="-3.881510"/>
      <trkpt lat="43.312160" lon="-3.881310"/>
      <trkpt lat="43.312170" lon="-3.881090"/>
      <trkpt lat="43.312190" lon="-3.880880"/>
      <trkpt lat="43.312220" lon="-3.880670"/>
      <trkpt lat="43.312240" lon="-3.880470"/>
      <trkpt lat="43.312270" lon="-3.880260"/>
      <trkpt lat="43.312310" lon="-3.880060"/>
      <trkpt lat="43.312340" lon="-3.879860"/>
      <trkpt lat="43.312380" lon="-3.879650"/>
      <trkpt lat="43.312430" lon="-3.879450"/>
      <trkpt lat="43.312470" lon="-3.879250"/>
      <trkpt lat="43.312520" lon="-3.879060"/>
      <trkpt lat="43.312580" lon="-3.878860"/>
      <trkpt lat="43.312630" lon="-3.878660"/>
      <trkpt lat="43.312690" lon="-3.878470"/>
      <trkpt lat="43.312750" lon="-3.878270"/>
      <trkpt lat="43.312810" lon="-3.878090"/>
      <trkpt lat="43.312870" lon="-3.877920"/>
      <trkpt lat="43.312930" lon="-3.877740"/>
      <trkpt lat="43.313010" lon="-3.877540"/>
      <trkpt lat="43.313080" lon="-3.877370"/>
      <trkpt lat="43.313160" lon="-3.877180"/>
      <trkpt lat="43.313240" lon="-3.877010"/>
      <trkpt lat="43.313320" lon="-3.876840"/>
      <trkpt lat="43.313390" lon="-3.876680"/>
      <trkpt lat="43.313490" lon="-3.876490"/>
      <trkpt lat="43.313580" lon="-3.876330"/>
      <trkpt lat="43.313670" lon="-3.876150"/>
      <trkpt lat="43.313760" lon="-3.875990"/>
      <trkpt lat="43.313860" lon="-3.875830"/>
      <trkpt lat="43.313960" lon="-3.875670"/>
      <trkpt lat="43.314060" lon="-3.875520"/>
      <trkpt lat="43.314170" lon="-3.875360"/>
      <trkpt lat="43.314270" lon="-3.875210"/>
      <trkpt lat="43.314380" lon="-3.875060"/>
      <trkpt lat="43.314490" lon="-3.874910"/>
      <trkpt lat="43.314600" lon="-3.874760"/>
      <trkpt lat="43.314920" lon="-3.874310"/>
      <trkpt lat="43.315770" lon="-3.873140"/>
      <trkpt lat="43.317140" lon="-3.871240"/>
      <trkpt lat="43.317730" lon="-3.870440"/>
      <trkpt lat="43.318470" lon="-3.869410"/>
      <trkpt lat="43.318910" lon="-3.868810"/>
      <trkpt lat="43.319010" lon="-3.868660"/>
      <trkpt lat="43.319120" lon="-3.868510"/>
      <trkpt lat="43.319230" lon="-3.868360"/>
      <trkpt lat="43.319330" lon="-3.868210"/>
      <trkpt lat="43.319430" lon="-3.868050"/>
      <trkpt lat="43.319530" lon="-3.867890"/>
      <trkpt lat="43.319630" lon="-3.867730"/>
      <trkpt lat="43.319720" lon="-3.867560"/>
      <trkpt lat="43.319820" lon="-3.867390"/>
      <trkpt lat="43.319900" lon="-3.867220"/>
      <trkpt lat="43.319990" lon="-3.867050"/>
      <trkpt lat="43.320070" lon="-3.866870"/>
      <trkpt lat="43.320150" lon="-3.866690"/>
      <trkpt lat="43.320230" lon="-3.866500"/>
      <trkpt lat="43.320300" lon="-3.866320"/>
      <trkpt lat="43.320360" lon="-3.866130"/>
      <trkpt lat="43.320430" lon="-3.865940"/>
      <trkpt lat="43.320490" lon="-3.865750"/>
      <trkpt lat="43.320550" lon="-3.865550"/>
      <trkpt lat="43.320600" lon="-3.865370"/>
      <trkpt lat="43.320660" lon="-3.865170"/>
      <trkpt lat="43.320720" lon="-3.864950"/>
      <trkpt lat="43.320770" lon="-3.864770"/>
      <trkpt lat="43.320820" lon="-3.864570"/>
      <trkpt lat="43.320870" lon="-3.864380"/>
      <trkpt lat="43.320930" lon="-3.864180"/>
      <trkpt lat="43.320960" lon="-3.864080"/>
      <trkpt lat="43.320990" lon="-3.863990"/>
      <trkpt lat="43.321050" lon="-3.863800"/>
      <trkpt lat="43.321110" lon="-3.863610"/>
      <trkpt lat="43.321170" lon="-3.863420"/>
      <trkpt lat="43.321240" lon="-3.863220"/>
      <trkpt lat="43.321310" lon="-3.863040"/>
      <trkpt lat="43.321380" lon="-3.862850"/>
      <trkpt lat="43.321460" lon="-3.862680"/>
      <trkpt lat="43.321540" lon="-3.862500"/>
      <trkpt lat="43.321620" lon="-3.862320"/>
      <trkpt lat="43.321710" lon="-3.862140"/>
      <trkpt lat="43.321790" lon="-3.861980"/>
      <trkpt lat="43.321890" lon="-3.861790"/>
      <trkpt lat="43.321980" lon="-3.861650"/>
      <trkpt lat="43.322080" lon="-3.861480"/>
      <trkpt lat="43.322170" lon="-3.861320"/>
      <trkpt lat="43.322270" lon="-3.861170"/>
      <trkpt lat="43.322380" lon="-3.861020"/>
      <trkpt lat="43.322490" lon="-3.860860"/>
      <trkpt lat="43.322590" lon="-3.860720"/>
      <trkpt lat="43.322700" lon="-3.860580"/>
      <trkpt lat="43.322820" lon="-3.860430"/>
      <trkpt lat="43.322940" lon="-3.860300"/>
      <trkpt lat="43.323060" lon="-3.860160"/>
      <trkpt lat="43.323170" lon="-3.860040"/>
      <trkpt lat="43.323290" lon="-3.859910"/>
      <trkpt lat="43.323420" lon="-3.859780"/>
      <trkpt lat="43.323540" lon="-3.859660"/>
      <trkpt lat="43.323660" lon="-3.859540"/>
      <trkpt lat="43.323790" lon="-3.859410"/>
      <trkpt lat="43.323910" lon="-3.859290"/>
      <trkpt lat="43.324040" lon="-3.859170"/>
      <trkpt lat="43.324160" lon="-3.859040"/>
      <trkpt lat="43.324280" lon="-3.858920"/>
      <trkpt lat="43.324400" lon="-3.858790"/>
      <trkpt lat="43.324520" lon="-3.858650"/>
      <trkpt lat="43.324640" lon="-3.858510"/>
      <trkpt lat="43.324750" lon="-3.858380"/>
      <trkpt lat="43.324860" lon="-3.858240"/>
      <trkpt lat="43.324970" lon="-3.858090"/>
      <trkpt lat="43.325080" lon="-3.857940"/>
      <trkpt lat="43.325190" lon="-3.857790"/>
      <trkpt lat="43.325290" lon="-3.857640"/>
      <trkpt lat="43.325400" lon="-3.857480"/>
      <trkpt lat="43.325500" lon="-3.857330"/>
      <trkpt lat="43.325600" lon="-3.857160"/>
      <trkpt lat="43.325690" lon="-3.857000"/>
      <trkpt lat="43.325790" lon="-3.856840"/>
      <trkpt lat="43.325880" lon="-3.856670"/>
      <trkpt lat="43.325970" lon="-3.856500"/>
      <trkpt lat="43.326060" lon="-3.856330"/>
      <trkpt lat="43.326160" lon="-3.856160"/>
      <trkpt lat="43.326250" lon="-3.856000"/>
      <trkpt lat="43.326340" lon="-3.855830"/>
      <trkpt lat="43.326440" lon="-3.855670"/>
      <trkpt lat="43.326540" lon="-3.855510"/>
      <trkpt lat="43.326640" lon="-3.855350"/>
      <trkpt lat="43.326740" lon="-3.855200"/>
      <trkpt lat="43.326840" lon="-3.855050"/>
      <trkpt lat="43.326950" lon="-3.854900"/>
      <trkpt lat="43.327060" lon="-3.854750"/>
      <trkpt lat="43.327170" lon="-3.854600"/>
      <trkpt lat="43.327280" lon="-3.854460"/>
      <trkpt lat="43.327390" lon="-3.854320"/>
      <trkpt lat="43.327510" lon="-3.854180"/>
      <trkpt lat="43.327620" lon="-3.854040"/>
      <trkpt lat="43.327740" lon="-3.853910"/>
      <trkpt lat="43.327860" lon="-3.853780"/>
      <trkpt lat="43.327980" lon="-3.853640"/>
      <trkpt lat="43.328100" lon="-3.853510"/>
      <trkpt lat="43.328210" lon="-3.853370"/>
      <trkpt lat="43.328330" lon="-3.853230"/>
      <trkpt lat="43.328440" lon="-3.853090"/>
      <trkpt lat="43.328540" lon="-3.852940"/>
      <trkpt lat="43.328640" lon="-3.852790"/>
      <trkpt lat="43.328750" lon="-3.852620"/>
      <trkpt lat="43.328850" lon="-3.852460"/>
      <trkpt lat="43.328940" lon="-3.852300"/>
      <trkpt lat="43.329030" lon="-3.852130"/>
      <trkpt lat="43.329120" lon="-3.851960"/>
      <trkpt lat="43.329210" lon="-3.851790"/>
      <trkpt lat="43.329290" lon="-3.851610"/>
      <trkpt lat="43.329370" lon="-3.851430"/>
      <trkpt lat="43.329440" lon="-3.851250"/>
      <trkpt lat="43.329520" lon="-3.851050"/>
      <trkpt lat="43.329590" lon="-3.850880"/>
      <trkpt lat="43.329660" lon="-3.850690"/>
      <trkpt lat="43.329730" lon="-3.850510"/>
      <trkpt lat="43.329800" lon="-3.850320"/>
      <trkpt lat="43.329870" lon="-3.850130"/>
      <trkpt lat="43.330010" lon="-3.849760"/>
      <trkpt lat="43.330160" lon="-3.849390"/>
      <trkpt lat="43.330220" lon="-3.849210"/>
      <trkpt lat="43.330300" lon="-3.849020"/>
      <trkpt lat="43.330370" lon="-3.848830"/>
      <trkpt lat="43.330440" lon="-3.848640"/>
      <trkpt lat="43.330510" lon="-3.848460"/>
      <trkpt lat="43.330580" lon="-3.848270"/>
      <trkpt lat="43.330660" lon="-3.848080"/>
      <trkpt lat="43.330720" lon="-3.847900"/>
      <trkpt lat="43.330790" lon="-3.847710"/>
      <trkpt lat="43.330860" lon="-3.847520"/>
      <trkpt lat="43.330930" lon="-3.847330"/>
      <trkpt lat="43.330990" lon="-3.847140"/>
      <trkpt lat="43.331040" lon="-3.846940"/>
      <trkpt lat="43.331100" lon="-3.846750"/>
      <trkpt lat="43.331150" lon="-3.846550"/>
      <trkpt lat="43.331190" lon="-3.846350"/>
      <trkpt lat="43.331230" lon="-3.846140"/>
      <trkpt lat="43.331270" lon="-3.845940"/>
      <trkpt lat="43.331300" lon="-3.845740"/>
      <trkpt lat="43.331330" lon="-3.845530"/>
      <trkpt lat="43.331360" lon="-3.845320"/>
      <trkpt lat="43.331380" lon="-3.845120"/>
      <trkpt lat="43.331400" lon="-3.844910"/>
      <trkpt lat="43.331410" lon="-3.844700"/>
      <trkpt lat="43.331420" lon="-3.844490"/>
      <trkpt lat="43.331430" lon="-3.844280"/>
      <trkpt lat="43.331430" lon="-3.844070"/>
      <trkpt lat="43.331430" lon="-3.843860"/>
      <trkpt lat="43.331420" lon="-3.843650"/>
      <trkpt lat="43.331410" lon="-3.843440"/>
      <trkpt lat="43.331390" lon="-3.843230"/>
      <trkpt lat="43.331380" lon="-3.843030"/>
      <trkpt lat="43.331350" lon="-3.842820"/>
      <trkpt lat="43.331330" lon="-3.842610"/>
      <trkpt lat="43.331300" lon="-3.842400"/>
      <trkpt lat="43.331270" lon="-3.842200"/>
      <trkpt lat="43.331240" lon="-3.841990"/>
      <trkpt lat="43.331210" lon="-3.841790"/>
      <trkpt lat="43.331180" lon="-3.841580"/>
      <trkpt lat="43.331150" lon="-3.841370"/>
      <trkpt lat="43.331120" lon="-3.841170"/>
      <trkpt lat="43.331100" lon="-3.840960"/>
      <trkpt lat="43.331070" lon="-3.840760"/>
      <trkpt lat="43.331050" lon="-3.840550"/>
      <trkpt lat="43.331040" lon="-3.840340"/>
      <trkpt lat="43.331030" lon="-3.840130"/>
      <trkpt lat="43.331020" lon="-3.839920"/>
      <trkpt lat="43.331020" lon="-3.839710"/>
      <trkpt lat="43.331020" lon="-3.839510"/>
      <trkpt lat="43.331020" lon="-3.839290"/>
      <trkpt lat="43.331030" lon="-3.839080"/>
      <trkpt lat="43.331040" lon="-3.838880"/>
      <trkpt lat="43.331050" lon="-3.838670"/>
      <trkpt lat="43.331070" lon="-3.838460"/>
      <trkpt lat="43.331090" lon="-3.838260"/>
      <trkpt lat="43.331110" lon="-3.838050"/>
      <trkpt lat="43.331140" lon="-3.837840"/>
      <trkpt lat="43.331170" lon="-3.837640"/>
      <trkpt lat="43.331210" lon="-3.837440"/>
      <trkpt lat="43.331240" lon="-3.837230"/>
      <trkpt lat="43.331290" lon="-3.837030"/>
      <trkpt lat="43.331330" lon="-3.836830"/>
      <trkpt lat="43.331380" lon="-3.836640"/>
      <trkpt lat="43.331430" lon="-3.836440"/>
      <trkpt lat="43.331490" lon="-3.836240"/>
      <trkpt lat="43.331550" lon="-3.836050"/>
      <trkpt lat="43.331610" lon="-3.835860"/>
      <trkpt lat="43.331670" lon="-3.835670"/>
      <trkpt lat="43.331740" lon="-3.835480"/>
      <trkpt lat="43.331810" lon="-3.835300"/>
      <trkpt lat="43.331880" lon="-3.835110"/>
      <trkpt lat="43.331960" lon="-3.834930"/>
      <trkpt lat="43.332040" lon="-3.834750"/>
      <trkpt lat="43.332130" lon="-3.834580"/>
      <trkpt lat="43.332210" lon="-3.834400"/>
      <trkpt lat="43.332300" lon="-3.834240"/>
      <trkpt lat="43.332390" lon="-3.834070"/>
      <trkpt lat="43.332490" lon="-3.833900"/>
      <trkpt lat="43.332580" lon="-3.833740"/>
      <trkpt lat="43.332680" lon="-3.833580"/>
      <trkpt lat="43.332770" lon="-3.833420"/>
      <trkpt lat="43.332860" lon="-3.833270"/>
      <trkpt lat="43.332950" lon="-3.833110"/>
      <trkpt lat="43.333030" lon="-3.832980"/>
      <trkpt lat="43.333140" lon="-3.832790"/>
      <trkpt lat="43.333240" lon="-3.832620"/>
      <trkpt lat="43.333330" lon="-3.832460"/>
      <trkpt lat="43.333420" lon="-3.832290"/>
      <trkpt lat="43.333510" lon="-3.832130"/>
      <trkpt lat="43.333600" lon="-3.831960"/>
      <trkpt lat="43.333690" lon="-3.831780"/>
      <trkpt lat="43.333780" lon="-3.831610"/>
      <trkpt lat="43.333870" lon="-3.831440"/>
      <trkpt lat="43.333950" lon="-3.831280"/>
      <trkpt lat="43.334030" lon="-3.831100"/>
      <trkpt lat="43.334110" lon="-3.830920"/>
      <trkpt lat="43.334190" lon="-3.830740"/>
      <trkpt lat="43.334270" lon="-3.830560"/>
      <trkpt lat="43.334350" lon="-3.830380"/>
      <trkpt lat="43.334420" lon="-3.830200"/>
      <trkpt lat="43.334500" lon="-3.830010"/>
      <trkpt lat="43.334570" lon="-3.829830"/>
      <trkpt lat="43.334630" lon="-3.829650"/>
      <trkpt lat="43.334710" lon="-3.829460"/>
      <trkpt lat="43.334770" lon="-3.829270"/>
      <trkpt lat="43.334840" lon="-3.829080"/>
      <trkpt lat="43.334900" lon="-3.828890"/>
      <trkpt lat="43.334960" lon="-3.828700"/>
      <trkpt lat="43.335020" lon="-3.828510"/>
      <trkpt lat="43.335080" lon="-3.828320"/>
      <trkpt lat="43.335140" lon="-3.828120"/>
      <trkpt lat="43.335190" lon="-3.827930"/>
      <trkpt lat="43.335240" lon="-3.827730"/>
      <trkpt lat="43.335300" lon="-3.827540"/>
      <trkpt lat="43.335350" lon="-3.827330"/>
      <trkpt lat="43.335390" lon="-3.827140"/>
      <trkpt lat="43.335440" lon="-3.826940"/>
      <trkpt lat="43.335480" lon="-3.826740"/>
      <trkpt lat="43.335530" lon="-3.826540"/>
      <trkpt lat="43.335570" lon="-3.826330"/>
      <trkpt lat="43.335600" lon="-3.826140"/>
      <trkpt lat="43.335640" lon="-3.825930"/>
      <trkpt lat="43.335680" lon="-3.825730"/>
      <trkpt lat="43.335710" lon="-3.825530"/>
      <trkpt lat="43.335740" lon="-3.825330"/>
      <trkpt lat="43.335770" lon="-3.825120"/>
      <trkpt lat="43.335800" lon="-3.824910"/>
      <trkpt lat="43.335820" lon="-3.824710"/>
      <trkpt lat="43.335850" lon="-3.824500"/>
      <trkpt lat="43.335870" lon="-3.824290"/>
      <trkpt lat="43.335890" lon="-3.824090"/>
      <trkpt lat="43.335910" lon="-3.823880"/>
      <trkpt lat="43.335930" lon="-3.823680"/>
      <trkpt lat="43.335940" lon="-3.823460"/>
      <trkpt lat="43.335960" lon="-3.823250"/>
      <trkpt lat="43.335970" lon="-3.823050"/>
      <trkpt lat="43.335980" lon="-3.822850"/>
      <trkpt lat="43.335990" lon="-3.822630"/>
      <trkpt lat="43.335990" lon="-3.822420"/>
      <trkpt lat="43.336000" lon="-3.822210"/>
      <trkpt lat="43.336000" lon="-3.822000"/>
      <trkpt lat="43.336000" lon="-3.821790"/>
      <trkpt lat="43.336000" lon="-3.821610"/>
      <trkpt lat="43.335990" lon="-3.821380"/>
      <trkpt lat="43.335990" lon="-3.821170"/>
      <trkpt lat="43.335980" lon="-3.820960"/>
      <trkpt lat="43.335970" lon="-3.820750"/>
      <trkpt lat="43.335960" lon="-3.820550"/>
      <trkpt lat="43.335950" lon="-3.820340"/>
      <trkpt lat="43.335940" lon="-3.820130"/>
      <trkpt lat="43.335930" lon="-3.819920"/>
      <trkpt lat="43.335920" lon="-3.819710"/>
      <trkpt lat="43.335910" lon="-3.819500"/>
      <trkpt lat="43.335890" lon="-3.819300"/>
      <trkpt lat="43.335880" lon="-3.819080"/>
      <trkpt lat="43.335870" lon="-3.818870"/>
      <trkpt lat="43.335860" lon="-3.818660"/>
      <trkpt lat="43.335860" lon="-3.818450"/>
      <trkpt lat="43.335850" lon="-3.818250"/>
      <trkpt lat="43.335850" lon="-3.818040"/>
      <trkpt lat="43.335850" lon="-3.817830"/>
      <trkpt lat="43.335850" lon="-3.817620"/>
      <trkpt lat="43.335860" lon="-3.817410"/>
      <trkpt lat="43.335870" lon="-3.817200"/>
      <trkpt lat="43.335880" lon="-3.816990"/>
      <trkpt lat="43.335890" lon="-3.816790"/>
      <trkpt lat="43.335910" lon="-3.816570"/>
      <trkpt lat="43.335920" lon="-3.816370"/>
      <trkpt lat="43.335940" lon="-3.816160"/>
      <trkpt lat="43.335970" lon="-3.815950"/>
      <trkpt lat="43.335990" lon="-3.815750"/>
      <trkpt lat="43.336020" lon="-3.815540"/>
      <trkpt lat="43.336050" lon="-3.815330"/>
      <trkpt lat="43.336090" lon="-3.815130"/>
      <trkpt lat="43.336120" lon="-3.814930"/>
      <trkpt lat="43.336160" lon="-3.814720"/>
      <trkpt lat="43.336200" lon="-3.814520"/>
      <trkpt lat="43.336240" lon="-3.814320"/>
      <trkpt lat="43.336290" lon="-3.814120"/>
      <trkpt lat="43.336330" lon="-3.813930"/>
      <trkpt lat="43.336380" lon="-3.813720"/>
      <trkpt lat="43.336430" lon="-3.813530"/>
      <trkpt lat="43.336480" lon="-3.813330"/>
      <trkpt lat="43.336530" lon="-3.813130"/>
      <trkpt lat="43.336580" lon="-3.812930"/>
      <trkpt lat="43.336630" lon="-3.812740"/>
      <trkpt lat="43.336680" lon="-3.812530"/>
      <trkpt lat="43.336720" lon="-3.812340"/>
      <trkpt lat="43.336760" lon="-3.812140"/>
      <trkpt lat="43.336810" lon="-3.811940"/>
      <trkpt lat="43.336850" lon="-3.811740"/>
      <trkpt lat="43.336880" lon="-3.811530"/>
      <trkpt lat="43.336920" lon="-3.811330"/>
      <trkpt lat="43.336950" lon="-3.811130"/>
      <trkpt lat="43.336980" lon="-3.810920"/>
      <trkpt lat="43.337010" lon="-3.810720"/>
      <trkpt lat="43.337030" lon="-3.810510"/>
      <trkpt lat="43.337050" lon="-3.810310"/>
      <trkpt lat="43.337080" lon="-3.810100"/>
      <trkpt lat="43.337100" lon="-3.809900"/>
      <trkpt lat="43.337110" lon="-3.809680"/>
      <trkpt lat="43.337130" lon="-3.809480"/>
      <trkpt lat="43.337150" lon="-3.809270"/>
      <trkpt lat="43.337170" lon="-3.809060"/>
      <trkpt lat="43.337180" lon="-3.808850"/>
      <trkpt lat="43.337200" lon="-3.808640"/>
      <trkpt lat="43.337220" lon="-3.808430"/>
      <trkpt lat="43.337240" lon="-3.808220"/>
      <trkpt lat="43.337260" lon="-3.808020"/>
      <trkpt lat="43.337280" lon="-3.807810"/>
      <trkpt lat="43.337300" lon="-3.807600"/>
      <trkpt lat="43.337320" lon="-3.807400"/>
      <trkpt lat="43.337340" lon="-3.807190"/>
      <trkpt lat="43.337360" lon="-3.806990"/>
      <trkpt lat="43.337390" lon="-3.806780"/>
      <trkpt lat="43.337420" lon="-3.806570"/>
      <trkpt lat="43.337450" lon="-3.806370"/>
      <trkpt lat="43.337480" lon="-3.806160"/>
      <trkpt lat="43.337510" lon="-3.805960"/>
      <trkpt lat="43.337540" lon="-3.805760"/>
      <trkpt lat="43.337580" lon="-3.805550"/>
      <trkpt lat="43.337610" lon="-3.805350"/>
      <trkpt lat="43.337650" lon="-3.805140"/>
      <trkpt lat="43.337690" lon="-3.804940"/>
      <trkpt lat="43.337730" lon="-3.804740"/>
      <trkpt lat="43.337770" lon="-3.804550"/>
      <trkpt lat="43.337810" lon="-3.804350"/>
      <trkpt lat="43.337850" lon="-3.804170"/>
      <trkpt lat="43.337900" lon="-3.803960"/>
      <trkpt lat="43.337950" lon="-3.803760"/>
      <trkpt lat="43.338010" lon="-3.803560"/>
      <trkpt lat="43.338060" lon="-3.803370"/>
      <trkpt lat="43.338110" lon="-3.803170"/>
      <trkpt lat="43.338170" lon="-3.802980"/>
      <trkpt lat="43.338230" lon="-3.802770"/>
      <trkpt lat="43.338290" lon="-3.802580"/>
      <trkpt lat="43.338350" lon="-3.802390"/>
      <trkpt lat="43.338410" lon="-3.802200"/>
      <trkpt lat="43.338480" lon="-3.802010"/>
      <trkpt lat="43.338550" lon="-3.801820"/>
      <trkpt lat="43.338610" lon="-3.801630"/>
      <trkpt lat="43.338680" lon="-3.801450"/>
      <trkpt lat="43.338750" lon="-3.801260"/>
      <trkpt lat="43.338820" lon="-3.801070"/>
      <trkpt lat="43.338890" lon="-3.800890"/>
      <trkpt lat="43.338970" lon="-3.800710"/>
      <trkpt lat="43.339040" lon="-3.800530"/>
      <trkpt lat="43.339120" lon="-3.800340"/>
      <trkpt lat="43.339200" lon="-3.800170"/>
      <trkpt lat="43.339280" lon="-3.799980"/>
      <trkpt lat="43.339360" lon="-3.799810"/>
      <trkpt lat="43.339440" lon="-3.799630"/>
      <trkpt lat="43.339520" lon="-3.799450"/>
      <trkpt lat="43.339600" lon="-3.799280"/>
      <trkpt lat="43.339680" lon="-3.799100"/>
      <trkpt lat="43.339760" lon="-3.798920"/>
      <trkpt lat="43.339850" lon="-3.798750"/>
      <trkpt lat="43.339930" lon="-3.798570"/>
      <trkpt lat="43.340010" lon="-3.798400"/>
      <trkpt lat="43.340100" lon="-3.798220"/>
      <trkpt lat="43.340180" lon="-3.798050"/>
      <trkpt lat="43.340260" lon="-3.797870"/>
      <trkpt lat="43.340340" lon="-3.797690"/>
      <trkpt lat="43.340420" lon="-3.797520"/>
      <trkpt lat="43.340500" lon="-3.797330"/>
      <trkpt lat="43.340570" lon="-3.797150"/>
      <trkpt lat="43.340640" lon="-3.796970"/>
      <trkpt lat="43.340710" lon="-3.796780"/>
      <trkpt lat="43.340770" lon="-3.796600"/>
      <trkpt lat="43.340840" lon="-3.796410"/>
      <trkpt lat="43.340900" lon="-3.796220"/>
      <trkpt lat="43.340960" lon="-3.796030"/>
      <trkpt lat="43.341020" lon="-3.795830"/>
      <trkpt lat="43.341070" lon="-3.795640"/>
      <trkpt lat="43.341120" lon="-3.795440"/>
      <trkpt lat="43.341170" lon="-3.795250"/>
      <trkpt lat="43.341210" lon="-3.795040"/>
      <trkpt lat="43.341260" lon="-3.794850"/>
      <trkpt lat="43.341300" lon="-3.794640"/>
      <trkpt lat="43.341340" lon="-3.794440"/>
      <trkpt lat="43.341370" lon="-3.794240"/>
      <trkpt lat="43.341410" lon="-3.794040"/>
      <trkpt lat="43.341450" lon="-3.793830"/>
      <trkpt lat="43.341490" lon="-3.793630"/>
      <trkpt lat="43.341520" lon="-3.793430"/>
      <trkpt lat="43.341560" lon="-3.793230"/>
      <trkpt lat="43.341600" lon="-3.793020"/>
      <trkpt lat="43.341640" lon="-3.792820"/>
      <trkpt lat="43.341680" lon="-3.792620"/>
      <trkpt lat="43.341730" lon="-3.792420"/>
      <trkpt lat="43.341780" lon="-3.792230"/>
      <trkpt lat="43.341830" lon="-3.792030"/>
      <trkpt lat="43.341880" lon="-3.791830"/>
      <trkpt lat="43.341940" lon="-3.791630"/>
      <trkpt lat="43.342000" lon="-3.791440"/>
      <trkpt lat="43.342060" lon="-3.791250"/>
      <trkpt lat="43.342120" lon="-3.791060"/>
      <trkpt lat="43.342190" lon="-3.790870"/>
      <trkpt lat="43.342250" lon="-3.790680"/>
      <trkpt lat="43.342320" lon="-3.790500"/>
      <trkpt lat="43.342390" lon="-3.790340"/>
      <trkpt lat="43.342410" lon="-3.790270"/>
      <trkpt lat="43.342470" lon="-3.790130"/>
      <trkpt lat="43.342550" lon="-3.789950"/>
      <trkpt lat="43.342630" lon="-3.789770"/>
      <trkpt lat="43.342710" lon="-3.789600"/>
      <trkpt lat="43.342790" lon="-3.789420"/>
      <trkpt lat="43.342880" lon="-3.789250"/>
      <trkpt lat="43.342930" lon="-3.789160"/>
      <trkpt lat="43.342970" lon="-3.789070"/>
      <trkpt lat="43.343060" lon="-3.788910"/>
      <trkpt lat="43.343160" lon="-3.788750"/>
      <trkpt lat="43.343250" lon="-3.788590"/>
      <trkpt lat="43.343350" lon="-3.788420"/>
      <trkpt lat="43.343450" lon="-3.788260"/>
      <trkpt lat="43.343550" lon="-3.788110"/>
      <trkpt lat="43.343650" lon="-3.787960"/>
      <trkpt lat="43.343760" lon="-3.787800"/>
      <trkpt lat="43.343870" lon="-3.787650"/>
      <trkpt lat="43.343980" lon="-3.787510"/>
      <trkpt lat="43.344090" lon="-3.787360"/>
      <trkpt lat="43.344200" lon="-3.787220"/>
      <trkpt lat="43.344320" lon="-3.787080"/>
      <trkpt lat="43.344430" lon="-3.786950"/>
      <trkpt lat="43.344550" lon="-3.786820"/>
      <trkpt lat="43.344670" lon="-3.786690"/>
      <trkpt lat="43.344790" lon="-3.786560"/>
      <trkpt lat="43.344910" lon="-3.786440"/>
      <trkpt lat="43.345040" lon="-3.786320"/>
      <trkpt lat="43.345170" lon="-3.786200"/>
      <trkpt lat="43.345300" lon="-3.786090"/>
      <trkpt lat="43.345430" lon="-3.785980"/>
      <trkpt lat="43.345560" lon="-3.785870"/>
      <trkpt lat="43.345690" lon="-3.785760"/>
      <trkpt lat="43.345820" lon="-3.785660"/>
      <trkpt lat="43.345960" lon="-3.785560"/>
      <trkpt lat="43.346090" lon="-3.785470"/>
      <trkpt lat="43.346230" lon="-3.785370"/>
      <trkpt lat="43.346370" lon="-3.785280"/>
      <trkpt lat="43.346500" lon="-3.785190"/>
      <trkpt lat="43.346640" lon="-3.785100"/>
      <trkpt lat="43.346780" lon="-3.785010"/>
      <trkpt lat="43.346920" lon="-3.784930"/>
      <trkpt lat="43.347060" lon="-3.784830"/>
      <trkpt lat="43.347200" lon="-3.784740"/>
      <trkpt lat="43.347330" lon="-3.784650"/>
      <trkpt lat="43.347470" lon="-3.784550"/>
      <trkpt lat="43.347600" lon="-3.784460"/>
      <trkpt lat="43.347740" lon="-3.784350"/>
      <trkpt lat="43.347870" lon="-3.784250"/>
      <trkpt lat="43.348010" lon="-3.784140"/>
      <trkpt lat="43.348140" lon="-3.784030"/>
      <trkpt lat="43.348270" lon="-3.783910"/>
      <trkpt lat="43.348400" lon="-3.783790"/>
      <trkpt lat="43.348520" lon="-3.783660"/>
      <trkpt lat="43.348630" lon="-3.783540"/>
      <trkpt lat="43.348740" lon="-3.783420"/>
      <trkpt lat="43.348850" lon="-3.783290"/>
      <trkpt lat="43.348960" lon="-3.783160"/>
      <trkpt lat="43.349070" lon="-3.783030"/>
      <trkpt lat="43.349180" lon="-3.782890"/>
      <trkpt lat="43.349280" lon="-3.782760"/>
      <trkpt lat="43.349390" lon="-3.782610"/>
      <trkpt lat="43.349490" lon="-3.782470"/>
      <trkpt lat="43.349600" lon="-3.782320"/>
      <trkpt lat="43.349690" lon="-3.782180"/>
      <trkpt lat="43.349790" lon="-3.782020"/>
      <trkpt lat="43.349890" lon="-3.781870"/>
      <trkpt lat="43.349980" lon="-3.781710"/>
      <trkpt lat="43.350070" lon="-3.781560"/>
      <trkpt lat="43.350160" lon="-3.781400"/>
      <trkpt lat="43.350250" lon="-3.781230"/>
      <trkpt lat="43.350330" lon="-3.781070"/>
      <trkpt lat="43.350420" lon="-3.780900"/>
      <trkpt lat="43.350500" lon="-3.780730"/>
      <trkpt lat="43.350580" lon="-3.780560"/>
      <trkpt lat="43.350660" lon="-3.780390"/>
      <trkpt lat="43.350740" lon="-3.780230"/>
      <trkpt lat="43.350820" lon="-3.780050"/>
      <trkpt lat="43.350900" lon="-3.779890"/>
      <trkpt lat="43.350980" lon="-3.779710"/>
      <trkpt lat="43.351060" lon="-3.779550"/>
      <trkpt lat="43.351140" lon="-3.779380"/>
      <trkpt lat="43.351220" lon="-3.779210"/>
      <trkpt lat="43.351300" lon="-3.779040"/>
      <trkpt lat="43.351380" lon="-3.778870"/>
      <trkpt lat="43.351460" lon="-3.778710"/>
      <trkpt lat="43.351550" lon="-3.778530"/>
      <trkpt lat="43.351630" lon="-3.778370"/>
      <trkpt lat="43.351710" lon="-3.778210"/>
      <trkpt lat="43.351800" lon="-3.778040"/>
      <trkpt lat="43.351880" lon="-3.777880"/>
      <trkpt lat="43.351970" lon="-3.777710"/>
      <trkpt lat="43.352050" lon="-3.777550"/>
      <trkpt lat="43.352140" lon="-3.777380"/>
      <trkpt lat="43.352220" lon="-3.777220"/>
      <trkpt lat="43.352310" lon="-3.777050"/>
      <trkpt lat="43.352390" lon="-3.776890"/>
      <trkpt lat="43.352480" lon="-3.776730"/>
      <trkpt lat="43.352560" lon="-3.776590"/>
      <trkpt lat="43.352660" lon="-3.776410"/>
      <trkpt lat="43.352750" lon="-3.776240"/>
      <trkpt lat="43.352840" lon="-3.776080"/>
      <trkpt lat="43.352930" lon="-3.775920"/>
      <trkpt lat="43.353010" lon="-3.775760"/>
      <trkpt lat="43.353110" lon="-3.775600"/>
      <trkpt lat="43.353200" lon="-3.775440"/>
      <trkpt lat="43.353290" lon="-3.775280"/>
      <trkpt lat="43.353380" lon="-3.775120"/>
      <trkpt lat="43.353470" lon="-3.774970"/>
      <trkpt lat="43.353560" lon="-3.774810"/>
      <trkpt lat="43.353650" lon="-3.774650"/>
      <trkpt lat="43.353740" lon="-3.774490"/>
      <trkpt lat="43.353830" lon="-3.774330"/>
      <trkpt lat="43.353920" lon="-3.774170"/>
      <trkpt lat="43.354010" lon="-3.774010"/>
      <trkpt lat="43.354090" lon="-3.773840"/>
      <trkpt lat="43.354180" lon="-3.773670"/>
      <trkpt lat="43.354260" lon="-3.773510"/>
      <trkpt lat="43.354340" lon="-3.773340"/>
      <trkpt lat="43.354420" lon="-3.773160"/>
      <trkpt lat="43.354490" lon="-3.772990"/>
      <trkpt lat="43.354560" lon="-3.772820"/>
      <trkpt lat="43.354640" lon="-3.772640"/>
      <trkpt lat="43.354700" lon="-3.772460"/>
      <trkpt lat="43.354770" lon="-3.772280"/>
      <trkpt lat="43.354840" lon="-3.772100"/>
      <trkpt lat="43.354900" lon="-3.771910"/>
      <trkpt lat="43.354960" lon="-3.771740"/>
      <trkpt lat="43.355020" lon="-3.771550"/>
      <trkpt lat="43.355070" lon="-3.771360"/>
      <trkpt lat="43.355130" lon="-3.771180"/>
      <trkpt lat="43.355180" lon="-3.770990"/>
      <trkpt lat="43.355230" lon="-3.770800"/>
      <trkpt lat="43.355290" lon="-3.770610"/>
      <trkpt lat="43.355340" lon="-3.770420"/>
      <trkpt lat="43.355390" lon="-3.770240"/>
      <trkpt lat="43.355450" lon="-3.770050"/>
      <trkpt lat="43.355500" lon="-3.769860"/>
      <trkpt lat="43.355560" lon="-3.769660"/>
      <trkpt lat="43.355610" lon="-3.769490"/>
      <trkpt lat="43.355670" lon="-3.769300"/>
      <trkpt lat="43.355730" lon="-3.769110"/>
      <trkpt lat="43.355780" lon="-3.768930"/>
      <trkpt lat="43.355840" lon="-3.768750"/>
      <trkpt lat="43.355910" lon="-3.768560"/>
      <trkpt lat="43.355970" lon="-3.768380"/>
      <trkpt lat="43.356030" lon="-3.768200"/>
      <trkpt lat="43.356100" lon="-3.768010"/>
      <trkpt lat="43.356170" lon="-3.767830"/>
      <trkpt lat="43.356240" lon="-3.767650"/>
      <trkpt lat="43.356310" lon="-3.767480"/>
      <trkpt lat="43.356380" lon="-3.767300"/>
      <trkpt lat="43.356460" lon="-3.767120"/>
      <trkpt lat="43.356530" lon="-3.766950"/>
      <trkpt lat="43.356610" lon="-3.766780"/>
      <trkpt lat="43.356680" lon="-3.766610"/>
      <trkpt lat="43.356760" lon="-3.766440"/>
      <trkpt lat="43.356840" lon="-3.766270"/>
      <trkpt lat="43.356930" lon="-3.766100"/>
      <trkpt lat="43.357010" lon="-3.765940"/>
      <trkpt lat="43.357090" lon="-3.765780"/>
      <trkpt lat="43.357180" lon="-3.765610"/>
      <trkpt lat="43.357270" lon="-3.765450"/>
      <trkpt lat="43.357360" lon="-3.765290"/>
      <trkpt lat="43.357450" lon="-3.765130"/>
      <trkpt lat="43.357540" lon="-3.764970"/>
      <trkpt lat="43.357640" lon="-3.764810"/>
      <trkpt lat="43.357730" lon="-3.764660"/>
      <trkpt lat="43.357830" lon="-3.764500"/>
      <trkpt lat="43.357920" lon="-3.764360"/>
      <trkpt lat="43.358030" lon="-3.764200"/>
      <trkpt lat="43.358130" lon="-3.764050"/>
      <trkpt lat="43.358220" lon="-3.763920"/>
      <trkpt lat="43.358330" lon="-3.763760"/>
      <trkpt lat="43.358430" lon="-3.763620"/>
      <trkpt lat="43.358540" lon="-3.763480"/>
      <trkpt lat="43.358650" lon="-3.763340"/>
      <trkpt lat="43.358750" lon="-3.763210"/>
      <trkpt lat="43.358860" lon="-3.763070"/>
      <trkpt lat="43.358970" lon="-3.762930"/>
      <trkpt lat="43.359080" lon="-3.762800"/>
      <trkpt lat="43.359200" lon="-3.762670"/>
      <trkpt lat="43.359310" lon="-3.762540"/>
      <trkpt lat="43.359430" lon="-3.762410"/>
      <trkpt lat="43.359540" lon="-3.762290"/>
      <trkpt lat="43.359660" lon="-3.762160"/>
      <trkpt lat="43.359780" lon="-3.762040"/>
      <trkpt lat="43.359890" lon="-3.761930"/>
      <trkpt lat="43.360020" lon="-3.761810"/>
      <trkpt lat="43.360140" lon="-3.761690"/>
      <trkpt lat="43.360260" lon="-3.761570"/>
      <trkpt lat="43.360380" lon="-3.761460"/>
      <trkpt lat="43.360500" lon="-3.761360"/>
      <trkpt lat="43.360630" lon="-3.761250"/>
      <trkpt lat="43.360760" lon="-3.761140"/>
      <trkpt lat="43.360880" lon="-3.761040"/>
      <trkpt lat="43.361010" lon="-3.760930"/>
      <trkpt lat="43.361140" lon="-3.760840"/>
      <trkpt lat="43.361270" lon="-3.760740"/>
      <trkpt lat="43.361400" lon="-3.760650"/>
      <trkpt lat="43.361530" lon="-3.760550"/>
      <trkpt lat="43.361660" lon="-3.760460"/>
      <trkpt lat="43.361790" lon="-3.760370"/>
      <trkpt lat="43.361930" lon="-3.760280"/>
      <trkpt lat="43.362060" lon="-3.760200"/>
      <trkpt lat="43.362190" lon="-3.760120"/>
      <trkpt lat="43.362330" lon="-3.760040"/>
      <trkpt lat="43.362470" lon="-3.759960"/>
      <trkpt lat="43.362600" lon="-3.759890"/>
      <trkpt lat="43.362730" lon="-3.759820"/>
      <trkpt lat="43.362900" lon="-3.759730"/>
      <trkpt lat="43.363020" lon="-3.759670"/>
      <trkpt lat="43.363160" lon="-3.759600"/>
      <trkpt lat="43.363430" lon="-3.759480"/>
      <trkpt lat="43.363710" lon="-3.759350"/>
      <trkpt lat="43.363990" lon="-3.759230"/>
      <trkpt lat="43.364140" lon="-3.759170"/>
      <trkpt lat="43.364420" lon="-3.759050"/>
      <trkpt lat="43.364700" lon="-3.758930"/>
      <trkpt lat="43.364980" lon="-3.758810"/>
      <trkpt lat="43.365270" lon="-3.758690"/>
      <trkpt lat="43.365550" lon="-3.758570"/>
      <trkpt lat="43.365830" lon="-3.758450"/>
      <trkpt lat="43.366250" lon="-3.758270"/>
      <trkpt lat="43.366530" lon="-3.758150"/>
      <trkpt lat="43.366810" lon="-3.758030"/>
      <trkpt lat="43.367220" lon="-3.757850"/>
      <trkpt lat="43.367510" lon="-3.757730"/>
      <trkpt lat="43.367800" lon="-3.757610"/>
      <trkpt lat="43.368100" lon="-3.757480"/>
      <trkpt lat="43.368380" lon="-3.757360"/>
      <trkpt lat="43.368670" lon="-3.757240"/>
      <trkpt lat="43.368950" lon="-3.757120"/>
      <trkpt lat="43.369230" lon="-3.756990"/>
      <trkpt lat="43.369650" lon="-3.756810"/>
      <trkpt lat="43.370070" lon="-3.756630"/>
      <trkpt lat="43.370500" lon="-3.756450"/>
      <trkpt lat="43.370920" lon="-3.756270"/>
      <trkpt lat="43.371210" lon="-3.756150"/>
      <trkpt lat="43.371500" lon="-3.756020"/>
      <trkpt lat="43.371740" lon="-3.755900"/>
      <trkpt lat="43.371890" lon="-3.755830"/>
      <trkpt lat="43.372070" lon="-3.755720"/>
      <trkpt lat="43.372210" lon="-3.755640"/>
      <trkpt lat="43.372350" lon="-3.755540"/>
      <trkpt lat="43.372490" lon="-3.755450"/>
      <trkpt lat="43.372620" lon="-3.755350"/>
      <trkpt lat="43.372750" lon="-3.755240"/>
      <trkpt lat="43.372880" lon="-3.755140"/>
      <trkpt lat="43.373010" lon="-3.755020"/>
      <trkpt lat="43.373140" lon="-3.754900"/>
      <trkpt lat="43.373260" lon="-3.754780"/>
      <trkpt lat="43.373380" lon="-3.754650"/>
      <trkpt lat="43.373500" lon="-3.754530"/>
      <trkpt lat="43.373620" lon="-3.754390"/>
      <trkpt lat="43.373740" lon="-3.754250"/>
      <trkpt lat="43.373840" lon="-3.754110"/>
      <trkpt lat="43.373960" lon="-3.753970"/>
      <trkpt lat="43.374060" lon="-3.753820"/>
      <trkpt lat="43.374170" lon="-3.753660"/>
      <trkpt lat="43.374270" lon="-3.753500"/>
      <trkpt lat="43.374370" lon="-3.753340"/>
      <trkpt lat="43.374470" lon="-3.753180"/>
      <trkpt lat="43.374560" lon="-3.753020"/>
      <trkpt lat="43.374650" lon="-3.752850"/>
      <trkpt lat="43.374830" lon="-3.752500"/>
      <trkpt lat="43.375000" lon="-3.752160"/>
      <trkpt lat="43.375150" lon="-3.751880"/>
      <trkpt lat="43.375280" lon="-3.751650"/>
      <trkpt lat="43.375370" lon="-3.751490"/>
      <trkpt lat="43.375470" lon="-3.751320"/>
      <trkpt lat="43.375570" lon="-3.751170"/>
      <trkpt lat="43.375670" lon="-3.751010"/>
      <trkpt lat="43.375780" lon="-3.750860"/>
      <trkpt lat="43.375890" lon="-3.750710"/>
      <trkpt lat="43.376000" lon="-3.750570"/>
      <trkpt lat="43.376120" lon="-3.750430"/>
      <trkpt lat="43.376230" lon="-3.750300"/>
      <trkpt lat="43.376350" lon="-3.750160"/>
      <trkpt lat="43.376470" lon="-3.750040"/>
      <trkpt lat="43.376600" lon="-3.749910"/>
      <trkpt lat="43.376730" lon="-3.749800"/>
      <trkpt lat="43.376860" lon="-3.749680"/>
      <trkpt lat="43.376990" lon="-3.749570"/>
      <trkpt lat="43.377120" lon="-3.749470"/>
      <trkpt lat="43.377260" lon="-3.749370"/>
      <trkpt lat="43.377400" lon="-3.749270"/>
      <trkpt lat="43.377530" lon="-3.749180"/>
      <trkpt lat="43.377670" lon="-3.749100"/>
      <trkpt lat="43.377810" lon="-3.749020"/>
      <trkpt lat="43.377960" lon="-3.748940"/>
      <trkpt lat="43.378100" lon="-3.748870"/>
      <trkpt lat="43.378250" lon="-3.748800"/>
      <trkpt lat="43.378390" lon="-3.748740"/>
      <trkpt lat="43.378540" lon="-3.748680"/>
      <trkpt lat="43.378690" lon="-3.748630"/>
      <trkpt lat="43.378840" lon="-3.748590"/>
      <trkpt lat="43.378990" lon="-3.748540"/>
      <trkpt lat="43.379290" lon="-3.748460"/>
      <trkpt lat="43.379580" lon="-3.748370"/>
      <trkpt lat="43.379730" lon="-3.748330"/>
      <trkpt lat="43.379880" lon="-3.748280"/>
      <trkpt lat="43.380030" lon="-3.748230"/>
      <trkpt lat="43.380180" lon="-3.748180"/>
      <trkpt lat="43.380330" lon="-3.748120"/>
      <trkpt lat="43.380470" lon="-3.748060"/>
      <trkpt lat="43.380620" lon="-3.748000"/>
      <trkpt lat="43.380770" lon="-3.747930"/>
      <trkpt lat="43.380910" lon="-3.747870"/>
      <trkpt lat="43.381060" lon="-3.747790"/>
      <trkpt lat="43.381200" lon="-3.747720"/>
      <trkpt lat="43.381340" lon="-3.747640"/>
      <trkpt lat="43.381480" lon="-3.747560"/>
      <trkpt lat="43.381620" lon="-3.747470"/>
      <trkpt lat="43.381750" lon="-3.747390"/>
      <trkpt lat="43.381900" lon="-3.747290"/>
      <trkpt lat="43.382040" lon="-3.747200"/>
      <trkpt lat="43.382170" lon="-3.747100"/>
      <trkpt lat="43.382300" lon="-3.747000"/>
      <trkpt lat="43.382440" lon="-3.746900"/>
      <trkpt lat="43.382570" lon="-3.746790"/>
      <trkpt lat="43.382760" lon="-3.746630"/>
      <trkpt lat="43.382930" lon="-3.746480"/>
      <trkpt lat="43.383050" lon="-3.746370"/>
      <trkpt lat="43.383250" lon="-3.746190"/>
      <trkpt lat="43.383430" lon="-3.746020"/>
      <trkpt lat="43.383590" lon="-3.745860"/>
      <trkpt lat="43.383790" lon="-3.745670"/>
      <trkpt lat="43.384080" lon="-3.745370"/>
      <trkpt lat="43.384330" lon="-3.745120"/>
      <trkpt lat="43.384580" lon="-3.744860"/>
      <trkpt lat="43.384830" lon="-3.744620"/>
      <trkpt lat="43.385080" lon="-3.744370"/>
      <trkpt lat="43.385330" lon="-3.744140"/>
      <trkpt lat="43.385580" lon="-3.743900"/>
      <trkpt lat="43.385810" lon="-3.743700"/>
      <trkpt lat="43.386000" lon="-3.743540"/>
      <trkpt lat="43.386190" lon="-3.743390"/>
      <trkpt lat="43.386360" lon="-3.743250"/>
      <trkpt lat="43.386500" lon="-3.743140"/>
      <trkpt lat="43.386640" lon="-3.743030"/>
      <trkpt lat="43.386800" lon="-3.742900"/>
      <trkpt lat="43.386910" lon="-3.742810"/>
      <trkpt lat="43.387000" lon="-3.742730"/>
      <trkpt lat="43.387070" lon="-3.742670"/>
      <trkpt lat="43.387160" lon="-3.742580"/>
      <trkpt lat="43.387250" lon="-3.742480"/>
      <trkpt lat="43.387320" lon="-3.742400"/>
      <trkpt lat="43.387380" lon="-3.742330"/>
      <trkpt lat="43.387430" lon="-3.742260"/>
      <trkpt lat="43.387500" lon="-3.742160"/>
      <trkpt lat="43.387550" lon="-3.742070"/>
      <trkpt lat="43.387600" lon="-3.741990"/>
      <trkpt lat="43.387650" lon="-3.741890"/>
      <trkpt lat="43.387700" lon="-3.741810"/>
      <trkpt lat="43.387730" lon="-3.741720"/>
      <trkpt lat="43.387780" lon="-3.741620"/>
      <trkpt lat="43.387820" lon="-3.741520"/>
      <trkpt lat="43.387860" lon="-3.741410"/>
      <trkpt lat="43.387900" lon="-3.741290"/>
      <trkpt lat="43.387950" lon="-3.741140"/>
      <trkpt lat="43.387980" lon="-3.741030"/>
      <trkpt lat="43.388010" lon="-3.740930"/>
      <trkpt lat="43.388040" lon="-3.740810"/>
      <trkpt lat="43.388090" lon="-3.740640"/>
      <trkpt lat="43.388120" lon="-3.740500"/>
      <trkpt lat="43.388150" lon="-3.740370"/>
      <trkpt lat="43.388190" lon="-3.740200"/>
      <trkpt lat="43.388220" lon="-3.740050"/>
      <trkpt lat="43.388250" lon="-3.739920"/>
      <trkpt lat="43.388280" lon="-3.739760"/>
      <trkpt lat="43.388300" lon="-3.739620"/>
      <trkpt lat="43.388320" lon="-3.739500"/>
      <trkpt lat="43.388340" lon="-3.739370"/>
      <trkpt lat="43.388360" lon="-3.739230"/>
      <trkpt lat="43.388370" lon="-3.739110"/>
      <trkpt lat="43.388380" lon="-3.738980"/>
      <trkpt lat="43.388400" lon="-3.738860"/>
      <trkpt lat="43.388410" lon="-3.738730"/>
      <trkpt lat="43.388420" lon="-3.738570"/>
      <trkpt lat="43.388430" lon="-3.738450"/>
      <trkpt lat="43.388430" lon="-3.738320"/>
      <trkpt lat="43.388440" lon="-3.738210"/>
      <trkpt lat="43.388450" lon="-3.738050"/>
      <trkpt lat="43.388450" lon="-3.737860"/>
      <trkpt lat="43.388450" lon="-3.737670"/>
      <trkpt lat="43.388460" lon="-3.737490"/>
      <trkpt lat="43.388460" lon="-3.737050"/>
      <trkpt lat="43.388460" lon="-3.736690"/>
      <trkpt lat="43.388470" lon="-3.736280"/>
      <trkpt lat="43.388480" lon="-3.734200"/>
      <trkpt lat="43.388470" lon="-3.731490"/>
      <trkpt lat="43.388460" lon="-3.729940"/>
      <trkpt lat="43.388460" lon="-3.728750"/>
      <trkpt lat="43.388460" lon="-3.727840"/>
      <trkpt lat="43.388480" lon="-3.727440"/>
      <trkpt lat="43.388530" lon="-3.727030"/>
      <trkpt lat="43.388580" lon="-3.726630"/>
      <trkpt lat="43.388650" lon="-3.726240"/>
      <trkpt lat="43.388730" lon="-3.725810"/>
      <trkpt lat="43.388870" lon="-3.725330"/>
      <trkpt lat="43.388990" lon="-3.724940"/>
      <trkpt lat="43.389170" lon="-3.724450"/>
      <trkpt lat="43.389480" lon="-3.723660"/>
      <trkpt lat="43.389640" lon="-3.723210"/>
      <trkpt lat="43.389760" lon="-3.722860"/>
      <trkpt lat="43.389880" lon="-3.722450"/>
      <trkpt lat="43.389970" lon="-3.722070"/>
      <trkpt lat="43.390120" lon="-3.721430"/>
      <trkpt lat="43.390220" lon="-3.720930"/>
      <trkpt lat="43.390300" lon="-3.720380"/>
      <trkpt lat="43.390370" lon="-3.719830"/>
      <trkpt lat="43.390400" lon="-3.719310"/>
      <trkpt lat="43.390430" lon="-3.718790"/>
      <trkpt lat="43.390430" lon="-3.718260"/>
      <trkpt lat="43.390420" lon="-3.717700"/>
      <trkpt lat="43.390400" lon="-3.717100"/>
      <trkpt lat="43.390340" lon="-3.715870"/>
      <trkpt lat="43.390340" lon="-3.714870"/>
      <trkpt lat="43.390380" lon="-3.713870"/>
      <trkpt lat="43.390550" lon="-3.712250"/>
      <trkpt lat="43.390650" lon="-3.711390"/>
      <trkpt lat="43.390990" lon="-3.708990"/>
      <trkpt lat="43.391100" lon="-3.707670"/>
      <trkpt lat="43.391170" lon="-3.706840"/>
      <trkpt lat="43.391360" lon="-3.704600"/>
      <trkpt lat="43.391430" lon="-3.704070"/>
      <trkpt lat="43.391610" lon="-3.702830"/>
      <trkpt lat="43.391880" lon="-3.701350"/>
      <trkpt lat="43.391940" lon="-3.700840"/>
      <trkpt lat="43.391960" lon="-3.699900"/>
      <trkpt lat="43.391960" lon="-3.699570"/>
      <trkpt lat="43.391930" lon="-3.699030"/>
      <trkpt lat="43.391860" lon="-3.698500"/>
      <trkpt lat="43.391780" lon="-3.698000"/>
      <trkpt lat="43.391700" lon="-3.697640"/>
      <trkpt lat="43.391590" lon="-3.697190"/>
      <trkpt lat="43.391420" lon="-3.696700"/>
      <trkpt lat="43.391300" lon="-3.696250"/>
      <trkpt lat="43.391060" lon="-3.695390"/>
      <trkpt lat="43.390860" lon="-3.694550"/>
      <trkpt lat="43.390670" lon="-3.693480"/>
      <trkpt lat="43.390540" lon="-3.692290"/>
      <trkpt lat="43.390470" lon="-3.691500"/>
      <trkpt lat="43.390390" lon="-3.690690"/>
      <trkpt lat="43.390320" lon="-3.690190"/>
      <trkpt lat="43.390250" lon="-3.689720"/>
      <trkpt lat="43.390070" lon="-3.688890"/>
      <trkpt lat="43.389920" lon="-3.688310"/>
      <trkpt lat="43.389820" lon="-3.687960"/>
      <trkpt lat="43.389590" lon="-3.686990"/>
      <trkpt lat="43.389450" lon="-3.686470"/>
      <trkpt lat="43.389330" lon="-3.685880"/>
      <trkpt lat="43.388940" lon="-3.683680"/>
      <trkpt lat="43.388720" lon="-3.682480"/>
      <trkpt lat="43.387920" lon="-3.679390"/>
      <trkpt lat="43.387700" lon="-3.678500"/>
      <trkpt lat="43.387530" lon="-3.677670"/>
      <trkpt lat="43.387380" lon="-3.676800"/>
      <trkpt lat="43.387320" lon="-3.676370"/>
      <trkpt lat="43.387280" lon="-3.675930"/>
      <trkpt lat="43.387170" lon="-3.674790"/>
      <trkpt lat="43.387130" lon="-3.673720"/>
      <trkpt lat="43.387130" lon="-3.673060"/>
      <trkpt lat="43.387150" lon="-3.672450"/>
      <trkpt lat="43.387180" lon="-3.671670"/>
      <trkpt lat="43.387230" lon="-3.671060"/>
      <trkpt lat="43.387270" lon="-3.670600"/>
      <trkpt lat="43.387300" lon="-3.670330"/>
      <trkpt lat="43.387430" lon="-3.669420"/>
      <trkpt lat="43.387490" lon="-3.669080"/>
      <trkpt lat="43.387550" lon="-3.668730"/>
      <trkpt lat="43.387670" lon="-3.668100"/>
      <trkpt lat="43.387830" lon="-3.667520"/>
      <trkpt lat="43.388020" lon="-3.666820"/>
      <trkpt lat="43.388150" lon="-3.666430"/>
      <trkpt lat="43.388290" lon="-3.666040"/>
      <trkpt lat="43.388510" lon="-3.665520"/>
      <trkpt lat="43.388730" lon="-3.665020"/>
      <trkpt lat="43.388930" lon="-3.664620"/>
      <trkpt lat="43.389270" lon="-3.664010"/>
      <trkpt lat="43.389540" lon="-3.663570"/>
      <trkpt lat="43.389820" lon="-3.663130"/>
      <trkpt lat="43.390100" lon="-3.662720"/>
      <trkpt lat="43.390370" lon="-3.662310"/>
      <trkpt lat="43.390790" lon="-3.661660"/>
      <trkpt lat="43.391010" lon="-3.661300"/>
      <trkpt lat="43.391200" lon="-3.660950"/>
      <trkpt lat="43.391470" lon="-3.660360"/>
      <trkpt lat="43.391700" lon="-3.659870"/>
      <trkpt lat="43.391890" lon="-3.659380"/>
      <trkpt lat="43.392100" lon="-3.658770"/>
      <trkpt lat="43.392300" lon="-3.658160"/>
      <trkpt lat="43.392700" lon="-3.656950"/>
      <trkpt lat="43.392790" lon="-3.656680"/>
      <trkpt lat="43.392910" lon="-3.656380"/>
      <trkpt lat="43.393140" lon="-3.655820"/>
      <trkpt lat="43.393490" lon="-3.655040"/>
      <trkpt lat="43.393990" lon="-3.654210"/>
      <trkpt lat="43.394340" lon="-3.653640"/>
      <trkpt lat="43.394690" lon="-3.653070"/>
      <trkpt lat="43.394930" lon="-3.652670"/>
      <trkpt lat="43.395140" lon="-3.652280"/>
      <trkpt lat="43.395450" lon="-3.651650"/>
      <trkpt lat="43.395630" lon="-3.651240"/>
      <trkpt lat="43.395800" lon="-3.650830"/>
      <trkpt lat="43.395940" lon="-3.650470"/>
      <trkpt lat="43.396060" lon="-3.650110"/>
      <trkpt lat="43.396170" lon="-3.649780"/>
      <trkpt lat="43.396270" lon="-3.649430"/>
      <trkpt lat="43.396400" lon="-3.648930"/>
      <trkpt lat="43.396530" lon="-3.648420"/>
      <trkpt lat="43.396740" lon="-3.647560"/>
      <trkpt lat="43.396850" lon="-3.647130"/>
      <trkpt lat="43.396980" lon="-3.646700"/>
      <trkpt lat="43.397150" lon="-3.646190"/>
      <trkpt lat="43.397350" lon="-3.645700"/>
      <trkpt lat="43.397500" lon="-3.645370"/>
      <trkpt lat="43.397660" lon="-3.645060"/>
      <trkpt lat="43.397820" lon="-3.644740"/>
      <trkpt lat="43.397990" lon="-3.644450"/>
      <trkpt lat="43.398160" lon="-3.644160"/>
      <trkpt lat="43.398400" lon="-3.643800"/>
      <trkpt lat="43.398870" lon="-3.643080"/>
      <trkpt lat="43.399180" lon="-3.642600"/>
      <trkpt lat="43.399500" lon="-3.642050"/>
      <trkpt lat="43.399930" lon="-3.641260"/>
      <trkpt lat="43.400220" lon="-3.640620"/>
      <trkpt lat="43.400510" lon="-3.639860"/>
      <trkpt lat="43.400730" lon="-3.639130"/>
      <trkpt lat="43.400970" lon="-3.638170"/>
      <trkpt lat="43.401150" lon="-3.637310"/>
      <trkpt lat="43.401250" lon="-3.636590"/>
      <trkpt lat="43.401310" lon="-3.636020"/>
      <trkpt lat="43.401360" lon="-3.635190"/>
      <trkpt lat="43.401360" lon="-3.634330"/>
      <trkpt lat="43.401350" lon="-3.633780"/>
      <trkpt lat="43.401320" lon="-3.633210"/>
      <trkpt lat="43.401280" lon="-3.632290"/>
      <trkpt lat="43.401280" lon="-3.631870"/>
      <trkpt lat="43.401300" lon="-3.631430"/>
      <trkpt lat="43.401310" lon="-3.631200"/>
      <trkpt lat="43.401330" lon="-3.630960"/>
      <trkpt lat="43.401380" lon="-3.630610"/>
      <trkpt lat="43.401450" lon="-3.630270"/>
      <trkpt lat="43.401630" lon="-3.629570"/>
      <trkpt lat="43.401750" lon="-3.629210"/>
      <trkpt lat="43.401880" lon="-3.628860"/>
      <trkpt lat="43.402180" lon="-3.628190"/>
      <trkpt lat="43.402490" lon="-3.627680"/>
      <trkpt lat="43.402980" lon="-3.627040"/>
      <trkpt lat="43.403620" lon="-3.626380"/>
      <trkpt lat="43.403950" lon="-3.626040"/>
      <trkpt lat="43.404250" lon="-3.625710"/>
      <trkpt lat="43.404490" lon="-3.625430"/>
      <trkpt lat="43.404690" lon="-3.625160"/>
      <trkpt lat="43.404920" lon="-3.624810"/>
      <trkpt lat="43.405120" lon="-3.624450"/>
      <trkpt lat="43.405280" lon="-3.624140"/>
      <trkpt lat="43.405450" lon="-3.623730"/>
      <trkpt lat="43.405600" lon="-3.623290"/>
      <trkpt lat="43.405720" lon="-3.622830"/>
      <trkpt lat="43.405830" lon="-3.622290"/>
      <trkpt lat="43.405910" lon="-3.621900"/>
      <trkpt lat="43.405990" lon="-3.621350"/>
      <trkpt lat="43.406070" lon="-3.620800"/>
      <trkpt lat="43.406140" lon="-3.620400"/>
      <trkpt lat="43.406230" lon="-3.620010"/>
      <trkpt lat="43.406320" lon="-3.619660"/>
      <trkpt lat="43.406420" lon="-3.619340"/>
      <trkpt lat="43.406610" lon="-3.618690"/>
      <trkpt lat="43.406790" lon="-3.618100"/>
      <trkpt lat="43.406920" lon="-3.617500"/>
      <trkpt lat="43.407030" lon="-3.616710"/>
      <trkpt lat="43.407090" lon="-3.616210"/>
      <trkpt lat="43.407150" lon="-3.615350"/>
      <trkpt lat="43.407160" lon="-3.614740"/>
      <trkpt lat="43.407130" lon="-3.614120"/>
      <trkpt lat="43.407090" lon="-3.613610"/>
      <trkpt lat="43.407020" lon="-3.613170"/>
      <trkpt lat="43.406970" lon="-3.612670"/>
      <trkpt lat="43.406910" lon="-3.612260"/>
      <trkpt lat="43.406850" lon="-3.611880"/>
      <trkpt lat="43.406820" lon="-3.611610"/>
      <trkpt lat="43.406780" lon="-3.611320"/>
      <trkpt lat="43.406720" lon="-3.610810"/>
      <trkpt lat="43.406690" lon="-3.610300"/>
      <trkpt lat="43.406680" lon="-3.609770"/>
      <trkpt lat="43.406700" lon="-3.609240"/>
      <trkpt lat="43.406710" lon="-3.608940"/>
      <trkpt lat="43.406750" lon="-3.608370"/>
      <trkpt lat="43.406780" lon="-3.607760"/>
      <trkpt lat="43.406810" lon="-3.606690"/>
      <trkpt lat="43.406800" lon="-3.606380"/>
      <trkpt lat="43.406780" lon="-3.606070"/>
      <trkpt lat="43.406730" lon="-3.605480"/>
      <trkpt lat="43.406670" lon="-3.604830"/>
      <trkpt lat="43.406630" lon="-3.604290"/>
      <trkpt lat="43.406600" lon="-3.603740"/>
      <trkpt lat="43.406600" lon="-3.603380"/>
      <trkpt lat="43.406610" lon="-3.603030"/>
      <trkpt lat="43.406650" lon="-3.602650"/>
      <trkpt lat="43.406700" lon="-3.602280"/>
      <trkpt lat="43.406750" lon="-3.602000"/>
      <trkpt lat="43.406810" lon="-3.601710"/>
      <trkpt lat="43.406940" lon="-3.601210"/>
      <trkpt lat="43.407110" lon="-3.600710"/>
      <trkpt lat="43.407240" lon="-3.600370"/>
      <trkpt lat="43.407390" lon="-3.600040"/>
      <trkpt lat="43.407560" lon="-3.599690"/>
      <trkpt lat="43.407730" lon="-3.599360"/>
      <trkpt lat="43.407930" lon="-3.599020"/>
      <trkpt lat="43.408140" lon="-3.598680"/>
      <trkpt lat="43.408570" lon="-3.598050"/>
      <trkpt lat="43.409020" lon="-3.597390"/>
      <trkpt lat="43.409430" lon="-3.596760"/>
      <trkpt lat="43.409880" lon="-3.595940"/>
      <trkpt lat="43.410200" lon="-3.595280"/>
      <trkpt lat="43.410360" lon="-3.594920"/>
      <trkpt lat="43.410510" lon="-3.594520"/>
      <trkpt lat="43.410650" lon="-3.594130"/>
      <trkpt lat="43.410780" lon="-3.593750"/>
      <trkpt lat="43.411010" lon="-3.592970"/>
      <trkpt lat="43.411080" lon="-3.592660"/>
      <trkpt lat="43.411160" lon="-3.592360"/>
      <trkpt lat="43.411200" lon="-3.592150"/>
      <trkpt lat="43.411240" lon="-3.591990"/>
      <trkpt lat="43.411290" lon="-3.591670"/>
      <trkpt lat="43.411350" lon="-3.591240"/>
      <trkpt lat="43.411400" lon="-3.590550"/>
      <trkpt lat="43.411400" lon="-3.589850"/>
      <trkpt lat="43.411380" lon="-3.589480"/>
      <trkpt lat="43.411340" lon="-3.589080"/>
      <trkpt lat="43.411230" lon="-3.588240"/>
      <trkpt lat="43.411100" lon="-3.587400"/>
      <trkpt lat="43.411040" lon="-3.586800"/>
      <trkpt lat="43.411010" lon="-3.586230"/>
      <trkpt lat="43.411000" lon="-3.585840"/>
      <trkpt lat="43.411020" lon="-3.585430"/>
      <trkpt lat="43.411050" lon="-3.585010"/>
      <trkpt lat="43.411120" lon="-3.584460"/>
      <trkpt lat="43.411230" lon="-3.583900"/>
      <trkpt lat="43.411450" lon="-3.582820"/>
      <trkpt lat="43.411570" lon="-3.582180"/>
      <trkpt lat="43.411630" lon="-3.581650"/>
      <trkpt lat="43.411660" lon="-3.581150"/>
      <trkpt lat="43.411650" lon="-3.580640"/>
      <trkpt lat="43.411620" lon="-3.580180"/>
      <trkpt lat="43.411600" lon="-3.579840"/>
      <trkpt lat="43.411590" lon="-3.579740"/>
      <trkpt lat="43.411570" lon="-3.579320"/>
      <trkpt lat="43.411560" lon="-3.579000"/>
      <trkpt lat="43.411560" lon="-3.578750"/>
      <trkpt lat="43.411570" lon="-3.578280"/>
      <trkpt lat="43.411610" lon="-3.577870"/>
      <trkpt lat="43.411660" lon="-3.577500"/>
      <trkpt lat="43.411710" lon="-3.577150"/>
      <trkpt lat="43.411780" lon="-3.576830"/>
      <trkpt lat="43.411890" lon="-3.576400"/>
      <trkpt lat="43.412110" lon="-3.575540"/>
      <trkpt lat="43.412270" lon="-3.574900"/>
      <trkpt lat="43.412390" lon="-3.574240"/>
      <trkpt lat="43.412490" lon="-3.573280"/>
      <trkpt lat="43.412500" lon="-3.572480"/>
      <trkpt lat="43.412490" lon="-3.572050"/>
      <trkpt lat="43.412430" lon="-3.571320"/>
      <trkpt lat="43.412380" lon="-3.570900"/>
      <trkpt lat="43.412320" lon="-3.570500"/>
      <trkpt lat="43.412170" lon="-3.569830"/>
      <trkpt lat="43.412050" lon="-3.569370"/>
      <trkpt lat="43.411910" lon="-3.568940"/>
      <trkpt lat="43.411640" lon="-3.568070"/>
      <trkpt lat="43.411470" lon="-3.567400"/>
      <trkpt lat="43.411390" lon="-3.566990"/>
      <trkpt lat="43.411310" lon="-3.566560"/>
      <trkpt lat="43.411200" lon="-3.565580"/>
      <trkpt lat="43.411200" lon="-3.565180"/>
      <trkpt lat="43.411200" lon="-3.564760"/>
      <trkpt lat="43.411230" lon="-3.564260"/>
      <trkpt lat="43.411280" lon="-3.563730"/>
      <trkpt lat="43.411340" lon="-3.563290"/>
      <trkpt lat="43.411420" lon="-3.562840"/>
      <trkpt lat="43.411490" lon="-3.562490"/>
      <trkpt lat="43.411580" lon="-3.562170"/>
      <trkpt lat="43.411690" lon="-3.561790"/>
      <trkpt lat="43.411820" lon="-3.561410"/>
      <trkpt lat="43.411970" lon="-3.561010"/>
      <trkpt lat="43.412150" lon="-3.560600"/>
      <trkpt lat="43.412360" lon="-3.560180"/>
      <trkpt lat="43.412480" lon="-3.559960"/>
      <trkpt lat="43.412600" lon="-3.559750"/>
      <trkpt lat="43.412810" lon="-3.559430"/>
      <trkpt lat="43.413040" lon="-3.559110"/>
      <trkpt lat="43.413250" lon="-3.558820"/>
      <trkpt lat="43.413490" lon="-3.558560"/>
      <trkpt lat="43.413860" lon="-3.558180"/>
      <trkpt lat="43.414240" lon="-3.557830"/>
      <trkpt lat="43.414620" lon="-3.557470"/>
      <trkpt lat="43.415000" lon="-3.557110"/>
      <trkpt lat="43.415200" lon="-3.556900"/>
      <trkpt lat="43.415380" lon="-3.556670"/>
      <trkpt lat="43.415700" lon="-3.556210"/>
      <trkpt lat="43.415880" lon="-3.555900"/>
      <trkpt lat="43.416050" lon="-3.555570"/>
      <trkpt lat="43.416170" lon="-3.555310"/>
      <trkpt lat="43.416280" lon="-3.555040"/>
      <trkpt lat="43.416430" lon="-3.554570"/>
      <trkpt lat="43.416490" lon="-3.554330"/>
      <trkpt lat="43.416590" lon="-3.553940"/>
      <trkpt lat="43.416660" lon="-3.553570"/>
      <trkpt lat="43.416700" lon="-3.553250"/>
      <trkpt lat="43.416750" lon="-3.552870"/>
      <trkpt lat="43.416770" lon="-3.552480"/>
      <trkpt lat="43.416770" lon="-3.551920"/>
      <trkpt lat="43.416760" lon="-3.551650"/>
      <trkpt lat="43.416730" lon="-3.551380"/>
      <trkpt lat="43.416680" lon="-3.550970"/>
      <trkpt lat="43.416610" lon="-3.550580"/>
      <trkpt lat="43.416520" lon="-3.550200"/>
      <trkpt lat="43.416420" lon="-3.549850"/>
      <trkpt lat="43.416330" lon="-3.549560"/>
      <trkpt lat="43.416220" lon="-3.549280"/>
      <trkpt lat="43.415950" lon="-3.548690"/>
      <trkpt lat="43.415790" lon="-3.548410"/>
      <trkpt lat="43.415630" lon="-3.548140"/>
      <trkpt lat="43.415170" lon="-3.547490"/>
      <trkpt lat="43.414430" lon="-3.546390"/>
      <trkpt lat="43.413970" lon="-3.545490"/>
      <trkpt lat="43.413760" lon="-3.544920"/>
      <trkpt lat="43.413560" lon="-3.544320"/>
      <trkpt lat="43.413380" lon="-3.543650"/>
      <trkpt lat="43.413330" lon="-3.543390"/>
      <trkpt lat="43.413290" lon="-3.543150"/>
      <trkpt lat="43.413240" lon="-3.542860"/>
      <trkpt lat="43.413220" lon="-3.542710"/>
      <trkpt lat="43.413200" lon="-3.542570"/>
      <trkpt lat="43.413190" lon="-3.542420"/>
      <trkpt lat="43.413170" lon="-3.542270"/>
      <trkpt lat="43.413150" lon="-3.541960"/>
      <trkpt lat="43.413120" lon="-3.541600"/>
      <trkpt lat="43.413120" lon="-3.541270"/>
      <trkpt lat="43.413120" lon="-3.541040"/>
      <trkpt lat="43.413120" lon="-3.540780"/>
      <trkpt lat="43.413130" lon="-3.540550"/>
      <trkpt lat="43.413150" lon="-3.540290"/>
      <trkpt lat="43.413170" lon="-3.540060"/>
      <trkpt lat="43.413200" lon="-3.539780"/>
      <trkpt lat="43.413230" lon="-3.539540"/>
      <trkpt lat="43.413280" lon="-3.539190"/>
      <trkpt lat="43.413330" lon="-3.538880"/>
      <trkpt lat="43.413470" lon="-3.538150"/>
      <trkpt lat="43.413540" lon="-3.537750"/>
      <trkpt lat="43.413600" lon="-3.537420"/>
      <trkpt lat="43.413640" lon="-3.537130"/>
      <trkpt lat="43.413660" lon="-3.536840"/>
      <trkpt lat="43.413680" lon="-3.536570"/>
      <trkpt lat="43.413690" lon="-3.536290"/>
      <trkpt lat="43.413700" lon="-3.536040"/>
      <trkpt lat="43.413690" lon="-3.535700"/>
      <trkpt lat="43.413680" lon="-3.535380"/>
      <trkpt lat="43.413650" lon="-3.535070"/>
      <trkpt lat="43.413630" lon="-3.534850"/>
      <trkpt lat="43.413600" lon="-3.534640"/>
      <trkpt lat="43.413580" lon="-3.534470"/>
      <trkpt lat="43.413520" lon="-3.534160"/>
      <trkpt lat="43.413460" lon="-3.533880"/>
      <trkpt lat="43.413410" lon="-3.533660"/>
      <trkpt lat="43.413360" lon="-3.533450"/>
      <trkpt lat="43.413310" lon="-3.533290"/>
      <trkpt lat="43.413240" lon="-3.533080"/>
      <trkpt lat="43.413170" lon="-3.532870"/>
      <trkpt lat="43.413130" lon="-3.532770"/>
      <trkpt lat="43.413060" lon="-3.532600"/>
      <trkpt lat="43.412950" lon="-3.532340"/>
      <trkpt lat="43.412830" lon="-3.532090"/>
      <trkpt lat="43.412690" lon="-3.531810"/>
      <trkpt lat="43.412080" lon="-3.530630"/>
      <trkpt lat="43.412030" lon="-3.530530"/>
      <trkpt lat="43.411880" lon="-3.530260"/>
      <trkpt lat="43.411740" lon="-3.529940"/>
      <trkpt lat="43.411640" lon="-3.529720"/>
      <trkpt lat="43.411560" lon="-3.529500"/>
      <trkpt lat="43.411500" lon="-3.529320"/>
      <trkpt lat="43.411440" lon="-3.529160"/>
      <trkpt lat="43.411410" lon="-3.529030"/>
      <trkpt lat="43.411360" lon="-3.528880"/>
      <trkpt lat="43.411300" lon="-3.528620"/>
      <trkpt lat="43.411270" lon="-3.528480"/>
      <trkpt lat="43.411240" lon="-3.528350"/>
      <trkpt lat="43.411210" lon="-3.528190"/>
      <trkpt lat="43.411180" lon="-3.528050"/>
      <trkpt lat="43.411160" lon="-3.527910"/>
      <trkpt lat="43.411130" lon="-3.527710"/>
      <trkpt lat="43.411110" lon="-3.527470"/>
      <trkpt lat="43.411090" lon="-3.527190"/>
      <trkpt lat="43.411080" lon="-3.526910"/>
      <trkpt lat="43.411080" lon="-3.526660"/>
      <trkpt lat="43.411080" lon="-3.526450"/>
      <trkpt lat="43.411090" lon="-3.526260"/>
      <trkpt lat="43.411100" lon="-3.526020"/>
      <trkpt lat="43.411130" lon="-3.525770"/>
      <trkpt lat="43.411180" lon="-3.525360"/>
      <trkpt lat="43.411240" lon="-3.524950"/>
      <trkpt lat="43.411390" lon="-3.524100"/>
      <trkpt lat="43.411460" lon="-3.523750"/>
      <trkpt lat="43.411510" lon="-3.523370"/>
      <trkpt lat="43.411560" lon="-3.523030"/>
      <trkpt lat="43.411590" lon="-3.522670"/>
      <trkpt lat="43.411610" lon="-3.522300"/>
      <trkpt lat="43.411620" lon="-3.522040"/>
      <trkpt lat="43.411620" lon="-3.521770"/>
      <trkpt lat="43.411620" lon="-3.521390"/>
      <trkpt lat="43.411610" lon="-3.521060"/>
      <trkpt lat="43.411590" lon="-3.520770"/>
      <trkpt lat="43.411560" lon="-3.520510"/>
      <trkpt lat="43.411530" lon="-3.520220"/>
      <trkpt lat="43.411480" lon="-3.519930"/>
      <trkpt lat="43.411420" lon="-3.519590"/>
      <trkpt lat="43.411380" lon="-3.519410"/>
      <trkpt lat="43.411350" lon="-3.519290"/>
      <trkpt lat="43.411290" lon="-3.519040"/>
      <trkpt lat="43.411200" lon="-3.518700"/>
      <trkpt lat="43.411060" lon="-3.518270"/>
      <trkpt lat="43.410930" lon="-3.517910"/>
      <trkpt lat="43.410790" lon="-3.517560"/>
      <trkpt lat="43.410640" lon="-3.517230"/>
      <trkpt lat="43.410490" lon="-3.516940"/>
      <trkpt lat="43.410340" lon="-3.516680"/>
      <trkpt lat="43.410030" lon="-3.516150"/>
      <trkpt lat="43.409710" lon="-3.515620"/>
      <trkpt lat="43.409410" lon="-3.515090"/>
      <trkpt lat="43.409230" lon="-3.514700"/>
      <trkpt lat="43.409060" lon="-3.514300"/>
      <trkpt lat="43.408910" lon="-3.513920"/>
      <trkpt lat="43.408780" lon="-3.513550"/>
      <trkpt lat="43.408660" lon="-3.513150"/>
      <trkpt lat="43.408570" lon="-3.512790"/>
      <trkpt lat="43.408510" lon="-3.512520"/>
      <trkpt lat="43.408450" lon="-3.512270"/>
      <trkpt lat="43.408400" lon="-3.512010"/>
      <trkpt lat="43.408360" lon="-3.511770"/>
      <trkpt lat="43.408320" lon="-3.511480"/>
      <trkpt lat="43.408290" lon="-3.511240"/>
      <trkpt lat="43.408260" lon="-3.510960"/>
      <trkpt lat="43.408250" lon="-3.510700"/>
      <trkpt lat="43.408230" lon="-3.510280"/>
      <trkpt lat="43.408220" lon="-3.509930"/>
      <trkpt lat="43.408230" lon="-3.509630"/>
      <trkpt lat="43.408240" lon="-3.509370"/>
      <trkpt lat="43.408260" lon="-3.509100"/>
      <trkpt lat="43.408310" lon="-3.508690"/>
      <trkpt lat="43.408340" lon="-3.508420"/>
      <trkpt lat="43.408380" lon="-3.508150"/>
      <trkpt lat="43.408430" lon="-3.507910"/>
      <trkpt lat="43.408480" lon="-3.507630"/>
      <trkpt lat="43.408550" lon="-3.507330"/>
      <trkpt lat="43.408630" lon="-3.507020"/>
      <trkpt lat="43.408710" lon="-3.506720"/>
      <trkpt lat="43.408770" lon="-3.506520"/>
      <trkpt lat="43.408810" lon="-3.506400"/>
      <trkpt lat="43.408970" lon="-3.505950"/>
      <trkpt lat="43.409200" lon="-3.505340"/>
      <trkpt lat="43.409320" lon="-3.504990"/>
      <trkpt lat="43.409430" lon="-3.504670"/>
      <trkpt lat="43.409520" lon="-3.504380"/>
      <trkpt lat="43.409580" lon="-3.504140"/>
      <trkpt lat="43.409620" lon="-3.503950"/>
      <trkpt lat="43.409670" lon="-3.503720"/>
      <trkpt lat="43.409710" lon="-3.503500"/>
      <trkpt lat="43.409730" lon="-3.503300"/>
      <trkpt lat="43.409760" lon="-3.503040"/>
      <trkpt lat="43.409780" lon="-3.502810"/>
      <trkpt lat="43.409790" lon="-3.502580"/>
      <trkpt lat="43.409800" lon="-3.502370"/>
      <trkpt lat="43.409800" lon="-3.502140"/>
      <trkpt lat="43.409800" lon="-3.501940"/>
      <trkpt lat="43.409780" lon="-3.501690"/>
      <trkpt lat="43.409760" lon="-3.501440"/>
      <trkpt lat="43.409730" lon="-3.501190"/>
      <trkpt lat="43.409690" lon="-3.500940"/>
      <trkpt lat="43.409660" lon="-3.500720"/>
      <trkpt lat="43.409620" lon="-3.500510"/>
      <trkpt lat="43.409570" lon="-3.500310"/>
      <trkpt lat="43.409520" lon="-3.500110"/>
      <trkpt lat="43.409440" lon="-3.499870"/>
      <trkpt lat="43.409370" lon="-3.499640"/>
      <trkpt lat="43.409300" lon="-3.499450"/>
      <trkpt lat="43.409230" lon="-3.499270"/>
      <trkpt lat="43.409140" lon="-3.499060"/>
      <trkpt lat="43.409030" lon="-3.498840"/>
      <trkpt lat="43.408930" lon="-3.498640"/>
      <trkpt lat="43.408820" lon="-3.498460"/>
      <trkpt lat="43.408720" lon="-3.498270"/>
      <trkpt lat="43.408600" lon="-3.498100"/>
      <trkpt lat="43.408450" lon="-3.497890"/>
      <trkpt lat="43.408360" lon="-3.497770"/>
      <trkpt lat="43.408220" lon="-3.497610"/>
      <trkpt lat="43.408100" lon="-3.497470"/>
      <trkpt lat="43.407980" lon="-3.497350"/>
      <trkpt lat="43.407860" lon="-3.497230"/>
      <trkpt lat="43.407730" lon="-3.497110"/>
      <trkpt lat="43.407600" lon="-3.497000"/>
      <trkpt lat="43.407460" lon="-3.496900"/>
      <trkpt lat="43.407320" lon="-3.496800"/>
      <trkpt lat="43.407170" lon="-3.496710"/>
      <trkpt lat="43.407000" lon="-3.496600"/>
      <trkpt lat="43.406870" lon="-3.496540"/>
      <trkpt lat="43.406760" lon="-3.496480"/>
      <trkpt lat="43.406700" lon="-3.496460"/>
      <trkpt lat="43.406590" lon="-3.496410"/>
      <trkpt lat="43.405910" lon="-3.496180"/>
      <trkpt lat="43.405610" lon="-3.496070"/>
      <trkpt lat="43.405260" lon="-3.495940"/>
      <trkpt lat="43.404970" lon="-3.495810"/>
      <trkpt lat="43.404820" lon="-3.495740"/>
      <trkpt lat="43.404610" lon="-3.495620"/>
      <trkpt lat="43.404500" lon="-3.495560"/>
      <trkpt lat="43.404380" lon="-3.495480"/>
      <trkpt lat="43.404270" lon="-3.495410"/>
      <trkpt lat="43.404040" lon="-3.495250"/>
      <trkpt lat="43.403880" lon="-3.495130"/>
      <trkpt lat="43.403720" lon="-3.495000"/>
      <trkpt lat="43.403410" lon="-3.494740"/>
      <trkpt lat="43.403010" lon="-3.494330"/>
      <trkpt lat="43.402810" lon="-3.494100"/>
      <trkpt lat="43.402410" lon="-3.493600"/>
      <trkpt lat="43.402070" lon="-3.493110"/>
      <trkpt lat="43.401740" lon="-3.492560"/>
      <trkpt lat="43.401580" lon="-3.492250"/>
      <trkpt lat="43.401430" lon="-3.491940"/>
      <trkpt lat="43.401290" lon="-3.491610"/>
      <trkpt lat="43.401150" lon="-3.491270"/>
      <trkpt lat="43.400810" lon="-3.490290"/>
      <trkpt lat="43.400490" lon="-3.489290"/>
      <trkpt lat="43.400380" lon="-3.488950"/>
      <trkpt lat="43.400250" lon="-3.488630"/>
      <trkpt lat="43.399960" lon="-3.487980"/>
      <trkpt lat="43.399730" lon="-3.487520"/>
      <trkpt lat="43.399320" lon="-3.486850"/>
      <trkpt lat="43.399110" lon="-3.486520"/>
      <trkpt lat="43.398760" lon="-3.486050"/>
      <trkpt lat="43.398710" lon="-3.486000"/>
      <trkpt lat="43.398600" lon="-3.485860"/>
      <trkpt lat="43.398440" lon="-3.485660"/>
      <trkpt lat="43.398310" lon="-3.485500"/>
      <trkpt lat="43.397780" lon="-3.484920"/>
      <trkpt lat="43.397320" lon="-3.484450"/>
      <trkpt lat="43.397080" lon="-3.484230"/>
      <trkpt lat="43.396840" lon="-3.484010"/>
      <trkpt lat="43.396370" lon="-3.483590"/>
      <trkpt lat="43.395950" lon="-3.483240"/>
      <trkpt lat="43.395510" lon="-3.482900"/>
      <trkpt lat="43.394650" lon="-3.482240"/>
      <trkpt lat="43.394140" lon="-3.481810"/>
      <trkpt lat="43.393890" lon="-3.481590"/>
      <trkpt lat="43.393640" lon="-3.481350"/>
      <trkpt lat="43.393400" lon="-3.481120"/>
      <trkpt lat="43.393160" lon="-3.480880"/>
      <trkpt lat="43.392810" lon="-3.480470"/>
      <trkpt lat="43.392470" lon="-3.480040"/>
      <trkpt lat="43.392110" lon="-3.479530"/>
      <trkpt lat="43.391770" lon="-3.478950"/>
      <trkpt lat="43.391550" lon="-3.478530"/>
      <trkpt lat="43.391330" lon="-3.478080"/>
      <trkpt lat="43.391210" lon="-3.477780"/>
      <trkpt lat="43.391080" lon="-3.477460"/>
      <trkpt lat="43.390970" lon="-3.477140"/>
      <trkpt lat="43.390860" lon="-3.476810"/>
      <trkpt lat="43.390740" lon="-3.476390"/>
      <trkpt lat="43.390630" lon="-3.475950"/>
      <trkpt lat="43.390580" lon="-3.475740"/>
      <trkpt lat="43.390540" lon="-3.475530"/>
      <trkpt lat="43.390450" lon="-3.475030"/>
      <trkpt lat="43.390400" lon="-3.474670"/>
      <trkpt lat="43.390350" lon="-3.474230"/>
      <trkpt lat="43.390330" lon="-3.474030"/>
      <trkpt lat="43.390320" lon="-3.473840"/>
      <trkpt lat="43.390300" lon="-3.473610"/>
      <trkpt lat="43.390300" lon="-3.473400"/>
      <trkpt lat="43.390290" lon="-3.473140"/>
      <trkpt lat="43.390280" lon="-3.472820"/>
      <trkpt lat="43.390280" lon="-3.472470"/>
      <trkpt lat="43.390290" lon="-3.472080"/>
      <trkpt lat="43.390310" lon="-3.471730"/>
      <trkpt lat="43.390350" lon="-3.470960"/>
      <trkpt lat="43.390420" lon="-3.470170"/>
      <trkpt lat="43.390510" lon="-3.469370"/>
      <trkpt lat="43.390690" lon="-3.467740"/>
      <trkpt lat="43.390790" lon="-3.466850"/>
      <trkpt lat="43.391370" lon="-3.461730"/>
      <trkpt lat="43.391480" lon="-3.460660"/>
      <trkpt lat="43.391520" lon="-3.460210"/>
      <trkpt lat="43.391560" lon="-3.459510"/>
      <trkpt lat="43.391560" lon="-3.458820"/>
      <trkpt lat="43.391540" lon="-3.458480"/>
      <trkpt lat="43.391510" lon="-3.458150"/>
      <trkpt lat="43.391470" lon="-3.457760"/>
      <trkpt lat="43.391410" lon="-3.457400"/>
      <trkpt lat="43.391340" lon="-3.457030"/>
      <trkpt lat="43.391270" lon="-3.456690"/>
      <trkpt lat="43.391220" lon="-3.456510"/>
      <trkpt lat="43.391160" lon="-3.456290"/>
      <trkpt lat="43.390940" lon="-3.455600"/>
      <trkpt lat="43.390670" lon="-3.454880"/>
      <trkpt lat="43.390370" lon="-3.454170"/>
      <trkpt lat="43.390080" lon="-3.453460"/>
      <trkpt lat="43.389940" lon="-3.453110"/>
      <trkpt lat="43.389800" lon="-3.452740"/>
      <trkpt lat="43.389680" lon="-3.452400"/>
      <trkpt lat="43.389580" lon="-3.452050"/>
      <trkpt lat="43.389490" lon="-3.451700"/>
      <trkpt lat="43.389420" lon="-3.451380"/>
      <trkpt lat="43.389340" lon="-3.450920"/>
      <trkpt lat="43.389290" lon="-3.450530"/>
      <trkpt lat="43.389270" lon="-3.450120"/>
      <trkpt lat="43.389260" lon="-3.449700"/>
      <trkpt lat="43.389290" lon="-3.449160"/>
      <trkpt lat="43.389330" lon="-3.448820"/>
      <trkpt lat="43.389390" lon="-3.448460"/>
      <trkpt lat="43.389460" lon="-3.448150"/>
      <trkpt lat="43.389540" lon="-3.447830"/>
      <trkpt lat="43.389590" lon="-3.447650"/>
      <trkpt lat="43.389740" lon="-3.447210"/>
      <trkpt lat="43.389860" lon="-3.446940"/>
      <trkpt lat="43.389960" lon="-3.446710"/>
      <trkpt lat="43.390110" lon="-3.446440"/>
      <trkpt lat="43.390230" lon="-3.446230"/>
      <trkpt lat="43.390400" lon="-3.445980"/>
      <trkpt lat="43.390570" lon="-3.445720"/>
      <trkpt lat="43.390750" lon="-3.445520"/>
      <trkpt lat="43.390920" lon="-3.445340"/>
      <trkpt lat="43.391050" lon="-3.445210"/>
      <trkpt lat="43.391280" lon="-3.445010"/>
      <trkpt lat="43.391660" lon="-3.444740"/>
      <trkpt lat="43.391900" lon="-3.444580"/>
      <trkpt lat="43.392210" lon="-3.444390"/>
      <trkpt lat="43.393390" lon="-3.443800"/>
      <trkpt lat="43.393560" lon="-3.443710"/>
      <trkpt lat="43.393780" lon="-3.443590"/>
      <trkpt lat="43.394010" lon="-3.443460"/>
      <trkpt lat="43.394440" lon="-3.443190"/>
      <trkpt lat="43.394900" lon="-3.442890"/>
      <trkpt lat="43.395650" lon="-3.442320"/>
      <trkpt lat="43.396190" lon="-3.441860"/>
      <trkpt lat="43.396710" lon="-3.441390"/>
      <trkpt lat="43.397310" lon="-3.440780"/>
      <trkpt lat="43.397610" lon="-3.440440"/>
      <trkpt lat="43.397920" lon="-3.440090"/>
      <trkpt lat="43.398210" lon="-3.439720"/>
      <trkpt lat="43.398690" lon="-3.439110"/>
      <trkpt lat="43.398960" lon="-3.438740"/>
      <trkpt lat="43.399460" lon="-3.437990"/>
      <trkpt lat="43.399830" lon="-3.437390"/>
      <trkpt lat="43.400240" lon="-3.436640"/>
      <trkpt lat="43.400370" lon="-3.436400"/>
      <trkpt lat="43.400700" lon="-3.435730"/>
      <trkpt lat="43.400900" lon="-3.435300"/>
      <trkpt lat="43.401080" lon="-3.434900"/>
      <trkpt lat="43.401250" lon="-3.434490"/>
      <trkpt lat="43.401410" lon="-3.434070"/>
      <trkpt lat="43.401530" lon="-3.433710"/>
      <trkpt lat="43.401640" lon="-3.433360"/>
      <trkpt lat="43.401810" lon="-3.432760"/>
      <trkpt lat="43.401910" lon="-3.432230"/>
      <trkpt lat="43.402010" lon="-3.431630"/>
      <trkpt lat="43.402070" lon="-3.431040"/>
      <trkpt lat="43.402100" lon="-3.430550"/>
      <trkpt lat="43.402110" lon="-3.429960"/>
      <trkpt lat="43.402100" lon="-3.429400"/>
      <trkpt lat="43.402070" lon="-3.428890"/>
      <trkpt lat="43.402030" lon="-3.428490"/>
      <trkpt lat="43.401890" lon="-3.427160"/>
      <trkpt lat="43.401740" lon="-3.425800"/>
      <trkpt lat="43.401710" lon="-3.425220"/>
      <trkpt lat="43.401700" lon="-3.424630"/>
      <trkpt lat="43.401720" lon="-3.424070"/>
      <trkpt lat="43.401780" lon="-3.423600"/>
      <trkpt lat="43.401860" lon="-3.423070"/>
      <trkpt lat="43.401920" lon="-3.422790"/>
      <trkpt lat="43.401990" lon="-3.422490"/>
      <trkpt lat="43.402070" lon="-3.422220"/>
      <trkpt lat="43.402160" lon="-3.421940"/>
      <trkpt lat="43.402250" lon="-3.421710"/>
      <trkpt lat="43.402340" lon="-3.421490"/>
      <trkpt lat="43.403090" lon="-3.419910"/>
      <trkpt lat="43.403480" lon="-3.419010"/>
      <trkpt lat="43.403830" lon="-3.418080"/>
      <trkpt lat="43.404210" lon="-3.416800"/>
      <trkpt lat="43.404340" lon="-3.416300"/>
      <trkpt lat="43.404400" lon="-3.416060"/>
      <trkpt lat="43.404460" lon="-3.415800"/>
      <trkpt lat="43.404620" lon="-3.414840"/>
      <trkpt lat="43.404670" lon="-3.414280"/>
      <trkpt lat="43.404690" lon="-3.413730"/>
      <trkpt lat="43.404700" lon="-3.413240"/>
      <trkpt lat="43.404700" lon="-3.412850"/>
      <trkpt lat="43.404690" lon="-3.412510"/>
      <trkpt lat="43.404670" lon="-3.412280"/>
      <trkpt lat="43.404650" lon="-3.412000"/>
      <trkpt lat="43.404590" lon="-3.411660"/>
      <trkpt lat="43.404550" lon="-3.411420"/>
      <trkpt lat="43.404480" lon="-3.411140"/>
      <trkpt lat="43.404400" lon="-3.410840"/>
      <trkpt lat="43.404220" lon="-3.410310"/>
      <trkpt lat="43.402930" lon="-3.406890"/>
      <trkpt lat="43.402730" lon="-3.406320"/>
      <trkpt lat="43.402510" lon="-3.405760"/>
      <trkpt lat="43.402240" lon="-3.405190"/>
      <trkpt lat="43.401940" lon="-3.404670"/>
      <trkpt lat="43.401700" lon="-3.404300"/>
      <trkpt lat="43.401450" lon="-3.403950"/>
      <trkpt lat="43.400930" lon="-3.403260"/>
      <trkpt lat="43.400290" lon="-3.402420"/>
      <trkpt lat="43.399960" lon="-3.402000"/>
      <trkpt lat="43.399630" lon="-3.401600"/>
      <trkpt lat="43.398950" lon="-3.400820"/>
      <trkpt lat="43.398460" lon="-3.400340"/>
      <trkpt lat="43.398250" lon="-3.400130"/>
      <trkpt lat="43.397750" lon="-3.399690"/>
      <trkpt lat="43.397240" lon="-3.399280"/>
      <trkpt lat="43.396290" lon="-3.398620"/>
      <trkpt lat="43.395330" lon="-3.398110"/>
      <trkpt lat="43.395060" lon="-3.397960"/>
      <trkpt lat="43.393980" lon="-3.397350"/>
      <trkpt lat="43.393500" lon="-3.397040"/>
      <trkpt lat="43.393010" lon="-3.396680"/>
      <trkpt lat="43.392250" lon="-3.396030"/>
      <trkpt lat="43.391740" lon="-3.395520"/>
      <trkpt lat="43.391250" lon="-3.394970"/>
      <trkpt lat="43.390670" lon="-3.394200"/>
      <trkpt lat="43.390180" lon="-3.393440"/>
      <trkpt lat="43.389700" lon="-3.392630"/>
      <trkpt lat="43.389230" lon="-3.391660"/>
      <trkpt lat="43.388940" lon="-3.391000"/>
      <trkpt lat="43.388710" lon="-3.390390"/>
      <trkpt lat="43.388030" lon="-3.388270"/>
      <trkpt lat="43.387830" lon="-3.387650"/>
      <trkpt lat="43.387660" lon="-3.387220"/>
      <trkpt lat="43.387520" lon="-3.386900"/>
      <trkpt lat="43.387350" lon="-3.386560"/>
      <trkpt lat="43.387170" lon="-3.386280"/>
      <trkpt lat="43.386970" lon="-3.385980"/>
      <trkpt lat="43.386750" lon="-3.385700"/>
      <trkpt lat="43.386520" lon="-3.385450"/>
      <trkpt lat="43.386070" lon="-3.385020"/>
      <trkpt lat="43.385420" lon="-3.384550"/>
      <trkpt lat="43.384670" lon="-3.384030"/>
      <trkpt lat="43.384030" lon="-3.383560"/>
      <trkpt lat="43.383650" lon="-3.383160"/>
      <trkpt lat="43.383120" lon="-3.382580"/>
      <trkpt lat="43.382280" lon="-3.381350"/>
      <trkpt lat="43.381600" lon="-3.379950"/>
      <trkpt lat="43.381210" lon="-3.378880"/>
      <trkpt lat="43.381010" lon="-3.378210"/>
      <trkpt lat="43.380800" lon="-3.377310"/>
      <trkpt lat="43.380710" lon="-3.376860"/>
      <trkpt lat="43.380630" lon="-3.376390"/>
      <trkpt lat="43.380500" lon="-3.375350"/>
      <trkpt lat="43.380450" lon="-3.374680"/>
      <trkpt lat="43.380430" lon="-3.374000"/>
      <trkpt lat="43.380430" lon="-3.373540"/>
      <trkpt lat="43.380450" lon="-3.373030"/>
      <trkpt lat="43.380470" lon="-3.372540"/>
      <trkpt lat="43.380520" lon="-3.372000"/>
      <trkpt lat="43.380600" lon="-3.371320"/>
      <trkpt lat="43.380650" lon="-3.371050"/>
      <trkpt lat="43.380740" lon="-3.370660"/>
      <trkpt lat="43.380840" lon="-3.370280"/>
      <trkpt lat="43.380960" lon="-3.369870"/>
      <trkpt lat="43.381100" lon="-3.369450"/>
      <trkpt lat="43.381370" lon="-3.368620"/>
      <trkpt lat="43.381630" lon="-3.367890"/>
      <trkpt lat="43.381840" lon="-3.367400"/>
      <trkpt lat="43.381970" lon="-3.367140"/>
      <trkpt lat="43.382110" lon="-3.366880"/>
      <trkpt lat="43.382230" lon="-3.366700"/>
      <trkpt lat="43.382360" lon="-3.366510"/>
      <trkpt lat="43.382610" lon="-3.366160"/>
      <trkpt lat="43.382770" lon="-3.365970"/>
      <trkpt lat="43.382970" lon="-3.365770"/>
      <trkpt lat="43.383460" lon="-3.365290"/>
      <trkpt lat="43.383790" lon="-3.364960"/>
      <trkpt lat="43.384180" lon="-3.364540"/>
      <trkpt lat="43.384560" lon="-3.364120"/>
      <trkpt lat="43.384920" lon="-3.363700"/>
      <trkpt lat="43.385300" lon="-3.363310"/>
      <trkpt lat="43.385680" lon="-3.362990"/>
      <trkpt lat="43.385990" lon="-3.362780"/>
      <trkpt lat="43.386600" lon="-3.362410"/>
      <trkpt lat="43.387000" lon="-3.362170"/>
      <trkpt lat="43.387370" lon="-3.361870"/>
      <trkpt lat="43.387660" lon="-3.361630"/>
      <trkpt lat="43.388120" lon="-3.361180"/>
      <trkpt lat="43.388640" lon="-3.360620"/>
      <trkpt lat="43.389150" lon="-3.360040"/>
      <trkpt lat="43.389390" lon="-3.359730"/>
      <trkpt lat="43.389630" lon="-3.359420"/>
      <trkpt lat="43.389840" lon="-3.359120"/>
      <trkpt lat="43.390020" lon="-3.358820"/>
      <trkpt lat="43.390280" lon="-3.358340"/>
      <trkpt lat="43.390500" lon="-3.357830"/>
      <trkpt lat="43.390610" lon="-3.357510"/>
      <trkpt lat="43.390720" lon="-3.357180"/>
      <trkpt lat="43.390800" lon="-3.356830"/>
      <trkpt lat="43.390830" lon="-3.356680"/>
      <trkpt lat="43.390870" lon="-3.356510"/>
      <trkpt lat="43.390920" lon="-3.356250"/>
      <trkpt lat="43.390950" lon="-3.356010"/>
      <trkpt lat="43.390990" lon="-3.355510"/>
      <trkpt lat="43.391010" lon="-3.355130"/>
      <trkpt lat="43.391000" lon="-3.354750"/>
      <trkpt lat="43.390980" lon="-3.354290"/>
      <trkpt lat="43.390940" lon="-3.353920"/>
      <trkpt lat="43.390870" lon="-3.353510"/>
      <trkpt lat="43.390690" lon="-3.352650"/>
      <trkpt lat="43.390510" lon="-3.351970"/>
      <trkpt lat="43.390320" lon="-3.351310"/>
      <trkpt lat="43.390070" lon="-3.350570"/>
      <trkpt lat="43.389780" lon="-3.349800"/>
      <trkpt lat="43.389580" lon="-3.349280"/>
      <trkpt lat="43.389360" lon="-3.348780"/>
      <trkpt lat="43.389180" lon="-3.348310"/>
      <trkpt lat="43.389010" lon="-3.347810"/>
      <trkpt lat="43.388910" lon="-3.347390"/>
      <trkpt lat="43.388820" lon="-3.346960"/>
      <trkpt lat="43.388740" lon="-3.346430"/>
      <trkpt lat="43.388700" lon="-3.345960"/>
      <trkpt lat="43.388680" lon="-3.345470"/>
      <trkpt lat="43.388690" lon="-3.345150"/>
      <trkpt lat="43.388710" lon="-3.344870"/>
      <trkpt lat="43.388770" lon="-3.344230"/>
      <trkpt lat="43.388850" lon="-3.343830"/>
      <trkpt lat="43.388950" lon="-3.343410"/>
      <trkpt lat="43.389060" lon="-3.342990"/>
      <trkpt lat="43.389330" lon="-3.342320"/>
      <trkpt lat="43.389590" lon="-3.341690"/>
      <trkpt lat="43.390130" lon="-3.340720"/>
      <trkpt lat="43.390450" lon="-3.340050"/>
      <trkpt lat="43.390680" lon="-3.339370"/>
      <trkpt lat="43.390800" lon="-3.338850"/>
      <trkpt lat="43.390930" lon="-3.338160"/>
      <trkpt lat="43.390990" lon="-3.337510"/>
      <trkpt lat="43.391000" lon="-3.336690"/>
      <trkpt lat="43.391000" lon="-3.336620"/>
      <trkpt lat="43.390990" lon="-3.335830"/>
      <trkpt lat="43.390940" lon="-3.335150"/>
      <trkpt lat="43.390900" lon="-3.334690"/>
      <trkpt lat="43.390830" lon="-3.333930"/>
      <trkpt lat="43.390740" lon="-3.333370"/>
      <trkpt lat="43.390640" lon="-3.332830"/>
      <trkpt lat="43.390440" lon="-3.332120"/>
      <trkpt lat="43.390340" lon="-3.331810"/>
      <trkpt lat="43.390220" lon="-3.331500"/>
      <trkpt lat="43.390110" lon="-3.331250"/>
      <trkpt lat="43.390000" lon="-3.331010"/>
      <trkpt lat="43.389750" lon="-3.330570"/>
      <trkpt lat="43.389450" lon="-3.330140"/>
      <trkpt lat="43.389350" lon="-3.330000"/>
      <trkpt lat="43.388930" lon="-3.329490"/>
      <trkpt lat="43.388520" lon="-3.329130"/>
      <trkpt lat="43.387760" lon="-3.328580"/>
      <trkpt lat="43.386970" lon="-3.327970"/>
      <trkpt lat="43.386570" lon="-3.327570"/>
      <trkpt lat="43.386110" lon="-3.326940"/>
      <trkpt lat="43.385800" lon="-3.326430"/>
      <trkpt lat="43.385590" lon="-3.326040"/>
      <trkpt lat="43.385410" lon="-3.325620"/>
      <trkpt lat="43.385110" lon="-3.324780"/>
      <trkpt lat="43.384880" lon="-3.324070"/>
      <trkpt lat="43.384780" lon="-3.323700"/>
      <trkpt lat="43.384690" lon="-3.323360"/>
      <trkpt lat="43.384610" lon="-3.322890"/>
      <trkpt lat="43.384560" lon="-3.322530"/>
      <trkpt lat="43.384540" lon="-3.322240"/>
      <trkpt lat="43.384520" lon="-3.321860"/>
      <trkpt lat="43.384520" lon="-3.321270"/>
      <trkpt lat="43.384560" lon="-3.320750"/>
      <trkpt lat="43.384620" lon="-3.320260"/>
      <trkpt lat="43.384700" lon="-3.319850"/>
      <trkpt lat="43.384800" lon="-3.319470"/>
      <trkpt lat="43.384900" lon="-3.319130"/>
      <trkpt lat="43.385050" lon="-3.318700"/>
      <trkpt lat="43.385260" lon="-3.318220"/>
      <trkpt lat="43.385460" lon="-3.317830"/>
      <trkpt lat="43.385740" lon="-3.317370"/>
      <trkpt lat="43.385990" lon="-3.317050"/>
      <trkpt lat="43.386160" lon="-3.316830"/>
      <trkpt lat="43.386640" lon="-3.316360"/>
      <trkpt lat="43.387000" lon="-3.316060"/>
      <trkpt lat="43.387670" lon="-3.315550"/>
      <trkpt lat="43.388670" lon="-3.314800"/>
      <trkpt lat="43.389130" lon="-3.314480"/>
      <trkpt lat="43.389890" lon="-3.313980"/>
      <trkpt lat="43.390390" lon="-3.313680"/>
      <trkpt lat="43.390850" lon="-3.313470"/>
      <trkpt lat="43.391120" lon="-3.313370"/>
      <trkpt lat="43.391400" lon="-3.313300"/>
      <trkpt lat="43.391550" lon="-3.313260"/>
      <trkpt lat="43.391790" lon="-3.313240"/>
      <trkpt lat="43.392190" lon="-3.313230"/>
      <trkpt lat="43.392590" lon="-3.313240"/>
      <trkpt lat="43.393110" lon="-3.313280"/>
      <trkpt lat="43.394080" lon="-3.313380"/>
      <trkpt lat="43.394650" lon="-3.313480"/>
      <trkpt lat="43.395000" lon="-3.313550"/>
      <trkpt lat="43.395390" lon="-3.313660"/>
      <trkpt lat="43.396060" lon="-3.313880"/>
      <trkpt lat="43.396440" lon="-3.314030"/>
      <trkpt lat="43.396810" lon="-3.314170"/>
      <trkpt lat="43.397050" lon="-3.314240"/>
      <trkpt lat="43.397220" lon="-3.314280"/>
      <trkpt lat="43.398010" lon="-3.314460"/>
      <trkpt lat="43.398290" lon="-3.314500"/>
      <trkpt lat="43.398570" lon="-3.314530"/>
      <trkpt lat="43.398870" lon="-3.314540"/>
      <trkpt lat="43.399100" lon="-3.314540"/>
      <trkpt lat="43.399340" lon="-3.314530"/>
      <trkpt lat="43.399470" lon="-3.314510"/>
      <trkpt lat="43.399680" lon="-3.314460"/>
      <trkpt lat="43.399890" lon="-3.314380"/>
      <trkpt lat="43.400160" lon="-3.314240"/>
      <trkpt lat="43.400390" lon="-3.314090"/>
      <trkpt lat="43.400570" lon="-3.313950"/>
      <trkpt lat="43.400920" lon="-3.313640"/>
      <trkpt lat="43.401170" lon="-3.313380"/>
      <trkpt lat="43.401330" lon="-3.313190"/>
      <trkpt lat="43.401490" lon="-3.312980"/>
      <trkpt lat="43.401650" lon="-3.312730"/>
      <trkpt lat="43.401800" lon="-3.312440"/>
      <trkpt lat="43.401900" lon="-3.312200"/>
      <trkpt lat="43.401960" lon="-3.311960"/>
      <trkpt lat="43.402050" lon="-3.311570"/>
      <trkpt lat="43.402100" lon="-3.311180"/>
      <trkpt lat="43.402140" lon="-3.310690"/>
      <trkpt lat="43.402150" lon="-3.310150"/>
      <trkpt lat="43.402140" lon="-3.309450"/>
      <trkpt lat="43.402120" lon="-3.308620"/>
      <trkpt lat="43.402100" lon="-3.308080"/>
      <trkpt lat="43.402080" lon="-3.306690"/>
      <trkpt lat="43.402090" lon="-3.306080"/>
      <trkpt lat="43.402100" lon="-3.305660"/>
      <trkpt lat="43.402170" lon="-3.303820"/>
      <trkpt lat="43.402250" lon="-3.301500"/>
      <trkpt lat="43.402280" lon="-3.300940"/>
      <trkpt lat="43.402380" lon="-3.298090"/>
      <trkpt lat="43.402430" lon="-3.296660"/>
      <trkpt lat="43.402460" lon="-3.295250"/>
      <trkpt lat="43.402450" lon="-3.294580"/>
      <trkpt lat="43.402440" lon="-3.294030"/>
      <trkpt lat="43.402420" lon="-3.293640"/>
      <trkpt lat="43.402400" lon="-3.293050"/>
      <trkpt lat="43.402330" lon="-3.292090"/>
      <trkpt lat="43.402290" lon="-3.291490"/>
      <trkpt lat="43.402230" lon="-3.290850"/>
      <trkpt lat="43.402090" lon="-3.289600"/>
      <trkpt lat="43.401930" lon="-3.288500"/>
      <trkpt lat="43.401760" lon="-3.287420"/>
      <trkpt lat="43.401740" lon="-3.287310"/>
      <trkpt lat="43.401590" lon="-3.286560"/>
      <trkpt lat="43.401410" lon="-3.285690"/>
      <trkpt lat="43.401110" lon="-3.284370"/>
      <trkpt lat="43.400860" lon="-3.283450"/>
      <trkpt lat="43.400600" lon="-3.282590"/>
      <trkpt lat="43.400420" lon="-3.281990"/>
      <trkpt lat="43.400200" lon="-3.281430"/>
      <trkpt lat="43.399960" lon="-3.280910"/>
      <trkpt lat="43.399700" lon="-3.280450"/>
      <trkpt lat="43.399130" lon="-3.279530"/>
      <trkpt lat="43.398760" lon="-3.278890"/>
      <trkpt lat="43.398450" lon="-3.278180"/>
      <trkpt lat="43.398280" lon="-3.277660"/>
      <trkpt lat="43.398200" lon="-3.277400"/>
      <trkpt lat="43.398140" lon="-3.277130"/>
      <trkpt lat="43.398060" lon="-3.276730"/>
      <trkpt lat="43.397990" lon="-3.276310"/>
      <trkpt lat="43.397930" lon="-3.275700"/>
      <trkpt lat="43.397870" lon="-3.275090"/>
      <trkpt lat="43.397800" lon="-3.273820"/>
      <trkpt lat="43.397780" lon="-3.273020"/>
      <trkpt lat="43.397810" lon="-3.272220"/>
      <trkpt lat="43.397870" lon="-3.271050"/>
      <trkpt lat="43.397920" lon="-3.270520"/>
      <trkpt lat="43.397980" lon="-3.269980"/>
      <trkpt lat="43.398130" lon="-3.268810"/>
      <trkpt lat="43.398160" lon="-3.268470"/>
      <trkpt lat="43.398180" lon="-3.268120"/>
      <trkpt lat="43.398180" lon="-3.267770"/>
      <trkpt lat="43.398170" lon="-3.267420"/>
      <trkpt lat="43.398010" lon="-3.265290"/>
      <trkpt lat="43.397990" lon="-3.264660"/>
      <trkpt lat="43.398000" lon="-3.264340"/>
      <trkpt lat="43.398040" lon="-3.263880"/>
      <trkpt lat="43.398100" lon="-3.263470"/>
      <trkpt lat="43.398170" lon="-3.263060"/>
      <trkpt lat="43.398280" lon="-3.262630"/>
      <trkpt lat="43.398400" lon="-3.262230"/>
      <trkpt lat="43.399100" lon="-3.260300"/>
      <trkpt lat="43.399210" lon="-3.259940"/>
      <trkpt lat="43.399310" lon="-3.259600"/>
      <trkpt lat="43.399410" lon="-3.259150"/>
      <trkpt lat="43.399450" lon="-3.258920"/>
      <trkpt lat="43.399480" lon="-3.258700"/>
      <trkpt lat="43.399520" lon="-3.258240"/>
      <trkpt lat="43.399550" lon="-3.257760"/>
      <trkpt lat="43.399590" lon="-3.256810"/>
      <trkpt lat="43.399610" lon="-3.255850"/>
      <trkpt lat="43.399600" lon="-3.254570"/>
      <trkpt lat="43.399530" lon="-3.253890"/>
      <trkpt lat="43.399480" lon="-3.253530"/>
      <trkpt lat="43.399410" lon="-3.253180"/>
      <trkpt lat="43.399260" lon="-3.252620"/>
      <trkpt lat="43.398950" lon="-3.251730"/>
      <trkpt lat="43.398370" lon="-3.250260"/>
      <trkpt lat="43.398140" lon="-3.249590"/>
      <trkpt lat="43.397940" lon="-3.248890"/>
      <trkpt lat="43.397720" lon="-3.247790"/>
      <trkpt lat="43.397650" lon="-3.247360"/>
      <trkpt lat="43.397590" lon="-3.246860"/>
      <trkpt lat="43.397550" lon="-3.246510"/>
      <trkpt lat="43.397500" lon="-3.245900"/>
      <trkpt lat="43.397480" lon="-3.244660"/>
      <trkpt lat="43.397480" lon="-3.244030"/>
      <trkpt lat="43.397450" lon="-3.243430"/>
      <trkpt lat="43.397400" lon="-3.242670"/>
      <trkpt lat="43.397340" lon="-3.242270"/>
      <trkpt lat="43.397270" lon="-3.241880"/>
      <trkpt lat="43.397150" lon="-3.241320"/>
      <trkpt lat="43.397000" lon="-3.240760"/>
      <trkpt lat="43.396670" lon="-3.239640"/>
      <trkpt lat="43.396310" lon="-3.238510"/>
      <trkpt lat="43.396120" lon="-3.238000"/>
      <trkpt lat="43.395930" lon="-3.237600"/>
      <trkpt lat="43.395540" lon="-3.236950"/>
      <trkpt lat="43.395360" lon="-3.236710"/>
      <trkpt lat="43.395170" lon="-3.236470"/>
      <trkpt lat="43.394820" lon="-3.236100"/>
      <trkpt lat="43.394460" lon="-3.235790"/>
      <trkpt lat="43.394140" lon="-3.235580"/>
      <trkpt lat="43.393820" lon="-3.235390"/>
      <trkpt lat="43.393460" lon="-3.235240"/>
      <trkpt lat="43.393000" lon="-3.235090"/>
      <trkpt lat="43.392510" lon="-3.234960"/>
      <trkpt lat="43.392220" lon="-3.234890"/>
      <trkpt lat="43.390500" lon="-3.234440"/>
      <trkpt lat="43.387340" lon="-3.233620"/>
      <trkpt lat="43.385410" lon="-3.233110"/>
      <trkpt lat="43.384390" lon="-3.232750"/>
      <trkpt lat="43.383760" lon="-3.232520"/>
      <trkpt lat="43.383070" lon="-3.232230"/>
      <trkpt lat="43.381750" lon="-3.231590"/>
      <trkpt lat="43.381560" lon="-3.231480"/>
      <trkpt lat="43.381220" lon="-3.231290"/>
      <trkpt lat="43.380780" lon="-3.231020"/>
      <trkpt lat="43.380320" lon="-3.230730"/>
      <trkpt lat="43.379860" lon="-3.230380"/>
      <trkpt lat="43.379680" lon="-3.230210"/>
      <trkpt lat="43.379410" lon="-3.229940"/>
      <trkpt lat="43.378960" lon="-3.229410"/>
      <trkpt lat="43.378620" lon="-3.228850"/>
      <trkpt lat="43.378380" lon="-3.228380"/>
      <trkpt lat="43.378170" lon="-3.227850"/>
      <trkpt lat="43.377950" lon="-3.227130"/>
      <trkpt lat="43.377800" lon="-3.226380"/>
      <trkpt lat="43.377690" lon="-3.225660"/>
      <trkpt lat="43.377620" lon="-3.224920"/>
      <trkpt lat="43.377500" lon="-3.224190"/>
      <trkpt lat="43.377390" lon="-3.223700"/>
      <trkpt lat="43.377280" lon="-3.223290"/>
      <trkpt lat="43.377050" lon="-3.222610"/>
      <trkpt lat="43.376770" lon="-3.221960"/>
      <trkpt lat="43.376550" lon="-3.221530"/>
      <trkpt lat="43.376480" lon="-3.221400"/>
      <trkpt lat="43.376440" lon="-3.221330"/>
      <trkpt lat="43.376390" lon="-3.221260"/>
      <trkpt lat="43.376150" lon="-3.220900"/>
      <trkpt lat="43.375990" lon="-3.220680"/>
      <trkpt lat="43.375810" lon="-3.220460"/>
      <trkpt lat="43.375540" lon="-3.220170"/>
      <trkpt lat="43.375260" lon="-3.219900"/>
      <trkpt lat="43.374960" lon="-3.219650"/>
      <trkpt lat="43.374640" lon="-3.219420"/>
      <trkpt lat="43.374310" lon="-3.219240"/>
      <trkpt lat="43.373940" lon="-3.219090"/>
      <trkpt lat="43.373760" lon="-3.219040"/>
      <trkpt lat="43.373580" lon="-3.219000"/>
      <trkpt lat="43.373160" lon="-3.218970"/>
      <trkpt lat="43.373000" lon="-3.218970"/>
      <trkpt lat="43.372770" lon="-3.218990"/>
      <trkpt lat="43.372370" lon="-3.219090"/>
      <trkpt lat="43.371900" lon="-3.219280"/>
      <trkpt lat="43.371400" lon="-3.219600"/>
      <trkpt lat="43.370900" lon="-3.220000"/>
      <trkpt lat="43.370130" lon="-3.220540"/>
      <trkpt lat="43.369580" lon="-3.220810"/>
      <trkpt lat="43.369220" lon="-3.220920"/>
      <trkpt lat="43.368620" lon="-3.220990"/>
      <trkpt lat="43.368100" lon="-3.220980"/>
      <trkpt lat="43.367850" lon="-3.220950"/>
      <trkpt lat="43.367610" lon="-3.220890"/>
      <trkpt lat="43.367120" lon="-3.220740"/>
      <trkpt lat="43.366860" lon="-3.220620"/>
      <trkpt lat="43.366680" lon="-3.220540"/>
      <trkpt lat="43.366550" lon="-3.220450"/>
      <trkpt lat="43.366220" lon="-3.220230"/>
      <trkpt lat="43.366090" lon="-3.220130"/>
      <trkpt lat="43.365960" lon="-3.220030"/>
      <trkpt lat="43.365770" lon="-3.219860"/>
      <trkpt lat="43.365270" lon="-3.219310"/>
      <trkpt lat="43.365050" lon="-3.219030"/>
      <trkpt lat="43.364690" lon="-3.218610"/>
      <trkpt lat="43.364300" lon="-3.218250"/>
      <trkpt lat="43.363830" lon="-3.217940"/>
      <trkpt lat="43.363250" lon="-3.217670"/>
      <trkpt lat="43.362660" lon="-3.217560"/>
      <trkpt lat="43.362060" lon="-3.217580"/>
      <trkpt lat="43.361700" lon="-3.217670"/>
      <trkpt lat="43.361450" lon="-3.217760"/>
      <trkpt lat="43.361200" lon="-3.217880"/>
      <trkpt lat="43.361090" lon="-3.217940"/>
      <trkpt lat="43.361020" lon="-3.217980"/>
      <trkpt lat="43.360680" lon="-3.218170"/>
      <trkpt lat="43.360410" lon="-3.218310"/>
      <trkpt lat="43.360030" lon="-3.218490"/>
      <trkpt lat="43.359730" lon="-3.218610"/>
      <trkpt lat="43.359420" lon="-3.218670"/>
      <trkpt lat="43.359250" lon="-3.218700"/>
      <trkpt lat="43.358910" lon="-3.218720"/>
      <trkpt lat="43.358700" lon="-3.218700"/>
      <trkpt lat="43.358530" lon="-3.218680"/>
      <trkpt lat="43.358280" lon="-3.218620"/>
      <trkpt lat="43.358100" lon="-3.218560"/>
      <trkpt lat="43.357830" lon="-3.218480"/>
      <trkpt lat="43.357560" lon="-3.218340"/>
      <trkpt lat="43.357120" lon="-3.218040"/>
      <trkpt lat="43.356610" lon="-3.217570"/>
      <trkpt lat="43.356240" lon="-3.217180"/>
      <trkpt lat="43.356010" lon="-3.216940"/>
      <trkpt lat="43.355540" lon="-3.216510"/>
      <trkpt lat="43.355140" lon="-3.216270"/>
      <trkpt lat="43.354770" lon="-3.216100"/>
      <trkpt lat="43.354390" lon="-3.215990"/>
      <trkpt lat="43.354000" lon="-3.215920"/>
      <trkpt lat="43.353650" lon="-3.215860"/>
      <trkpt lat="43.353300" lon="-3.215820"/>
      <trkpt lat="43.353060" lon="-3.215770"/>
      <trkpt lat="43.352630" lon="-3.215650"/>
      <trkpt lat="43.352220" lon="-3.215480"/>
      <trkpt lat="43.351910" lon="-3.215270"/>
      <trkpt lat="43.351560" lon="-3.214990"/>
      <trkpt lat="43.351370" lon="-3.214810"/>
      <trkpt lat="43.351190" lon="-3.214610"/>
      <trkpt lat="43.351020" lon="-3.214400"/>
      <trkpt lat="43.350870" lon="-3.214180"/>
      <trkpt lat="43.350730" lon="-3.213950"/>
      <trkpt lat="43.350590" lon="-3.213700"/>
      <trkpt lat="43.350460" lon="-3.213450"/>
      <trkpt lat="43.350340" lon="-3.213180"/>
      <trkpt lat="43.350230" lon="-3.212910"/>
      <trkpt lat="43.350130" lon="-3.212650"/>
      <trkpt lat="43.350030" lon="-3.212370"/>
      <trkpt lat="43.349940" lon="-3.212100"/>
      <trkpt lat="43.349860" lon="-3.211810"/>
      <trkpt lat="43.349790" lon="-3.211510"/>
      <trkpt lat="43.349730" lon="-3.211230"/>
      <trkpt lat="43.349670" lon="-3.210950"/>
      <trkpt lat="43.349620" lon="-3.210650"/>
      <trkpt lat="43.349580" lon="-3.210380"/>
      <trkpt lat="43.349550" lon="-3.210070"/>
      <trkpt lat="43.349520" lon="-3.209750"/>
      <trkpt lat="43.349510" lon="-3.209460"/>
      <trkpt lat="43.349500" lon="-3.209150"/>
      <trkpt lat="43.349510" lon="-3.208880"/>
      <trkpt lat="43.349510" lon="-3.208790"/>
      <trkpt lat="43.349510" lon="-3.208570"/>
      <trkpt lat="43.349530" lon="-3.208220"/>
      <trkpt lat="43.349540" lon="-3.208000"/>
      <trkpt lat="43.349570" lon="-3.207800"/>
      <trkpt lat="43.349590" lon="-3.207580"/>
      <trkpt lat="43.349720" lon="-3.206820"/>
      <trkpt lat="43.349850" lon="-3.206250"/>
      <trkpt lat="43.350000" lon="-3.205730"/>
      <trkpt lat="43.350290" lon="-3.204930"/>
      <trkpt lat="43.350520" lon="-3.204450"/>
      <trkpt lat="43.350660" lon="-3.204180"/>
      <trkpt lat="43.350860" lon="-3.203830"/>
      <trkpt lat="43.351060" lon="-3.203490"/>
      <trkpt lat="43.351330" lon="-3.203140"/>
      <trkpt lat="43.351570" lon="-3.202850"/>
      <trkpt lat="43.351800" lon="-3.202580"/>
      <trkpt lat="43.351930" lon="-3.202460"/>
      <trkpt lat="43.352290" lon="-3.202120"/>
      <trkpt lat="43.353260" lon="-3.201340"/>
      <trkpt lat="43.354430" lon="-3.200390"/>
      <trkpt lat="43.354620" lon="-3.200240"/>
      <trkpt lat="43.355830" lon="-3.199250"/>
      <trkpt lat="43.356570" lon="-3.198660"/>
      <trkpt lat="43.356900" lon="-3.198400"/>
      <trkpt lat="43.357230" lon="-3.198110"/>
      <trkpt lat="43.357410" lon="-3.197920"/>
      <trkpt lat="43.357540" lon="-3.197790"/>
      <trkpt lat="43.357780" lon="-3.197490"/>
      <trkpt lat="43.358090" lon="-3.197040"/>
      <trkpt lat="43.358240" lon="-3.196740"/>
      <trkpt lat="43.358440" lon="-3.196360"/>
      <trkpt lat="43.358780" lon="-3.195630"/>
      <trkpt lat="43.358990" lon="-3.195210"/>
      <trkpt lat="43.359110" lon="-3.195000"/>
      <trkpt lat="43.359200" lon="-3.194860"/>
      <trkpt lat="43.359430" lon="-3.194540"/>
      <trkpt lat="43.359600" lon="-3.194330"/>
      <trkpt lat="43.360230" lon="-3.193660"/>
      <trkpt lat="43.360670" lon="-3.193180"/>
      <trkpt lat="43.361010" lon="-3.192770"/>
      <trkpt lat="43.361180" lon="-3.192540"/>
      <trkpt lat="43.361350" lon="-3.192250"/>
      <trkpt lat="43.361490" lon="-3.191970"/>
      <trkpt lat="43.361640" lon="-3.191540"/>
      <trkpt lat="43.361690" lon="-3.191360"/>
      <trkpt lat="43.361740" lon="-3.191190"/>
      <trkpt lat="43.361800" lon="-3.190900"/>
      <trkpt lat="43.361830" lon="-3.190710"/>
      <trkpt lat="43.361850" lon="-3.190500"/>
      <trkpt lat="43.361860" lon="-3.190300"/>
      <trkpt lat="43.361860" lon="-3.190110"/>
      <trkpt lat="43.361860" lon="-3.189940"/>
      <trkpt lat="43.361860" lon="-3.189780"/>
      <trkpt lat="43.361830" lon="-3.189470"/>
      <trkpt lat="43.361770" lon="-3.189130"/>
      <trkpt lat="43.361720" lon="-3.188870"/>
      <trkpt lat="43.361630" lon="-3.188580"/>
      <trkpt lat="43.361540" lon="-3.188350"/>
      <trkpt lat="43.361460" lon="-3.188170"/>
      <trkpt lat="43.361370" lon="-3.187970"/>
      <trkpt lat="43.361290" lon="-3.187810"/>
      <trkpt lat="43.361100" lon="-3.187450"/>
      <trkpt lat="43.360890" lon="-3.187120"/>
      <trkpt lat="43.360680" lon="-3.186800"/>
      <trkpt lat="43.360450" lon="-3.186500"/>
      <trkpt lat="43.360110" lon="-3.186120"/>
      <trkpt lat="43.359600" lon="-3.185640"/>
      <trkpt lat="43.359090" lon="-3.185170"/>
      <trkpt lat="43.358130" lon="-3.184300"/>
      <trkpt lat="43.357610" lon="-3.183830"/>
      <trkpt lat="43.357070" lon="-3.183390"/>
      <trkpt lat="43.356410" lon="-3.182880"/>
      <trkpt lat="43.355930" lon="-3.182530"/>
      <trkpt lat="43.355560" lon="-3.182240"/>
      <trkpt lat="43.355300" lon="-3.181990"/>
      <trkpt lat="43.355090" lon="-3.181790"/>
      <trkpt lat="43.354870" lon="-3.181550"/>
      <trkpt lat="43.354540" lon="-3.181100"/>
      <trkpt lat="43.354240" lon="-3.180580"/>
      <trkpt lat="43.353970" lon="-3.180050"/>
      <trkpt lat="43.353760" lon="-3.179440"/>
      <trkpt lat="43.353660" lon="-3.179040"/>
      <trkpt lat="43.353570" lon="-3.178530"/>
      <trkpt lat="43.353530" lon="-3.178130"/>
      <trkpt lat="43.353510" lon="-3.177740"/>
      <trkpt lat="43.353520" lon="-3.177270"/>
      <trkpt lat="43.353550" lon="-3.176800"/>
      <trkpt lat="43.353770" lon="-3.175000"/>
      <trkpt lat="43.353800" lon="-3.174640"/>
      <trkpt lat="43.353870" lon="-3.174080"/>
      <trkpt lat="43.353940" lon="-3.173440"/>
      <trkpt lat="43.354010" lon="-3.172860"/>
      <trkpt lat="43.354040" lon="-3.172260"/>
      <trkpt lat="43.354030" lon="-3.171830"/>
      <trkpt lat="43.354010" lon="-3.171510"/>
      <trkpt lat="43.353940" lon="-3.171090"/>
      <trkpt lat="43.353890" lon="-3.170770"/>
      <trkpt lat="43.353790" lon="-3.170390"/>
      <trkpt lat="43.353690" lon="-3.170100"/>
      <trkpt lat="43.353600" lon="-3.169850"/>
      <trkpt lat="43.353480" lon="-3.169580"/>
      <trkpt lat="43.353340" lon="-3.169290"/>
      <trkpt lat="43.353170" lon="-3.169000"/>
      <trkpt lat="43.352970" lon="-3.168710"/>
      <trkpt lat="43.352870" lon="-3.168580"/>
      <trkpt lat="43.352710" lon="-3.168400"/>
      <trkpt lat="43.352550" lon="-3.168240"/>
      <trkpt lat="43.352400" lon="-3.168100"/>
      <trkpt lat="43.352150" lon="-3.167880"/>
      <trkpt lat="43.351050" lon="-3.166980"/>
      <trkpt lat="43.350630" lon="-3.166640"/>
      <trkpt lat="43.350240" lon="-3.166300"/>
      <trkpt lat="43.349990" lon="-3.166070"/>
      <trkpt lat="43.349740" lon="-3.165830"/>
      <trkpt lat="43.349500" lon="-3.165560"/>
      <trkpt lat="43.349260" lon="-3.165280"/>
      <trkpt lat="43.348980" lon="-3.164910"/>
      <trkpt lat="43.348670" lon="-3.164510"/>
      <trkpt lat="43.348400" lon="-3.164070"/>
      <trkpt lat="43.348130" lon="-3.163620"/>
      <trkpt lat="43.347570" lon="-3.162600"/>
      <trkpt lat="43.347420" lon="-3.162310"/>
      <trkpt lat="43.347260" lon="-3.162030"/>
      <trkpt lat="43.346910" lon="-3.161510"/>
      <trkpt lat="43.346560" lon="-3.160950"/>
      <trkpt lat="43.345810" lon="-3.160050"/>
      <trkpt lat="43.345430" lon="-3.159610"/>
      <trkpt lat="43.345120" lon="-3.159270"/>
      <trkpt lat="43.344640" lon="-3.158710"/>
      <trkpt lat="43.344520" lon="-3.158570"/>
      <trkpt lat="43.344410" lon="-3.158440"/>
      <trkpt lat="43.344250" lon="-3.158230"/>
      <trkpt lat="43.344140" lon="-3.158090"/>
      <trkpt lat="43.343980" lon="-3.157870"/>
      <trkpt lat="43.343760" lon="-3.157570"/>
      <trkpt lat="43.343600" lon="-3.157320"/>
      <trkpt lat="43.343450" lon="-3.157100"/>
      <trkpt lat="43.343320" lon="-3.156890"/>
      <trkpt lat="43.343070" lon="-3.156460"/>
      <trkpt lat="43.342880" lon="-3.156110"/>
      <trkpt lat="43.342670" lon="-3.155700"/>
      <trkpt lat="43.342450" lon="-3.155240"/>
      <trkpt lat="43.342340" lon="-3.154990"/>
      <trkpt lat="43.342240" lon="-3.154730"/>
      <trkpt lat="43.342130" lon="-3.154460"/>
      <trkpt lat="43.342050" lon="-3.154250"/>
      <trkpt lat="43.341950" lon="-3.153990"/>
      <trkpt lat="43.341870" lon="-3.153760"/>
      <trkpt lat="43.341750" lon="-3.153410"/>
      <trkpt lat="43.341660" lon="-3.153090"/>
      <trkpt lat="43.341600" lon="-3.152830"/>
      <trkpt lat="43.341540" lon="-3.152540"/>
      <trkpt lat="43.341520" lon="-3.152390"/>
      <trkpt lat="43.341500" lon="-3.152210"/>
      <trkpt lat="43.341470" lon="-3.151850"/>
      <trkpt lat="43.341470" lon="-3.151500"/>
      <trkpt lat="43.341470" lon="-3.151300"/>
      <trkpt lat="43.341480" lon="-3.151140"/>
      <trkpt lat="43.341510" lon="-3.150830"/>
      <trkpt lat="43.341550" lon="-3.150540"/>
      <trkpt lat="43.341580" lon="-3.150380"/>
      <trkpt lat="43.341660" lon="-3.150020"/>
      <trkpt lat="43.341760" lon="-3.149690"/>
      <trkpt lat="43.341880" lon="-3.149370"/>
      <trkpt lat="43.342060" lon="-3.148940"/>
      <trkpt lat="43.342200" lon="-3.148670"/>
      <trkpt lat="43.342470" lon="-3.148130"/>
      <trkpt lat="43.342660" lon="-3.147750"/>
      <trkpt lat="43.342810" lon="-3.147440"/>
      <trkpt lat="43.342950" lon="-3.147040"/>
      <trkpt lat="43.343060" lon="-3.146720"/>
      <trkpt lat="43.343170" lon="-3.146250"/>
      <trkpt lat="43.343240" lon="-3.145820"/>
      <trkpt lat="43.343270" lon="-3.145410"/>
      <trkpt lat="43.343290" lon="-3.145000"/>
      <trkpt lat="43.343280" lon="-3.144710"/>
      <trkpt lat="43.343260" lon="-3.144430"/>
      <trkpt lat="43.343200" lon="-3.143960"/>
      <trkpt lat="43.343070" lon="-3.143070"/>
      <trkpt lat="43.342980" lon="-3.142300"/>
      <trkpt lat="43.342950" lon="-3.141900"/>
      <trkpt lat="43.342920" lon="-3.141570"/>
      <trkpt lat="43.342910" lon="-3.141460"/>
      <trkpt lat="43.342880" lon="-3.140880"/>
      <trkpt lat="43.342840" lon="-3.140330"/>
      <trkpt lat="43.342790" lon="-3.139860"/>
      <trkpt lat="43.342720" lon="-3.139340"/>
      <trkpt lat="43.342600" lon="-3.138670"/>
      <trkpt lat="43.342430" lon="-3.137920"/>
      <trkpt lat="43.342250" lon="-3.137180"/>
      <trkpt lat="43.342050" lon="-3.136320"/>
      <trkpt lat="43.341930" lon="-3.135720"/>
      <trkpt lat="43.341830" lon="-3.135100"/>
      <trkpt lat="43.341750" lon="-3.134570"/>
      <trkpt lat="43.341660" lon="-3.133880"/>
      <trkpt lat="43.341580" lon="-3.132880"/>
      <trkpt lat="43.341550" lon="-3.132290"/>
      <trkpt lat="43.341540" lon="-3.131880"/>
      <trkpt lat="43.341540" lon="-3.131460"/>
      <trkpt lat="43.341540" lon="-3.130930"/>
      <trkpt lat="43.341560" lon="-3.130360"/>
      <trkpt lat="43.341580" lon="-3.129940"/>
      <trkpt lat="43.341600" lon="-3.129620"/>
      <trkpt lat="43.341650" lon="-3.129100"/>
      <trkpt lat="43.341700" lon="-3.128640"/>
      <trkpt lat="43.341770" lon="-3.128070"/>
      <trkpt lat="43.341870" lon="-3.127420"/>
      <trkpt lat="43.341940" lon="-3.126930"/>
      <trkpt lat="43.342020" lon="-3.126370"/>
      <trkpt lat="43.342120" lon="-3.125740"/>
      <trkpt lat="43.342180" lon="-3.125280"/>
      <trkpt lat="43.342240" lon="-3.124860"/>
      <trkpt lat="43.342250" lon="-3.124680"/>
      <trkpt lat="43.342260" lon="-3.124540"/>
      <trkpt lat="43.342270" lon="-3.124390"/>
      <trkpt lat="43.342280" lon="-3.124240"/>
      <trkpt lat="43.342280" lon="-3.124090"/>
      <trkpt lat="43.342270" lon="-3.123970"/>
      <trkpt lat="43.342260" lon="-3.123850"/>
      <trkpt lat="43.342250" lon="-3.123630"/>
      <trkpt lat="43.342230" lon="-3.123420"/>
      <trkpt lat="43.342200" lon="-3.123220"/>
      <trkpt lat="43.342160" lon="-3.123030"/>
      <trkpt lat="43.342070" lon="-3.122640"/>
      <trkpt lat="43.341990" lon="-3.122360"/>
      <trkpt lat="43.341890" lon="-3.122060"/>
      <trkpt lat="43.341730" lon="-3.121740"/>
      <trkpt lat="43.341620" lon="-3.121520"/>
      <trkpt lat="43.341470" lon="-3.121270"/>
      <trkpt lat="43.341310" lon="-3.121020"/>
      <trkpt lat="43.341120" lon="-3.120780"/>
      <trkpt lat="43.340950" lon="-3.120570"/>
      <trkpt lat="43.340630" lon="-3.120180"/>
      <trkpt lat="43.340400" lon="-3.119840"/>
      <trkpt lat="43.340230" lon="-3.119520"/>
      <trkpt lat="43.340070" lon="-3.119200"/>
      <trkpt lat="43.339910" lon="-3.118850"/>
      <trkpt lat="43.339810" lon="-3.118560"/>
      <trkpt lat="43.339720" lon="-3.118290"/>
      <trkpt lat="43.339610" lon="-3.117810"/>
      <trkpt lat="43.339540" lon="-3.117400"/>
      <trkpt lat="43.339500" lon="-3.117090"/>
      <trkpt lat="43.339480" lon="-3.116780"/>
      <trkpt lat="43.339480" lon="-3.116520"/>
      <trkpt lat="43.339480" lon="-3.116320"/>
      <trkpt lat="43.339490" lon="-3.116030"/>
      <trkpt lat="43.339520" lon="-3.115740"/>
      <trkpt lat="43.339550" lon="-3.115440"/>
      <trkpt lat="43.339600" lon="-3.115130"/>
      <trkpt lat="43.339680" lon="-3.114780"/>
      <trkpt lat="43.339780" lon="-3.114480"/>
      <trkpt lat="43.339880" lon="-3.114170"/>
      <trkpt lat="43.340060" lon="-3.113730"/>
      <trkpt lat="43.340340" lon="-3.113020"/>
      <trkpt lat="43.340470" lon="-3.112700"/>
      <trkpt lat="43.340610" lon="-3.112290"/>
      <trkpt lat="43.340680" lon="-3.112020"/>
      <trkpt lat="43.340730" lon="-3.111750"/>
      <trkpt lat="43.340780" lon="-3.111400"/>
      <trkpt lat="43.340820" lon="-3.111050"/>
      <trkpt lat="43.340830" lon="-3.110640"/>
      <trkpt lat="43.340830" lon="-3.110320"/>
      <trkpt lat="43.340810" lon="-3.109990"/>
      <trkpt lat="43.340770" lon="-3.109640"/>
      <trkpt lat="43.340690" lon="-3.109200"/>
      <trkpt lat="43.340590" lon="-3.108770"/>
      <trkpt lat="43.340470" lon="-3.108410"/>
      <trkpt lat="43.340330" lon="-3.108050"/>
      <trkpt lat="43.340170" lon="-3.107750"/>
      <trkpt lat="43.340000" lon="-3.107460"/>
      <trkpt lat="43.339790" lon="-3.107140"/>
      <trkpt lat="43.339580" lon="-3.106860"/>
      <trkpt lat="43.339370" lon="-3.106630"/>
      <trkpt lat="43.339170" lon="-3.106450"/>
      <trkpt lat="43.338940" lon="-3.106260"/>
      <trkpt lat="43.338630" lon="-3.106060"/>
      <trkpt lat="43.338290" lon="-3.105900"/>
      <trkpt lat="43.337950" lon="-3.105770"/>
      <trkpt lat="43.337790" lon="-3.105710"/>
      <trkpt lat="43.337240" lon="-3.105550"/>
      <trkpt lat="43.336970" lon="-3.105450"/>
      <trkpt lat="43.336700" lon="-3.105340"/>
      <trkpt lat="43.336240" lon="-3.105130"/>
      <trkpt lat="43.335950" lon="-3.104980"/>
      <trkpt lat="43.335520" lon="-3.104710"/>
      <trkpt lat="43.335270" lon="-3.104550"/>
      <trkpt lat="43.334970" lon="-3.104330"/>
      <trkpt lat="43.334760" lon="-3.104170"/>
      <trkpt lat="43.334380" lon="-3.103840"/>
      <trkpt lat="43.334030" lon="-3.103500"/>
      <trkpt lat="43.333660" lon="-3.103120"/>
      <trkpt lat="43.333350" lon="-3.102770"/>
      <trkpt lat="43.332980" lon="-3.102360"/>
      <trkpt lat="43.332350" lon="-3.101640"/>
      <trkpt lat="43.332030" lon="-3.101260"/>
      <trkpt lat="43.331590" lon="-3.100750"/>
      <trkpt lat="43.331040" lon="-3.100080"/>
      <trkpt lat="43.330500" lon="-3.099440"/>
      <trkpt lat="43.329550" lon="-3.098260"/>
      <trkpt lat="43.329250" lon="-3.097840"/>
      <trkpt lat="43.329060" lon="-3.097530"/>
      <trkpt lat="43.328830" lon="-3.097100"/>
      <trkpt lat="43.328670" lon="-3.096730"/>
      <trkpt lat="43.328530" lon="-3.096360"/>
      <trkpt lat="43.328420" lon="-3.096020"/>
      <trkpt lat="43.328350" lon="-3.095770"/>
      <trkpt lat="43.328280" lon="-3.095490"/>
      <trkpt lat="43.328210" lon="-3.095100"/>
      <trkpt lat="43.328130" lon="-3.094520"/>
      <trkpt lat="43.328090" lon="-3.094070"/>
      <trkpt lat="43.328080" lon="-3.093720"/>
      <trkpt lat="43.328090" lon="-3.093260"/>
      <trkpt lat="43.328130" lon="-3.092650"/>
      <trkpt lat="43.328250" lon="-3.091960"/>
      <trkpt lat="43.328410" lon="-3.091280"/>
      <trkpt lat="43.328620" lon="-3.090690"/>
      <trkpt lat="43.328900" lon="-3.090060"/>
      <trkpt lat="43.329570" lon="-3.088680"/>
      <trkpt lat="43.329810" lon="-3.088030"/>
      <trkpt lat="43.329930" lon="-3.087600"/>
      <trkpt lat="43.330030" lon="-3.087120"/>
      <trkpt lat="43.330100" lon="-3.086670"/>
      <trkpt lat="43.330160" lon="-3.086200"/>
      <trkpt lat="43.330190" lon="-3.085750"/>
      <trkpt lat="43.330170" lon="-3.085070"/>
      <trkpt lat="43.330140" lon="-3.084720"/>
      <trkpt lat="43.330060" lon="-3.084190"/>
      <trkpt lat="43.329930" lon="-3.083400"/>
      <trkpt lat="43.329840" lon="-3.082920"/>
      <trkpt lat="43.329780" lon="-3.082460"/>
      <trkpt lat="43.329750" lon="-3.082180"/>
      <trkpt lat="43.329720" lon="-3.081800"/>
      <trkpt lat="43.329710" lon="-3.081430"/>
      <trkpt lat="43.329720" lon="-3.081140"/>
      <trkpt lat="43.329740" lon="-3.080640"/>
      <trkpt lat="43.329780" lon="-3.080310"/>
      <trkpt lat="43.329830" lon="-3.079980"/>
      <trkpt lat="43.329920" lon="-3.079520"/>
      <trkpt lat="43.330090" lon="-3.078700"/>
      <trkpt lat="43.330190" lon="-3.078200"/>
      <trkpt lat="43.330260" lon="-3.077810"/>
      <trkpt lat="43.330320" lon="-3.077380"/>
      <trkpt lat="43.330350" lon="-3.077030"/>
      <trkpt lat="43.330370" lon="-3.076640"/>
      <trkpt lat="43.330370" lon="-3.076240"/>
      <trkpt lat="43.330360" lon="-3.075850"/>
      <trkpt lat="43.330340" lon="-3.075540"/>
      <trkpt lat="43.330300" lon="-3.075190"/>
      <trkpt lat="43.330270" lon="-3.074910"/>
      <trkpt lat="43.330220" lon="-3.074620"/>
      <trkpt lat="43.330180" lon="-3.074380"/>
      <trkpt lat="43.330120" lon="-3.074090"/>
      <trkpt lat="43.330060" lon="-3.073880"/>
      <trkpt lat="43.329950" lon="-3.073480"/>
      <trkpt lat="43.329770" lon="-3.072930"/>
      <trkpt lat="43.329550" lon="-3.072340"/>
      <trkpt lat="43.329370" lon="-3.071920"/>
      <trkpt lat="43.329120" lon="-3.071350"/>
      <trkpt lat="43.329030" lon="-3.071120"/>
      <trkpt lat="43.328860" lon="-3.070730"/>
      <trkpt lat="43.328510" lon="-3.069980"/>
      <trkpt lat="43.328120" lon="-3.069160"/>
      <trkpt lat="43.327750" lon="-3.068410"/>
      <trkpt lat="43.326490" lon="-3.065920"/>
      <trkpt lat="43.326350" lon="-3.065630"/>
      <trkpt lat="43.326160" lon="-3.065260"/>
      <trkpt lat="43.326000" lon="-3.064920"/>
      <trkpt lat="43.325700" lon="-3.064330"/>
      <trkpt lat="43.325330" lon="-3.063490"/>
      <trkpt lat="43.325120" lon="-3.062990"/>
      <trkpt lat="43.324910" lon="-3.062470"/>
      <trkpt lat="43.324750" lon="-3.062090"/>
      <trkpt lat="43.324300" lon="-3.060890"/>
      <trkpt lat="43.323930" lon="-3.059810"/>
      <trkpt lat="43.323580" lon="-3.058750"/>
      <trkpt lat="43.323400" lon="-3.058100"/>
      <trkpt lat="43.323210" lon="-3.057480"/>
      <trkpt lat="43.323020" lon="-3.056830"/>
      <trkpt lat="43.322820" lon="-3.056190"/>
      <trkpt lat="43.322710" lon="-3.055820"/>
      <trkpt lat="43.322570" lon="-3.055430"/>
      <trkpt lat="43.322470" lon="-3.055150"/>
      <trkpt lat="43.322340" lon="-3.054820"/>
      <trkpt lat="43.322170" lon="-3.054450"/>
      <trkpt lat="43.321990" lon="-3.054080"/>
      <trkpt lat="43.321740" lon="-3.053560"/>
      <trkpt lat="43.321520" lon="-3.053190"/>
      <trkpt lat="43.321300" lon="-3.052870"/>
      <trkpt lat="43.320930" lon="-3.052370"/>
      <trkpt lat="43.320520" lon="-3.051910"/>
      <trkpt lat="43.320110" lon="-3.051500"/>
      <trkpt lat="43.319790" lon="-3.051240"/>
      <trkpt lat="43.319460" lon="-3.050970"/>
      <trkpt lat="43.319110" lon="-3.050730"/>
      <trkpt lat="43.318700" lon="-3.050460"/>
      <trkpt lat="43.318450" lon="-3.050290"/>
      <trkpt lat="43.318160" lon="-3.050080"/>
      <trkpt lat="43.317840" lon="-3.049860"/>
      <trkpt lat="43.317470" lon="-3.049560"/>
      <trkpt lat="43.316990" lon="-3.049050"/>
      <trkpt lat="43.316560" lon="-3.048580"/>
      <trkpt lat="43.316090" lon="-3.047950"/>
      <trkpt lat="43.315690" lon="-3.047370"/>
      <trkpt lat="43.315400" lon="-3.046830"/>
      <trkpt lat="43.315230" lon="-3.046500"/>
      <trkpt lat="43.314990" lon="-3.045970"/>
      <trkpt lat="43.314730" lon="-3.045360"/>
      <trkpt lat="43.314490" lon="-3.044670"/>
      <trkpt lat="43.314320" lon="-3.044120"/>
      <trkpt lat="43.314150" lon="-3.043560"/>
      <trkpt lat="43.313940" lon="-3.042870"/>
      <trkpt lat="43.313670" lon="-3.041940"/>
      <trkpt lat="43.313370" lon="-3.040970"/>
      <trkpt lat="43.313200" lon="-3.040380"/>
      <trkpt lat="43.313000" lon="-3.039770"/>
      <trkpt lat="43.312810" lon="-3.039190"/>
      <trkpt lat="43.312670" lon="-3.038620"/>
      <trkpt lat="43.312560" lon="-3.038140"/>
      <trkpt lat="43.312450" lon="-3.037550"/>
      <trkpt lat="43.312390" lon="-3.037220"/>
      <trkpt lat="43.312320" lon="-3.036770"/>
      <trkpt lat="43.312120" lon="-3.035410"/>
      <trkpt lat="43.312000" lon="-3.034620"/>
      <trkpt lat="43.311880" lon="-3.034010"/>
      <trkpt lat="43.311670" lon="-3.033270"/>
      <trkpt lat="43.311480" lon="-3.032700"/>
      <trkpt lat="43.311280" lon="-3.032190"/>
      <trkpt lat="43.310980" lon="-3.031560"/>
      <trkpt lat="43.310590" lon="-3.030850"/>
      <trkpt lat="43.310250" lon="-3.030360"/>
      <trkpt lat="43.309980" lon="-3.030020"/>
      <trkpt lat="43.309540" lon="-3.029550"/>
      <trkpt lat="43.309170" lon="-3.029210"/>
      <trkpt lat="43.308690" lon="-3.028810"/>
      <trkpt lat="43.308210" lon="-3.028430"/>
      <trkpt lat="43.307750" lon="-3.027970"/>
      <trkpt lat="43.307190" lon="-3.027350"/>
      <trkpt lat="43.306760" lon="-3.026760"/>
      <trkpt lat="43.306200" lon="-3.025910"/>
      <trkpt lat="43.305690" lon="-3.025270"/>
      <trkpt lat="43.305160" lon="-3.024740"/>
      <trkpt lat="43.304720" lon="-3.024410"/>
      <trkpt lat="43.304450" lon="-3.024260"/>
      <trkpt lat="43.303940" lon="-3.024030"/>
      <trkpt lat="43.303330" lon="-3.023900"/>
      <trkpt lat="43.302770" lon="-3.023840"/>
      <trkpt lat="43.302460" lon="-3.023800"/>
      <trkpt lat="43.302040" lon="-3.023750"/>
      <trkpt lat="43.301780" lon="-3.023690"/>
      <trkpt lat="43.301520" lon="-3.023620"/>
      <trkpt lat="43.301240" lon="-3.023530"/>
      <trkpt lat="43.300970" lon="-3.023410"/>
      <trkpt lat="43.300850" lon="-3.023350"/>
      <trkpt lat="43.300680" lon="-3.023250"/>
      <trkpt lat="43.300400" lon="-3.023060"/>
      <trkpt lat="43.299810" lon="-3.022630"/>
      <trkpt lat="43.299520" lon="-3.022400"/>
      <trkpt lat="43.299300" lon="-3.022240"/>
      <trkpt lat="43.299110" lon="-3.022110"/>
      <trkpt lat="43.298880" lon="-3.021970"/>
      <trkpt lat="43.298710" lon="-3.021880"/>
      <trkpt lat="43.298440" lon="-3.021760"/>
      <trkpt lat="43.298180" lon="-3.021670"/>
      <trkpt lat="43.297910" lon="-3.021590"/>
      <trkpt lat="43.297560" lon="-3.021530"/>
      <trkpt lat="43.297200" lon="-3.021500"/>
      <trkpt lat="43.296990" lon="-3.021520"/>
      <trkpt lat="43.296760" lon="-3.021530"/>
      <trkpt lat="43.296550" lon="-3.021570"/>
      <trkpt lat="43.296220" lon="-3.021640"/>
      <trkpt lat="43.295610" lon="-3.021800"/>
      <trkpt lat="43.295210" lon="-3.021890"/>
      <trkpt lat="43.294740" lon="-3.021930"/>
      <trkpt lat="43.294380" lon="-3.021900"/>
      <trkpt lat="43.293960" lon="-3.021850"/>
      <trkpt lat="43.293570" lon="-3.021730"/>
      <trkpt lat="43.293380" lon="-3.021660"/>
      <trkpt lat="43.293290" lon="-3.021620"/>
      <trkpt lat="43.293030" lon="-3.021470"/>
      <trkpt lat="43.292260" lon="-3.020990"/>
      <trkpt lat="43.291320" lon="-3.020380"/>
      <trkpt lat="43.290170" lon="-3.019680"/>
      <trkpt lat="43.289940" lon="-3.019570"/>
      <trkpt lat="43.289370" lon="-3.019250"/>
      <trkpt lat="43.288010" lon="-3.018530"/>
      <trkpt lat="43.287690" lon="-3.018370"/>
      <trkpt lat="43.287040" lon="-3.018130"/>
      <trkpt lat="43.286030" lon="-3.017630"/>
      <trkpt lat="43.285500" lon="-3.017330"/>
      <trkpt lat="43.284970" lon="-3.016980"/>
      <trkpt lat="43.284400" lon="-3.016600"/>
      <trkpt lat="43.283830" lon="-3.016140"/>
      <trkpt lat="43.283330" lon="-3.015730"/>
      <trkpt lat="43.282820" lon="-3.015260"/>
      <trkpt lat="43.282310" lon="-3.014730"/>
      <trkpt lat="43.281860" lon="-3.014220"/>
      <trkpt lat="43.281310" lon="-3.013560"/>
      <trkpt lat="43.280810" lon="-3.012930"/>
      <trkpt lat="43.280250" lon="-3.012070"/>
      <trkpt lat="43.279730" lon="-3.011250"/>
      <trkpt lat="43.279330" lon="-3.010440"/>
      <trkpt lat="43.278940" lon="-3.009670"/>
      <trkpt lat="43.278600" lon="-3.008960"/>
      <trkpt lat="43.278190" lon="-3.008040"/>
      <trkpt lat="43.277860" lon="-3.007300"/>
      <trkpt lat="43.277500" lon="-3.006500"/>
      <trkpt lat="43.277070" lon="-3.005640"/>
      <trkpt lat="43.276540" lon="-3.004650"/>
      <trkpt lat="43.276090" lon="-3.003880"/>
      <trkpt lat="43.275890" lon="-3.003590"/>
      <trkpt lat="43.274890" lon="-3.002130"/>
      <trkpt lat="43.274270" lon="-3.001360"/>
      <trkpt lat="43.273820" lon="-3.000810"/>
      <trkpt lat="43.273250" lon="-3.000180"/>
      <trkpt lat="43.272590" lon="-2.999540"/>
      <trkpt lat="43.271950" lon="-2.999000"/>
      <trkpt lat="43.271440" lon="-2.998590"/>
      <trkpt lat="43.270700" lon="-2.998030"/>
      <trkpt lat="43.269890" lon="-2.997500"/>
      <trkpt lat="43.269200" lon="-2.997110"/>
      <trkpt lat="43.268190" lon="-2.996590"/>
      <trkpt lat="43.267430" lon="-2.996270"/>
      <trkpt lat="43.266580" lon="-2.995900"/>
      <trkpt lat="43.265630" lon="-2.995500"/>
      <trkpt lat="43.264710" lon="-2.995140"/>
      <trkpt lat="43.263800" lon="-2.994640"/>
      <trkpt lat="43.263050" lon="-2.994160"/>
      <trkpt lat="43.262080" lon="-2.993450"/>
      <trkpt lat="43.261230" lon="-2.992720"/>
      <trkpt lat="43.260500" lon="-2.991980"/>
      <trkpt lat="43.259790" lon="-2.991190"/>
      <trkpt lat="43.259130" lon="-2.990370"/>
      <trkpt lat="43.258660" lon="-2.989700"/>
      <trkpt lat="43.258170" lon="-2.988940"/>
      <trkpt lat="43.257630" lon="-2.988040"/>
      <trkpt lat="43.257050" lon="-2.986930"/>
      <trkpt lat="43.256600" lon="-2.985960"/>
      <trkpt lat="43.256090" lon="-2.984840"/>
      <trkpt lat="43.255560" lon="-2.983660"/>
      <trkpt lat="43.255060" lon="-2.982480"/>
      <trkpt lat="43.254580" lon="-2.981450"/>
      <trkpt lat="43.254160" lon="-2.980520"/>
      <trkpt lat="43.253460" lon="-2.978920"/>
      <trkpt lat="43.253100" lon="-2.978160"/>
      <trkpt lat="43.252900" lon="-2.977750"/>
      <trkpt lat="43.252570" lon="-2.977050"/>
      <trkpt lat="43.252260" lon="-2.976460"/>
      <trkpt lat="43.251890" lon="-2.975820"/>
      <trkpt lat="43.251520" lon="-2.975200"/>
      <trkpt lat="43.251220" lon="-2.974760"/>
      <trkpt lat="43.250840" lon="-2.974220"/>
      <trkpt lat="43.250430" lon="-2.973640"/>
      <trkpt lat="43.250110" lon="-2.973170"/>
      <trkpt lat="43.249190" lon="-2.971820"/>
      <trkpt lat="43.248630" lon="-2.970990"/>
      <trkpt lat="43.248110" lon="-2.970190"/>
      <trkpt lat="43.247610" lon="-2.969430"/>
      <trkpt lat="43.246850" lon="-2.968260"/>
      <trkpt lat="43.246260" lon="-2.967310"/>
      <trkpt lat="43.245600" lon="-2.966310"/>
      <trkpt lat="43.244910" lon="-2.965350"/>
      <trkpt lat="43.244440" lon="-2.964610"/>
      <trkpt lat="43.243850" lon="-2.963840"/>
      <trkpt lat="43.243210" lon="-2.962970"/>
      <trkpt lat="43.242730" lon="-2.962370"/>
      <trkpt lat="43.241820" lon="-2.961160"/>
      <trkpt lat="43.241430" lon="-2.960580"/>
      <trkpt lat="43.240950" lon="-2.959820"/>
      <trkpt lat="43.240490" lon="-2.959060"/>
      <trkpt lat="43.240120" lon="-2.958310"/>
      <trkpt lat="43.239800" lon="-2.957570"/>
      <trkpt lat="43.239460" lon="-2.956750"/>
      <trkpt lat="43.239240" lon="-2.956220"/>
      <trkpt lat="43.238940" lon="-2.955300"/>
      <trkpt lat="43.238650" lon="-2.954380"/>
      <trkpt lat="43.238430" lon="-2.953480"/>
      <trkpt lat="43.238230" lon="-2.952650"/>
      <trkpt lat="43.238060" lon="-2.951900"/>
      <trkpt lat="43.237910" lon="-2.951190"/>
      <trkpt lat="43.237850" lon="-2.950790"/>
      <trkpt lat="43.237780" lon="-2.950330"/>
      <trkpt lat="43.237730" lon="-2.949990"/>
      <trkpt lat="43.237690" lon="-2.949590"/>
      <trkpt lat="43.237670" lon="-2.949320"/>
      <trkpt lat="43.237620" lon="-2.948830"/>
      <trkpt lat="43.237600" lon="-2.948330"/>
      <trkpt lat="43.237550" lon="-2.947590"/>
      <trkpt lat="43.237420" lon="-2.946550"/>
      <trkpt lat="43.237300" lon="-2.945700"/>
      <trkpt lat="43.237160" lon="-2.944920"/>
      <trkpt lat="43.237000" lon="-2.944120"/>
      <trkpt lat="43.236890" lon="-2.943610"/>
      <trkpt lat="43.236730" lon="-2.942930"/>
      <trkpt lat="43.236600" lon="-2.942450"/>
      <trkpt lat="43.236370" lon="-2.941640"/>
      <trkpt lat="43.236040" lon="-2.940620"/>
      <trkpt lat="43.235840" lon="-2.940090"/>
      <trkpt lat="43.235720" lon="-2.939790"/>
      <trkpt lat="43.235280" lon="-2.938810"/>
      <trkpt lat="43.234510" lon="-2.937270"/>
      <trkpt lat="43.233840" lon="-2.936150"/>
      <trkpt lat="43.233140" lon="-2.935010"/>
      <trkpt lat="43.230650" lon="-2.931310"/>
      <trkpt lat="43.227260" lon="-2.926290"/>
      <trkpt lat="43.226860" lon="-2.925710"/>
      <trkpt lat="43.226140" lon="-2.924590"/>
      <trkpt lat="43.225890" lon="-2.924210"/>
      <trkpt lat="43.225560" lon="-2.923710"/>
      <trkpt lat="43.225220" lon="-2.923170"/>
      <trkpt lat="43.224910" lon="-2.922660"/>
      <trkpt lat="43.224640" lon="-2.922180"/>
      <trkpt lat="43.224340" lon="-2.921610"/>
      <trkpt lat="43.224070" lon="-2.921060"/>
      <trkpt lat="43.223840" lon="-2.920520"/>
      <trkpt lat="43.223520" lon="-2.919750"/>
      <trkpt lat="43.222960" lon="-2.918220"/>
      <trkpt lat="43.222460" lon="-2.916920"/>
      <trkpt lat="43.221890" lon="-2.915370"/>
      <trkpt lat="43.221280" lon="-2.913660"/>
      <trkpt lat="43.220990" lon="-2.912900"/>
      <trkpt lat="43.220650" lon="-2.912230"/>
      <trkpt lat="43.220410" lon="-2.911740"/>
      <trkpt lat="43.220200" lon="-2.911340"/>
      <trkpt lat="43.220020" lon="-2.911040"/>
      <trkpt lat="43.219930" lon="-2.910890"/>
      <trkpt lat="43.219830" lon="-2.910740"/>
      <trkpt lat="43.219580" lon="-2.910370"/>
      <trkpt lat="43.219190" lon="-2.909790"/>
      <trkpt lat="43.218880" lon="-2.909320"/>
      <trkpt lat="43.218660" lon="-2.908960"/>
      <trkpt lat="43.218490" lon="-2.908650"/>
      <trkpt lat="43.218310" lon="-2.908320"/>
      <trkpt lat="43.218080" lon="-2.907840"/>
      <trkpt lat="43.217910" lon="-2.907430"/>
      <trkpt lat="43.217730" lon="-2.907010"/>
      <trkpt lat="43.217570" lon="-2.906550"/>
      <trkpt lat="43.217420" lon="-2.906110"/>
      <trkpt lat="43.217300" lon="-2.905700"/>
      <trkpt lat="43.217180" lon="-2.905220"/>
      <trkpt lat="43.217080" lon="-2.904660"/>
      <trkpt lat="43.217040" lon="-2.904470"/>
      <trkpt lat="43.216990" lon="-2.904230"/>
      <trkpt lat="43.216920" lon="-2.903860"/>
      <trkpt lat="43.216880" lon="-2.903690"/>
      <trkpt lat="43.216840" lon="-2.903440"/>
      <trkpt lat="43.216770" lon="-2.903030"/>
      <trkpt lat="43.216720" lon="-2.902640"/>
      <trkpt lat="43.216580" lon="-2.901790"/>
      <trkpt lat="43.216530" lon="-2.901430"/>
      <trkpt lat="43.216470" lon="-2.901090"/>
      <trkpt lat="43.216440" lon="-2.900920"/>
      <trkpt lat="43.216400" lon="-2.900760"/>
      <trkpt lat="43.216350" lon="-2.900530"/>
      <trkpt lat="43.216310" lon="-2.900360"/>
      <trkpt lat="43.216270" lon="-2.900180"/>
      <trkpt lat="43.216210" lon="-2.899960"/>
      <trkpt lat="43.216150" lon="-2.899760"/>
      <trkpt lat="43.216080" lon="-2.899540"/>
      <trkpt lat="43.215970" lon="-2.899260"/>
      <trkpt lat="43.215920" lon="-2.899110"/>
      <trkpt lat="43.215860" lon="-2.898950"/>
      <trkpt lat="43.215770" lon="-2.898760"/>
      <trkpt lat="43.215700" lon="-2.898610"/>
      <trkpt lat="43.215610" lon="-2.898440"/>
      <trkpt lat="43.215430" lon="-2.898100"/>
      <trkpt lat="43.215270" lon="-2.897830"/>
      <trkpt lat="43.215110" lon="-2.897580"/>
      <trkpt lat="43.214990" lon="-2.897420"/>
      <trkpt lat="43.214820" lon="-2.897210"/>
      <trkpt lat="43.214680" lon="-2.897040"/>
      <trkpt lat="43.214520" lon="-2.896870"/>
      <trkpt lat="43.214320" lon="-2.896650"/>
      <trkpt lat="43.214090" lon="-2.896450"/>
      <trkpt lat="43.213890" lon="-2.896290"/>
      <trkpt lat="43.213630" lon="-2.896100"/>
      <trkpt lat="43.213480" lon="-2.895990"/>
      <trkpt lat="43.213260" lon="-2.895880"/>
      <trkpt lat="43.213060" lon="-2.895770"/>
      <trkpt lat="43.212840" lon="-2.895670"/>
      <trkpt lat="43.212680" lon="-2.895610"/>
      <trkpt lat="43.212500" lon="-2.895530"/>
      <trkpt lat="43.212300" lon="-2.895470"/>
      <trkpt lat="43.212070" lon="-2.895420"/>
      <trkpt lat="43.211840" lon="-2.895370"/>
      <trkpt lat="43.211620" lon="-2.895350"/>
      <trkpt lat="43.211190" lon="-2.895310"/>
      <trkpt lat="43.210820" lon="-2.895260"/>
      <trkpt lat="43.210450" lon="-2.895210"/>
      <trkpt lat="43.210170" lon="-2.895160"/>
      <trkpt lat="43.209930" lon="-2.895100"/>
      <trkpt lat="43.209510" lon="-2.894970"/>
      <trkpt lat="43.209010" lon="-2.894750"/>
      <trkpt lat="43.208840" lon="-2.894660"/>
      <trkpt lat="43.208680" lon="-2.894570"/>
      <trkpt lat="43.208510" lon="-2.894470"/>
      <trkpt lat="43.208260" lon="-2.894300"/>
      <trkpt lat="43.208090" lon="-2.894190"/>
      <trkpt lat="43.207850" lon="-2.894030"/>
      <trkpt lat="43.207550" lon="-2.893800"/>
      <trkpt lat="43.207390" lon="-2.893700"/>
      <trkpt lat="43.207240" lon="-2.893590"/>
      <trkpt lat="43.206900" lon="-2.893390"/>
      <trkpt lat="43.206670" lon="-2.893270"/>
      <trkpt lat="43.206370" lon="-2.893130"/>
      <trkpt lat="43.206060" lon="-2.893010"/>
      <trkpt lat="43.205850" lon="-2.892930"/>
      <trkpt lat="43.205610" lon="-2.892870"/>
      <trkpt lat="43.205480" lon="-2.892840"/>
      <trkpt lat="43.205340" lon="-2.892810"/>
      <trkpt lat="43.205170" lon="-2.892780"/>
      <trkpt lat="43.205010" lon="-2.892750"/>
      <trkpt lat="43.204840" lon="-2.892720"/>
      <trkpt lat="43.204660" lon="-2.892710"/>
      <trkpt lat="43.204560" lon="-2.892700"/>
      <trkpt lat="43.204260" lon="-2.892700"/>
      <trkpt lat="43.203930" lon="-2.892720"/>
      <trkpt lat="43.203620" lon="-2.892750"/>
      <trkpt lat="43.202580" lon="-2.893000"/>
      <trkpt lat="43.202150" lon="-2.893140"/>
      <trkpt lat="43.201750" lon="-2.893340"/>
      <trkpt lat="43.201470" lon="-2.893480"/>
      <trkpt lat="43.200850" lon="-2.893890"/>
      <trkpt lat="43.200150" lon="-2.894480"/>
      <trkpt lat="43.199770" lon="-2.894840"/>
      <trkpt lat="43.199230" lon="-2.895350"/>
      <trkpt lat="43.198830" lon="-2.895710"/>
      <trkpt lat="43.198560" lon="-2.895940"/>
      <trkpt lat="43.198280" lon="-2.896130"/>
      <trkpt lat="43.197960" lon="-2.896330"/>
      <trkpt lat="43.197630" lon="-2.896490"/>
      <trkpt lat="43.196840" lon="-2.896810"/>
      <trkpt lat="43.196430" lon="-2.896970"/>
      <trkpt lat="43.196020" lon="-2.897070"/>
      <trkpt lat="43.195300" lon="-2.897140"/>
      <trkpt lat="43.194500" lon="-2.897110"/>
      <trkpt lat="43.193220" lon="-2.896850"/>
      <trkpt lat="43.192500" lon="-2.896610"/>
      <trkpt lat="43.191630" lon="-2.896330"/>
      <trkpt lat="43.191040" lon="-2.896070"/>
      <trkpt lat="43.190820" lon="-2.895970"/>
      <trkpt lat="43.189890" lon="-2.895480"/>
      <trkpt lat="43.189260" lon="-2.895130"/>
      <trkpt lat="43.188590" lon="-2.894870"/>
      <trkpt lat="43.188310" lon="-2.894790"/>
      <trkpt lat="43.187960" lon="-2.894710"/>
      <trkpt lat="43.187620" lon="-2.894670"/>
      <trkpt lat="43.187030" lon="-2.894640"/>
      <trkpt lat="43.186520" lon="-2.894670"/>
      <trkpt lat="43.185840" lon="-2.894780"/>
      <trkpt lat="43.185120" lon="-2.894990"/>
      <trkpt lat="43.184480" lon="-2.895280"/>
      <trkpt lat="43.183830" lon="-2.895640"/>
      <trkpt lat="43.183720" lon="-2.895710"/>
      <trkpt lat="43.183360" lon="-2.895980"/>
      <trkpt lat="43.183140" lon="-2.896170"/>
      <trkpt lat="43.182770" lon="-2.896530"/>
      <trkpt lat="43.182550" lon="-2.896770"/>
      <trkpt lat="43.182300" lon="-2.897050"/>
      <trkpt lat="43.182070" lon="-2.897300"/>
      <trkpt lat="43.181950" lon="-2.897430"/>
      <trkpt lat="43.181770" lon="-2.897630"/>
      <trkpt lat="43.181400" lon="-2.898010"/>
      <trkpt lat="43.181300" lon="-2.898110"/>
      <trkpt lat="43.180930" lon="-2.898440"/>
      <trkpt lat="43.180450" lon="-2.898830"/>
      <trkpt lat="43.180200" lon="-2.899020"/>
      <trkpt lat="43.179770" lon="-2.899350"/>
      <trkpt lat="43.179520" lon="-2.899540"/>
      <trkpt lat="43.179240" lon="-2.899760"/>
      <trkpt lat="43.179100" lon="-2.899870"/>
      <trkpt lat="43.178840" lon="-2.900100"/>
      <trkpt lat="43.178460" lon="-2.900460"/>
      <trkpt lat="43.178330" lon="-2.900600"/>
      <trkpt lat="43.177920" lon="-2.901060"/>
      <trkpt lat="43.177520" lon="-2.901560"/>
      <trkpt lat="43.177210" lon="-2.902010"/>
      <trkpt lat="43.176820" lon="-2.902610"/>
      <trkpt lat="43.176460" lon="-2.903270"/>
      <trkpt lat="43.176260" lon="-2.903710"/>
      <trkpt lat="43.175740" lon="-2.905000"/>
      <trkpt lat="43.175570" lon="-2.905530"/>
      <trkpt lat="43.175410" lon="-2.906140"/>
      <trkpt lat="43.175260" lon="-2.906770"/>
      <trkpt lat="43.175150" lon="-2.907370"/>
      <trkpt lat="43.175050" lon="-2.907930"/>
      <trkpt lat="43.174860" lon="-2.909190"/>
      <trkpt lat="43.174760" lon="-2.909760"/>
      <trkpt lat="43.174630" lon="-2.910340"/>
      <trkpt lat="43.174490" lon="-2.910870"/>
      <trkpt lat="43.174330" lon="-2.911400"/>
      <trkpt lat="43.174110" lon="-2.911990"/>
      <trkpt lat="43.173980" lon="-2.912320"/>
      <trkpt lat="43.173830" lon="-2.912660"/>
      <trkpt lat="43.173480" lon="-2.913360"/>
      <trkpt lat="43.173310" lon="-2.913680"/>
      <trkpt lat="43.173100" lon="-2.914070"/>
      <trkpt lat="43.172920" lon="-2.914350"/>
      <trkpt lat="43.172730" lon="-2.914610"/>
      <trkpt lat="43.172230" lon="-2.915230"/>
      <trkpt lat="43.171960" lon="-2.915540"/>
      <trkpt lat="43.171590" lon="-2.915930"/>
      <trkpt lat="43.171300" lon="-2.916200"/>
      <trkpt lat="43.170970" lon="-2.916470"/>
      <trkpt lat="43.170220" lon="-2.917000"/>
      <trkpt lat="43.169530" lon="-2.917370"/>
      <trkpt lat="43.168980" lon="-2.917590"/>
      <trkpt lat="43.168350" lon="-2.917790"/>
      <trkpt lat="43.167370" lon="-2.918040"/>
      <trkpt lat="43.167170" lon="-2.918110"/>
      <trkpt lat="43.166650" lon="-2.918300"/>
      <trkpt lat="43.166130" lon="-2.918550"/>
      <trkpt lat="43.164650" lon="-2.919620"/>
      <trkpt lat="43.163540" lon="-2.920810"/>
      <trkpt lat="43.163070" lon="-2.921490"/>
      <trkpt lat="43.162510" lon="-2.922350"/>
      <trkpt lat="43.162130" lon="-2.922950"/>
      <trkpt lat="43.161890" lon="-2.923310"/>
      <trkpt lat="43.161640" lon="-2.923680"/>
      <trkpt lat="43.161340" lon="-2.924080"/>
      <trkpt lat="43.160990" lon="-2.924510"/>
      <trkpt lat="43.160570" lon="-2.924970"/>
      <trkpt lat="43.160140" lon="-2.925410"/>
      <trkpt lat="43.159770" lon="-2.925810"/>
      <trkpt lat="43.159280" lon="-2.926370"/>
      <trkpt lat="43.159040" lon="-2.926680"/>
      <trkpt lat="43.158710" lon="-2.927140"/>
      <trkpt lat="43.158360" lon="-2.927700"/>
      <trkpt lat="43.158150" lon="-2.928020"/>
      <trkpt lat="43.157980" lon="-2.928310"/>
      <trkpt lat="43.157770" lon="-2.928740"/>
      <trkpt lat="43.157490" lon="-2.929400"/>
      <trkpt lat="43.157270" lon="-2.929940"/>
      <trkpt lat="43.157180" lon="-2.930170"/>
      <trkpt lat="43.156730" lon="-2.931660"/>
      <trkpt lat="43.156500" lon="-2.932320"/>
      <trkpt lat="43.156360" lon="-2.932740"/>
      <trkpt lat="43.156200" lon="-2.933150"/>
      <trkpt lat="43.156040" lon="-2.933530"/>
      <trkpt lat="43.155900" lon="-2.933830"/>
      <trkpt lat="43.155710" lon="-2.934220"/>
      <trkpt lat="43.155440" lon="-2.934690"/>
      <trkpt lat="43.155090" lon="-2.935230"/>
      <trkpt lat="43.154610" lon="-2.935850"/>
      <trkpt lat="43.154290" lon="-2.936210"/>
      <trkpt lat="43.154010" lon="-2.936480"/>
      <trkpt lat="43.153830" lon="-2.936640"/>
      <trkpt lat="43.153640" lon="-2.936810"/>
      <trkpt lat="43.153240" lon="-2.937130"/>
      <trkpt lat="43.152900" lon="-2.937360"/>
      <trkpt lat="43.152500" lon="-2.937610"/>
      <trkpt lat="43.152040" lon="-2.937850"/>
      <trkpt lat="43.151780" lon="-2.937980"/>
      <trkpt lat="43.151530" lon="-2.938080"/>
      <trkpt lat="43.151010" lon="-2.938280"/>
      <trkpt lat="43.150570" lon="-2.938390"/>
      <trkpt lat="43.150140" lon="-2.938470"/>
      <trkpt lat="43.149630" lon="-2.938540"/>
      <trkpt lat="43.149230" lon="-2.938570"/>
      <trkpt lat="43.148680" lon="-2.938570"/>
      <trkpt lat="43.148210" lon="-2.938530"/>
      <trkpt lat="43.147680" lon="-2.938450"/>
      <trkpt lat="43.147200" lon="-2.938350"/>
      <trkpt lat="43.146520" lon="-2.938190"/>
      <trkpt lat="43.145840" lon="-2.938000"/>
      <trkpt lat="43.144490" lon="-2.937590"/>
      <trkpt lat="43.143590" lon="-2.937300"/>
      <trkpt lat="43.142630" lon="-2.936950"/>
      <trkpt lat="43.141750" lon="-2.936630"/>
      <trkpt lat="43.140630" lon="-2.936160"/>
      <trkpt lat="43.140390" lon="-2.936050"/>
      <trkpt lat="43.140200" lon="-2.936000"/>
      <trkpt lat="43.139920" lon="-2.935970"/>
      <trkpt lat="43.139750" lon="-2.935940"/>
      <trkpt lat="43.139540" lon="-2.935900"/>
      <trkpt lat="43.139350" lon="-2.935850"/>
      <trkpt lat="43.139130" lon="-2.935750"/>
      <trkpt lat="43.139050" lon="-2.935720"/>
      <trkpt lat="43.138990" lon="-2.935680"/>
      <trkpt lat="43.138720" lon="-2.935560"/>
      <trkpt lat="43.138480" lon="-2.935390"/>
      <trkpt lat="43.138260" lon="-2.935210"/>
      <trkpt lat="43.138160" lon="-2.935110"/>
      <trkpt lat="43.138070" lon="-2.935030"/>
      <trkpt lat="43.137860" lon="-2.934850"/>
      <trkpt lat="43.137480" lon="-2.934630"/>
      <trkpt lat="43.137080" lon="-2.934430"/>
      <trkpt lat="43.136010" lon="-2.933840"/>
      <trkpt lat="43.135560" lon="-2.933550"/>
      <trkpt lat="43.135080" lon="-2.933240"/>
      <trkpt lat="43.134800" lon="-2.933030"/>
      <trkpt lat="43.134560" lon="-2.932840"/>
      <trkpt lat="43.134080" lon="-2.932410"/>
      <trkpt lat="43.133580" lon="-2.931910"/>
      <trkpt lat="43.133130" lon="-2.931390"/>
      <trkpt lat="43.132920" lon="-2.931130"/>
      <trkpt lat="43.132640" lon="-2.930730"/>
      <trkpt lat="43.132310" lon="-2.930220"/>
      <trkpt lat="43.132130" lon="-2.929930"/>
      <trkpt lat="43.131890" lon="-2.929520"/>
      <trkpt lat="43.131730" lon="-2.929200"/>
      <trkpt lat="43.131440" lon="-2.928570"/>
      <trkpt lat="43.130880" lon="-2.927370"/>
      <trkpt lat="43.130620" lon="-2.926810"/>
      <trkpt lat="43.130390" lon="-2.926390"/>
      <trkpt lat="43.130130" lon="-2.925920"/>
      <trkpt lat="43.129860" lon="-2.925500"/>
      <trkpt lat="43.129660" lon="-2.925210"/>
      <trkpt lat="43.129470" lon="-2.924950"/>
      <trkpt lat="43.129040" lon="-2.924410"/>
      <trkpt lat="43.128480" lon="-2.923800"/>
      <trkpt lat="43.127550" lon="-2.922790"/>
      <trkpt lat="43.127280" lon="-2.922450"/>
      <trkpt lat="43.127020" lon="-2.922120"/>
      <trkpt lat="43.126760" lon="-2.921760"/>
      <trkpt lat="43.126530" lon="-2.921410"/>
      <trkpt lat="43.125790" lon="-2.920260"/>
      <trkpt lat="43.125470" lon="-2.919790"/>
      <trkpt lat="43.125070" lon="-2.919250"/>
      <trkpt lat="43.124800" lon="-2.918930"/>
      <trkpt lat="43.124540" lon="-2.918640"/>
      <trkpt lat="43.124160" lon="-2.918250"/>
      <trkpt lat="43.123770" lon="-2.917900"/>
      <trkpt lat="43.123390" lon="-2.917600"/>
      <trkpt lat="43.123010" lon="-2.917320"/>
      <trkpt lat="43.122670" lon="-2.917100"/>
      <trkpt lat="43.122340" lon="-2.916910"/>
      <trkpt lat="43.122070" lon="-2.916770"/>
      <trkpt lat="43.121730" lon="-2.916610"/>
      <trkpt lat="43.121370" lon="-2.916470"/>
      <trkpt lat="43.120980" lon="-2.916340"/>
      <trkpt lat="43.120530" lon="-2.916220"/>
      <trkpt lat="43.120100" lon="-2.916130"/>
      <trkpt lat="43.119500" lon="-2.916040"/>
      <trkpt lat="43.118920" lon="-2.915960"/>
      <trkpt lat="43.118490" lon="-2.915890"/>
      <trkpt lat="43.118170" lon="-2.915820"/>
      <trkpt lat="43.117750" lon="-2.915710"/>
      <trkpt lat="43.117320" lon="-2.915570"/>
      <trkpt lat="43.116000" lon="-2.915060"/>
      <trkpt lat="43.115290" lon="-2.914820"/>
      <trkpt lat="43.114790" lon="-2.914680"/>
      <trkpt lat="43.114190" lon="-2.914550"/>
      <trkpt lat="43.113710" lon="-2.914480"/>
      <trkpt lat="43.113420" lon="-2.914440"/>
      <trkpt lat="43.113000" lon="-2.914420"/>
      <trkpt lat="43.112540" lon="-2.914410"/>
      <trkpt lat="43.112090" lon="-2.914430"/>
      <trkpt lat="43.111630" lon="-2.914470"/>
      <trkpt lat="43.110660" lon="-2.914640"/>
      <trkpt lat="43.109850" lon="-2.914860"/>
      <trkpt lat="43.109010" lon="-2.915110"/>
      <trkpt lat="43.108520" lon="-2.915250"/>
      <trkpt lat="43.108080" lon="-2.915360"/>
      <trkpt lat="43.107670" lon="-2.915440"/>
      <trkpt lat="43.107230" lon="-2.915490"/>
      <trkpt lat="43.106560" lon="-2.915530"/>
      <trkpt lat="43.105850" lon="-2.915510"/>
      <trkpt lat="43.105080" lon="-2.915490"/>
      <trkpt lat="43.104500" lon="-2.915500"/>
      <trkpt lat="43.104190" lon="-2.915530"/>
      <trkpt lat="43.103780" lon="-2.915590"/>
      <trkpt lat="43.103420" lon="-2.915660"/>
      <trkpt lat="43.103030" lon="-2.915750"/>
      <trkpt lat="43.102660" lon="-2.915870"/>
      <trkpt lat="43.102270" lon="-2.916030"/>
      <trkpt lat="43.101840" lon="-2.916230"/>
      <trkpt lat="43.101420" lon="-2.916450"/>
      <trkpt lat="43.100810" lon="-2.916840"/>
      <trkpt lat="43.100040" lon="-2.917340"/>
      <trkpt lat="43.099690" lon="-2.917550"/>
      <trkpt lat="43.099240" lon="-2.917790"/>
      <trkpt lat="43.098800" lon="-2.918000"/>
      <trkpt lat="43.098370" lon="-2.918160"/>
      <trkpt lat="43.097840" lon="-2.918330"/>
      <trkpt lat="43.097200" lon="-2.918480"/>
      <trkpt lat="43.096660" lon="-2.918570"/>
      <trkpt lat="43.096180" lon="-2.918630"/>
      <trkpt lat="43.095730" lon="-2.918680"/>
      <trkpt lat="43.095240" lon="-2.918690"/>
      <trkpt lat="43.094630" lon="-2.918690"/>
      <trkpt lat="43.094020" lon="-2.918640"/>
      <trkpt lat="43.093510" lon="-2.918580"/>
      <trkpt lat="43.092860" lon="-2.918460"/>
      <trkpt lat="43.092240" lon="-2.918310"/>
      <trkpt lat="43.091470" lon="-2.918080"/>
      <trkpt lat="43.091140" lon="-2.917970"/>
      <trkpt lat="43.090820" lon="-2.917840"/>
      <trkpt lat="43.090380" lon="-2.917650"/>
      <trkpt lat="43.089730" lon="-2.917300"/>
      <trkpt lat="43.089170" lon="-2.916980"/>
      <trkpt lat="43.088520" lon="-2.916590"/>
      <trkpt lat="43.087530" lon="-2.915950"/>
      <trkpt lat="43.086590" lon="-2.915350"/>
      <trkpt lat="43.086250" lon="-2.915160"/>
      <trkpt lat="43.085940" lon="-2.915010"/>
      <trkpt lat="43.085510" lon="-2.914840"/>
      <trkpt lat="43.085100" lon="-2.914710"/>
      <trkpt lat="43.084660" lon="-2.914630"/>
      <trkpt lat="43.084250" lon="-2.914600"/>
      <trkpt lat="43.083920" lon="-2.914600"/>
      <trkpt lat="43.083590" lon="-2.914640"/>
      <trkpt lat="43.083190" lon="-2.914710"/>
      <trkpt lat="43.082890" lon="-2.914800"/>
      <trkpt lat="43.082520" lon="-2.914940"/>
      <trkpt lat="43.081220" lon="-2.915560"/>
      <trkpt lat="43.080900" lon="-2.915710"/>
      <trkpt lat="43.080550" lon="-2.915850"/>
      <trkpt lat="43.079900" lon="-2.916100"/>
      <trkpt lat="43.079390" lon="-2.916300"/>
      <trkpt lat="43.078970" lon="-2.916500"/>
      <trkpt lat="43.078510" lon="-2.916780"/>
      <trkpt lat="43.078200" lon="-2.917010"/>
      <trkpt lat="43.077940" lon="-2.917230"/>
      <trkpt lat="43.077700" lon="-2.917460"/>
      <trkpt lat="43.077360" lon="-2.917840"/>
      <trkpt lat="43.076820" lon="-2.918540"/>
      <trkpt lat="43.076310" lon="-2.919190"/>
      <trkpt lat="43.076010" lon="-2.919530"/>
      <trkpt lat="43.075690" lon="-2.919830"/>
      <trkpt lat="43.075270" lon="-2.920180"/>
      <trkpt lat="43.074570" lon="-2.920680"/>
      <trkpt lat="43.074260" lon="-2.920930"/>
      <trkpt lat="43.073980" lon="-2.921160"/>
      <trkpt lat="43.073830" lon="-2.921290"/>
      <trkpt lat="43.073690" lon="-2.921440"/>
      <trkpt lat="43.073490" lon="-2.921660"/>
      <trkpt lat="43.072810" lon="-2.922500"/>
      <trkpt lat="43.072330" lon="-2.923110"/>
      <trkpt lat="43.072040" lon="-2.923420"/>
      <trkpt lat="43.071780" lon="-2.923680"/>
      <trkpt lat="43.071460" lon="-2.923970"/>
      <trkpt lat="43.071130" lon="-2.924210"/>
      <trkpt lat="43.070570" lon="-2.924630"/>
      <trkpt lat="43.070160" lon="-2.924940"/>
      <trkpt lat="43.069860" lon="-2.925190"/>
      <trkpt lat="43.069510" lon="-2.925520"/>
      <trkpt lat="43.069190" lon="-2.925860"/>
      <trkpt lat="43.068920" lon="-2.926200"/>
      <trkpt lat="43.068660" lon="-2.926580"/>
      <trkpt lat="43.068400" lon="-2.927000"/>
      <trkpt lat="43.067690" lon="-2.928230"/>
      <trkpt lat="43.067350" lon="-2.928770"/>
      <trkpt lat="43.067070" lon="-2.929170"/>
      <trkpt lat="43.066720" lon="-2.929590"/>
      <trkpt lat="43.066420" lon="-2.929900"/>
      <trkpt lat="43.066070" lon="-2.930200"/>
      <trkpt lat="43.065660" lon="-2.930510"/>
      <trkpt lat="43.065260" lon="-2.930760"/>
      <trkpt lat="43.064880" lon="-2.930930"/>
      <trkpt lat="43.064460" lon="-2.931080"/>
      <trkpt lat="43.064050" lon="-2.931180"/>
      <trkpt lat="43.063680" lon="-2.931240"/>
      <trkpt lat="43.063350" lon="-2.931250"/>
      <trkpt lat="43.062730" lon="-2.931260"/>
      <trkpt lat="43.062120" lon="-2.931260"/>
      <trkpt lat="43.061680" lon="-2.931290"/>
      <trkpt lat="43.061240" lon="-2.931370"/>
      <trkpt lat="43.060810" lon="-2.931500"/>
      <trkpt lat="43.060370" lon="-2.931680"/>
      <trkpt lat="43.059280" lon="-2.932250"/>
      <trkpt lat="43.058950" lon="-2.932390"/>
      <trkpt lat="43.058530" lon="-2.932540"/>
      <trkpt lat="43.058170" lon="-2.932640"/>
      <trkpt lat="43.057730" lon="-2.932700"/>
      <trkpt lat="43.057490" lon="-2.932720"/>
      <trkpt lat="43.057200" lon="-2.932720"/>
      <trkpt lat="43.056920" lon="-2.932690"/>
      <trkpt lat="43.056590" lon="-2.932650"/>
      <trkpt lat="43.056130" lon="-2.932520"/>
      <trkpt lat="43.055780" lon="-2.932390"/>
      <trkpt lat="43.055410" lon="-2.932220"/>
      <trkpt lat="43.055020" lon="-2.931990"/>
      <trkpt lat="43.054600" lon="-2.931690"/>
      <trkpt lat="43.054330" lon="-2.931460"/>
      <trkpt lat="43.054060" lon="-2.931190"/>
      <trkpt lat="43.053770" lon="-2.930880"/>
      <trkpt lat="43.053510" lon="-2.930560"/>
      <trkpt lat="43.053200" lon="-2.930150"/>
      <trkpt lat="43.052700" lon="-2.929420"/>
      <trkpt lat="43.052230" lon="-2.928680"/>
      <trkpt lat="43.051700" lon="-2.927820"/>
      <trkpt lat="43.051370" lon="-2.927310"/>
      <trkpt lat="43.051120" lon="-2.926940"/>
      <trkpt lat="43.050850" lon="-2.926580"/>
      <trkpt lat="43.050530" lon="-2.926180"/>
      <trkpt lat="43.050160" lon="-2.925790"/>
      <trkpt lat="43.049810" lon="-2.925440"/>
      <trkpt lat="43.049380" lon="-2.925090"/>
      <trkpt lat="43.048970" lon="-2.924780"/>
      <trkpt lat="43.048530" lon="-2.924500"/>
      <trkpt lat="43.048170" lon="-2.924310"/>
      <trkpt lat="43.047790" lon="-2.924120"/>
      <trkpt lat="43.047470" lon="-2.923990"/>
      <trkpt lat="43.047080" lon="-2.923870"/>
      <trkpt lat="43.046620" lon="-2.923730"/>
      <trkpt lat="43.045910" lon="-2.923550"/>
      <trkpt lat="43.045440" lon="-2.923420"/>
      <trkpt lat="43.044870" lon="-2.923200"/>
      <trkpt lat="43.044320" lon="-2.922940"/>
      <trkpt lat="43.043920" lon="-2.922710"/>
      <trkpt lat="43.043480" lon="-2.922420"/>
      <trkpt lat="43.043060" lon="-2.922130"/>
      <trkpt lat="43.042750" lon="-2.921910"/>
      <trkpt lat="43.042230" lon="-2.921570"/>
      <trkpt lat="43.041850" lon="-2.921360"/>
      <trkpt lat="43.041370" lon="-2.921120"/>
      <trkpt lat="43.040850" lon="-2.920910"/>
      <trkpt lat="43.040280" lon="-2.920680"/>
      <trkpt lat="43.039710" lon="-2.920410"/>
      <trkpt lat="43.039370" lon="-2.920220"/>
      <trkpt lat="43.039030" lon="-2.920000"/>
      <trkpt lat="43.038590" lon="-2.919680"/>
      <trkpt lat="43.038540" lon="-2.919640"/>
      <trkpt lat="43.038090" lon="-2.919220"/>
      <trkpt lat="43.037730" lon="-2.918860"/>
      <trkpt lat="43.037300" lon="-2.918380"/>
      <trkpt lat="43.036840" lon="-2.917830"/>
      <trkpt lat="43.036200" lon="-2.917020"/>
      <trkpt lat="43.035860" lon="-2.916570"/>
      <trkpt lat="43.035540" lon="-2.916180"/>
      <trkpt lat="43.035210" lon="-2.915780"/>
      <trkpt lat="43.034590" lon="-2.915100"/>
      <trkpt lat="43.033980" lon="-2.914510"/>
      <trkpt lat="43.033290" lon="-2.913940"/>
      <trkpt lat="43.032550" lon="-2.913400"/>
      <trkpt lat="43.031680" lon="-2.912880"/>
      <trkpt lat="43.030790" lon="-2.912460"/>
      <trkpt lat="43.030250" lon="-2.912250"/>
      <trkpt lat="43.029740" lon="-2.912090"/>
      <trkpt lat="43.029150" lon="-2.911940"/>
      <trkpt lat="43.028690" lon="-2.911870"/>
      <trkpt lat="43.028220" lon="-2.911830"/>
      <trkpt lat="43.027870" lon="-2.911810"/>
      <trkpt lat="43.027460" lon="-2.911830"/>
      <trkpt lat="43.026960" lon="-2.911880"/>
      <trkpt lat="43.026380" lon="-2.911980"/>
      <trkpt lat="43.025420" lon="-2.912220"/>
      <trkpt lat="43.024290" lon="-2.912460"/>
      <trkpt lat="43.023740" lon="-2.912550"/>
      <trkpt lat="43.023320" lon="-2.912580"/>
      <trkpt lat="43.022880" lon="-2.912590"/>
      <trkpt lat="43.022650" lon="-2.912580"/>
      <trkpt lat="43.022390" lon="-2.912550"/>
      <trkpt lat="43.021960" lon="-2.912470"/>
      <trkpt lat="43.021660" lon="-2.912380"/>
      <trkpt lat="43.021330" lon="-2.912260"/>
      <trkpt lat="43.021060" lon="-2.912130"/>
      <trkpt lat="43.020680" lon="-2.911910"/>
      <trkpt lat="43.020270" lon="-2.911630"/>
      <trkpt lat="43.019760" lon="-2.911180"/>
      <trkpt lat="43.019290" lon="-2.910730"/>
      <trkpt lat="43.018820" lon="-2.910220"/>
      <trkpt lat="43.018360" lon="-2.909690"/>
      <trkpt lat="43.017520" lon="-2.908640"/>
      <trkpt lat="43.017020" lon="-2.907980"/>
      <trkpt lat="43.015880" lon="-2.906490"/>
      <trkpt lat="43.015250" lon="-2.905730"/>
      <trkpt lat="43.014670" lon="-2.905090"/>
      <trkpt lat="43.014090" lon="-2.904520"/>
      <trkpt lat="43.013820" lon="-2.904270"/>
      <trkpt lat="43.013400" lon="-2.903900"/>
      <trkpt lat="43.013010" lon="-2.903600"/>
      <trkpt lat="43.012530" lon="-2.903290"/>
      <trkpt lat="43.011980" lon="-2.903040"/>
      <trkpt lat="43.011600" lon="-2.902890"/>
      <trkpt lat="43.011220" lon="-2.902710"/>
      <trkpt lat="43.010580" lon="-2.902370"/>
      <trkpt lat="43.010220" lon="-2.902120"/>
      <trkpt lat="43.009930" lon="-2.901890"/>
      <trkpt lat="43.009570" lon="-2.901550"/>
      <trkpt lat="43.009270" lon="-2.901230"/>
      <trkpt lat="43.009050" lon="-2.900930"/>
      <trkpt lat="43.008830" lon="-2.900620"/>
      <trkpt lat="43.008240" lon="-2.899710"/>
      <trkpt lat="43.007920" lon="-2.899230"/>
      <trkpt lat="43.007630" lon="-2.898860"/>
      <trkpt lat="43.007400" lon="-2.898600"/>
      <trkpt lat="43.007190" lon="-2.898380"/>
      <trkpt lat="43.006590" lon="-2.897860"/>
      <trkpt lat="43.006110" lon="-2.897540"/>
      <trkpt lat="43.005300" lon="-2.897070"/>
      <trkpt lat="43.004890" lon="-2.896810"/>
      <trkpt lat="43.004450" lon="-2.896480"/>
      <trkpt lat="43.004060" lon="-2.896140"/>
      <trkpt lat="43.003650" lon="-2.895700"/>
      <trkpt lat="43.003320" lon="-2.895300"/>
      <trkpt lat="43.002940" lon="-2.894750"/>
      <trkpt lat="43.002630" lon="-2.894230"/>
      <trkpt lat="43.002350" lon="-2.893700"/>
      <trkpt lat="43.002160" lon="-2.893280"/>
      <trkpt lat="43.001950" lon="-2.892810"/>
      <trkpt lat="43.001240" lon="-2.891080"/>
      <trkpt lat="43.000720" lon="-2.889840"/>
      <trkpt lat="43.000350" lon="-2.889050"/>
      <trkpt lat="43.000030" lon="-2.888410"/>
      <trkpt lat="42.999550" lon="-2.887500"/>
      <trkpt lat="42.998990" lon="-2.886500"/>
      <trkpt lat="42.998560" lon="-2.885700"/>
      <trkpt lat="42.998310" lon="-2.885180"/>
      <trkpt lat="42.998050" lon="-2.884580"/>
      <trkpt lat="42.997830" lon="-2.884050"/>
      <trkpt lat="42.997550" lon="-2.883310"/>
      <trkpt lat="42.997290" lon="-2.882600"/>
      <trkpt lat="42.997020" lon="-2.881870"/>
      <trkpt lat="42.996810" lon="-2.881330"/>
      <trkpt lat="42.996600" lon="-2.880820"/>
      <trkpt lat="42.996430" lon="-2.880440"/>
      <trkpt lat="42.996250" lon="-2.880090"/>
      <trkpt lat="42.996030" lon="-2.879710"/>
      <trkpt lat="42.995850" lon="-2.879410"/>
      <trkpt lat="42.995640" lon="-2.879100"/>
      <trkpt lat="42.995430" lon="-2.878810"/>
      <trkpt lat="42.995240" lon="-2.878570"/>
      <trkpt lat="42.994940" lon="-2.878230"/>
      <trkpt lat="42.994850" lon="-2.878140"/>
      <trkpt lat="42.994650" lon="-2.877920"/>
      <trkpt lat="42.994280" lon="-2.877560"/>
      <trkpt lat="42.993310" lon="-2.876700"/>
      <trkpt lat="42.992590" lon="-2.876030"/>
      <trkpt lat="42.991860" lon="-2.875270"/>
      <trkpt lat="42.991350" lon="-2.874650"/>
      <trkpt lat="42.990940" lon="-2.874130"/>
      <trkpt lat="42.990500" lon="-2.873530"/>
      <trkpt lat="42.989970" lon="-2.872770"/>
      <trkpt lat="42.989860" lon="-2.872600"/>
      <trkpt lat="42.989230" lon="-2.871760"/>
      <trkpt lat="42.988940" lon="-2.871410"/>
      <trkpt lat="42.988610" lon="-2.871070"/>
      <trkpt lat="42.988290" lon="-2.870790"/>
      <trkpt lat="42.988060" lon="-2.870610"/>
      <trkpt lat="42.987720" lon="-2.870380"/>
      <trkpt lat="42.987460" lon="-2.870230"/>
      <trkpt lat="42.987160" lon="-2.870100"/>
      <trkpt lat="42.986710" lon="-2.869930"/>
      <trkpt lat="42.986280" lon="-2.869830"/>
      <trkpt lat="42.986010" lon="-2.869790"/>
      <trkpt lat="42.985760" lon="-2.869770"/>
      <trkpt lat="42.985320" lon="-2.869770"/>
      <trkpt lat="42.984930" lon="-2.869800"/>
      <trkpt lat="42.984510" lon="-2.869860"/>
      <trkpt lat="42.984190" lon="-2.869940"/>
      <trkpt lat="42.983780" lon="-2.870070"/>
      <trkpt lat="42.983510" lon="-2.870180"/>
      <trkpt lat="42.983150" lon="-2.870370"/>
      <trkpt lat="42.982840" lon="-2.870570"/>
      <trkpt lat="42.982640" lon="-2.870710"/>
      <trkpt lat="42.982440" lon="-2.870880"/>
      <trkpt lat="42.982110" lon="-2.871170"/>
      <trkpt lat="42.981760" lon="-2.871550"/>
      <trkpt lat="42.981290" lon="-2.872100"/>
      <trkpt lat="42.980890" lon="-2.872580"/>
      <trkpt lat="42.980460" lon="-2.873040"/>
      <trkpt lat="42.979930" lon="-2.873530"/>
      <trkpt lat="42.979610" lon="-2.873770"/>
      <trkpt lat="42.979260" lon="-2.874010"/>
      <trkpt lat="42.977840" lon="-2.874800"/>
      <trkpt lat="42.977010" lon="-2.875320"/>
      <trkpt lat="42.976580" lon="-2.875680"/>
      <trkpt lat="42.976190" lon="-2.876060"/>
      <trkpt lat="42.975420" lon="-2.876870"/>
      <trkpt lat="42.975030" lon="-2.877220"/>
      <trkpt lat="42.974610" lon="-2.877540"/>
      <trkpt lat="42.974140" lon="-2.877800"/>
      <trkpt lat="42.973650" lon="-2.878010"/>
      <trkpt lat="42.973220" lon="-2.878150"/>
      <trkpt lat="42.972790" lon="-2.878250"/>
      <trkpt lat="42.972280" lon="-2.878300"/>
      <trkpt lat="42.971840" lon="-2.878290"/>
      <trkpt lat="42.971540" lon="-2.878240"/>
      <trkpt lat="42.971210" lon="-2.878170"/>
      <trkpt lat="42.970740" lon="-2.878030"/>
      <trkpt lat="42.970370" lon="-2.877870"/>
      <trkpt lat="42.969950" lon="-2.877690"/>
      <trkpt lat="42.969650" lon="-2.877570"/>
      <trkpt lat="42.969230" lon="-2.877280"/>
      <trkpt lat="42.968840" lon="-2.877000"/>
      <trkpt lat="42.968400" lon="-2.876580"/>
      <trkpt lat="42.968130" lon="-2.876250"/>
      <trkpt lat="42.967710" lon="-2.875610"/>
      <trkpt lat="42.967360" lon="-2.874970"/>
      <trkpt lat="42.967070" lon="-2.874350"/>
      <trkpt lat="42.966760" lon="-2.873590"/>
      <trkpt lat="42.966550" lon="-2.873100"/>
      <trkpt lat="42.966360" lon="-2.872690"/>
      <trkpt lat="42.966230" lon="-2.872460"/>
      <trkpt lat="42.966070" lon="-2.872280"/>
      <trkpt lat="42.965950" lon="-2.872190"/>
      <trkpt lat="42.965820" lon="-2.872140"/>
      <trkpt lat="42.965720" lon="-2.872130"/>
      <trkpt lat="42.965610" lon="-2.872150"/>
      <trkpt lat="42.965490" lon="-2.872180"/>
      <trkpt lat="42.965220" lon="-2.872280"/>
      <trkpt lat="42.965090" lon="-2.872290"/>
      <trkpt lat="42.964970" lon="-2.872280"/>
      <trkpt lat="42.964850" lon="-2.872250"/>
      <trkpt lat="42.964720" lon="-2.872170"/>
      <trkpt lat="42.964610" lon="-2.872080"/>
      <trkpt lat="42.964510" lon="-2.871950"/>
      <trkpt lat="42.964420" lon="-2.871750"/>
      <trkpt lat="42.964350" lon="-2.871530"/>
      <trkpt lat="42.964300" lon="-2.871320"/>
      <trkpt lat="42.964280" lon="-2.871140"/>
      <trkpt lat="42.964260" lon="-2.870800"/>
      <trkpt lat="42.964280" lon="-2.870480"/>
      <trkpt lat="42.964320" lon="-2.870180"/>
      <trkpt lat="42.964400" lon="-2.869650"/>
      <trkpt lat="42.964470" lon="-2.869140"/>
      <trkpt lat="42.964520" lon="-2.868660"/>
      <trkpt lat="42.964530" lon="-2.868450"/>
      <trkpt lat="42.964540" lon="-2.868260"/>
      <trkpt lat="42.964530" lon="-2.868070"/>
      <trkpt lat="42.964520" lon="-2.867850"/>
      <trkpt lat="42.964460" lon="-2.867510"/>
      <trkpt lat="42.964400" lon="-2.867210"/>
      <trkpt lat="42.964390" lon="-2.867090"/>
      <trkpt lat="42.964370" lon="-2.867010"/>
      <trkpt lat="42.964330" lon="-2.866770"/>
      <trkpt lat="42.964270" lon="-2.866510"/>
      <trkpt lat="42.964160" lon="-2.866170"/>
      <trkpt lat="42.964030" lon="-2.865850"/>
      <trkpt lat="42.963890" lon="-2.865540"/>
      <trkpt lat="42.963730" lon="-2.865260"/>
      <trkpt lat="42.963590" lon="-2.865020"/>
      <trkpt lat="42.963460" lon="-2.864820"/>
      <trkpt lat="42.963250" lon="-2.864500"/>
      <trkpt lat="42.963090" lon="-2.864240"/>
      <trkpt lat="42.962990" lon="-2.864030"/>
      <trkpt lat="42.962910" lon="-2.863830"/>
      <trkpt lat="42.962770" lon="-2.863440"/>
      <trkpt lat="42.962700" lon="-2.863090"/>
      <trkpt lat="42.962650" lon="-2.862770"/>
      <trkpt lat="42.962630" lon="-2.862070"/>
      <trkpt lat="42.962670" lon="-2.861170"/>
      <trkpt lat="42.962810" lon="-2.857420"/>
      <trkpt lat="42.962850" lon="-2.856360"/>
      <trkpt lat="42.962890" lon="-2.855200"/>
      <trkpt lat="42.962920" lon="-2.853740"/>
      <trkpt lat="42.962910" lon="-2.852360"/>
      <trkpt lat="42.962820" lon="-2.851190"/>
      <trkpt lat="42.962700" lon="-2.850450"/>
      <trkpt lat="42.962550" lon="-2.849640"/>
      <trkpt lat="42.962290" lon="-2.848370"/>
      <trkpt lat="42.962050" lon="-2.847130"/>
      <trkpt lat="42.961820" lon="-2.845870"/>
      <trkpt lat="42.961640" lon="-2.844740"/>
      <trkpt lat="42.961480" lon="-2.843650"/>
      <trkpt lat="42.961340" lon="-2.842630"/>
      <trkpt lat="42.961210" lon="-2.841570"/>
      <trkpt lat="42.961040" lon="-2.839940"/>
      <trkpt lat="42.960900" lon="-2.838350"/>
      <trkpt lat="42.960810" lon="-2.837030"/>
      <trkpt lat="42.960750" lon="-2.835780"/>
      <trkpt lat="42.960720" lon="-2.834740"/>
      <trkpt lat="42.960710" lon="-2.833730"/>
      <trkpt lat="42.960710" lon="-2.833290"/>
      <trkpt lat="42.960750" lon="-2.831940"/>
      <trkpt lat="42.960840" lon="-2.830510"/>
      <trkpt lat="42.961060" lon="-2.828240"/>
      <trkpt lat="42.961150" lon="-2.827210"/>
      <trkpt lat="42.961220" lon="-2.826190"/>
      <trkpt lat="42.961250" lon="-2.825710"/>
      <trkpt lat="42.961280" lon="-2.824930"/>
      <trkpt lat="42.961280" lon="-2.824080"/>
      <trkpt lat="42.961280" lon="-2.823460"/>
      <trkpt lat="42.961250" lon="-2.822840"/>
      <trkpt lat="42.961210" lon="-2.821970"/>
      <trkpt lat="42.961120" lon="-2.820880"/>
      <trkpt lat="42.960880" lon="-2.818470"/>
      <trkpt lat="42.960700" lon="-2.816060"/>
      <trkpt lat="42.960620" lon="-2.814540"/>
      <trkpt lat="42.960560" lon="-2.813530"/>
      <trkpt lat="42.960480" lon="-2.812750"/>
      <trkpt lat="42.960400" lon="-2.812170"/>
      <trkpt lat="42.960270" lon="-2.811510"/>
      <trkpt lat="42.960140" lon="-2.810930"/>
      <trkpt lat="42.959990" lon="-2.810380"/>
      <trkpt lat="42.959840" lon="-2.809910"/>
      <trkpt lat="42.959710" lon="-2.809520"/>
      <trkpt lat="42.959560" lon="-2.809130"/>
      <trkpt lat="42.959260" lon="-2.808430"/>
      <trkpt lat="42.958990" lon="-2.807850"/>
      <trkpt lat="42.958680" lon="-2.807280"/>
      <trkpt lat="42.958380" lon="-2.806760"/>
      <trkpt lat="42.957820" lon="-2.805880"/>
      <trkpt lat="42.957100" lon="-2.804830"/>
      <trkpt lat="42.956650" lon="-2.804220"/>
      <trkpt lat="42.955760" lon="-2.803050"/>
      <trkpt lat="42.955020" lon="-2.802150"/>
      <trkpt lat="42.954320" lon="-2.801320"/>
      <trkpt lat="42.953700" lon="-2.800630"/>
      <trkpt lat="42.952250" lon="-2.799120"/>
      <trkpt lat="42.951760" lon="-2.798630"/>
      <trkpt lat="42.950640" lon="-2.797380"/>
      <trkpt lat="42.950020" lon="-2.796650"/>
      <trkpt lat="42.949470" lon="-2.795960"/>
      <trkpt lat="42.948920" lon="-2.795190"/>
      <trkpt lat="42.948530" lon="-2.794610"/>
      <trkpt lat="42.948240" lon="-2.794130"/>
      <trkpt lat="42.947860" lon="-2.793460"/>
      <trkpt lat="42.947410" lon="-2.792570"/>
      <trkpt lat="42.947160" lon="-2.792030"/>
      <trkpt lat="42.946900" lon="-2.791420"/>
      <trkpt lat="42.946690" lon="-2.790860"/>
      <trkpt lat="42.946510" lon="-2.790330"/>
      <trkpt lat="42.946410" lon="-2.789950"/>
      <trkpt lat="42.946250" lon="-2.789220"/>
      <trkpt lat="42.946160" lon="-2.788320"/>
      <trkpt lat="42.946100" lon="-2.787540"/>
      <trkpt lat="42.946060" lon="-2.786530"/>
      <trkpt lat="42.946040" lon="-2.785870"/>
      <trkpt lat="42.945960" lon="-2.784780"/>
      <trkpt lat="42.945880" lon="-2.784160"/>
      <trkpt lat="42.945800" lon="-2.783610"/>
      <trkpt lat="42.945700" lon="-2.783060"/>
      <trkpt lat="42.945530" lon="-2.782290"/>
      <trkpt lat="42.945310" lon="-2.781450"/>
      <trkpt lat="42.945120" lon="-2.780850"/>
      <trkpt lat="42.944970" lon="-2.780380"/>
      <trkpt lat="42.944710" lon="-2.779730"/>
      <trkpt lat="42.944530" lon="-2.779290"/>
      <trkpt lat="42.944290" lon="-2.778770"/>
      <trkpt lat="42.944020" lon="-2.778230"/>
      <trkpt lat="42.943790" lon="-2.777800"/>
      <trkpt lat="42.942990" lon="-2.776330"/>
      <trkpt lat="42.942690" lon="-2.775760"/>
      <trkpt lat="42.942080" lon="-2.774560"/>
      <trkpt lat="42.941770" lon="-2.773880"/>
      <trkpt lat="42.941510" lon="-2.773280"/>
      <trkpt lat="42.941310" lon="-2.772750"/>
      <trkpt lat="42.941170" lon="-2.772330"/>
      <trkpt lat="42.941000" lon="-2.771750"/>
      <trkpt lat="42.940900" lon="-2.771350"/>
      <trkpt lat="42.940830" lon="-2.771030"/>
      <trkpt lat="42.940750" lon="-2.770640"/>
      <trkpt lat="42.940620" lon="-2.769820"/>
      <trkpt lat="42.940570" lon="-2.769460"/>
      <trkpt lat="42.940530" lon="-2.769000"/>
      <trkpt lat="42.940500" lon="-2.768460"/>
      <trkpt lat="42.940490" lon="-2.767910"/>
      <trkpt lat="42.940500" lon="-2.767370"/>
      <trkpt lat="42.940530" lon="-2.766820"/>
      <trkpt lat="42.940560" lon="-2.766430"/>
      <trkpt lat="42.940620" lon="-2.765960"/>
      <trkpt lat="42.940700" lon="-2.765430"/>
      <trkpt lat="42.940780" lon="-2.764910"/>
      <trkpt lat="42.940910" lon="-2.764240"/>
      <trkpt lat="42.941070" lon="-2.763410"/>
      <trkpt lat="42.941190" lon="-2.762780"/>
      <trkpt lat="42.941260" lon="-2.762280"/>
      <trkpt lat="42.941310" lon="-2.761920"/>
      <trkpt lat="42.941350" lon="-2.761610"/>
      <trkpt lat="42.941400" lon="-2.761030"/>
      <trkpt lat="42.941420" lon="-2.760650"/>
      <trkpt lat="42.941430" lon="-2.760230"/>
      <trkpt lat="42.941430" lon="-2.759750"/>
      <trkpt lat="42.941420" lon="-2.759350"/>
      <trkpt lat="42.941400" lon="-2.758890"/>
      <trkpt lat="42.941350" lon="-2.758300"/>
      <trkpt lat="42.941290" lon="-2.757740"/>
      <trkpt lat="42.941220" lon="-2.757290"/>
      <trkpt lat="42.941130" lon="-2.756830"/>
      <trkpt lat="42.941040" lon="-2.756400"/>
      <trkpt lat="42.940910" lon="-2.755840"/>
      <trkpt lat="42.940740" lon="-2.755270"/>
      <trkpt lat="42.940580" lon="-2.754810"/>
      <trkpt lat="42.940430" lon="-2.754410"/>
      <trkpt lat="42.940280" lon="-2.754070"/>
      <trkpt lat="42.940130" lon="-2.753750"/>
      <trkpt lat="42.939910" lon="-2.753330"/>
      <trkpt lat="42.939710" lon="-2.752990"/>
      <trkpt lat="42.939310" lon="-2.752370"/>
      <trkpt lat="42.938580" lon="-2.751310"/>
      <trkpt lat="42.938080" lon="-2.750580"/>
      <trkpt lat="42.937480" lon="-2.749720"/>
      <trkpt lat="42.937110" lon="-2.749210"/>
      <trkpt lat="42.936850" lon="-2.748860"/>
      <trkpt lat="42.936420" lon="-2.748350"/>
      <trkpt lat="42.935760" lon="-2.747630"/>
      <trkpt lat="42.935100" lon="-2.746920"/>
      <trkpt lat="42.934080" lon="-2.745810"/>
      <trkpt lat="42.933920" lon="-2.745650"/>
      <trkpt lat="42.932810" lon="-2.744430"/>
      <trkpt lat="42.932550" lon="-2.744140"/>
      <trkpt lat="42.932340" lon="-2.743890"/>
      <trkpt lat="42.932030" lon="-2.743500"/>
      <trkpt lat="42.931770" lon="-2.743150"/>
      <trkpt lat="42.931530" lon="-2.742790"/>
      <trkpt lat="42.931280" lon="-2.742380"/>
      <trkpt lat="42.931020" lon="-2.741900"/>
      <trkpt lat="42.930770" lon="-2.741370"/>
      <trkpt lat="42.930530" lon="-2.740830"/>
      <trkpt lat="42.930320" lon="-2.740300"/>
      <trkpt lat="42.930110" lon="-2.739710"/>
      <trkpt lat="42.929650" lon="-2.738430"/>
      <trkpt lat="42.929440" lon="-2.737900"/>
      <trkpt lat="42.929260" lon="-2.737460"/>
      <trkpt lat="42.929040" lon="-2.737000"/>
      <trkpt lat="42.928820" lon="-2.736580"/>
      <trkpt lat="42.928660" lon="-2.736290"/>
      <trkpt lat="42.928460" lon="-2.735970"/>
      <trkpt lat="42.928040" lon="-2.735350"/>
      <trkpt lat="42.927530" lon="-2.734700"/>
      <trkpt lat="42.926980" lon="-2.734010"/>
      <trkpt lat="42.925940" lon="-2.732730"/>
      <trkpt lat="42.925150" lon="-2.731750"/>
      <trkpt lat="42.924920" lon="-2.731470"/>
      <trkpt lat="42.924240" lon="-2.730700"/>
      <trkpt lat="42.923830" lon="-2.730260"/>
      <trkpt lat="42.923280" lon="-2.729670"/>
      <trkpt lat="42.922670" lon="-2.729060"/>
      <trkpt lat="42.921870" lon="-2.728300"/>
      <trkpt lat="42.920860" lon="-2.727410"/>
      <trkpt lat="42.919350" lon="-2.726100"/>
      <trkpt lat="42.918550" lon="-2.725390"/>
      <trkpt lat="42.918070" lon="-2.724970"/>
      <trkpt lat="42.917430" lon="-2.724410"/>
      <trkpt lat="42.915910" lon="-2.723060"/>
      <trkpt lat="42.912930" lon="-2.720420"/>
      <trkpt lat="42.912560" lon="-2.720070"/>
      <trkpt lat="42.912120" lon="-2.719620"/>
      <trkpt lat="42.910430" lon="-2.717930"/>
      <trkpt lat="42.908600" lon="-2.716150"/>
      <trkpt lat="42.901470" lon="-2.709150"/>
      <trkpt lat="42.899790" lon="-2.707480"/>
      <trkpt lat="42.899430" lon="-2.707150"/>
      <trkpt lat="42.898610" lon="-2.706340"/>
      <trkpt lat="42.897400" lon="-2.705150"/>
      <trkpt lat="42.895850" lon="-2.703600"/>
      <trkpt lat="42.895390" lon="-2.703150"/>
      <trkpt lat="42.895120" lon="-2.702880"/>
      <trkpt lat="42.894260" lon="-2.702030"/>
      <trkpt lat="42.893420" lon="-2.701210"/>
      <trkpt lat="42.893320" lon="-2.701120"/>
      <trkpt lat="42.892800" lon="-2.700670"/>
      <trkpt lat="42.892150" lon="-2.700150"/>
      <trkpt lat="42.891240" lon="-2.699490"/>
      <trkpt lat="42.890290" lon="-2.698880"/>
      <trkpt lat="42.889580" lon="-2.698440"/>
      <trkpt lat="42.889180" lon="-2.698220"/>
      <trkpt lat="42.888960" lon="-2.698110"/>
      <trkpt lat="42.888580" lon="-2.697900"/>
      <trkpt lat="42.887970" lon="-2.697590"/>
      <trkpt lat="42.887840" lon="-2.697520"/>
      <trkpt lat="42.887510" lon="-2.697360"/>
      <trkpt lat="42.887130" lon="-2.697180"/>
      <trkpt lat="42.886320" lon="-2.696830"/>
      <trkpt lat="42.885520" lon="-2.696520"/>
      <trkpt lat="42.884510" lon="-2.696180"/>
      <trkpt lat="42.883540" lon="-2.695880"/>
      <trkpt lat="42.883390" lon="-2.695840"/>
      <trkpt lat="42.882010" lon="-2.695490"/>
      <trkpt lat="42.881160" lon="-2.695250"/>
      <trkpt lat="42.880390" lon="-2.695000"/>
      <trkpt lat="42.879760" lon="-2.694780"/>
      <trkpt lat="42.878690" lon="-2.694370"/>
      <trkpt lat="42.878250" lon="-2.694180"/>
      <trkpt lat="42.877570" lon="-2.693880"/>
      <trkpt lat="42.876740" lon="-2.693500"/>
      <trkpt lat="42.876500" lon="-2.693380"/>
      <trkpt lat="42.875440" lon="-2.692830"/>
      <trkpt lat="42.875160" lon="-2.692670"/>
      <trkpt lat="42.874830" lon="-2.692470"/>
      <trkpt lat="42.874480" lon="-2.692260"/>
      <trkpt lat="42.873930" lon="-2.691930"/>
      <trkpt lat="42.873540" lon="-2.691680"/>
      <trkpt lat="42.873030" lon="-2.691340"/>
      <trkpt lat="42.872720" lon="-2.691120"/>
      <trkpt lat="42.872320" lon="-2.690860"/>
      <trkpt lat="42.872160" lon="-2.690760"/>
      <trkpt lat="42.871960" lon="-2.690640"/>
      <trkpt lat="42.871460" lon="-2.690410"/>
      <trkpt lat="42.871250" lon="-2.690330"/>
      <trkpt lat="42.871030" lon="-2.690230"/>
      <trkpt lat="42.870770" lon="-2.690120"/>
      <trkpt lat="42.870260" lon="-2.689870"/>
      <trkpt lat="42.870000" lon="-2.689690"/>
      <trkpt lat="42.869880" lon="-2.689620"/>
      <trkpt lat="42.869770" lon="-2.689540"/>
      <trkpt lat="42.869640" lon="-2.689450"/>
      <trkpt lat="42.869600" lon="-2.689420"/>
      <trkpt lat="42.869580" lon="-2.689410"/>
      <trkpt lat="42.869380" lon="-2.689270"/>
      <trkpt lat="42.868330" lon="-2.688560"/>
      <trkpt lat="42.868210" lon="-2.688470"/>
      <trkpt lat="42.868160" lon="-2.688440"/>
      <trkpt lat="42.868120" lon="-2.688410"/>
      <trkpt lat="42.868000" lon="-2.688340"/>
      <trkpt lat="42.867150" lon="-2.687750"/>
      <trkpt lat="42.866910" lon="-2.687590"/>
      <trkpt lat="42.866880" lon="-2.687570"/>
      <trkpt lat="42.866860" lon="-2.687560"/>
      <trkpt lat="42.866760" lon="-2.687490"/>
      <trkpt lat="42.866530" lon="-2.687330"/>
      <trkpt lat="42.866390" lon="-2.687250"/>
      <trkpt lat="42.866360" lon="-2.687230"/>
      <trkpt lat="42.866160" lon="-2.687090"/>
      <trkpt lat="42.865680" lon="-2.686770"/>
      <trkpt lat="42.865180" lon="-2.686420"/>
      <trkpt lat="42.864910" lon="-2.686240"/>
      <trkpt lat="42.864860" lon="-2.686200"/>
      <trkpt lat="42.864690" lon="-2.686090"/>
      <trkpt lat="42.863960" lon="-2.685590"/>
      <trkpt lat="42.863770" lon="-2.685470"/>
      <trkpt lat="42.863740" lon="-2.685450"/>
      <trkpt lat="42.863710" lon="-2.685430"/>
      <trkpt lat="42.863650" lon="-2.685380"/>
      <trkpt lat="42.863510" lon="-2.685290"/>
      <trkpt lat="42.863480" lon="-2.685270"/>
      <trkpt lat="42.863450" lon="-2.685250"/>
      <trkpt lat="42.863430" lon="-2.685230"/>
      <trkpt lat="42.863250" lon="-2.685110"/>
      <trkpt lat="42.863020" lon="-2.684950"/>
      <trkpt lat="42.862960" lon="-2.684910"/>
      <trkpt lat="42.862360" lon="-2.684490"/>
      <trkpt lat="42.861560" lon="-2.683960"/>
      <trkpt lat="42.861510" lon="-2.683930"/>
      <trkpt lat="42.861420" lon="-2.683870"/>
      <trkpt lat="42.861360" lon="-2.683830"/>
      <trkpt lat="42.860500" lon="-2.683260"/>
      <trkpt lat="42.860340" lon="-2.683130"/>
      <trkpt lat="42.859970" lon="-2.682880"/>
      <trkpt lat="42.859920" lon="-2.682840"/>
      <trkpt lat="42.859880" lon="-2.682820"/>
      <trkpt lat="42.859700" lon="-2.682690"/>
      <trkpt lat="42.859650" lon="-2.682660"/>
      <trkpt lat="42.859610" lon="-2.682630"/>
      <trkpt lat="42.859520" lon="-2.682570"/>
      <trkpt lat="42.859470" lon="-2.682540"/>
      <trkpt lat="42.859430" lon="-2.682500"/>
      <trkpt lat="42.859360" lon="-2.682460"/>
      <trkpt lat="42.859280" lon="-2.682410"/>
      <trkpt lat="42.859240" lon="-2.682410"/>
      <trkpt lat="42.859140" lon="-2.682420"/>
      <trkpt lat="42.859050" lon="-2.682400"/>
      <trkpt lat="42.858980" lon="-2.682390"/>
      <trkpt lat="42.858890" lon="-2.682340"/>
      <trkpt lat="42.858830" lon="-2.682290"/>
      <trkpt lat="42.858760" lon="-2.682210"/>
      <trkpt lat="42.858720" lon="-2.682110"/>
      <trkpt lat="42.858690" lon="-2.681990"/>
      <trkpt lat="42.858670" lon="-2.681870"/>
      <trkpt lat="42.858670" lon="-2.681740"/>
      <trkpt lat="42.858700" lon="-2.681620"/>
      <trkpt lat="42.858740" lon="-2.681500"/>
      <trkpt lat="42.858790" lon="-2.681390"/>
      <trkpt lat="42.858860" lon="-2.681310"/>
      <trkpt lat="42.858930" lon="-2.681250"/>
      <trkpt lat="42.859010" lon="-2.681200"/>
      <trkpt lat="42.859070" lon="-2.681180"/>
      <trkpt lat="42.859150" lon="-2.681120"/>
      <trkpt lat="42.859200" lon="-2.681050"/>
      <trkpt lat="42.859290" lon="-2.680940"/>
      <trkpt lat="42.859350" lon="-2.680850"/>
      <trkpt lat="42.859370" lon="-2.680810"/>
      <trkpt lat="42.859410" lon="-2.680720"/>
      <trkpt lat="42.859440" lon="-2.680620"/>
      <trkpt lat="42.859570" lon="-2.680200"/>
      <trkpt lat="42.860220" lon="-2.677960"/>
      <trkpt lat="42.860270" lon="-2.677760"/>
      <trkpt lat="42.860340" lon="-2.677550"/>
      <trkpt lat="42.860370" lon="-2.677450"/>
      <trkpt lat="42.860590" lon="-2.676490"/>
      <trkpt lat="42.860640" lon="-2.676320"/>
      <trkpt lat="42.860890" lon="-2.675440"/>
      <trkpt lat="42.860930" lon="-2.675300"/>
      <trkpt lat="42.860950" lon="-2.675230"/>
      <trkpt lat="42.860950" lon="-2.675180"/>
      <trkpt lat="42.860960" lon="-2.675130"/>
      <trkpt lat="42.860970" lon="-2.675030"/>
      <trkpt lat="42.860950" lon="-2.675000"/>
      <trkpt lat="42.860940" lon="-2.674960"/>
      <trkpt lat="42.860930" lon="-2.674920"/>
      <trkpt lat="42.860920" lon="-2.674880"/>
      <trkpt lat="42.860920" lon="-2.674830"/>
      <trkpt lat="42.860880" lon="-2.674790"/>
      <trkpt lat="42.860860" lon="-2.674750"/>
      <trkpt lat="42.860830" lon="-2.674720"/>
      <trkpt lat="42.860810" lon="-2.674700"/>
      <trkpt lat="42.860780" lon="-2.674690"/>
      <trkpt lat="42.860750" lon="-2.674670"/>
      <trkpt lat="42.859440" lon="-2.674140"/>
      <trkpt lat="42.859250" lon="-2.674060"/>
      <trkpt lat="42.859190" lon="-2.674030"/>
      <trkpt lat="42.859080" lon="-2.673990"/>
      <trkpt lat="42.858960" lon="-2.673940"/>
      <trkpt lat="42.858720" lon="-2.673860"/>
      <trkpt lat="42.858510" lon="-2.673760"/>
      <trkpt lat="42.858380" lon="-2.673710"/>
      <trkpt lat="42.858050" lon="-2.673590"/>
      <trkpt lat="42.857530" lon="-2.673560"/>
      <trkpt lat="42.857510" lon="-2.673560"/>
      <trkpt lat="42.857470" lon="-2.673550"/>
      <trkpt lat="42.857380" lon="-2.673550"/>
      <trkpt lat="42.857170" lon="-2.673530"/>
      <trkpt lat="42.857090" lon="-2.673530"/>
      <trkpt lat="42.856840" lon="-2.673500"/>
      <trkpt lat="42.856510" lon="-2.673490"/>
      <trkpt lat="42.856280" lon="-2.673470"/>
      <trkpt lat="42.856250" lon="-2.673470"/>
      <trkpt lat="42.856050" lon="-2.673450"/>
      <trkpt lat="42.855920" lon="-2.673440"/>
      <trkpt lat="42.855650" lon="-2.673420"/>
      <trkpt lat="42.855520" lon="-2.673420"/>
      <trkpt lat="42.855300" lon="-2.673390"/>
      <trkpt lat="42.855270" lon="-2.673510"/>
      <trkpt lat="42.854930" lon="-2.674770"/>
      <trkpt lat="42.854910" lon="-2.674840"/>
      <trkpt lat="42.854610" lon="-2.676020"/>
      <trkpt lat="42.854590" lon="-2.676080"/>
      <trkpt lat="42.854580" lon="-2.676140"/>
      <trkpt lat="42.854570" lon="-2.676210"/>
      <trkpt lat="42.854590" lon="-2.676310"/>
      <trkpt lat="42.854600" lon="-2.676360"/>
      <trkpt lat="42.854620" lon="-2.676460"/>
      <trkpt lat="42.854750" lon="-2.676410"/>
      <trkpt lat="42.854790" lon="-2.676400"/>
    </trkseg>
  </trk>
</gpx>