<?xml version="1.0" encoding="UTF-8"?>
<gpx version="1.1" creator="trip-planner"
     xmlns="http://www.topografix.com/GPX/1/1">
  <metadata>
    <name>Santander - Potes</name>
    <time>2026-08-08T07:58:38Z</time>
  </metadata>
  <wpt lat="43.455334" lon="-3.824443">
    <name>Santander</name>
  </wpt>
  <wpt lat="43.388891" lon="-4.107843">
    <name>Santillana del Mar</name>
  </wpt>
  <wpt lat="43.384996" lon="-4.290027">
    <name>Comillas</name>
  </wpt>
  <wpt lat="43.154381" lon="-4.622185">
    <name>Potes</name>
  </wpt>
  <trk>
    <name>Santander - Potes</name>
    <trkseg>
      <trkpt lat="43.455480" lon="-3.824670"/>
      <trkpt lat="43.455480" lon="-3.824670"/>
      <trkpt lat="43.455700" lon="-3.824680"/>
      <trkpt lat="43.455690" lon="-3.824860"/>
      <trkpt lat="43.455690" lon="-3.825020"/>
      <trkpt lat="43.455700" lon="-3.825160"/>
      <trkpt lat="43.455710" lon="-3.825240"/>
      <trkpt lat="43.455770" lon="-3.825580"/>
      <trkpt lat="43.455790" lon="-3.825710"/>
      <trkpt lat="43.455800" lon="-3.825760"/>
      <trkpt lat="43.455830" lon="-3.825910"/>
      <trkpt lat="43.455850" lon="-3.826020"/>
      <trkpt lat="43.455870" lon="-3.826120"/>
      <trkpt lat="43.455880" lon="-3.826170"/>
      <trkpt lat="43.455910" lon="-3.826160"/>
      <trkpt lat="43.455950" lon="-3.826360"/>
      <trkpt lat="43.455980" lon="-3.826540"/>
      <trkpt lat="43.455750" lon="-3.826620"/>
      <trkpt lat="43.455850" lon="-3.827100"/>
      <trkpt lat="43.455850" lon="-3.827140"/>
      <trkpt lat="43.455960" lon="-3.827100"/>
      <trkpt lat="43.456010" lon="-3.827090"/>
      <trkpt lat="43.456250" lon="-3.827010"/>
      <trkpt lat="43.456670" lon="-3.826860"/>
      <trkpt lat="43.456710" lon="-3.826850"/>
      <trkpt lat="43.456720" lon="-3.826930"/>
      <trkpt lat="43.456320" lon="-3.827070"/>
      <trkpt lat="43.456050" lon="-3.827170"/>
      <trkpt lat="43.455900" lon="-3.827220"/>
      <trkpt lat="43.455840" lon="-3.827240"/>
      <trkpt lat="43.455800" lon="-3.827250"/>
      <trkpt lat="43.455610" lon="-3.827310"/>
      <trkpt lat="43.455540" lon="-3.827330"/>
      <trkpt lat="43.455030" lon="-3.827520"/>
      <trkpt lat="43.454870" lon="-3.827570"/>
      <trkpt lat="43.454610" lon="-3.827650"/>
      <trkpt lat="43.454600" lon="-3.827660"/>
      <trkpt lat="43.454560" lon="-3.827670"/>
      <trkpt lat="43.454490" lon="-3.827710"/>
      <trkpt lat="43.454380" lon="-3.827790"/>
      <trkpt lat="43.454300" lon="-3.827900"/>
      <trkpt lat="43.454220" lon="-3.828010"/>
      <trkpt lat="43.454180" lon="-3.828080"/>
      <trkpt lat="43.454160" lon="-3.828190"/>
      <trkpt lat="43.454160" lon="-3.828260"/>
      <trkpt lat="43.454150" lon="-3.828320"/>
      <trkpt lat="43.454150" lon="-3.828350"/>
      <trkpt lat="43.454160" lon="-3.828430"/>
      <trkpt lat="43.454170" lon="-3.828510"/>
      <trkpt lat="43.454180" lon="-3.828650"/>
      <trkpt lat="43.454190" lon="-3.828690"/>
      <trkpt lat="43.454200" lon="-3.828720"/>
      <trkpt lat="43.454210" lon="-3.828760"/>
      <trkpt lat="43.454210" lon="-3.828800"/>
      <trkpt lat="43.454210" lon="-3.828840"/>
      <trkpt lat="43.454200" lon="-3.828900"/>
      <trkpt lat="43.454200" lon="-3.828940"/>
      <trkpt lat="43.454190" lon="-3.828970"/>
      <trkpt lat="43.454180" lon="-3.829010"/>
      <trkpt lat="43.454160" lon="-3.829050"/>
      <trkpt lat="43.454140" lon="-3.829090"/>
      <trkpt lat="43.454120" lon="-3.829110"/>
      <trkpt lat="43.454100" lon="-3.829140"/>
      <trkpt lat="43.454070" lon="-3.829170"/>
      <trkpt lat="43.454050" lon="-3.829180"/>
      <trkpt lat="43.454030" lon="-3.829200"/>
      <trkpt lat="43.454010" lon="-3.829210"/>
      <trkpt lat="43.453960" lon="-3.829230"/>
      <trkpt lat="43.453920" lon="-3.829240"/>
      <trkpt lat="43.453890" lon="-3.829250"/>
      <trkpt lat="43.453870" lon="-3.829250"/>
      <trkpt lat="43.453850" lon="-3.829250"/>
      <trkpt lat="43.453820" lon="-3.829250"/>
      <trkpt lat="43.453800" lon="-3.829250"/>
      <trkpt lat="43.453770" lon="-3.829230"/>
      <trkpt lat="43.453740" lon="-3.829210"/>
      <trkpt lat="43.453720" lon="-3.829190"/>
      <trkpt lat="43.453700" lon="-3.829170"/>
      <trkpt lat="43.453680" lon="-3.829140"/>
      <trkpt lat="43.453660" lon="-3.829100"/>
      <trkpt lat="43.453650" lon="-3.829080"/>
      <trkpt lat="43.453630" lon="-3.829050"/>
      <trkpt lat="43.453610" lon="-3.829000"/>
      <trkpt lat="43.453600" lon="-3.828960"/>
      <trkpt lat="43.453590" lon="-3.828920"/>
      <trkpt lat="43.453590" lon="-3.828840"/>
      <trkpt lat="43.453590" lon="-3.828750"/>
      <trkpt lat="43.453590" lon="-3.828710"/>
      <trkpt lat="43.453580" lon="-3.828660"/>
      <trkpt lat="43.453570" lon="-3.828610"/>
      <trkpt lat="43.453560" lon="-3.828560"/>
      <trkpt lat="43.453540" lon="-3.828520"/>
      <trkpt lat="43.453510" lon="-3.828470"/>
      <trkpt lat="43.453470" lon="-3.828420"/>
      <trkpt lat="43.453440" lon="-3.828390"/>
      <trkpt lat="43.453410" lon="-3.828370"/>
      <trkpt lat="43.453350" lon="-3.828340"/>
      <trkpt lat="43.453260" lon="-3.828290"/>
      <trkpt lat="43.453210" lon="-3.828260"/>
      <trkpt lat="43.453150" lon="-3.828230"/>
      <trkpt lat="43.453130" lon="-3.828220"/>
      <trkpt lat="43.452970" lon="-3.828140"/>
      <trkpt lat="43.452890" lon="-3.828100"/>
      <trkpt lat="43.452810" lon="-3.828060"/>
      <trkpt lat="43.452250" lon="-3.827750"/>
      <trkpt lat="43.452200" lon="-3.827720"/>
      <trkpt lat="43.452120" lon="-3.827680"/>
      <trkpt lat="43.451950" lon="-3.827640"/>
      <trkpt lat="43.451840" lon="-3.827660"/>
      <trkpt lat="43.451770" lon="-3.827720"/>
      <trkpt lat="43.451700" lon="-3.827750"/>
      <trkpt lat="43.451630" lon="-3.827940"/>
      <trkpt lat="43.451550" lon="-3.828200"/>
      <trkpt lat="43.451450" lon="-3.828500"/>
      <trkpt lat="43.451370" lon="-3.828710"/>
      <trkpt lat="43.451310" lon="-3.828860"/>
      <trkpt lat="43.451230" lon="-3.829040"/>
      <trkpt lat="43.451140" lon="-3.829190"/>
      <trkpt lat="43.451100" lon="-3.829250"/>
      <trkpt lat="43.451020" lon="-3.829360"/>
      <trkpt lat="43.450900" lon="-3.829490"/>
      <trkpt lat="43.450570" lon="-3.829780"/>
      <trkpt lat="43.450330" lon="-3.829950"/>
      <trkpt lat="43.449850" lon="-3.830310"/>
      <trkpt lat="43.449550" lon="-3.830540"/>
      <trkpt lat="43.449320" lon="-3.830710"/>
      <trkpt lat="43.448870" lon="-3.830980"/>
      <trkpt lat="43.448380" lon="-3.831350"/>
      <trkpt lat="43.446060" lon="-3.833060"/>
      <trkpt lat="43.444650" lon="-3.834100"/>
      <trkpt lat="43.444550" lon="-3.834170"/>
      <trkpt lat="43.443550" lon="-3.834900"/>
      <trkpt lat="43.443240" lon="-3.835190"/>
      <trkpt lat="43.442910" lon="-3.835430"/>
      <trkpt lat="43.442460" lon="-3.835760"/>
      <trkpt lat="43.441990" lon="-3.836070"/>
      <trkpt lat="43.441670" lon="-3.836240"/>
      <trkpt lat="43.441540" lon="-3.836320"/>
      <trkpt lat="43.440940" lon="-3.836610"/>
      <trkpt lat="43.440320" lon="-3.836880"/>
      <trkpt lat="43.440140" lon="-3.836950"/>
      <trkpt lat="43.440090" lon="-3.836970"/>
      <trkpt lat="43.439840" lon="-3.837060"/>
      <trkpt lat="43.439750" lon="-3.837090"/>
      <trkpt lat="43.439480" lon="-3.837170"/>
      <trkpt lat="43.439010" lon="-3.837300"/>
      <trkpt lat="43.438770" lon="-3.837360"/>
      <trkpt lat="43.438500" lon="-3.837420"/>
      <trkpt lat="43.438350" lon="-3.837440"/>
      <trkpt lat="43.438150" lon="-3.837470"/>
      <trkpt lat="43.437850" lon="-3.837520"/>
      <trkpt lat="43.437600" lon="-3.837560"/>
      <trkpt lat="43.437470" lon="-3.837580"/>
      <trkpt lat="43.437340" lon="-3.837600"/>
      <trkpt lat="43.437260" lon="-3.837630"/>
      <trkpt lat="43.437240" lon="-3.837630"/>
      <trkpt lat="43.437180" lon="-3.837660"/>
      <trkpt lat="43.437080" lon="-3.837700"/>
      <trkpt lat="43.436990" lon="-3.837740"/>
      <trkpt lat="43.436880" lon="-3.837800"/>
      <trkpt lat="43.436790" lon="-3.837870"/>
      <trkpt lat="43.436720" lon="-3.837920"/>
      <trkpt lat="43.436630" lon="-3.838000"/>
      <trkpt lat="43.436550" lon="-3.838080"/>
      <trkpt lat="43.436440" lon="-3.838210"/>
      <trkpt lat="43.436350" lon="-3.838330"/>
      <trkpt lat="43.436270" lon="-3.838460"/>
      <trkpt lat="43.436210" lon="-3.838570"/>
      <trkpt lat="43.436170" lon="-3.838670"/>
      <trkpt lat="43.436130" lon="-3.838770"/>
      <trkpt lat="43.436070" lon="-3.838920"/>
      <trkpt lat="43.436040" lon="-3.839040"/>
      <trkpt lat="43.436000" lon="-3.839220"/>
      <trkpt lat="43.435970" lon="-3.839380"/>
      <trkpt lat="43.435940" lon="-3.839570"/>
      <trkpt lat="43.435910" lon="-3.839800"/>
      <trkpt lat="43.435790" lon="-3.840950"/>
      <trkpt lat="43.435740" lon="-3.841610"/>
      <trkpt lat="43.435680" lon="-3.842190"/>
      <trkpt lat="43.435650" lon="-3.842610"/>
      <trkpt lat="43.435570" lon="-3.843420"/>
      <trkpt lat="43.435500" lon="-3.844260"/>
      <trkpt lat="43.435440" lon="-3.844900"/>
      <trkpt lat="43.435410" lon="-3.845300"/>
      <trkpt lat="43.435390" lon="-3.845510"/>
      <trkpt lat="43.435370" lon="-3.845720"/>
      <trkpt lat="43.435350" lon="-3.845920"/>
      <trkpt lat="43.435320" lon="-3.846130"/>
      <trkpt lat="43.435290" lon="-3.846330"/>
      <trkpt lat="43.435260" lon="-3.846530"/>
      <trkpt lat="43.435230" lon="-3.846730"/>
      <trkpt lat="43.435180" lon="-3.846940"/>
      <trkpt lat="43.435140" lon="-3.847140"/>
      <trkpt lat="43.435090" lon="-3.847330"/>
      <trkpt lat="43.435040" lon="-3.847520"/>
      <trkpt lat="43.434990" lon="-3.847720"/>
      <trkpt lat="43.434940" lon="-3.847910"/>
      <trkpt lat="43.434890" lon="-3.848120"/>
      <trkpt lat="43.434840" lon="-3.848320"/>
      <trkpt lat="43.434800" lon="-3.848510"/>
      <trkpt lat="43.434760" lon="-3.848710"/>
      <trkpt lat="43.434720" lon="-3.848910"/>
      <trkpt lat="43.434690" lon="-3.849120"/>
      <trkpt lat="43.434670" lon="-3.849310"/>
      <trkpt lat="43.434640" lon="-3.849520"/>
      <trkpt lat="43.434620" lon="-3.849730"/>
      <trkpt lat="43.434610" lon="-3.849940"/>
      <trkpt lat="43.434610" lon="-3.850130"/>
      <trkpt lat="43.434600" lon="-3.850350"/>
      <trkpt lat="43.434600" lon="-3.850410"/>
      <trkpt lat="43.434600" lon="-3.850570"/>
      <trkpt lat="43.434610" lon="-3.850770"/>
      <trkpt lat="43.434620" lon="-3.850990"/>
      <trkpt lat="43.434640" lon="-3.851190"/>
      <trkpt lat="43.434660" lon="-3.851390"/>
      <trkpt lat="43.434680" lon="-3.851600"/>
      <trkpt lat="43.434710" lon="-3.851810"/>
      <trkpt lat="43.434740" lon="-3.852010"/>
      <trkpt lat="43.434780" lon="-3.852210"/>
      <trkpt lat="43.434820" lon="-3.852410"/>
      <trkpt lat="43.434870" lon="-3.852610"/>
      <trkpt lat="43.434920" lon="-3.852810"/>
      <trkpt lat="43.434980" lon="-3.852980"/>
      <trkpt lat="43.435040" lon="-3.853180"/>
      <trkpt lat="43.435100" lon="-3.853360"/>
      <trkpt lat="43.435170" lon="-3.853550"/>
      <trkpt lat="43.435240" lon="-3.853730"/>
      <trkpt lat="43.435320" lon="-3.853910"/>
      <trkpt lat="43.435400" lon="-3.854090"/>
      <trkpt lat="43.435490" lon="-3.854260"/>
      <trkpt lat="43.435570" lon="-3.854430"/>
      <trkpt lat="43.435660" lon="-3.854600"/>
      <trkpt lat="43.435760" lon="-3.854760"/>
      <trkpt lat="43.435850" lon="-3.854930"/>
      <trkpt lat="43.435950" lon="-3.855090"/>
      <trkpt lat="43.436040" lon="-3.855250"/>
      <trkpt lat="43.436130" lon="-3.855420"/>
      <trkpt lat="43.436230" lon="-3.855580"/>
      <trkpt lat="43.436320" lon="-3.855740"/>
      <trkpt lat="43.436410" lon="-3.855910"/>
      <trkpt lat="43.436500" lon="-3.856080"/>
      <trkpt lat="43.436580" lon="-3.856250"/>
      <trkpt lat="43.436660" lon="-3.856430"/>
      <trkpt lat="43.436740" lon="-3.856610"/>
      <trkpt lat="43.436810" lon="-3.856790"/>
      <trkpt lat="43.436880" lon="-3.856980"/>
      <trkpt lat="43.436940" lon="-3.857170"/>
      <trkpt lat="43.437000" lon="-3.857350"/>
      <trkpt lat="43.437060" lon="-3.857550"/>
      <trkpt lat="43.437120" lon="-3.857740"/>
      <trkpt lat="43.437230" lon="-3.858120"/>
      <trkpt lat="43.437290" lon="-3.858320"/>
      <trkpt lat="43.437340" lon="-3.858510"/>
      <trkpt lat="43.437400" lon="-3.858710"/>
      <trkpt lat="43.437450" lon="-3.858900"/>
      <trkpt lat="43.437500" lon="-3.859100"/>
      <trkpt lat="43.437550" lon="-3.859290"/>
      <trkpt lat="43.437600" lon="-3.859490"/>
      <trkpt lat="43.437640" lon="-3.859680"/>
      <trkpt lat="43.437690" lon="-3.859890"/>
      <trkpt lat="43.437720" lon="-3.860080"/>
      <trkpt lat="43.437760" lon="-3.860290"/>
      <trkpt lat="43.437790" lon="-3.860500"/>
      <trkpt lat="43.437810" lon="-3.860700"/>
      <trkpt lat="43.437840" lon="-3.860900"/>
      <trkpt lat="43.437850" lon="-3.861100"/>
      <trkpt lat="43.437860" lon="-3.861200"/>
      <trkpt lat="43.437870" lon="-3.861310"/>
      <trkpt lat="43.437880" lon="-3.861450"/>
      <trkpt lat="43.437880" lon="-3.861610"/>
      <trkpt lat="43.437890" lon="-3.861800"/>
      <trkpt lat="43.437890" lon="-3.861930"/>
      <trkpt lat="43.437890" lon="-3.862140"/>
      <trkpt lat="43.437890" lon="-3.862350"/>
      <trkpt lat="43.437880" lon="-3.862550"/>
      <trkpt lat="43.437870" lon="-3.862760"/>
      <trkpt lat="43.437860" lon="-3.862970"/>
      <trkpt lat="43.437840" lon="-3.863170"/>
      <trkpt lat="43.437820" lon="-3.863370"/>
      <trkpt lat="43.437790" lon="-3.863580"/>
      <trkpt lat="43.437760" lon="-3.863790"/>
      <trkpt lat="43.437730" lon="-3.863980"/>
      <trkpt lat="43.437700" lon="-3.864190"/>
      <trkpt lat="43.437660" lon="-3.864390"/>
      <trkpt lat="43.437620" lon="-3.864580"/>
      <trkpt lat="43.437580" lon="-3.864790"/>
      <trkpt lat="43.437540" lon="-3.864980"/>
      <trkpt lat="43.437500" lon="-3.865180"/>
      <trkpt lat="43.437330" lon="-3.865970"/>
      <trkpt lat="43.437200" lon="-3.866590"/>
      <trkpt lat="43.436920" lon="-3.867920"/>
      <trkpt lat="43.436830" lon="-3.868350"/>
      <trkpt lat="43.436700" lon="-3.868970"/>
      <trkpt lat="43.436610" lon="-3.869380"/>
      <trkpt lat="43.436530" lon="-3.869770"/>
      <trkpt lat="43.436490" lon="-3.869970"/>
      <trkpt lat="43.436450" lon="-3.870170"/>
      <trkpt lat="43.436410" lon="-3.870380"/>
      <trkpt lat="43.436380" lon="-3.870580"/>
      <trkpt lat="43.436350" lon="-3.870790"/>
      <trkpt lat="43.436320" lon="-3.870990"/>
      <trkpt lat="43.436290" lon="-3.871190"/>
      <trkpt lat="43.436270" lon="-3.871400"/>
      <trkpt lat="43.436250" lon="-3.871600"/>
      <trkpt lat="43.436240" lon="-3.871810"/>
      <trkpt lat="43.436230" lon="-3.872020"/>
      <trkpt lat="43.436230" lon="-3.872230"/>
      <trkpt lat="43.436230" lon="-3.872440"/>
      <trkpt lat="43.436230" lon="-3.872650"/>
      <trkpt lat="43.436240" lon="-3.872850"/>
      <trkpt lat="43.436250" lon="-3.873060"/>
      <trkpt lat="43.436270" lon="-3.873260"/>
      <trkpt lat="43.436290" lon="-3.873470"/>
      <trkpt lat="43.436320" lon="-3.873670"/>
      <trkpt lat="43.436340" lon="-3.873880"/>
      <trkpt lat="43.436380" lon="-3.874090"/>
      <trkpt lat="43.436410" lon="-3.874280"/>
      <trkpt lat="43.436450" lon="-3.874480"/>
      <trkpt lat="43.436480" lon="-3.874680"/>
      <trkpt lat="43.436520" lon="-3.874880"/>
      <trkpt lat="43.436610" lon="-3.875290"/>
      <trkpt lat="43.436850" lon="-3.876470"/>
      <trkpt lat="43.436890" lon="-3.876670"/>
      <trkpt lat="43.436940" lon="-3.876870"/>
      <trkpt lat="43.436980" lon="-3.877070"/>
      <trkpt lat="43.437070" lon="-3.877470"/>
      <trkpt lat="43.437140" lon="-3.877880"/>
      <trkpt lat="43.437220" lon="-3.878270"/>
      <trkpt lat="43.437470" lon="-3.879460"/>
      <trkpt lat="43.437920" lon="-3.881660"/>
      <trkpt lat="43.438080" lon="-3.882440"/>
      <trkpt lat="43.438170" lon="-3.882820"/>
      <trkpt lat="43.438340" lon="-3.883580"/>
      <trkpt lat="43.438630" lon="-3.885090"/>
      <trkpt lat="43.438960" lon="-3.886550"/>
      <trkpt lat="43.439120" lon="-3.887400"/>
      <trkpt lat="43.439330" lon="-3.888200"/>
      <trkpt lat="43.439650" lon="-3.889220"/>
      <trkpt lat="43.439810" lon="-3.889700"/>
      <trkpt lat="43.439990" lon="-3.890230"/>
      <trkpt lat="43.440160" lon="-3.890800"/>
      <trkpt lat="43.440250" lon="-3.891250"/>
      <trkpt lat="43.440310" lon="-3.891700"/>
      <trkpt lat="43.440350" lon="-3.892140"/>
      <trkpt lat="43.440360" lon="-3.892510"/>
      <trkpt lat="43.440360" lon="-3.892900"/>
      <trkpt lat="43.440340" lon="-3.893170"/>
      <trkpt lat="43.440310" lon="-3.893430"/>
      <trkpt lat="43.440240" lon="-3.893860"/>
      <trkpt lat="43.440200" lon="-3.894120"/>
      <trkpt lat="43.440140" lon="-3.894370"/>
      <trkpt lat="43.440080" lon="-3.894630"/>
      <trkpt lat="43.440020" lon="-3.894840"/>
      <trkpt lat="43.439940" lon="-3.895070"/>
      <trkpt lat="43.439860" lon="-3.895300"/>
      <trkpt lat="43.439710" lon="-3.895670"/>
      <trkpt lat="43.439540" lon="-3.896100"/>
      <trkpt lat="43.439430" lon="-3.896390"/>
      <trkpt lat="43.439320" lon="-3.896670"/>
      <trkpt lat="43.439220" lon="-3.896950"/>
      <trkpt lat="43.439130" lon="-3.897210"/>
      <trkpt lat="43.439050" lon="-3.897480"/>
      <trkpt lat="43.438930" lon="-3.897880"/>
      <trkpt lat="43.438850" lon="-3.898190"/>
      <trkpt lat="43.438780" lon="-3.898520"/>
      <trkpt lat="43.438720" lon="-3.898800"/>
      <trkpt lat="43.438700" lon="-3.899030"/>
      <trkpt lat="43.438620" lon="-3.899510"/>
      <trkpt lat="43.438510" lon="-3.900410"/>
      <trkpt lat="43.438440" lon="-3.901260"/>
      <trkpt lat="43.438350" lon="-3.902170"/>
      <trkpt lat="43.438240" lon="-3.903060"/>
      <trkpt lat="43.438130" lon="-3.903760"/>
      <trkpt lat="43.437990" lon="-3.904450"/>
      <trkpt lat="43.437590" lon="-3.905990"/>
      <trkpt lat="43.437330" lon="-3.907030"/>
      <trkpt lat="43.437200" lon="-3.907820"/>
      <trkpt lat="43.436960" lon="-3.909330"/>
      <trkpt lat="43.436870" lon="-3.909700"/>
      <trkpt lat="43.436790" lon="-3.910050"/>
      <trkpt lat="43.436660" lon="-3.910450"/>
      <trkpt lat="43.436510" lon="-3.910840"/>
      <trkpt lat="43.436340" lon="-3.911260"/>
      <trkpt lat="43.436150" lon="-3.911670"/>
      <trkpt lat="43.435880" lon="-3.912170"/>
      <trkpt lat="43.435360" lon="-3.912970"/>
      <trkpt lat="43.435010" lon="-3.913530"/>
      <trkpt lat="43.434700" lon="-3.914100"/>
      <trkpt lat="43.434430" lon="-3.914750"/>
      <trkpt lat="43.433970" lon="-3.915680"/>
      <trkpt lat="43.433640" lon="-3.916240"/>
      <trkpt lat="43.433410" lon="-3.916580"/>
      <trkpt lat="43.432950" lon="-3.917160"/>
      <trkpt lat="43.432470" lon="-3.917720"/>
      <trkpt lat="43.432080" lon="-3.918230"/>
      <trkpt lat="43.431820" lon="-3.918630"/>
      <trkpt lat="43.431530" lon="-3.919130"/>
      <trkpt lat="43.431370" lon="-3.919460"/>
      <trkpt lat="43.431230" lon="-3.919780"/>
      <trkpt lat="43.431090" lon="-3.920180"/>
      <trkpt lat="43.430950" lon="-3.920570"/>
      <trkpt lat="43.430750" lon="-3.921380"/>
      <trkpt lat="43.430680" lon="-3.921850"/>
      <trkpt lat="43.430620" lon="-3.922290"/>
      <trkpt lat="43.430560" lon="-3.922950"/>
      <trkpt lat="43.430540" lon="-3.924520"/>
      <trkpt lat="43.430520" lon="-3.925010"/>
      <trkpt lat="43.430490" lon="-3.925490"/>
      <trkpt lat="43.430440" lon="-3.925950"/>
      <trkpt lat="43.430370" lon="-3.926450"/>
      <trkpt lat="43.430270" lon="-3.926930"/>
      <trkpt lat="43.430180" lon="-3.927330"/>
      <trkpt lat="43.430070" lon="-3.927710"/>
      <trkpt lat="43.429990" lon="-3.928000"/>
      <trkpt lat="43.429880" lon="-3.928280"/>
      <trkpt lat="43.429690" lon="-3.928800"/>
      <trkpt lat="43.429530" lon="-3.929160"/>
      <trkpt lat="43.429330" lon="-3.929550"/>
      <trkpt lat="43.429110" lon="-3.929950"/>
      <trkpt lat="43.428880" lon="-3.930330"/>
      <trkpt lat="43.428300" lon="-3.931080"/>
      <trkpt lat="43.427960" lon="-3.931500"/>
      <trkpt lat="43.427280" lon="-3.932330"/>
      <trkpt lat="43.426920" lon="-3.932800"/>
      <trkpt lat="43.426700" lon="-3.933110"/>
      <trkpt lat="43.426680" lon="-3.933150"/>
      <trkpt lat="43.426500" lon="-3.933440"/>
      <trkpt lat="43.426360" lon="-3.933670"/>
      <trkpt lat="43.426110" lon="-3.934130"/>
      <trkpt lat="43.425880" lon="-3.934590"/>
      <trkpt lat="43.425580" lon="-3.935220"/>
      <trkpt lat="43.425280" lon="-3.936010"/>
      <trkpt lat="43.425060" lon="-3.936690"/>
      <trkpt lat="43.424930" lon="-3.937270"/>
      <trkpt lat="43.424830" lon="-3.937850"/>
      <trkpt lat="43.424750" lon="-3.938410"/>
      <trkpt lat="43.424690" lon="-3.939050"/>
      <trkpt lat="43.424700" lon="-3.939480"/>
      <trkpt lat="43.424710" lon="-3.939880"/>
      <trkpt lat="43.424750" lon="-3.940760"/>
      <trkpt lat="43.424760" lon="-3.941520"/>
      <trkpt lat="43.424750" lon="-3.941710"/>
      <trkpt lat="43.424740" lon="-3.941900"/>
      <trkpt lat="43.424730" lon="-3.942100"/>
      <trkpt lat="43.424720" lon="-3.942310"/>
      <trkpt lat="43.424690" lon="-3.942570"/>
      <trkpt lat="43.424660" lon="-3.942780"/>
      <trkpt lat="43.424640" lon="-3.942920"/>
      <trkpt lat="43.424620" lon="-3.943090"/>
      <trkpt lat="43.424590" lon="-3.943220"/>
      <trkpt lat="43.424570" lon="-3.943330"/>
      <trkpt lat="43.424550" lon="-3.943450"/>
      <trkpt lat="43.424490" lon="-3.943710"/>
      <trkpt lat="43.424430" lon="-3.943950"/>
      <trkpt lat="43.424400" lon="-3.944050"/>
      <trkpt lat="43.424380" lon="-3.944140"/>
      <trkpt lat="43.424320" lon="-3.944320"/>
      <trkpt lat="43.424260" lon="-3.944510"/>
      <trkpt lat="43.424200" lon="-3.944700"/>
      <trkpt lat="43.424080" lon="-3.945000"/>
      <trkpt lat="43.423570" lon="-3.946010"/>
      <trkpt lat="43.423230" lon="-3.946650"/>
      <trkpt lat="43.422930" lon="-3.947170"/>
      <trkpt lat="43.422640" lon="-3.947740"/>
      <trkpt lat="43.422410" lon="-3.948250"/>
      <trkpt lat="43.422220" lon="-3.948710"/>
      <trkpt lat="43.422050" lon="-3.949190"/>
      <trkpt lat="43.421690" lon="-3.950340"/>
      <trkpt lat="43.421400" lon="-3.951160"/>
      <trkpt lat="43.421130" lon="-3.951800"/>
      <trkpt lat="43.420440" lon="-3.953260"/>
      <trkpt lat="43.420170" lon="-3.953950"/>
      <trkpt lat="43.419970" lon="-3.954560"/>
      <trkpt lat="43.419780" lon="-3.955470"/>
      <trkpt lat="43.419620" lon="-3.956440"/>
      <trkpt lat="43.419380" lon="-3.958010"/>
      <trkpt lat="43.419320" lon="-3.958360"/>
      <trkpt lat="43.419120" lon="-3.959110"/>
      <trkpt lat="43.418910" lon="-3.959630"/>
      <trkpt lat="43.418690" lon="-3.960100"/>
      <trkpt lat="43.418420" lon="-3.960550"/>
      <trkpt lat="43.418250" lon="-3.960780"/>
      <trkpt lat="43.418060" lon="-3.961030"/>
      <trkpt lat="43.417620" lon="-3.961520"/>
      <trkpt lat="43.417290" lon="-3.961830"/>
      <trkpt lat="43.416890" lon="-3.962290"/>
      <trkpt lat="43.416650" lon="-3.962660"/>
      <trkpt lat="43.416400" lon="-3.963060"/>
      <trkpt lat="43.416240" lon="-3.963390"/>
      <trkpt lat="43.416100" lon="-3.963710"/>
      <trkpt lat="43.415900" lon="-3.964250"/>
      <trkpt lat="43.415750" lon="-3.964780"/>
      <trkpt lat="43.415560" lon="-3.965640"/>
      <trkpt lat="43.415260" lon="-3.967160"/>
      <trkpt lat="43.415080" lon="-3.967840"/>
      <trkpt lat="43.414890" lon="-3.968470"/>
      <trkpt lat="43.414670" lon="-3.969110"/>
      <trkpt lat="43.414420" lon="-3.969700"/>
      <trkpt lat="43.413360" lon="-3.971860"/>
      <trkpt lat="43.412890" lon="-3.972750"/>
      <trkpt lat="43.412460" lon="-3.973630"/>
      <trkpt lat="43.411920" lon="-3.974870"/>
      <trkpt lat="43.411580" lon="-3.975880"/>
      <trkpt lat="43.411250" lon="-3.976970"/>
      <trkpt lat="43.410480" lon="-3.979770"/>
      <trkpt lat="43.410160" lon="-3.980710"/>
      <trkpt lat="43.409800" lon="-3.981780"/>
      <trkpt lat="43.409300" lon="-3.982950"/>
      <trkpt lat="43.409020" lon="-3.983610"/>
      <trkpt lat="43.408770" lon="-3.984120"/>
      <trkpt lat="43.408580" lon="-3.984490"/>
      <trkpt lat="43.408010" lon="-3.985550"/>
      <trkpt lat="43.407490" lon="-3.986410"/>
      <trkpt lat="43.406890" lon="-3.987340"/>
      <trkpt lat="43.406490" lon="-3.987890"/>
      <trkpt lat="43.406190" lon="-3.988260"/>
      <trkpt lat="43.405880" lon="-3.988630"/>
      <trkpt lat="43.405660" lon="-3.988880"/>
      <trkpt lat="43.405410" lon="-3.989140"/>
      <trkpt lat="43.405180" lon="-3.989370"/>
      <trkpt lat="43.404930" lon="-3.989600"/>
      <trkpt lat="43.404430" lon="-3.990030"/>
      <trkpt lat="43.403910" lon="-3.990430"/>
      <trkpt lat="43.403400" lon="-3.990780"/>
      <trkpt lat="43.402910" lon="-3.991130"/>
      <trkpt lat="43.402410" lon="-3.991500"/>
      <trkpt lat="43.402110" lon="-3.991770"/>
      <trkpt lat="43.401840" lon="-3.992040"/>
      <trkpt lat="43.401590" lon="-3.992340"/>
      <trkpt lat="43.401320" lon="-3.992700"/>
      <trkpt lat="43.401010" lon="-3.993200"/>
      <trkpt lat="43.400740" lon="-3.993690"/>
      <trkpt lat="43.400440" lon="-3.994350"/>
      <trkpt lat="43.400220" lon="-3.995030"/>
      <trkpt lat="43.400020" lon="-3.995790"/>
      <trkpt lat="43.399570" lon="-3.998470"/>
      <trkpt lat="43.399400" lon="-3.999120"/>
      <trkpt lat="43.399200" lon="-3.999760"/>
      <trkpt lat="43.398940" lon="-4.000480"/>
      <trkpt lat="43.398230" lon="-4.002190"/>
      <trkpt lat="43.398010" lon="-4.002810"/>
      <trkpt lat="43.397800" lon="-4.003480"/>
      <trkpt lat="43.397590" lon="-4.004180"/>
      <trkpt lat="43.397420" lon="-4.004750"/>
      <trkpt lat="43.397220" lon="-4.005310"/>
      <trkpt lat="43.397000" lon="-4.005850"/>
      <trkpt lat="43.396420" lon="-4.007060"/>
      <trkpt lat="43.396280" lon="-4.007320"/>
      <trkpt lat="43.396000" lon="-4.007940"/>
      <trkpt lat="43.395770" lon="-4.008480"/>
      <trkpt lat="43.395610" lon="-4.008950"/>
      <trkpt lat="43.395500" lon="-4.009300"/>
      <trkpt lat="43.395260" lon="-4.010170"/>
      <trkpt lat="43.395000" lon="-4.011400"/>
      <trkpt lat="43.394820" lon="-4.012080"/>
      <trkpt lat="43.394580" lon="-4.012740"/>
      <trkpt lat="43.394200" lon="-4.013480"/>
      <trkpt lat="43.393710" lon="-4.014200"/>
      <trkpt lat="43.393500" lon="-4.014440"/>
      <trkpt lat="43.393040" lon="-4.014920"/>
      <trkpt lat="43.392620" lon="-4.015350"/>
      <trkpt lat="43.392270" lon="-4.015770"/>
      <trkpt lat="43.391970" lon="-4.016220"/>
      <trkpt lat="43.391650" lon="-4.016790"/>
      <trkpt lat="43.391560" lon="-4.017080"/>
      <trkpt lat="43.391450" lon="-4.017400"/>
      <trkpt lat="43.391360" lon="-4.017700"/>
      <trkpt lat="43.391240" lon="-4.018220"/>
      <trkpt lat="43.391170" lon="-4.018560"/>
      <trkpt lat="43.390910" lon="-4.020080"/>
      <trkpt lat="43.390880" lon="-4.020260"/>
      <trkpt lat="43.390820" lon="-4.020520"/>
      <trkpt lat="43.390720" lon="-4.020900"/>
      <trkpt lat="43.390690" lon="-4.021090"/>
      <trkpt lat="43.390680" lon="-4.021270"/>
      <trkpt lat="43.390710" lon="-4.021450"/>
      <trkpt lat="43.390810" lon="-4.021630"/>
      <trkpt lat="43.390900" lon="-4.021710"/>
      <trkpt lat="43.390990" lon="-4.021750"/>
      <trkpt lat="43.391090" lon="-4.021760"/>
      <trkpt lat="43.391180" lon="-4.021740"/>
      <trkpt lat="43.391220" lon="-4.021690"/>
      <trkpt lat="43.391280" lon="-4.021670"/>
      <trkpt lat="43.391340" lon="-4.021680"/>
      <trkpt lat="43.391380" lon="-4.021710"/>
      <trkpt lat="43.391420" lon="-4.021770"/>
      <trkpt lat="43.391430" lon="-4.021790"/>
      <trkpt lat="43.391440" lon="-4.021880"/>
      <trkpt lat="43.391420" lon="-4.021960"/>
      <trkpt lat="43.391400" lon="-4.022010"/>
      <trkpt lat="43.391370" lon="-4.022040"/>
      <trkpt lat="43.391310" lon="-4.022530"/>
      <trkpt lat="43.391240" lon="-4.022970"/>
      <trkpt lat="43.391190" lon="-4.023180"/>
      <trkpt lat="43.391170" lon="-4.023290"/>
      <trkpt lat="43.391100" lon="-4.023700"/>
      <trkpt lat="43.391020" lon="-4.024170"/>
      <trkpt lat="43.390780" lon="-4.025500"/>
      <trkpt lat="43.390690" lon="-4.025870"/>
      <trkpt lat="43.390670" lon="-4.025930"/>
      <trkpt lat="43.390590" lon="-4.026110"/>
      <trkpt lat="43.390230" lon="-4.026750"/>
      <trkpt lat="43.389960" lon="-4.027220"/>
      <trkpt lat="43.389840" lon="-4.027420"/>
      <trkpt lat="43.389650" lon="-4.027730"/>
      <trkpt lat="43.389570" lon="-4.027860"/>
      <trkpt lat="43.389440" lon="-4.028010"/>
      <trkpt lat="43.389300" lon="-4.028150"/>
      <trkpt lat="43.389140" lon="-4.028280"/>
      <trkpt lat="43.388590" lon="-4.028720"/>
      <trkpt lat="43.388010" lon="-4.029160"/>
      <trkpt lat="43.387940" lon="-4.029230"/>
      <trkpt lat="43.387920" lon="-4.029260"/>
      <trkpt lat="43.387880" lon="-4.029320"/>
      <trkpt lat="43.387780" lon="-4.029530"/>
      <trkpt lat="43.387660" lon="-4.029840"/>
      <trkpt lat="43.387620" lon="-4.029940"/>
      <trkpt lat="43.387530" lon="-4.030160"/>
      <trkpt lat="43.387390" lon="-4.030540"/>
      <trkpt lat="43.387350" lon="-4.030650"/>
      <trkpt lat="43.387170" lon="-4.031130"/>
      <trkpt lat="43.387030" lon="-4.031500"/>
      <trkpt lat="43.386920" lon="-4.031780"/>
      <trkpt lat="43.386830" lon="-4.031970"/>
      <trkpt lat="43.386740" lon="-4.032140"/>
      <trkpt lat="43.386610" lon="-4.032330"/>
      <trkpt lat="43.386580" lon="-4.032360"/>
      <trkpt lat="43.386480" lon="-4.032470"/>
      <trkpt lat="43.386350" lon="-4.032570"/>
      <trkpt lat="43.386230" lon="-4.032660"/>
      <trkpt lat="43.386110" lon="-4.032700"/>
      <trkpt lat="43.385990" lon="-4.032730"/>
      <trkpt lat="43.385850" lon="-4.032760"/>
      <trkpt lat="43.385270" lon="-4.032810"/>
      <trkpt lat="43.384430" lon="-4.032890"/>
      <trkpt lat="43.384320" lon="-4.032930"/>
      <trkpt lat="43.384220" lon="-4.032990"/>
      <trkpt lat="43.382870" lon="-4.034460"/>
      <trkpt lat="43.382740" lon="-4.034580"/>
      <trkpt lat="43.382370" lon="-4.035020"/>
      <trkpt lat="43.382140" lon="-4.035290"/>
      <trkpt lat="43.381980" lon="-4.035490"/>
      <trkpt lat="43.381810" lon="-4.035710"/>
      <trkpt lat="43.381680" lon="-4.035910"/>
      <trkpt lat="43.381540" lon="-4.036130"/>
      <trkpt lat="43.381300" lon="-4.036530"/>
      <trkpt lat="43.381180" lon="-4.036720"/>
      <trkpt lat="43.380950" lon="-4.037080"/>
      <trkpt lat="43.380870" lon="-4.037280"/>
      <trkpt lat="43.380830" lon="-4.037380"/>
      <trkpt lat="43.380790" lon="-4.037480"/>
      <trkpt lat="43.380810" lon="-4.037540"/>
      <trkpt lat="43.380810" lon="-4.037600"/>
      <trkpt lat="43.380790" lon="-4.037660"/>
      <trkpt lat="43.380760" lon="-4.037730"/>
      <trkpt lat="43.380720" lon="-4.037760"/>
      <trkpt lat="43.380670" lon="-4.037790"/>
      <trkpt lat="43.380610" lon="-4.037780"/>
      <trkpt lat="43.380460" lon="-4.037840"/>
      <trkpt lat="43.380330" lon="-4.037910"/>
      <trkpt lat="43.380210" lon="-4.038010"/>
      <trkpt lat="43.380070" lon="-4.038100"/>
      <trkpt lat="43.379800" lon="-4.038230"/>
      <trkpt lat="43.379230" lon="-4.038490"/>
      <trkpt lat="43.378790" lon="-4.038680"/>
      <trkpt lat="43.378500" lon="-4.038800"/>
      <trkpt lat="43.378360" lon="-4.038900"/>
      <trkpt lat="43.377890" lon="-4.039120"/>
      <trkpt lat="43.377270" lon="-4.039360"/>
      <trkpt lat="43.376700" lon="-4.039610"/>
      <trkpt lat="43.375830" lon="-4.039980"/>
      <trkpt lat="43.374960" lon="-4.040360"/>
      <trkpt lat="43.374700" lon="-4.040460"/>
      <trkpt lat="43.374640" lon="-4.040490"/>
      <trkpt lat="43.374510" lon="-4.040540"/>
      <trkpt lat="43.374430" lon="-4.040540"/>
      <trkpt lat="43.374130" lon="-4.040680"/>
      <trkpt lat="43.373990" lon="-4.040730"/>
      <trkpt lat="43.373950" lon="-4.040750"/>
      <trkpt lat="43.373880" lon="-4.040810"/>
      <trkpt lat="43.373700" lon="-4.040880"/>
      <trkpt lat="43.373500" lon="-4.040970"/>
      <trkpt lat="43.373450" lon="-4.041010"/>
      <trkpt lat="43.373380" lon="-4.041070"/>
      <trkpt lat="43.373320" lon="-4.041140"/>
      <trkpt lat="43.373270" lon="-4.041240"/>
      <trkpt lat="43.373270" lon="-4.041260"/>
      <trkpt lat="43.373270" lon="-4.041290"/>
      <trkpt lat="43.373270" lon="-4.041320"/>
      <trkpt lat="43.373260" lon="-4.041340"/>
      <trkpt lat="43.373260" lon="-4.041410"/>
      <trkpt lat="43.373270" lon="-4.041470"/>
      <trkpt lat="43.373300" lon="-4.041650"/>
      <trkpt lat="43.373430" lon="-4.042050"/>
      <trkpt lat="43.373430" lon="-4.042130"/>
      <trkpt lat="43.373460" lon="-4.042210"/>
      <trkpt lat="43.373610" lon="-4.042720"/>
      <trkpt lat="43.373620" lon="-4.042760"/>
      <trkpt lat="43.373640" lon="-4.042800"/>
      <trkpt lat="43.373650" lon="-4.042840"/>
      <trkpt lat="43.373680" lon="-4.042880"/>
      <trkpt lat="43.373700" lon="-4.042920"/>
      <trkpt lat="43.373730" lon="-4.042970"/>
      <trkpt lat="43.373760" lon="-4.043000"/>
      <trkpt lat="43.373790" lon="-4.043040"/>
      <trkpt lat="43.373820" lon="-4.043070"/>
      <trkpt lat="43.373870" lon="-4.043100"/>
      <trkpt lat="43.373910" lon="-4.043120"/>
      <trkpt lat="43.373940" lon="-4.043140"/>
      <trkpt lat="43.373980" lon="-4.043150"/>
      <trkpt lat="43.374020" lon="-4.043170"/>
      <trkpt lat="43.374060" lon="-4.043180"/>
      <trkpt lat="43.374190" lon="-4.043220"/>
      <trkpt lat="43.374510" lon="-4.043290"/>
      <trkpt lat="43.374850" lon="-4.043370"/>
      <trkpt lat="43.374960" lon="-4.043400"/>
      <trkpt lat="43.375070" lon="-4.043430"/>
      <trkpt lat="43.375120" lon="-4.043440"/>
      <trkpt lat="43.375170" lon="-4.043450"/>
      <trkpt lat="43.375220" lon="-4.043470"/>
      <trkpt lat="43.375270" lon="-4.043490"/>
      <trkpt lat="43.375320" lon="-4.043510"/>
      <trkpt lat="43.375370" lon="-4.043540"/>
      <trkpt lat="43.375420" lon="-4.043570"/>
      <trkpt lat="43.375460" lon="-4.043600"/>
      <trkpt lat="43.375490" lon="-4.043630"/>
      <trkpt lat="43.375520" lon="-4.043650"/>
      <trkpt lat="43.375540" lon="-4.043680"/>
      <trkpt lat="43.375570" lon="-4.043710"/>
      <trkpt lat="43.375600" lon="-4.043750"/>
      <trkpt lat="43.375630" lon="-4.043780"/>
      <trkpt lat="43.375650" lon="-4.043820"/>
      <trkpt lat="43.375670" lon="-4.043850"/>
      <trkpt lat="43.375690" lon="-4.043890"/>
      <trkpt lat="43.375860" lon="-4.044190"/>
      <trkpt lat="43.376380" lon="-4.045250"/>
      <trkpt lat="43.376640" lon="-4.045760"/>
      <trkpt lat="43.376830" lon="-4.046130"/>
      <trkpt lat="43.376890" lon="-4.046250"/>
      <trkpt lat="43.377550" lon="-4.047530"/>
      <trkpt lat="43.377650" lon="-4.047710"/>
      <trkpt lat="43.377680" lon="-4.047780"/>
      <trkpt lat="43.377720" lon="-4.047810"/>
      <trkpt lat="43.377890" lon="-4.048140"/>
      <trkpt lat="43.377950" lon="-4.048240"/>
      <trkpt lat="43.377970" lon="-4.048250"/>
      <trkpt lat="43.378000" lon="-4.048260"/>
      <trkpt lat="43.378020" lon="-4.048280"/>
      <trkpt lat="43.378040" lon="-4.048300"/>
      <trkpt lat="43.378050" lon="-4.048330"/>
      <trkpt lat="43.378070" lon="-4.048370"/>
      <trkpt lat="43.378080" lon="-4.048410"/>
      <trkpt lat="43.378080" lon="-4.048450"/>
      <trkpt lat="43.378080" lon="-4.048490"/>
      <trkpt lat="43.378080" lon="-4.048530"/>
      <trkpt lat="43.378070" lon="-4.048570"/>
      <trkpt lat="43.378050" lon="-4.048610"/>
      <trkpt lat="43.378040" lon="-4.048630"/>
      <trkpt lat="43.378020" lon="-4.048650"/>
      <trkpt lat="43.378000" lon="-4.048670"/>
      <trkpt lat="43.377980" lon="-4.048690"/>
      <trkpt lat="43.377950" lon="-4.048700"/>
      <trkpt lat="43.377930" lon="-4.048700"/>
      <trkpt lat="43.377870" lon="-4.048770"/>
      <trkpt lat="43.377850" lon="-4.048790"/>
      <trkpt lat="43.377840" lon="-4.048810"/>
      <trkpt lat="43.377820" lon="-4.048830"/>
      <trkpt lat="43.377800" lon="-4.048860"/>
      <trkpt lat="43.377780" lon="-4.048900"/>
      <trkpt lat="43.377710" lon="-4.049020"/>
      <trkpt lat="43.377670" lon="-4.049090"/>
      <trkpt lat="43.377510" lon="-4.049350"/>
      <trkpt lat="43.377450" lon="-4.049450"/>
      <trkpt lat="43.377420" lon="-4.049510"/>
      <trkpt lat="43.377260" lon="-4.049770"/>
      <trkpt lat="43.377010" lon="-4.050190"/>
      <trkpt lat="43.376650" lon="-4.050800"/>
      <trkpt lat="43.376580" lon="-4.050930"/>
      <trkpt lat="43.376540" lon="-4.051000"/>
      <trkpt lat="43.376500" lon="-4.051060"/>
      <trkpt lat="43.376470" lon="-4.051120"/>
      <trkpt lat="43.376430" lon="-4.051170"/>
      <trkpt lat="43.376400" lon="-4.051230"/>
      <trkpt lat="43.376380" lon="-4.051290"/>
      <trkpt lat="43.376380" lon="-4.051310"/>
      <trkpt lat="43.376380" lon="-4.051400"/>
      <trkpt lat="43.376360" lon="-4.051490"/>
      <trkpt lat="43.376340" lon="-4.051530"/>
      <trkpt lat="43.376330" lon="-4.051640"/>
      <trkpt lat="43.376330" lon="-4.051780"/>
      <trkpt lat="43.376340" lon="-4.052030"/>
      <trkpt lat="43.376340" lon="-4.052240"/>
      <trkpt lat="43.376340" lon="-4.052390"/>
      <trkpt lat="43.376340" lon="-4.052430"/>
      <trkpt lat="43.376340" lon="-4.052470"/>
      <trkpt lat="43.376340" lon="-4.052510"/>
      <trkpt lat="43.376340" lon="-4.052550"/>
      <trkpt lat="43.376330" lon="-4.052590"/>
      <trkpt lat="43.376330" lon="-4.052630"/>
      <trkpt lat="43.376330" lon="-4.052670"/>
      <trkpt lat="43.376330" lon="-4.052700"/>
      <trkpt lat="43.376320" lon="-4.052730"/>
      <trkpt lat="43.376320" lon="-4.052750"/>
      <trkpt lat="43.376310" lon="-4.052800"/>
      <trkpt lat="43.376300" lon="-4.052840"/>
      <trkpt lat="43.376300" lon="-4.052860"/>
      <trkpt lat="43.376290" lon="-4.052890"/>
      <trkpt lat="43.376290" lon="-4.052920"/>
      <trkpt lat="43.376280" lon="-4.052950"/>
      <trkpt lat="43.376270" lon="-4.052990"/>
      <trkpt lat="43.376250" lon="-4.053040"/>
      <trkpt lat="43.376240" lon="-4.053090"/>
      <trkpt lat="43.376220" lon="-4.053150"/>
      <trkpt lat="43.376200" lon="-4.053190"/>
      <trkpt lat="43.376190" lon="-4.053230"/>
      <trkpt lat="43.376170" lon="-4.053260"/>
      <trkpt lat="43.376160" lon="-4.053280"/>
      <trkpt lat="43.376140" lon="-4.053320"/>
      <trkpt lat="43.376120" lon="-4.053370"/>
      <trkpt lat="43.376090" lon="-4.053420"/>
      <trkpt lat="43.376050" lon="-4.053490"/>
      <trkpt lat="43.375960" lon="-4.053630"/>
      <trkpt lat="43.375760" lon="-4.053960"/>
      <trkpt lat="43.375600" lon="-4.054250"/>
      <trkpt lat="43.375520" lon="-4.054480"/>
      <trkpt lat="43.375490" lon="-4.054700"/>
      <trkpt lat="43.375470" lon="-4.054860"/>
      <trkpt lat="43.375470" lon="-4.055030"/>
      <trkpt lat="43.375480" lon="-4.055190"/>
      <trkpt lat="43.375500" lon="-4.055370"/>
      <trkpt lat="43.375570" lon="-4.055620"/>
      <trkpt lat="43.375620" lon="-4.055770"/>
      <trkpt lat="43.375840" lon="-4.056240"/>
      <trkpt lat="43.375940" lon="-4.056450"/>
      <trkpt lat="43.376040" lon="-4.056630"/>
      <trkpt lat="43.376150" lon="-4.056780"/>
      <trkpt lat="43.376280" lon="-4.056930"/>
      <trkpt lat="43.376560" lon="-4.057200"/>
      <trkpt lat="43.376950" lon="-4.057540"/>
      <trkpt lat="43.377180" lon="-4.057750"/>
      <trkpt lat="43.377330" lon="-4.057910"/>
      <trkpt lat="43.377420" lon="-4.058020"/>
      <trkpt lat="43.377530" lon="-4.058220"/>
      <trkpt lat="43.377680" lon="-4.058550"/>
      <trkpt lat="43.377960" lon="-4.059370"/>
      <trkpt lat="43.378080" lon="-4.059750"/>
      <trkpt lat="43.378160" lon="-4.059980"/>
      <trkpt lat="43.378220" lon="-4.060180"/>
      <trkpt lat="43.378390" lon="-4.060660"/>
      <trkpt lat="43.378520" lon="-4.061020"/>
      <trkpt lat="43.378780" lon="-4.061790"/>
      <trkpt lat="43.378870" lon="-4.062100"/>
      <trkpt lat="43.378910" lon="-4.062320"/>
      <trkpt lat="43.378920" lon="-4.062450"/>
      <trkpt lat="43.378930" lon="-4.062610"/>
      <trkpt lat="43.378930" lon="-4.062730"/>
      <trkpt lat="43.378920" lon="-4.062920"/>
      <trkpt lat="43.378910" lon="-4.063100"/>
      <trkpt lat="43.378900" lon="-4.063320"/>
      <trkpt lat="43.378900" lon="-4.063520"/>
      <trkpt lat="43.378900" lon="-4.063630"/>
      <trkpt lat="43.378920" lon="-4.063770"/>
      <trkpt lat="43.378950" lon="-4.063910"/>
      <trkpt lat="43.378980" lon="-4.064060"/>
      <trkpt lat="43.379060" lon="-4.064260"/>
      <trkpt lat="43.379150" lon="-4.064460"/>
      <trkpt lat="43.379200" lon="-4.064570"/>
      <trkpt lat="43.379260" lon="-4.064680"/>
      <trkpt lat="43.379350" lon="-4.064880"/>
      <trkpt lat="43.379430" lon="-4.065100"/>
      <trkpt lat="43.379470" lon="-4.065280"/>
      <trkpt lat="43.379500" lon="-4.065430"/>
      <trkpt lat="43.379530" lon="-4.065690"/>
      <trkpt lat="43.379500" lon="-4.066020"/>
      <trkpt lat="43.379460" lon="-4.066280"/>
      <trkpt lat="43.379420" lon="-4.066580"/>
      <trkpt lat="43.379400" lon="-4.066810"/>
      <trkpt lat="43.379400" lon="-4.067000"/>
      <trkpt lat="43.379420" lon="-4.067210"/>
      <trkpt lat="43.379450" lon="-4.067380"/>
      <trkpt lat="43.379470" lon="-4.067460"/>
      <trkpt lat="43.379510" lon="-4.067570"/>
      <trkpt lat="43.379550" lon="-4.067690"/>
      <trkpt lat="43.379590" lon="-4.067880"/>
      <trkpt lat="43.379630" lon="-4.068080"/>
      <trkpt lat="43.379680" lon="-4.068360"/>
      <trkpt lat="43.379690" lon="-4.068460"/>
      <trkpt lat="43.379720" lon="-4.068660"/>
      <trkpt lat="43.379730" lon="-4.068730"/>
      <trkpt lat="43.379750" lon="-4.068850"/>
      <trkpt lat="43.379790" lon="-4.069150"/>
      <trkpt lat="43.379810" lon="-4.069290"/>
      <trkpt lat="43.379820" lon="-4.069490"/>
      <trkpt lat="43.379810" lon="-4.069750"/>
      <trkpt lat="43.379790" lon="-4.070110"/>
      <trkpt lat="43.379720" lon="-4.070830"/>
      <trkpt lat="43.379700" lon="-4.070970"/>
      <trkpt lat="43.379700" lon="-4.071010"/>
      <trkpt lat="43.379630" lon="-4.071590"/>
      <trkpt lat="43.379570" lon="-4.072190"/>
      <trkpt lat="43.379530" lon="-4.072610"/>
      <trkpt lat="43.379540" lon="-4.072970"/>
      <trkpt lat="43.379570" lon="-4.073260"/>
      <trkpt lat="43.379650" lon="-4.073580"/>
      <trkpt lat="43.379750" lon="-4.073940"/>
      <trkpt lat="43.379830" lon="-4.074230"/>
      <trkpt lat="43.379910" lon="-4.074550"/>
      <trkpt lat="43.379950" lon="-4.074770"/>
      <trkpt lat="43.379960" lon="-4.074960"/>
      <trkpt lat="43.379960" lon="-4.075070"/>
      <trkpt lat="43.379950" lon="-4.075330"/>
      <trkpt lat="43.379920" lon="-4.075650"/>
      <trkpt lat="43.379910" lon="-4.075930"/>
      <trkpt lat="43.379900" lon="-4.076190"/>
      <trkpt lat="43.379920" lon="-4.076510"/>
      <trkpt lat="43.379960" lon="-4.076820"/>
      <trkpt lat="43.380030" lon="-4.077170"/>
      <trkpt lat="43.380090" lon="-4.077430"/>
      <trkpt lat="43.380210" lon="-4.077830"/>
      <trkpt lat="43.380250" lon="-4.077940"/>
      <trkpt lat="43.380320" lon="-4.078180"/>
      <trkpt lat="43.380570" lon="-4.079060"/>
      <trkpt lat="43.380600" lon="-4.079170"/>
      <trkpt lat="43.380770" lon="-4.079750"/>
      <trkpt lat="43.380940" lon="-4.080310"/>
      <trkpt lat="43.381060" lon="-4.080740"/>
      <trkpt lat="43.381150" lon="-4.081090"/>
      <trkpt lat="43.381200" lon="-4.081370"/>
      <trkpt lat="43.381230" lon="-4.081580"/>
      <trkpt lat="43.381240" lon="-4.081630"/>
      <trkpt lat="43.381260" lon="-4.082000"/>
      <trkpt lat="43.381280" lon="-4.082400"/>
      <trkpt lat="43.381280" lon="-4.082540"/>
      <trkpt lat="43.381300" lon="-4.083030"/>
      <trkpt lat="43.381330" lon="-4.083510"/>
      <trkpt lat="43.381370" lon="-4.083810"/>
      <trkpt lat="43.381430" lon="-4.084090"/>
      <trkpt lat="43.381560" lon="-4.084630"/>
      <trkpt lat="43.381740" lon="-4.085390"/>
      <trkpt lat="43.382000" lon="-4.086520"/>
      <trkpt lat="43.382140" lon="-4.087070"/>
      <trkpt lat="43.382310" lon="-4.087800"/>
      <trkpt lat="43.382410" lon="-4.088240"/>
      <trkpt lat="43.382520" lon="-4.088660"/>
      <trkpt lat="43.382650" lon="-4.089130"/>
      <trkpt lat="43.382830" lon="-4.089550"/>
      <trkpt lat="43.383070" lon="-4.090140"/>
      <trkpt lat="43.383830" lon="-4.092010"/>
      <trkpt lat="43.383880" lon="-4.092130"/>
      <trkpt lat="43.384040" lon="-4.092630"/>
      <trkpt lat="43.384140" lon="-4.092930"/>
      <trkpt lat="43.384310" lon="-4.093580"/>
      <trkpt lat="43.384380" lon="-4.093750"/>
      <trkpt lat="43.384500" lon="-4.094050"/>
      <trkpt lat="43.384750" lon="-4.094550"/>
      <trkpt lat="43.385060" lon="-4.095060"/>
      <trkpt lat="43.385150" lon="-4.095170"/>
      <trkpt lat="43.385180" lon="-4.095230"/>
      <trkpt lat="43.385190" lon="-4.095260"/>
      <trkpt lat="43.385210" lon="-4.095290"/>
      <trkpt lat="43.385230" lon="-4.095310"/>
      <trkpt lat="43.385250" lon="-4.095330"/>
      <trkpt lat="43.385260" lon="-4.095350"/>
      <trkpt lat="43.385280" lon="-4.095370"/>
      <trkpt lat="43.385310" lon="-4.095380"/>
      <trkpt lat="43.385350" lon="-4.095410"/>
      <trkpt lat="43.385380" lon="-4.095410"/>
      <trkpt lat="43.385410" lon="-4.095410"/>
      <trkpt lat="43.385430" lon="-4.095410"/>
      <trkpt lat="43.385460" lon="-4.095420"/>
      <trkpt lat="43.385490" lon="-4.095440"/>
      <trkpt lat="43.385510" lon="-4.095450"/>
      <trkpt lat="43.385530" lon="-4.095480"/>
      <trkpt lat="43.385550" lon="-4.095500"/>
      <trkpt lat="43.385580" lon="-4.095530"/>
      <trkpt lat="43.385590" lon="-4.095570"/>
      <trkpt lat="43.385610" lon="-4.095610"/>
      <trkpt lat="43.385620" lon="-4.095650"/>
      <trkpt lat="43.385620" lon="-4.095690"/>
      <trkpt lat="43.385630" lon="-4.095730"/>
      <trkpt lat="43.385630" lon="-4.095780"/>
      <trkpt lat="43.385620" lon="-4.095800"/>
      <trkpt lat="43.385620" lon="-4.095820"/>
      <trkpt lat="43.385610" lon="-4.095850"/>
      <trkpt lat="43.385610" lon="-4.095870"/>
      <trkpt lat="43.385600" lon="-4.095980"/>
      <trkpt lat="43.385600" lon="-4.096030"/>
      <trkpt lat="43.385600" lon="-4.096070"/>
      <trkpt lat="43.385600" lon="-4.096100"/>
      <trkpt lat="43.385600" lon="-4.096130"/>
      <trkpt lat="43.385600" lon="-4.096160"/>
      <trkpt lat="43.385610" lon="-4.096190"/>
      <trkpt lat="43.385620" lon="-4.096220"/>
      <trkpt lat="43.385640" lon="-4.096300"/>
      <trkpt lat="43.385640" lon="-4.096370"/>
      <trkpt lat="43.385690" lon="-4.096620"/>
      <trkpt lat="43.385750" lon="-4.096920"/>
      <trkpt lat="43.385800" lon="-4.097160"/>
      <trkpt lat="43.385820" lon="-4.097240"/>
      <trkpt lat="43.385850" lon="-4.097370"/>
      <trkpt lat="43.385940" lon="-4.097770"/>
      <trkpt lat="43.385990" lon="-4.098010"/>
      <trkpt lat="43.386030" lon="-4.098130"/>
      <trkpt lat="43.386090" lon="-4.098330"/>
      <trkpt lat="43.386130" lon="-4.098440"/>
      <trkpt lat="43.386170" lon="-4.098530"/>
      <trkpt lat="43.386250" lon="-4.098720"/>
      <trkpt lat="43.386310" lon="-4.098840"/>
      <trkpt lat="43.386850" lon="-4.099950"/>
      <trkpt lat="43.387140" lon="-4.100540"/>
      <trkpt lat="43.387500" lon="-4.101260"/>
      <trkpt lat="43.387610" lon="-4.101480"/>
      <trkpt lat="43.387740" lon="-4.101770"/>
      <trkpt lat="43.387770" lon="-4.101860"/>
      <trkpt lat="43.387800" lon="-4.101940"/>
      <trkpt lat="43.387830" lon="-4.102020"/>
      <trkpt lat="43.387860" lon="-4.102100"/>
      <trkpt lat="43.387880" lon="-4.102190"/>
      <trkpt lat="43.387900" lon="-4.102280"/>
      <trkpt lat="43.387910" lon="-4.102360"/>
      <trkpt lat="43.387930" lon="-4.102530"/>
      <trkpt lat="43.387940" lon="-4.102650"/>
      <trkpt lat="43.387940" lon="-4.102700"/>
      <trkpt lat="43.387950" lon="-4.102720"/>
      <trkpt lat="43.387950" lon="-4.102790"/>
      <trkpt lat="43.387940" lon="-4.102870"/>
      <trkpt lat="43.387940" lon="-4.102930"/>
      <trkpt lat="43.387940" lon="-4.102990"/>
      <trkpt lat="43.387930" lon="-4.103050"/>
      <trkpt lat="43.387920" lon="-4.103110"/>
      <trkpt lat="43.387910" lon="-4.103170"/>
      <trkpt lat="43.387900" lon="-4.103230"/>
      <trkpt lat="43.387890" lon="-4.103320"/>
      <trkpt lat="43.387860" lon="-4.103440"/>
      <trkpt lat="43.387820" lon="-4.103600"/>
      <trkpt lat="43.387780" lon="-4.103760"/>
      <trkpt lat="43.387740" lon="-4.103920"/>
      <trkpt lat="43.387710" lon="-4.104030"/>
      <trkpt lat="43.387690" lon="-4.104130"/>
      <trkpt lat="43.387670" lon="-4.104200"/>
      <trkpt lat="43.387670" lon="-4.104260"/>
      <trkpt lat="43.387660" lon="-4.104310"/>
      <trkpt lat="43.387650" lon="-4.104400"/>
      <trkpt lat="43.387650" lon="-4.104450"/>
      <trkpt lat="43.387650" lon="-4.104490"/>
      <trkpt lat="43.387650" lon="-4.104550"/>
      <trkpt lat="43.387650" lon="-4.104580"/>
      <trkpt lat="43.387650" lon="-4.104620"/>
      <trkpt lat="43.387650" lon="-4.104650"/>
      <trkpt lat="43.387650" lon="-4.104680"/>
      <trkpt lat="43.387650" lon="-4.104720"/>
      <trkpt lat="43.387650" lon="-4.104760"/>
      <trkpt lat="43.387660" lon="-4.104790"/>
      <trkpt lat="43.387660" lon="-4.104830"/>
      <trkpt lat="43.387670" lon="-4.104880"/>
      <trkpt lat="43.387680" lon="-4.104920"/>
      <trkpt lat="43.387690" lon="-4.104980"/>
      <trkpt lat="43.387700" lon="-4.105040"/>
      <trkpt lat="43.387710" lon="-4.105090"/>
      <trkpt lat="43.387720" lon="-4.105130"/>
      <trkpt lat="43.387730" lon="-4.105160"/>
      <trkpt lat="43.387740" lon="-4.105190"/>
      <trkpt lat="43.387750" lon="-4.105220"/>
      <trkpt lat="43.387940" lon="-4.105780"/>
      <trkpt lat="43.387990" lon="-4.105920"/>
      <trkpt lat="43.388340" lon="-4.106950"/>
      <trkpt lat="43.388420" lon="-4.107180"/>
      <trkpt lat="43.388660" lon="-4.107900"/>
      <trkpt lat="43.388710" lon="-4.108060"/>
      <trkpt lat="43.389090" lon="-4.107800"/>
      <trkpt lat="43.389150" lon="-4.107790"/>
      <trkpt lat="43.389360" lon="-4.107780"/>
      <trkpt lat="43.389500" lon="-4.107740"/>
      <trkpt lat="43.389610" lon="-4.107640"/>
      <trkpt lat="43.389830" lon="-4.107340"/>
      <trkpt lat="43.390150" lon="-4.106960"/>
      <trkpt lat="43.390250" lon="-4.106860"/>
      <trkpt lat="43.390490" lon="-4.106620"/>
      <trkpt lat="43.390620" lon="-4.106480"/>
      <trkpt lat="43.390680" lon="-4.106420"/>
      <trkpt lat="43.390990" lon="-4.106190"/>
      <trkpt lat="43.391170" lon="-4.106370"/>
      <trkpt lat="43.391340" lon="-4.106560"/>
      <trkpt lat="43.391440" lon="-4.106440"/>
      <trkpt lat="43.391480" lon="-4.106370"/>
      <trkpt lat="43.391500" lon="-4.106350"/>
      <trkpt lat="43.391510" lon="-4.106330"/>
      <trkpt lat="43.391540" lon="-4.106300"/>
      <trkpt lat="43.391570" lon="-4.106280"/>
      <trkpt lat="43.391580" lon="-4.106270"/>
      <trkpt lat="43.391600" lon="-4.106250"/>
      <trkpt lat="43.391650" lon="-4.106230"/>
      <trkpt lat="43.391730" lon="-4.106190"/>
      <trkpt lat="43.391770" lon="-4.106180"/>
      <trkpt lat="43.391740" lon="-4.106230"/>
      <trkpt lat="43.391680" lon="-4.106290"/>
      <trkpt lat="43.391740" lon="-4.106230"/>
      <trkpt lat="43.391770" lon="-4.106180"/>
      <trkpt lat="43.391730" lon="-4.106190"/>
      <trkpt lat="43.391650" lon="-4.106230"/>
      <trkpt lat="43.391600" lon="-4.106250"/>
      <trkpt lat="43.391580" lon="-4.106270"/>
      <trkpt lat="43.391570" lon="-4.106280"/>
      <trkpt lat="43.391540" lon="-4.106300"/>
      <trkpt lat="43.391510" lon="-4.106330"/>
      <trkpt lat="43.391500" lon="-4.106350"/>
      <trkpt lat="43.391480" lon="-4.106370"/>
      <trkpt lat="43.391440" lon="-4.106440"/>
      <trkpt lat="43.391340" lon="-4.106560"/>
      <trkpt lat="43.391170" lon="-4.106370"/>
      <trkpt lat="43.390990" lon="-4.106190"/>
      <trkpt lat="43.390680" lon="-4.106420"/>
      <trkpt lat="43.390620" lon="-4.106480"/>
      <trkpt lat="43.390490" lon="-4.106620"/>
      <trkpt lat="43.390250" lon="-4.106860"/>
      <trkpt lat="43.390150" lon="-4.106960"/>
      <trkpt lat="43.389830" lon="-4.107340"/>
      <trkpt lat="43.389610" lon="-4.107640"/>
      <trkpt lat="43.389500" lon="-4.107740"/>
      <trkpt lat="43.389360" lon="-4.107780"/>
      <trkpt lat="43.389150" lon="-4.107790"/>
      <trkpt lat="43.389090" lon="-4.107800"/>
      <trkpt lat="43.388920" lon="-4.107920"/>
      <trkpt lat="43.388710" lon="-4.108060"/>
      <trkpt lat="43.388970" lon="-4.108990"/>
      <trkpt lat="43.389010" lon="-4.109140"/>
      <trkpt lat="43.389090" lon="-4.109350"/>
      <trkpt lat="43.389190" lon="-4.109550"/>
      <trkpt lat="43.389280" lon="-4.109700"/>
      <trkpt lat="43.389310" lon="-4.109740"/>
      <trkpt lat="43.389430" lon="-4.109910"/>
      <trkpt lat="43.389540" lon="-4.110050"/>
      <trkpt lat="43.389660" lon="-4.110170"/>
      <trkpt lat="43.389780" lon="-4.110300"/>
      <trkpt lat="43.389940" lon="-4.110490"/>
      <trkpt lat="43.390060" lon="-4.110690"/>
      <trkpt lat="43.390190" lon="-4.110950"/>
      <trkpt lat="43.390380" lon="-4.111200"/>
      <trkpt lat="43.390520" lon="-4.111340"/>
      <trkpt lat="43.390650" lon="-4.111460"/>
      <trkpt lat="43.390840" lon="-4.111620"/>
      <trkpt lat="43.392030" lon="-4.112720"/>
      <trkpt lat="43.392250" lon="-4.112920"/>
      <trkpt lat="43.392540" lon="-4.113190"/>
      <trkpt lat="43.392590" lon="-4.113270"/>
      <trkpt lat="43.392670" lon="-4.113380"/>
      <trkpt lat="43.392700" lon="-4.113440"/>
      <trkpt lat="43.392780" lon="-4.113640"/>
      <trkpt lat="43.392820" lon="-4.113760"/>
      <trkpt lat="43.392890" lon="-4.113910"/>
      <trkpt lat="43.392960" lon="-4.114100"/>
      <trkpt lat="43.393030" lon="-4.114290"/>
      <trkpt lat="43.393130" lon="-4.114660"/>
      <trkpt lat="43.393230" lon="-4.115070"/>
      <trkpt lat="43.393350" lon="-4.115560"/>
      <trkpt lat="43.393390" lon="-4.115750"/>
      <trkpt lat="43.393430" lon="-4.115980"/>
      <trkpt lat="43.393430" lon="-4.116100"/>
      <trkpt lat="43.393420" lon="-4.116220"/>
      <trkpt lat="43.393390" lon="-4.116350"/>
      <trkpt lat="43.393360" lon="-4.116490"/>
      <trkpt lat="43.393320" lon="-4.116570"/>
      <trkpt lat="43.393280" lon="-4.116680"/>
      <trkpt lat="43.393260" lon="-4.116780"/>
      <trkpt lat="43.393280" lon="-4.116880"/>
      <trkpt lat="43.393300" lon="-4.116960"/>
      <trkpt lat="43.393350" lon="-4.117060"/>
      <trkpt lat="43.393400" lon="-4.117140"/>
      <trkpt lat="43.393430" lon="-4.117140"/>
      <trkpt lat="43.393460" lon="-4.117150"/>
      <trkpt lat="43.393510" lon="-4.117180"/>
      <trkpt lat="43.393550" lon="-4.117220"/>
      <trkpt lat="43.393600" lon="-4.117300"/>
      <trkpt lat="43.393620" lon="-4.117390"/>
      <trkpt lat="43.393630" lon="-4.117480"/>
      <trkpt lat="43.393610" lon="-4.117580"/>
      <trkpt lat="43.393580" lon="-4.117660"/>
      <trkpt lat="43.393530" lon="-4.117720"/>
      <trkpt lat="43.393490" lon="-4.117820"/>
      <trkpt lat="43.393450" lon="-4.117930"/>
      <trkpt lat="43.393430" lon="-4.118090"/>
      <trkpt lat="43.393430" lon="-4.118240"/>
      <trkpt lat="43.393450" lon="-4.118380"/>
      <trkpt lat="43.393530" lon="-4.118610"/>
      <trkpt lat="43.393600" lon="-4.118820"/>
      <trkpt lat="43.393630" lon="-4.118990"/>
      <trkpt lat="43.393660" lon="-4.119170"/>
      <trkpt lat="43.393680" lon="-4.119350"/>
      <trkpt lat="43.393690" lon="-4.119530"/>
      <trkpt lat="43.393690" lon="-4.119700"/>
      <trkpt lat="43.393670" lon="-4.119860"/>
      <trkpt lat="43.393650" lon="-4.120020"/>
      <trkpt lat="43.393590" lon="-4.120160"/>
      <trkpt lat="43.393560" lon="-4.120330"/>
      <trkpt lat="43.393510" lon="-4.120480"/>
      <trkpt lat="43.393460" lon="-4.120640"/>
      <trkpt lat="43.393390" lon="-4.120810"/>
      <trkpt lat="43.393330" lon="-4.120940"/>
      <trkpt lat="43.393220" lon="-4.121190"/>
      <trkpt lat="43.393070" lon="-4.121540"/>
      <trkpt lat="43.393000" lon="-4.121700"/>
      <trkpt lat="43.392920" lon="-4.121980"/>
      <trkpt lat="43.392850" lon="-4.122300"/>
      <trkpt lat="43.392820" lon="-4.122600"/>
      <trkpt lat="43.392800" lon="-4.122750"/>
      <trkpt lat="43.392790" lon="-4.122980"/>
      <trkpt lat="43.392750" lon="-4.123280"/>
      <trkpt lat="43.392710" lon="-4.123440"/>
      <trkpt lat="43.392670" lon="-4.123570"/>
      <trkpt lat="43.392610" lon="-4.123750"/>
      <trkpt lat="43.392510" lon="-4.123960"/>
      <trkpt lat="43.392310" lon="-4.124390"/>
      <trkpt lat="43.392240" lon="-4.124570"/>
      <trkpt lat="43.392180" lon="-4.124830"/>
      <trkpt lat="43.392160" lon="-4.125070"/>
      <trkpt lat="43.392160" lon="-4.125280"/>
      <trkpt lat="43.392180" lon="-4.125490"/>
      <trkpt lat="43.392250" lon="-4.125750"/>
      <trkpt lat="43.392330" lon="-4.126010"/>
      <trkpt lat="43.392450" lon="-4.126310"/>
      <trkpt lat="43.392570" lon="-4.126600"/>
      <trkpt lat="43.392680" lon="-4.126900"/>
      <trkpt lat="43.392770" lon="-4.127140"/>
      <trkpt lat="43.392860" lon="-4.127430"/>
      <trkpt lat="43.392930" lon="-4.127660"/>
      <trkpt lat="43.392980" lon="-4.127880"/>
      <trkpt lat="43.393030" lon="-4.128140"/>
      <trkpt lat="43.393070" lon="-4.128470"/>
      <trkpt lat="43.393120" lon="-4.128940"/>
      <trkpt lat="43.393140" lon="-4.129290"/>
      <trkpt lat="43.393130" lon="-4.129710"/>
      <trkpt lat="43.393100" lon="-4.130220"/>
      <trkpt lat="43.393060" lon="-4.130670"/>
      <trkpt lat="43.393040" lon="-4.130920"/>
      <trkpt lat="43.393040" lon="-4.131060"/>
      <trkpt lat="43.393050" lon="-4.131450"/>
      <trkpt lat="43.393060" lon="-4.131540"/>
      <trkpt lat="43.393110" lon="-4.131760"/>
      <trkpt lat="43.393170" lon="-4.131960"/>
      <trkpt lat="43.393350" lon="-4.132560"/>
      <trkpt lat="43.393480" lon="-4.132970"/>
      <trkpt lat="43.393540" lon="-4.133150"/>
      <trkpt lat="43.393810" lon="-4.134050"/>
      <trkpt lat="43.394020" lon="-4.134730"/>
      <trkpt lat="43.394050" lon="-4.134840"/>
      <trkpt lat="43.394160" lon="-4.135180"/>
      <trkpt lat="43.394240" lon="-4.135450"/>
      <trkpt lat="43.394420" lon="-4.136030"/>
      <trkpt lat="43.394520" lon="-4.136300"/>
      <trkpt lat="43.394630" lon="-4.136700"/>
      <trkpt lat="43.394900" lon="-4.137580"/>
      <trkpt lat="43.394990" lon="-4.137830"/>
      <trkpt lat="43.395260" lon="-4.138630"/>
      <trkpt lat="43.395320" lon="-4.138790"/>
      <trkpt lat="43.395430" lon="-4.139080"/>
      <trkpt lat="43.395480" lon="-4.139220"/>
      <trkpt lat="43.395520" lon="-4.139360"/>
      <trkpt lat="43.395600" lon="-4.139580"/>
      <trkpt lat="43.395650" lon="-4.139780"/>
      <trkpt lat="43.395680" lon="-4.139900"/>
      <trkpt lat="43.395770" lon="-4.140340"/>
      <trkpt lat="43.395950" lon="-4.141470"/>
      <trkpt lat="43.396070" lon="-4.142270"/>
      <trkpt lat="43.396200" lon="-4.143150"/>
      <trkpt lat="43.396300" lon="-4.143770"/>
      <trkpt lat="43.396340" lon="-4.144070"/>
      <trkpt lat="43.396380" lon="-4.144370"/>
      <trkpt lat="43.396390" lon="-4.144410"/>
      <trkpt lat="43.396400" lon="-4.144620"/>
      <trkpt lat="43.396400" lon="-4.144830"/>
      <trkpt lat="43.396390" lon="-4.145020"/>
      <trkpt lat="43.396370" lon="-4.145270"/>
      <trkpt lat="43.396360" lon="-4.145380"/>
      <trkpt lat="43.396350" lon="-4.145460"/>
      <trkpt lat="43.396330" lon="-4.145560"/>
      <trkpt lat="43.396300" lon="-4.145780"/>
      <trkpt lat="43.396250" lon="-4.146100"/>
      <trkpt lat="43.396200" lon="-4.146370"/>
      <trkpt lat="43.396180" lon="-4.146640"/>
      <trkpt lat="43.396170" lon="-4.146790"/>
      <trkpt lat="43.396160" lon="-4.146890"/>
      <trkpt lat="43.396160" lon="-4.146990"/>
      <trkpt lat="43.396160" lon="-4.147080"/>
      <trkpt lat="43.396160" lon="-4.147130"/>
      <trkpt lat="43.396170" lon="-4.147190"/>
      <trkpt lat="43.396170" lon="-4.147260"/>
      <trkpt lat="43.396180" lon="-4.147330"/>
      <trkpt lat="43.396190" lon="-4.147490"/>
      <trkpt lat="43.396260" lon="-4.148180"/>
      <trkpt lat="43.396330" lon="-4.148760"/>
      <trkpt lat="43.396360" lon="-4.149090"/>
      <trkpt lat="43.396380" lon="-4.149250"/>
      <trkpt lat="43.396410" lon="-4.149380"/>
      <trkpt lat="43.396420" lon="-4.149450"/>
      <trkpt lat="43.396430" lon="-4.149530"/>
      <trkpt lat="43.396470" lon="-4.149880"/>
      <trkpt lat="43.396490" lon="-4.150030"/>
      <trkpt lat="43.396500" lon="-4.150210"/>
      <trkpt lat="43.396520" lon="-4.150410"/>
      <trkpt lat="43.396550" lon="-4.150700"/>
      <trkpt lat="43.396560" lon="-4.150880"/>
      <trkpt lat="43.396570" lon="-4.150980"/>
      <trkpt lat="43.396570" lon="-4.151040"/>
      <trkpt lat="43.396570" lon="-4.151120"/>
      <trkpt lat="43.396580" lon="-4.151290"/>
      <trkpt lat="43.396580" lon="-4.151470"/>
      <trkpt lat="43.396580" lon="-4.151610"/>
      <trkpt lat="43.396580" lon="-4.151760"/>
      <trkpt lat="43.396570" lon="-4.151930"/>
      <trkpt lat="43.396560" lon="-4.152070"/>
      <trkpt lat="43.396550" lon="-4.152220"/>
      <trkpt lat="43.396540" lon="-4.152410"/>
      <trkpt lat="43.396510" lon="-4.152680"/>
      <trkpt lat="43.396480" lon="-4.152960"/>
      <trkpt lat="43.396410" lon="-4.153450"/>
      <trkpt lat="43.396400" lon="-4.153580"/>
      <trkpt lat="43.396380" lon="-4.153720"/>
      <trkpt lat="43.396320" lon="-4.153960"/>
      <trkpt lat="43.396280" lon="-4.154240"/>
      <trkpt lat="43.396270" lon="-4.154380"/>
      <trkpt lat="43.396240" lon="-4.154580"/>
      <trkpt lat="43.396180" lon="-4.155050"/>
      <trkpt lat="43.396120" lon="-4.155460"/>
      <trkpt lat="43.396100" lon="-4.155610"/>
      <trkpt lat="43.396010" lon="-4.156240"/>
      <trkpt lat="43.395910" lon="-4.157000"/>
      <trkpt lat="43.395850" lon="-4.157470"/>
      <trkpt lat="43.395840" lon="-4.157700"/>
      <trkpt lat="43.395830" lon="-4.157790"/>
      <trkpt lat="43.395810" lon="-4.158250"/>
      <trkpt lat="43.395810" lon="-4.158700"/>
      <trkpt lat="43.395820" lon="-4.158930"/>
      <trkpt lat="43.395850" lon="-4.159190"/>
      <trkpt lat="43.395870" lon="-4.159490"/>
      <trkpt lat="43.395910" lon="-4.159700"/>
      <trkpt lat="43.395940" lon="-4.159900"/>
      <trkpt lat="43.395990" lon="-4.160130"/>
      <trkpt lat="43.396020" lon="-4.160230"/>
      <trkpt lat="43.396030" lon="-4.160320"/>
      <trkpt lat="43.396110" lon="-4.160610"/>
      <trkpt lat="43.396260" lon="-4.161050"/>
      <trkpt lat="43.396590" lon="-4.161910"/>
      <trkpt lat="43.396950" lon="-4.162830"/>
      <trkpt lat="43.397010" lon="-4.162980"/>
      <trkpt lat="43.397330" lon="-4.163770"/>
      <trkpt lat="43.397530" lon="-4.164290"/>
      <trkpt lat="43.397650" lon="-4.164610"/>
      <trkpt lat="43.397780" lon="-4.164950"/>
      <trkpt lat="43.397860" lon="-4.165170"/>
      <trkpt lat="43.397880" lon="-4.165240"/>
      <trkpt lat="43.397900" lon="-4.165320"/>
      <trkpt lat="43.397940" lon="-4.165480"/>
      <trkpt lat="43.397960" lon="-4.165630"/>
      <trkpt lat="43.398000" lon="-4.165790"/>
      <trkpt lat="43.398030" lon="-4.165970"/>
      <trkpt lat="43.398060" lon="-4.166120"/>
      <trkpt lat="43.398080" lon="-4.166280"/>
      <trkpt lat="43.398100" lon="-4.166430"/>
      <trkpt lat="43.398110" lon="-4.166590"/>
      <trkpt lat="43.398130" lon="-4.166790"/>
      <trkpt lat="43.398140" lon="-4.166930"/>
      <trkpt lat="43.398140" lon="-4.167310"/>
      <trkpt lat="43.398140" lon="-4.167470"/>
      <trkpt lat="43.398120" lon="-4.167880"/>
      <trkpt lat="43.398100" lon="-4.168060"/>
      <trkpt lat="43.398070" lon="-4.168270"/>
      <trkpt lat="43.398030" lon="-4.168800"/>
      <trkpt lat="43.397990" lon="-4.169070"/>
      <trkpt lat="43.397920" lon="-4.169770"/>
      <trkpt lat="43.397870" lon="-4.170430"/>
      <trkpt lat="43.397830" lon="-4.170830"/>
      <trkpt lat="43.397780" lon="-4.171290"/>
      <trkpt lat="43.397730" lon="-4.171810"/>
      <trkpt lat="43.397660" lon="-4.172380"/>
      <trkpt lat="43.397620" lon="-4.172800"/>
      <trkpt lat="43.397580" lon="-4.173080"/>
      <trkpt lat="43.397490" lon="-4.173550"/>
      <trkpt lat="43.397410" lon="-4.173900"/>
      <trkpt lat="43.397270" lon="-4.174340"/>
      <trkpt lat="43.397120" lon="-4.174730"/>
      <trkpt lat="43.396990" lon="-4.175080"/>
      <trkpt lat="43.396860" lon="-4.175400"/>
      <trkpt lat="43.396790" lon="-4.175600"/>
      <trkpt lat="43.396720" lon="-4.175840"/>
      <trkpt lat="43.396660" lon="-4.176110"/>
      <trkpt lat="43.396610" lon="-4.176360"/>
      <trkpt lat="43.396580" lon="-4.176670"/>
      <trkpt lat="43.396560" lon="-4.177030"/>
      <trkpt lat="43.396560" lon="-4.177270"/>
      <trkpt lat="43.396590" lon="-4.177570"/>
      <trkpt lat="43.396620" lon="-4.177840"/>
      <trkpt lat="43.396680" lon="-4.178120"/>
      <trkpt lat="43.396760" lon="-4.178450"/>
      <trkpt lat="43.396850" lon="-4.178710"/>
      <trkpt lat="43.396930" lon="-4.178920"/>
      <trkpt lat="43.397040" lon="-4.179140"/>
      <trkpt lat="43.397150" lon="-4.179370"/>
      <trkpt lat="43.397320" lon="-4.179690"/>
      <trkpt lat="43.397430" lon="-4.179930"/>
      <trkpt lat="43.397520" lon="-4.180150"/>
      <trkpt lat="43.397610" lon="-4.180390"/>
      <trkpt lat="43.397680" lon="-4.180620"/>
      <trkpt lat="43.397730" lon="-4.180820"/>
      <trkpt lat="43.397770" lon="-4.181070"/>
      <trkpt lat="43.397790" lon="-4.181240"/>
      <trkpt lat="43.397810" lon="-4.181400"/>
      <trkpt lat="43.397810" lon="-4.181520"/>
      <trkpt lat="43.397810" lon="-4.181700"/>
      <trkpt lat="43.397810" lon="-4.181890"/>
      <trkpt lat="43.397770" lon="-4.182250"/>
      <trkpt lat="43.397720" lon="-4.182560"/>
      <trkpt lat="43.397650" lon="-4.182810"/>
      <trkpt lat="43.397560" lon="-4.183080"/>
      <trkpt lat="43.397420" lon="-4.183410"/>
      <trkpt lat="43.397220" lon="-4.183840"/>
      <trkpt lat="43.397060" lon="-4.184200"/>
      <trkpt lat="43.396900" lon="-4.184540"/>
      <trkpt lat="43.396770" lon="-4.184870"/>
      <trkpt lat="43.396690" lon="-4.185120"/>
      <trkpt lat="43.396610" lon="-4.185450"/>
      <trkpt lat="43.396570" lon="-4.185800"/>
      <trkpt lat="43.396550" lon="-4.186050"/>
      <trkpt lat="43.396520" lon="-4.186450"/>
      <trkpt lat="43.396510" lon="-4.186950"/>
      <trkpt lat="43.396490" lon="-4.187260"/>
      <trkpt lat="43.396450" lon="-4.187550"/>
      <trkpt lat="43.396380" lon="-4.187880"/>
      <trkpt lat="43.396180" lon="-4.188610"/>
      <trkpt lat="43.396070" lon="-4.189040"/>
      <trkpt lat="43.396040" lon="-4.189160"/>
      <trkpt lat="43.395940" lon="-4.189640"/>
      <trkpt lat="43.395930" lon="-4.189690"/>
      <trkpt lat="43.395820" lon="-4.190310"/>
      <trkpt lat="43.395750" lon="-4.190790"/>
      <trkpt lat="43.395740" lon="-4.190920"/>
      <trkpt lat="43.395660" lon="-4.191400"/>
      <trkpt lat="43.395610" lon="-4.191650"/>
      <trkpt lat="43.395580" lon="-4.191800"/>
      <trkpt lat="43.395510" lon="-4.191990"/>
      <trkpt lat="43.395430" lon="-4.192190"/>
      <trkpt lat="43.395380" lon="-4.192300"/>
      <trkpt lat="43.395290" lon="-4.192460"/>
      <trkpt lat="43.395180" lon="-4.192600"/>
      <trkpt lat="43.395080" lon="-4.192720"/>
      <trkpt lat="43.394880" lon="-4.192900"/>
      <trkpt lat="43.394760" lon="-4.192980"/>
      <trkpt lat="43.394660" lon="-4.193040"/>
      <trkpt lat="43.394540" lon="-4.193090"/>
      <trkpt lat="43.394340" lon="-4.193140"/>
      <trkpt lat="43.394070" lon="-4.193190"/>
      <trkpt lat="43.393880" lon="-4.193200"/>
      <trkpt lat="43.393760" lon="-4.193220"/>
      <trkpt lat="43.393460" lon="-4.193250"/>
      <trkpt lat="43.393350" lon="-4.193270"/>
      <trkpt lat="43.393220" lon="-4.193310"/>
      <trkpt lat="43.393080" lon="-4.193370"/>
      <trkpt lat="43.392930" lon="-4.193450"/>
      <trkpt lat="43.392700" lon="-4.193620"/>
      <trkpt lat="43.392660" lon="-4.193670"/>
      <trkpt lat="43.392550" lon="-4.193780"/>
      <trkpt lat="43.392400" lon="-4.193970"/>
      <trkpt lat="43.392240" lon="-4.194190"/>
      <trkpt lat="43.392030" lon="-4.194530"/>
      <trkpt lat="43.391780" lon="-4.194940"/>
      <trkpt lat="43.391560" lon="-4.195290"/>
      <trkpt lat="43.391440" lon="-4.195480"/>
      <trkpt lat="43.391360" lon="-4.195590"/>
      <trkpt lat="43.391200" lon="-4.195830"/>
      <trkpt lat="43.391030" lon="-4.196030"/>
      <trkpt lat="43.390790" lon="-4.196320"/>
      <trkpt lat="43.390540" lon="-4.196610"/>
      <trkpt lat="43.390380" lon="-4.196820"/>
      <trkpt lat="43.390330" lon="-4.196890"/>
      <trkpt lat="43.390210" lon="-4.197100"/>
      <trkpt lat="43.390130" lon="-4.197250"/>
      <trkpt lat="43.390040" lon="-4.197440"/>
      <trkpt lat="43.389980" lon="-4.197620"/>
      <trkpt lat="43.389910" lon="-4.197840"/>
      <trkpt lat="43.389850" lon="-4.198050"/>
      <trkpt lat="43.389780" lon="-4.198340"/>
      <trkpt lat="43.389650" lon="-4.198910"/>
      <trkpt lat="43.389550" lon="-4.199260"/>
      <trkpt lat="43.389460" lon="-4.199570"/>
      <trkpt lat="43.389300" lon="-4.199980"/>
      <trkpt lat="43.389190" lon="-4.200240"/>
      <trkpt lat="43.389050" lon="-4.200590"/>
      <trkpt lat="43.388920" lon="-4.200850"/>
      <trkpt lat="43.388620" lon="-4.201530"/>
      <trkpt lat="43.388260" lon="-4.202370"/>
      <trkpt lat="43.387850" lon="-4.203300"/>
      <trkpt lat="43.387770" lon="-4.203490"/>
      <trkpt lat="43.387630" lon="-4.203820"/>
      <trkpt lat="43.387420" lon="-4.204340"/>
      <trkpt lat="43.387200" lon="-4.204920"/>
      <trkpt lat="43.387120" lon="-4.205190"/>
      <trkpt lat="43.387020" lon="-4.205560"/>
      <trkpt lat="43.386950" lon="-4.205890"/>
      <trkpt lat="43.386910" lon="-4.206150"/>
      <trkpt lat="43.386890" lon="-4.206370"/>
      <trkpt lat="43.386850" lon="-4.206710"/>
      <trkpt lat="43.386830" lon="-4.207010"/>
      <trkpt lat="43.386810" lon="-4.207420"/>
      <trkpt lat="43.386800" lon="-4.207700"/>
      <trkpt lat="43.386790" lon="-4.208170"/>
      <trkpt lat="43.386780" lon="-4.208300"/>
      <trkpt lat="43.386780" lon="-4.208870"/>
      <trkpt lat="43.386800" lon="-4.209380"/>
      <trkpt lat="43.386840" lon="-4.209800"/>
      <trkpt lat="43.386870" lon="-4.210050"/>
      <trkpt lat="43.386910" lon="-4.210310"/>
      <trkpt lat="43.386940" lon="-4.210470"/>
      <trkpt lat="43.386970" lon="-4.210620"/>
      <trkpt lat="43.387030" lon="-4.210930"/>
      <trkpt lat="43.387110" lon="-4.211290"/>
      <trkpt lat="43.387150" lon="-4.211480"/>
      <trkpt lat="43.387200" lon="-4.211670"/>
      <trkpt lat="43.387230" lon="-4.211800"/>
      <trkpt lat="43.387290" lon="-4.212030"/>
      <trkpt lat="43.387350" lon="-4.212260"/>
      <trkpt lat="43.387400" lon="-4.212460"/>
      <trkpt lat="43.387460" lon="-4.212680"/>
      <trkpt lat="43.387520" lon="-4.212880"/>
      <trkpt lat="43.387540" lon="-4.212970"/>
      <trkpt lat="43.387570" lon="-4.213070"/>
      <trkpt lat="43.387590" lon="-4.213170"/>
      <trkpt lat="43.387600" lon="-4.213240"/>
      <trkpt lat="43.387620" lon="-4.213300"/>
      <trkpt lat="43.387630" lon="-4.213400"/>
      <trkpt lat="43.387640" lon="-4.213480"/>
      <trkpt lat="43.387650" lon="-4.213550"/>
      <trkpt lat="43.387660" lon="-4.213620"/>
      <trkpt lat="43.387660" lon="-4.213690"/>
      <trkpt lat="43.387670" lon="-4.213720"/>
      <trkpt lat="43.387670" lon="-4.213760"/>
      <trkpt lat="43.387670" lon="-4.213850"/>
      <trkpt lat="43.387670" lon="-4.213940"/>
      <trkpt lat="43.387670" lon="-4.214040"/>
      <trkpt lat="43.387660" lon="-4.214100"/>
      <trkpt lat="43.387660" lon="-4.214140"/>
      <trkpt lat="43.387650" lon="-4.214190"/>
      <trkpt lat="43.387650" lon="-4.214260"/>
      <trkpt lat="43.387640" lon="-4.214330"/>
      <trkpt lat="43.387620" lon="-4.214420"/>
      <trkpt lat="43.387620" lon="-4.214460"/>
      <trkpt lat="43.387610" lon="-4.214500"/>
      <trkpt lat="43.387600" lon="-4.214540"/>
      <trkpt lat="43.387590" lon="-4.214590"/>
      <trkpt lat="43.387560" lon="-4.214690"/>
      <trkpt lat="43.387550" lon="-4.214740"/>
      <trkpt lat="43.387530" lon="-4.214800"/>
      <trkpt lat="43.387510" lon="-4.214860"/>
      <trkpt lat="43.387480" lon="-4.214950"/>
      <trkpt lat="43.387430" lon="-4.215090"/>
      <trkpt lat="43.387330" lon="-4.215410"/>
      <trkpt lat="43.387200" lon="-4.215710"/>
      <trkpt lat="43.387110" lon="-4.215980"/>
      <trkpt lat="43.387060" lon="-4.216250"/>
      <trkpt lat="43.387040" lon="-4.216600"/>
      <trkpt lat="43.387050" lon="-4.216920"/>
      <trkpt lat="43.387020" lon="-4.217300"/>
      <trkpt lat="43.386990" lon="-4.217470"/>
      <trkpt lat="43.386930" lon="-4.217600"/>
      <trkpt lat="43.386840" lon="-4.217730"/>
      <trkpt lat="43.386700" lon="-4.217890"/>
      <trkpt lat="43.386390" lon="-4.218110"/>
      <trkpt lat="43.386220" lon="-4.218250"/>
      <trkpt lat="43.386060" lon="-4.218460"/>
      <trkpt lat="43.385950" lon="-4.218710"/>
      <trkpt lat="43.385900" lon="-4.218940"/>
      <trkpt lat="43.385900" lon="-4.219150"/>
      <trkpt lat="43.385920" lon="-4.219360"/>
      <trkpt lat="43.385950" lon="-4.219520"/>
      <trkpt lat="43.386050" lon="-4.219730"/>
      <trkpt lat="43.386210" lon="-4.219930"/>
      <trkpt lat="43.386380" lon="-4.220090"/>
      <trkpt lat="43.387000" lon="-4.220620"/>
      <trkpt lat="43.387200" lon="-4.220810"/>
      <trkpt lat="43.387280" lon="-4.220940"/>
      <trkpt lat="43.387360" lon="-4.221110"/>
      <trkpt lat="43.387420" lon="-4.221360"/>
      <trkpt lat="43.387420" lon="-4.221480"/>
      <trkpt lat="43.387420" lon="-4.221630"/>
      <trkpt lat="43.387360" lon="-4.221940"/>
      <trkpt lat="43.387240" lon="-4.222290"/>
      <trkpt lat="43.387030" lon="-4.222780"/>
      <trkpt lat="43.386910" lon="-4.222980"/>
      <trkpt lat="43.386840" lon="-4.223080"/>
      <trkpt lat="43.386730" lon="-4.223210"/>
      <trkpt lat="43.386460" lon="-4.223380"/>
      <trkpt lat="43.386070" lon="-4.223560"/>
      <trkpt lat="43.385700" lon="-4.223730"/>
      <trkpt lat="43.385660" lon="-4.223750"/>
      <trkpt lat="43.385390" lon="-4.223880"/>
      <trkpt lat="43.385260" lon="-4.223980"/>
      <trkpt lat="43.385170" lon="-4.224080"/>
      <trkpt lat="43.385090" lon="-4.224190"/>
      <trkpt lat="43.385030" lon="-4.224320"/>
      <trkpt lat="43.384970" lon="-4.224470"/>
      <trkpt lat="43.384930" lon="-4.224650"/>
      <trkpt lat="43.384910" lon="-4.224810"/>
      <trkpt lat="43.384900" lon="-4.224990"/>
      <trkpt lat="43.384930" lon="-4.225220"/>
      <trkpt lat="43.385010" lon="-4.225480"/>
      <trkpt lat="43.385140" lon="-4.225850"/>
      <trkpt lat="43.385280" lon="-4.226220"/>
      <trkpt lat="43.385430" lon="-4.226530"/>
      <trkpt lat="43.385520" lon="-4.226690"/>
      <trkpt lat="43.385620" lon="-4.226850"/>
      <trkpt lat="43.385810" lon="-4.227120"/>
      <trkpt lat="43.385830" lon="-4.227160"/>
      <trkpt lat="43.385960" lon="-4.227340"/>
      <trkpt lat="43.386240" lon="-4.227780"/>
      <trkpt lat="43.386380" lon="-4.228050"/>
      <trkpt lat="43.386540" lon="-4.228410"/>
      <trkpt lat="43.386720" lon="-4.228810"/>
      <trkpt lat="43.386940" lon="-4.229350"/>
      <trkpt lat="43.387150" lon="-4.229870"/>
      <trkpt lat="43.387320" lon="-4.230310"/>
      <trkpt lat="43.387380" lon="-4.230450"/>
      <trkpt lat="43.387440" lon="-4.230610"/>
      <trkpt lat="43.387480" lon="-4.230730"/>
      <trkpt lat="43.387500" lon="-4.230820"/>
      <trkpt lat="43.387530" lon="-4.230920"/>
      <trkpt lat="43.387560" lon="-4.231040"/>
      <trkpt lat="43.387570" lon="-4.231160"/>
      <trkpt lat="43.387610" lon="-4.231250"/>
      <trkpt lat="43.387620" lon="-4.231310"/>
      <trkpt lat="43.387630" lon="-4.231380"/>
      <trkpt lat="43.387640" lon="-4.231490"/>
      <trkpt lat="43.387640" lon="-4.231620"/>
      <trkpt lat="43.387640" lon="-4.231730"/>
      <trkpt lat="43.387640" lon="-4.231850"/>
      <trkpt lat="43.387640" lon="-4.231980"/>
      <trkpt lat="43.387630" lon="-4.232070"/>
      <trkpt lat="43.387610" lon="-4.232160"/>
      <trkpt lat="43.387600" lon="-4.232240"/>
      <trkpt lat="43.387580" lon="-4.232330"/>
      <trkpt lat="43.387570" lon="-4.232400"/>
      <trkpt lat="43.387550" lon="-4.232480"/>
      <trkpt lat="43.387520" lon="-4.232560"/>
      <trkpt lat="43.387500" lon="-4.232640"/>
      <trkpt lat="43.387470" lon="-4.232710"/>
      <trkpt lat="43.387440" lon="-4.232790"/>
      <trkpt lat="43.387380" lon="-4.232930"/>
      <trkpt lat="43.387320" lon="-4.233040"/>
      <trkpt lat="43.387280" lon="-4.233120"/>
      <trkpt lat="43.387240" lon="-4.233190"/>
      <trkpt lat="43.387200" lon="-4.233260"/>
      <trkpt lat="43.386930" lon="-4.233770"/>
      <trkpt lat="43.386810" lon="-4.233990"/>
      <trkpt lat="43.386770" lon="-4.234080"/>
      <trkpt lat="43.386750" lon="-4.234140"/>
      <trkpt lat="43.386720" lon="-4.234200"/>
      <trkpt lat="43.386690" lon="-4.234290"/>
      <trkpt lat="43.386640" lon="-4.234380"/>
      <trkpt lat="43.386620" lon="-4.234500"/>
      <trkpt lat="43.386540" lon="-4.235030"/>
      <trkpt lat="43.386500" lon="-4.235520"/>
      <trkpt lat="43.386490" lon="-4.235690"/>
      <trkpt lat="43.386500" lon="-4.235880"/>
      <trkpt lat="43.386520" lon="-4.236080"/>
      <trkpt lat="43.386550" lon="-4.236290"/>
      <trkpt lat="43.386650" lon="-4.236710"/>
      <trkpt lat="43.386760" lon="-4.237140"/>
      <trkpt lat="43.387030" lon="-4.238020"/>
      <trkpt lat="43.387160" lon="-4.238460"/>
      <trkpt lat="43.387670" lon="-4.240120"/>
      <trkpt lat="43.387960" lon="-4.241020"/>
      <trkpt lat="43.388050" lon="-4.241300"/>
      <trkpt lat="43.388140" lon="-4.241550"/>
      <trkpt lat="43.388190" lon="-4.241680"/>
      <trkpt lat="43.388330" lon="-4.242010"/>
      <trkpt lat="43.388350" lon="-4.242060"/>
      <trkpt lat="43.388450" lon="-4.242290"/>
      <trkpt lat="43.388500" lon="-4.242420"/>
      <trkpt lat="43.388540" lon="-4.242500"/>
      <trkpt lat="43.388570" lon="-4.242590"/>
      <trkpt lat="43.388600" lon="-4.242670"/>
      <trkpt lat="43.388620" lon="-4.242750"/>
      <trkpt lat="43.388650" lon="-4.242840"/>
      <trkpt lat="43.388670" lon="-4.242920"/>
      <trkpt lat="43.388690" lon="-4.243000"/>
      <trkpt lat="43.388780" lon="-4.243330"/>
      <trkpt lat="43.388830" lon="-4.243500"/>
      <trkpt lat="43.388870" lon="-4.243650"/>
      <trkpt lat="43.388890" lon="-4.243720"/>
      <trkpt lat="43.388950" lon="-4.243980"/>
      <trkpt lat="43.389020" lon="-4.244270"/>
      <trkpt lat="43.389090" lon="-4.244570"/>
      <trkpt lat="43.389170" lon="-4.244900"/>
      <trkpt lat="43.389400" lon="-4.245850"/>
      <trkpt lat="43.389510" lon="-4.246310"/>
      <trkpt lat="43.389710" lon="-4.247180"/>
      <trkpt lat="43.389770" lon="-4.247430"/>
      <trkpt lat="43.389810" lon="-4.247660"/>
      <trkpt lat="43.389830" lon="-4.247780"/>
      <trkpt lat="43.389830" lon="-4.247870"/>
      <trkpt lat="43.389840" lon="-4.247960"/>
      <trkpt lat="43.389860" lon="-4.248020"/>
      <trkpt lat="43.389870" lon="-4.248090"/>
      <trkpt lat="43.389870" lon="-4.248160"/>
      <trkpt lat="43.389870" lon="-4.248260"/>
      <trkpt lat="43.389870" lon="-4.248440"/>
      <trkpt lat="43.389860" lon="-4.248550"/>
      <trkpt lat="43.389860" lon="-4.248650"/>
      <trkpt lat="43.389840" lon="-4.248840"/>
      <trkpt lat="43.389820" lon="-4.249010"/>
      <trkpt lat="43.389790" lon="-4.249200"/>
      <trkpt lat="43.389710" lon="-4.249640"/>
      <trkpt lat="43.389690" lon="-4.249730"/>
      <trkpt lat="43.389660" lon="-4.249830"/>
      <trkpt lat="43.389620" lon="-4.250110"/>
      <trkpt lat="43.389600" lon="-4.250200"/>
      <trkpt lat="43.389570" lon="-4.250470"/>
      <trkpt lat="43.389540" lon="-4.250800"/>
      <trkpt lat="43.389510" lon="-4.251250"/>
      <trkpt lat="43.389520" lon="-4.251670"/>
      <trkpt lat="43.389540" lon="-4.252110"/>
      <trkpt lat="43.389600" lon="-4.252680"/>
      <trkpt lat="43.389720" lon="-4.253320"/>
      <trkpt lat="43.389810" lon="-4.253820"/>
      <trkpt lat="43.389850" lon="-4.254030"/>
      <trkpt lat="43.389940" lon="-4.254570"/>
      <trkpt lat="43.389970" lon="-4.254720"/>
      <trkpt lat="43.390020" lon="-4.255670"/>
      <trkpt lat="43.390070" lon="-4.257030"/>
      <trkpt lat="43.390090" lon="-4.257720"/>
      <trkpt lat="43.390100" lon="-4.258270"/>
      <trkpt lat="43.390110" lon="-4.258360"/>
      <trkpt lat="43.390110" lon="-4.258720"/>
      <trkpt lat="43.390090" lon="-4.259150"/>
      <trkpt lat="43.390020" lon="-4.259710"/>
      <trkpt lat="43.389980" lon="-4.259930"/>
      <trkpt lat="43.389910" lon="-4.260370"/>
      <trkpt lat="43.389670" lon="-4.261850"/>
      <trkpt lat="43.389550" lon="-4.262610"/>
      <trkpt lat="43.389470" lon="-4.263030"/>
      <trkpt lat="43.389390" lon="-4.263410"/>
      <trkpt lat="43.389290" lon="-4.263770"/>
      <trkpt lat="43.389190" lon="-4.264200"/>
      <trkpt lat="43.389150" lon="-4.264340"/>
      <trkpt lat="43.389110" lon="-4.264490"/>
      <trkpt lat="43.388810" lon="-4.265620"/>
      <trkpt lat="43.388750" lon="-4.265860"/>
      <trkpt lat="43.388380" lon="-4.267250"/>
      <trkpt lat="43.388370" lon="-4.267380"/>
      <trkpt lat="43.388340" lon="-4.267500"/>
      <trkpt lat="43.388290" lon="-4.267710"/>
      <trkpt lat="43.388270" lon="-4.267800"/>
      <trkpt lat="43.388240" lon="-4.267950"/>
      <trkpt lat="43.388210" lon="-4.268080"/>
      <trkpt lat="43.388200" lon="-4.268170"/>
      <trkpt lat="43.388190" lon="-4.268220"/>
      <trkpt lat="43.388180" lon="-4.268260"/>
      <trkpt lat="43.388180" lon="-4.268310"/>
      <trkpt lat="43.388170" lon="-4.268350"/>
      <trkpt lat="43.388170" lon="-4.268410"/>
      <trkpt lat="43.388160" lon="-4.268470"/>
      <trkpt lat="43.388160" lon="-4.268560"/>
      <trkpt lat="43.388160" lon="-4.268660"/>
      <trkpt lat="43.388150" lon="-4.268790"/>
      <trkpt lat="43.388150" lon="-4.268920"/>
      <trkpt lat="43.388150" lon="-4.269070"/>
      <trkpt lat="43.388160" lon="-4.269290"/>
      <trkpt lat="43.388160" lon="-4.269570"/>
      <trkpt lat="43.388150" lon="-4.269680"/>
      <trkpt lat="43.388150" lon="-4.269770"/>
      <trkpt lat="43.388170" lon="-4.270480"/>
      <trkpt lat="43.388180" lon="-4.270840"/>
      <trkpt lat="43.388200" lon="-4.271500"/>
      <trkpt lat="43.388210" lon="-4.271850"/>
      <trkpt lat="43.388210" lon="-4.272060"/>
      <trkpt lat="43.388220" lon="-4.272220"/>
      <trkpt lat="43.388230" lon="-4.272580"/>
      <trkpt lat="43.388240" lon="-4.272950"/>
      <trkpt lat="43.388250" lon="-4.273470"/>
      <trkpt lat="43.388270" lon="-4.274330"/>
      <trkpt lat="43.388280" lon="-4.274720"/>
      <trkpt lat="43.388290" lon="-4.275020"/>
      <trkpt lat="43.388310" lon="-4.275690"/>
      <trkpt lat="43.388330" lon="-4.276480"/>
      <trkpt lat="43.388340" lon="-4.276790"/>
      <trkpt lat="43.388340" lon="-4.276930"/>
      <trkpt lat="43.388370" lon="-4.277500"/>
      <trkpt lat="43.388380" lon="-4.277820"/>
      <trkpt lat="43.388340" lon="-4.278140"/>
      <trkpt lat="43.388270" lon="-4.278400"/>
      <trkpt lat="43.388200" lon="-4.278600"/>
      <trkpt lat="43.387940" lon="-4.279150"/>
      <trkpt lat="43.387600" lon="-4.279890"/>
      <trkpt lat="43.387500" lon="-4.280230"/>
      <trkpt lat="43.387390" lon="-4.280370"/>
      <trkpt lat="43.387360" lon="-4.280400"/>
      <trkpt lat="43.387140" lon="-4.280570"/>
      <trkpt lat="43.387100" lon="-4.280640"/>
      <trkpt lat="43.387060" lon="-4.280720"/>
      <trkpt lat="43.387010" lon="-4.280910"/>
      <trkpt lat="43.387010" lon="-4.281010"/>
      <trkpt lat="43.387000" lon="-4.281220"/>
      <trkpt lat="43.387010" lon="-4.281330"/>
      <trkpt lat="43.387020" lon="-4.281390"/>
      <trkpt lat="43.387040" lon="-4.281500"/>
      <trkpt lat="43.387110" lon="-4.281680"/>
      <trkpt lat="43.387240" lon="-4.281930"/>
      <trkpt lat="43.387310" lon="-4.282030"/>
      <trkpt lat="43.387400" lon="-4.282150"/>
      <trkpt lat="43.387360" lon="-4.282270"/>
      <trkpt lat="43.387330" lon="-4.282410"/>
      <trkpt lat="43.387240" lon="-4.282550"/>
      <trkpt lat="43.387150" lon="-4.283300"/>
      <trkpt lat="43.387140" lon="-4.284410"/>
      <trkpt lat="43.387170" lon="-4.285640"/>
      <trkpt lat="43.386970" lon="-4.287240"/>
      <trkpt lat="43.386900" lon="-4.287810"/>
      <trkpt lat="43.386890" lon="-4.287900"/>
      <trkpt lat="43.386830" lon="-4.288390"/>
      <trkpt lat="43.386800" lon="-4.288520"/>
      <trkpt lat="43.386790" lon="-4.288620"/>
      <trkpt lat="43.386630" lon="-4.288510"/>
      <trkpt lat="43.386470" lon="-4.288340"/>
      <trkpt lat="43.386400" lon="-4.288280"/>
      <trkpt lat="43.386320" lon="-4.288280"/>
      <trkpt lat="43.386260" lon="-4.288300"/>
      <trkpt lat="43.386190" lon="-4.288420"/>
      <trkpt lat="43.385910" lon="-4.288820"/>
      <trkpt lat="43.385840" lon="-4.288860"/>
      <trkpt lat="43.385760" lon="-4.288860"/>
      <trkpt lat="43.385720" lon="-4.288860"/>
      <trkpt lat="43.385660" lon="-4.288910"/>
      <trkpt lat="43.385590" lon="-4.289010"/>
      <trkpt lat="43.385560" lon="-4.289150"/>
      <trkpt lat="43.385420" lon="-4.289520"/>
      <trkpt lat="43.385380" lon="-4.289670"/>
      <trkpt lat="43.385320" lon="-4.289780"/>
      <trkpt lat="43.385300" lon="-4.289840"/>
      <trkpt lat="43.385290" lon="-4.289880"/>
      <trkpt lat="43.385270" lon="-4.289910"/>
      <trkpt lat="43.385170" lon="-4.289870"/>
      <trkpt lat="43.385100" lon="-4.289860"/>
      <trkpt lat="43.385120" lon="-4.289950"/>
      <trkpt lat="43.385120" lon="-4.290020"/>
      <trkpt lat="43.385120" lon="-4.290070"/>
      <trkpt lat="43.385120" lon="-4.290200"/>
      <trkpt lat="43.385160" lon="-4.290300"/>
      <trkpt lat="43.385240" lon="-4.290440"/>
      <trkpt lat="43.385300" lon="-4.290520"/>
      <trkpt lat="43.385370" lon="-4.290590"/>
      <trkpt lat="43.385460" lon="-4.290690"/>
      <trkpt lat="43.385370" lon="-4.290590"/>
      <trkpt lat="43.385300" lon="-4.290520"/>
      <trkpt lat="43.385240" lon="-4.290440"/>
      <trkpt lat="43.385160" lon="-4.290300"/>
      <trkpt lat="43.385120" lon="-4.290200"/>
      <trkpt lat="43.385120" lon="-4.290070"/>
      <trkpt lat="43.385120" lon="-4.289950"/>
      <trkpt lat="43.385100" lon="-4.289860"/>
      <trkpt lat="43.385070" lon="-4.289790"/>
      <trkpt lat="43.385020" lon="-4.289680"/>
      <trkpt lat="43.384920" lon="-4.289520"/>
      <trkpt lat="43.384900" lon="-4.289490"/>
      <trkpt lat="43.384800" lon="-4.289590"/>
      <trkpt lat="43.384740" lon="-4.289840"/>
      <trkpt lat="43.384680" lon="-4.290040"/>
      <trkpt lat="43.384570" lon="-4.290550"/>
      <trkpt lat="43.384540" lon="-4.290590"/>
      <trkpt lat="43.384510" lon="-4.290670"/>
      <trkpt lat="43.384580" lon="-4.290700"/>
      <trkpt lat="43.384610" lon="-4.290760"/>
      <trkpt lat="43.384620" lon="-4.290800"/>
      <trkpt lat="43.384640" lon="-4.290870"/>
      <trkpt lat="43.384680" lon="-4.291490"/>
      <trkpt lat="43.384780" lon="-4.291570"/>
      <trkpt lat="43.385210" lon="-4.291890"/>
      <trkpt lat="43.385440" lon="-4.292060"/>
      <trkpt lat="43.385460" lon="-4.292080"/>
      <trkpt lat="43.385630" lon="-4.292210"/>
      <trkpt lat="43.385620" lon="-4.292250"/>
      <trkpt lat="43.385500" lon="-4.292490"/>
      <trkpt lat="43.385440" lon="-4.292670"/>
      <trkpt lat="43.385380" lon="-4.292810"/>
      <trkpt lat="43.385310" lon="-4.293020"/>
      <trkpt lat="43.385230" lon="-4.293340"/>
      <trkpt lat="43.385190" lon="-4.293530"/>
      <trkpt lat="43.385170" lon="-4.293670"/>
      <trkpt lat="43.385140" lon="-4.293800"/>
      <trkpt lat="43.385080" lon="-4.294100"/>
      <trkpt lat="43.384970" lon="-4.294590"/>
      <trkpt lat="43.384930" lon="-4.294790"/>
      <trkpt lat="43.384890" lon="-4.294980"/>
      <trkpt lat="43.384840" lon="-4.295200"/>
      <trkpt lat="43.384830" lon="-4.295250"/>
      <trkpt lat="43.384820" lon="-4.295300"/>
      <trkpt lat="43.384730" lon="-4.295730"/>
      <trkpt lat="43.384640" lon="-4.296210"/>
      <trkpt lat="43.384620" lon="-4.296310"/>
      <trkpt lat="43.384580" lon="-4.296460"/>
      <trkpt lat="43.384590" lon="-4.296710"/>
      <trkpt lat="43.384610" lon="-4.296820"/>
      <trkpt lat="43.384670" lon="-4.296850"/>
      <trkpt lat="43.384700" lon="-4.296890"/>
      <trkpt lat="43.384730" lon="-4.296940"/>
      <trkpt lat="43.384750" lon="-4.297000"/>
      <trkpt lat="43.384760" lon="-4.297060"/>
      <trkpt lat="43.384750" lon="-4.297110"/>
      <trkpt lat="43.384730" lon="-4.297190"/>
      <trkpt lat="43.384690" lon="-4.297260"/>
      <trkpt lat="43.384630" lon="-4.297300"/>
      <trkpt lat="43.384500" lon="-4.297390"/>
      <trkpt lat="43.384430" lon="-4.297470"/>
      <trkpt lat="43.384340" lon="-4.297650"/>
      <trkpt lat="43.384330" lon="-4.297680"/>
      <trkpt lat="43.384320" lon="-4.297780"/>
      <trkpt lat="43.384280" lon="-4.297960"/>
      <trkpt lat="43.384190" lon="-4.298380"/>
      <trkpt lat="43.384110" lon="-4.298770"/>
      <trkpt lat="43.384020" lon="-4.299170"/>
      <trkpt lat="43.383970" lon="-4.299400"/>
      <trkpt lat="43.383790" lon="-4.300330"/>
      <trkpt lat="43.383610" lon="-4.301330"/>
      <trkpt lat="43.383490" lon="-4.301900"/>
      <trkpt lat="43.383270" lon="-4.302630"/>
      <trkpt lat="43.383040" lon="-4.303400"/>
      <trkpt lat="43.382940" lon="-4.303970"/>
      <trkpt lat="43.382870" lon="-4.304310"/>
      <trkpt lat="43.382810" lon="-4.304600"/>
      <trkpt lat="43.382730" lon="-4.304880"/>
      <trkpt lat="43.382530" lon="-4.305360"/>
      <trkpt lat="43.382280" lon="-4.306060"/>
      <trkpt lat="43.381930" lon="-4.306970"/>
      <trkpt lat="43.381260" lon="-4.308490"/>
      <trkpt lat="43.380780" lon="-4.309670"/>
      <trkpt lat="43.380110" lon="-4.311290"/>
      <trkpt lat="43.379530" lon="-4.312740"/>
      <trkpt lat="43.379210" lon="-4.313630"/>
      <trkpt lat="43.379110" lon="-4.313920"/>
      <trkpt lat="43.379060" lon="-4.314100"/>
      <trkpt lat="43.379050" lon="-4.314130"/>
      <trkpt lat="43.379030" lon="-4.314200"/>
      <trkpt lat="43.379010" lon="-4.314260"/>
      <trkpt lat="43.379000" lon="-4.314330"/>
      <trkpt lat="43.378960" lon="-4.314480"/>
      <trkpt lat="43.378920" lon="-4.314710"/>
      <trkpt lat="43.378890" lon="-4.314930"/>
      <trkpt lat="43.378870" lon="-4.315140"/>
      <trkpt lat="43.378870" lon="-4.315340"/>
      <trkpt lat="43.378870" lon="-4.315520"/>
      <trkpt lat="43.378890" lon="-4.315700"/>
      <trkpt lat="43.378920" lon="-4.315890"/>
      <trkpt lat="43.378950" lon="-4.316070"/>
      <trkpt lat="43.379010" lon="-4.316250"/>
      <trkpt lat="43.379100" lon="-4.316460"/>
      <trkpt lat="43.379180" lon="-4.316600"/>
      <trkpt lat="43.379330" lon="-4.316830"/>
      <trkpt lat="43.379460" lon="-4.317020"/>
      <trkpt lat="43.379620" lon="-4.317200"/>
      <trkpt lat="43.379820" lon="-4.317380"/>
      <trkpt lat="43.379970" lon="-4.317510"/>
      <trkpt lat="43.380140" lon="-4.317630"/>
      <trkpt lat="43.380290" lon="-4.317740"/>
      <trkpt lat="43.380520" lon="-4.317900"/>
      <trkpt lat="43.380730" lon="-4.318030"/>
      <trkpt lat="43.380790" lon="-4.318060"/>
      <trkpt lat="43.380860" lon="-4.318090"/>
      <trkpt lat="43.380980" lon="-4.318120"/>
      <trkpt lat="43.381110" lon="-4.318160"/>
      <trkpt lat="43.381190" lon="-4.318180"/>
      <trkpt lat="43.381260" lon="-4.318200"/>
      <trkpt lat="43.381320" lon="-4.318240"/>
      <trkpt lat="43.381380" lon="-4.318280"/>
      <trkpt lat="43.381460" lon="-4.318340"/>
      <trkpt lat="43.381540" lon="-4.318430"/>
      <trkpt lat="43.381640" lon="-4.318540"/>
      <trkpt lat="43.381710" lon="-4.318620"/>
      <trkpt lat="43.381790" lon="-4.318720"/>
      <trkpt lat="43.381860" lon="-4.318810"/>
      <trkpt lat="43.381890" lon="-4.318860"/>
      <trkpt lat="43.381930" lon="-4.318930"/>
      <trkpt lat="43.381960" lon="-4.319010"/>
      <trkpt lat="43.381980" lon="-4.319100"/>
      <trkpt lat="43.382000" lon="-4.319200"/>
      <trkpt lat="43.382010" lon="-4.319290"/>
      <trkpt lat="43.382020" lon="-4.319380"/>
      <trkpt lat="43.382020" lon="-4.319480"/>
      <trkpt lat="43.382010" lon="-4.319660"/>
      <trkpt lat="43.381990" lon="-4.319940"/>
      <trkpt lat="43.381980" lon="-4.320350"/>
      <trkpt lat="43.381970" lon="-4.320730"/>
      <trkpt lat="43.381980" lon="-4.320860"/>
      <trkpt lat="43.381990" lon="-4.320970"/>
      <trkpt lat="43.382010" lon="-4.321060"/>
      <trkpt lat="43.382040" lon="-4.321150"/>
      <trkpt lat="43.382070" lon="-4.321240"/>
      <trkpt lat="43.382120" lon="-4.321330"/>
      <trkpt lat="43.382180" lon="-4.321400"/>
      <trkpt lat="43.382250" lon="-4.321470"/>
      <trkpt lat="43.382320" lon="-4.321530"/>
      <trkpt lat="43.382390" lon="-4.321570"/>
      <trkpt lat="43.382450" lon="-4.321580"/>
      <trkpt lat="43.382510" lon="-4.321600"/>
      <trkpt lat="43.382570" lon="-4.321600"/>
      <trkpt lat="43.382620" lon="-4.321590"/>
      <trkpt lat="43.382700" lon="-4.321570"/>
      <trkpt lat="43.382770" lon="-4.321550"/>
      <trkpt lat="43.382850" lon="-4.321500"/>
      <trkpt lat="43.382930" lon="-4.321450"/>
      <trkpt lat="43.383050" lon="-4.321350"/>
      <trkpt lat="43.383180" lon="-4.321270"/>
      <trkpt lat="43.383230" lon="-4.321240"/>
      <trkpt lat="43.383290" lon="-4.321220"/>
      <trkpt lat="43.383370" lon="-4.321190"/>
      <trkpt lat="43.383450" lon="-4.321170"/>
      <trkpt lat="43.383520" lon="-4.321170"/>
      <trkpt lat="43.383580" lon="-4.321170"/>
      <trkpt lat="43.383660" lon="-4.321180"/>
      <trkpt lat="43.383750" lon="-4.321190"/>
      <trkpt lat="43.383850" lon="-4.321210"/>
      <trkpt lat="43.383990" lon="-4.321240"/>
      <trkpt lat="43.384110" lon="-4.321270"/>
      <trkpt lat="43.384160" lon="-4.321290"/>
      <trkpt lat="43.384230" lon="-4.321310"/>
      <trkpt lat="43.384290" lon="-4.321340"/>
      <trkpt lat="43.384340" lon="-4.321380"/>
      <trkpt lat="43.384390" lon="-4.321420"/>
      <trkpt lat="43.384430" lon="-4.321470"/>
      <trkpt lat="43.384480" lon="-4.321520"/>
      <trkpt lat="43.384520" lon="-4.321580"/>
      <trkpt lat="43.384550" lon="-4.321640"/>
      <trkpt lat="43.384580" lon="-4.321720"/>
      <trkpt lat="43.384610" lon="-4.321790"/>
      <trkpt lat="43.384620" lon="-4.321870"/>
      <trkpt lat="43.384640" lon="-4.321960"/>
      <trkpt lat="43.384640" lon="-4.322040"/>
      <trkpt lat="43.384640" lon="-4.322130"/>
      <trkpt lat="43.384640" lon="-4.322240"/>
      <trkpt lat="43.384610" lon="-4.322510"/>
      <trkpt lat="43.384480" lon="-4.323870"/>
      <trkpt lat="43.384340" lon="-4.325420"/>
      <trkpt lat="43.384180" lon="-4.327270"/>
      <trkpt lat="43.384130" lon="-4.327880"/>
      <trkpt lat="43.384120" lon="-4.328060"/>
      <trkpt lat="43.384100" lon="-4.328270"/>
      <trkpt lat="43.384080" lon="-4.328460"/>
      <trkpt lat="43.384080" lon="-4.328610"/>
      <trkpt lat="43.384070" lon="-4.328710"/>
      <trkpt lat="43.384080" lon="-4.328810"/>
      <trkpt lat="43.384090" lon="-4.328900"/>
      <trkpt lat="43.384110" lon="-4.328980"/>
      <trkpt lat="43.384140" lon="-4.329060"/>
      <trkpt lat="43.384190" lon="-4.329210"/>
      <trkpt lat="43.384310" lon="-4.329490"/>
      <trkpt lat="43.384490" lon="-4.329930"/>
      <trkpt lat="43.384600" lon="-4.330200"/>
      <trkpt lat="43.384630" lon="-4.330300"/>
      <trkpt lat="43.384650" lon="-4.330390"/>
      <trkpt lat="43.384670" lon="-4.330510"/>
      <trkpt lat="43.384680" lon="-4.330660"/>
      <trkpt lat="43.384690" lon="-4.330810"/>
      <trkpt lat="43.384710" lon="-4.331090"/>
      <trkpt lat="43.384720" lon="-4.331360"/>
      <trkpt lat="43.384720" lon="-4.331530"/>
      <trkpt lat="43.384710" lon="-4.331680"/>
      <trkpt lat="43.384700" lon="-4.331800"/>
      <trkpt lat="43.384680" lon="-4.331910"/>
      <trkpt lat="43.384650" lon="-4.332010"/>
      <trkpt lat="43.384610" lon="-4.332180"/>
      <trkpt lat="43.384560" lon="-4.332340"/>
      <trkpt lat="43.384510" lon="-4.332460"/>
      <trkpt lat="43.384460" lon="-4.332570"/>
      <trkpt lat="43.384390" lon="-4.332710"/>
      <trkpt lat="43.384120" lon="-4.333170"/>
      <trkpt lat="43.384090" lon="-4.333230"/>
      <trkpt lat="43.384030" lon="-4.333340"/>
      <trkpt lat="43.383970" lon="-4.333480"/>
      <trkpt lat="43.383910" lon="-4.333630"/>
      <trkpt lat="43.383860" lon="-4.333780"/>
      <trkpt lat="43.383820" lon="-4.333930"/>
      <trkpt lat="43.383780" lon="-4.334090"/>
      <trkpt lat="43.383760" lon="-4.334250"/>
      <trkpt lat="43.383740" lon="-4.334370"/>
      <trkpt lat="43.383730" lon="-4.334520"/>
      <trkpt lat="43.383720" lon="-4.334670"/>
      <trkpt lat="43.383720" lon="-4.334820"/>
      <trkpt lat="43.383730" lon="-4.334980"/>
      <trkpt lat="43.383740" lon="-4.335110"/>
      <trkpt lat="43.383760" lon="-4.335260"/>
      <trkpt lat="43.383790" lon="-4.335400"/>
      <trkpt lat="43.383820" lon="-4.335520"/>
      <trkpt lat="43.383840" lon="-4.335640"/>
      <trkpt lat="43.383890" lon="-4.335820"/>
      <trkpt lat="43.384030" lon="-4.336300"/>
      <trkpt lat="43.384170" lon="-4.336830"/>
      <trkpt lat="43.384190" lon="-4.336890"/>
      <trkpt lat="43.384210" lon="-4.336960"/>
      <trkpt lat="43.384260" lon="-4.337130"/>
      <trkpt lat="43.384320" lon="-4.337350"/>
      <trkpt lat="43.384360" lon="-4.337520"/>
      <trkpt lat="43.384370" lon="-4.337580"/>
      <trkpt lat="43.384390" lon="-4.337650"/>
      <trkpt lat="43.384400" lon="-4.337710"/>
      <trkpt lat="43.384400" lon="-4.337760"/>
      <trkpt lat="43.384410" lon="-4.337830"/>
      <trkpt lat="43.384420" lon="-4.337890"/>
      <trkpt lat="43.384420" lon="-4.337950"/>
      <trkpt lat="43.384420" lon="-4.338000"/>
      <trkpt lat="43.384420" lon="-4.338100"/>
      <trkpt lat="43.384410" lon="-4.338220"/>
      <trkpt lat="43.384390" lon="-4.338330"/>
      <trkpt lat="43.384370" lon="-4.338480"/>
      <trkpt lat="43.384330" lon="-4.338620"/>
      <trkpt lat="43.384290" lon="-4.338740"/>
      <trkpt lat="43.384230" lon="-4.338870"/>
      <trkpt lat="43.384190" lon="-4.338940"/>
      <trkpt lat="43.384140" lon="-4.339040"/>
      <trkpt lat="43.384050" lon="-4.339180"/>
      <trkpt lat="43.383930" lon="-4.339360"/>
      <trkpt lat="43.383870" lon="-4.339480"/>
      <trkpt lat="43.383820" lon="-4.339590"/>
      <trkpt lat="43.383790" lon="-4.339700"/>
      <trkpt lat="43.383770" lon="-4.339790"/>
      <trkpt lat="43.383760" lon="-4.339840"/>
      <trkpt lat="43.383760" lon="-4.339870"/>
      <trkpt lat="43.383750" lon="-4.339990"/>
      <trkpt lat="43.383750" lon="-4.340190"/>
      <trkpt lat="43.383750" lon="-4.340490"/>
      <trkpt lat="43.383760" lon="-4.340940"/>
      <trkpt lat="43.383760" lon="-4.341120"/>
      <trkpt lat="43.383770" lon="-4.341300"/>
      <trkpt lat="43.383790" lon="-4.341570"/>
      <trkpt lat="43.383850" lon="-4.342330"/>
      <trkpt lat="43.383870" lon="-4.342510"/>
      <trkpt lat="43.383880" lon="-4.342700"/>
      <trkpt lat="43.383880" lon="-4.342890"/>
      <trkpt lat="43.383890" lon="-4.343090"/>
      <trkpt lat="43.383890" lon="-4.343240"/>
      <trkpt lat="43.383890" lon="-4.343400"/>
      <trkpt lat="43.383890" lon="-4.343680"/>
      <trkpt lat="43.383890" lon="-4.343970"/>
      <trkpt lat="43.383860" lon="-4.344410"/>
      <trkpt lat="43.383830" lon="-4.344600"/>
      <trkpt lat="43.383780" lon="-4.344770"/>
      <trkpt lat="43.383590" lon="-4.345070"/>
      <trkpt lat="43.383420" lon="-4.345200"/>
      <trkpt lat="43.383240" lon="-4.345250"/>
      <trkpt lat="43.382480" lon="-4.345360"/>
      <trkpt lat="43.382290" lon="-4.345450"/>
      <trkpt lat="43.382090" lon="-4.345630"/>
      <trkpt lat="43.382010" lon="-4.345780"/>
      <trkpt lat="43.381930" lon="-4.345970"/>
      <trkpt lat="43.381430" lon="-4.347180"/>
      <trkpt lat="43.381260" lon="-4.347650"/>
      <trkpt lat="43.381200" lon="-4.347960"/>
      <trkpt lat="43.381150" lon="-4.348410"/>
      <trkpt lat="43.381150" lon="-4.348730"/>
      <trkpt lat="43.381190" lon="-4.349020"/>
      <trkpt lat="43.381210" lon="-4.349150"/>
      <trkpt lat="43.381250" lon="-4.349300"/>
      <trkpt lat="43.381360" lon="-4.349680"/>
      <trkpt lat="43.381490" lon="-4.350070"/>
      <trkpt lat="43.381710" lon="-4.350640"/>
      <trkpt lat="43.381760" lon="-4.350770"/>
      <trkpt lat="43.381800" lon="-4.350890"/>
      <trkpt lat="43.381820" lon="-4.350970"/>
      <trkpt lat="43.381840" lon="-4.351060"/>
      <trkpt lat="43.381850" lon="-4.351170"/>
      <trkpt lat="43.381850" lon="-4.351250"/>
      <trkpt lat="43.381840" lon="-4.351340"/>
      <trkpt lat="43.381830" lon="-4.351430"/>
      <trkpt lat="43.381820" lon="-4.351530"/>
      <trkpt lat="43.381800" lon="-4.351730"/>
      <trkpt lat="43.381790" lon="-4.351830"/>
      <trkpt lat="43.381790" lon="-4.351920"/>
      <trkpt lat="43.381790" lon="-4.352020"/>
      <trkpt lat="43.381810" lon="-4.352120"/>
      <trkpt lat="43.381830" lon="-4.352230"/>
      <trkpt lat="43.381860" lon="-4.352340"/>
      <trkpt lat="43.381910" lon="-4.352440"/>
      <trkpt lat="43.381980" lon="-4.352570"/>
      <trkpt lat="43.382050" lon="-4.352700"/>
      <trkpt lat="43.382080" lon="-4.352760"/>
      <trkpt lat="43.382110" lon="-4.352820"/>
      <trkpt lat="43.382130" lon="-4.352880"/>
      <trkpt lat="43.382150" lon="-4.352940"/>
      <trkpt lat="43.382170" lon="-4.353000"/>
      <trkpt lat="43.382200" lon="-4.353110"/>
      <trkpt lat="43.382210" lon="-4.353160"/>
      <trkpt lat="43.382220" lon="-4.353220"/>
      <trkpt lat="43.382220" lon="-4.353290"/>
      <trkpt lat="43.382220" lon="-4.353340"/>
      <trkpt lat="43.382220" lon="-4.353380"/>
      <trkpt lat="43.382210" lon="-4.353440"/>
      <trkpt lat="43.382210" lon="-4.353490"/>
      <trkpt lat="43.382200" lon="-4.353550"/>
      <trkpt lat="43.382190" lon="-4.353600"/>
      <trkpt lat="43.382180" lon="-4.353660"/>
      <trkpt lat="43.382160" lon="-4.353720"/>
      <trkpt lat="43.382140" lon="-4.353770"/>
      <trkpt lat="43.382120" lon="-4.353810"/>
      <trkpt lat="43.382110" lon="-4.353840"/>
      <trkpt lat="43.382090" lon="-4.353880"/>
      <trkpt lat="43.382070" lon="-4.353910"/>
      <trkpt lat="43.381950" lon="-4.354130"/>
      <trkpt lat="43.381920" lon="-4.354180"/>
      <trkpt lat="43.381880" lon="-4.354240"/>
      <trkpt lat="43.381850" lon="-4.354310"/>
      <trkpt lat="43.381820" lon="-4.354370"/>
      <trkpt lat="43.381790" lon="-4.354460"/>
      <trkpt lat="43.381770" lon="-4.354530"/>
      <trkpt lat="43.381750" lon="-4.354610"/>
      <trkpt lat="43.381740" lon="-4.354700"/>
      <trkpt lat="43.381630" lon="-4.355280"/>
      <trkpt lat="43.381540" lon="-4.355780"/>
      <trkpt lat="43.381440" lon="-4.356350"/>
      <trkpt lat="43.381280" lon="-4.357170"/>
      <trkpt lat="43.381200" lon="-4.357420"/>
      <trkpt lat="43.381090" lon="-4.357680"/>
      <trkpt lat="43.380700" lon="-4.358430"/>
      <trkpt lat="43.380550" lon="-4.358770"/>
      <trkpt lat="43.380390" lon="-4.359190"/>
      <trkpt lat="43.380310" lon="-4.359410"/>
      <trkpt lat="43.380270" lon="-4.359520"/>
      <trkpt lat="43.380230" lon="-4.359630"/>
      <trkpt lat="43.380170" lon="-4.359800"/>
      <trkpt lat="43.380150" lon="-4.359870"/>
      <trkpt lat="43.380120" lon="-4.359950"/>
      <trkpt lat="43.380100" lon="-4.360000"/>
      <trkpt lat="43.380080" lon="-4.360040"/>
      <trkpt lat="43.380060" lon="-4.360080"/>
      <trkpt lat="43.380030" lon="-4.360130"/>
      <trkpt lat="43.379990" lon="-4.360180"/>
      <trkpt lat="43.379970" lon="-4.360220"/>
      <trkpt lat="43.379900" lon="-4.360290"/>
      <trkpt lat="43.379850" lon="-4.360330"/>
      <trkpt lat="43.379810" lon="-4.360360"/>
      <trkpt lat="43.379760" lon="-4.360390"/>
      <trkpt lat="43.379710" lon="-4.360410"/>
      <trkpt lat="43.379670" lon="-4.360420"/>
      <trkpt lat="43.379620" lon="-4.360430"/>
      <trkpt lat="43.379530" lon="-4.360450"/>
      <trkpt lat="43.379450" lon="-4.360460"/>
      <trkpt lat="43.379390" lon="-4.360460"/>
      <trkpt lat="43.379270" lon="-4.360470"/>
      <trkpt lat="43.379150" lon="-4.360470"/>
      <trkpt lat="43.378970" lon="-4.360460"/>
      <trkpt lat="43.378810" lon="-4.360450"/>
      <trkpt lat="43.378660" lon="-4.360440"/>
      <trkpt lat="43.378510" lon="-4.360420"/>
      <trkpt lat="43.378380" lon="-4.360410"/>
      <trkpt lat="43.378350" lon="-4.360410"/>
      <trkpt lat="43.378330" lon="-4.360410"/>
      <trkpt lat="43.378290" lon="-4.360410"/>
      <trkpt lat="43.378270" lon="-4.360410"/>
      <trkpt lat="43.378230" lon="-4.360410"/>
      <trkpt lat="43.378190" lon="-4.360420"/>
      <trkpt lat="43.378140" lon="-4.360440"/>
      <trkpt lat="43.378100" lon="-4.360460"/>
      <trkpt lat="43.378070" lon="-4.360470"/>
      <trkpt lat="43.378000" lon="-4.360520"/>
      <trkpt lat="43.377970" lon="-4.360550"/>
      <trkpt lat="43.377930" lon="-4.360580"/>
      <trkpt lat="43.377910" lon="-4.360610"/>
      <trkpt lat="43.377880" lon="-4.360640"/>
      <trkpt lat="43.377850" lon="-4.360670"/>
      <trkpt lat="43.377820" lon="-4.360720"/>
      <trkpt lat="43.377780" lon="-4.360780"/>
      <trkpt lat="43.377750" lon="-4.360860"/>
      <trkpt lat="43.377720" lon="-4.360930"/>
      <trkpt lat="43.377690" lon="-4.361010"/>
      <trkpt lat="43.377660" lon="-4.361120"/>
      <trkpt lat="43.377590" lon="-4.361330"/>
      <trkpt lat="43.377530" lon="-4.361540"/>
      <trkpt lat="43.377470" lon="-4.361740"/>
      <trkpt lat="43.377420" lon="-4.361910"/>
      <trkpt lat="43.377370" lon="-4.362060"/>
      <trkpt lat="43.377310" lon="-4.362230"/>
      <trkpt lat="43.377270" lon="-4.362330"/>
      <trkpt lat="43.377220" lon="-4.362460"/>
      <trkpt lat="43.377180" lon="-4.362570"/>
      <trkpt lat="43.377130" lon="-4.362680"/>
      <trkpt lat="43.377090" lon="-4.362770"/>
      <trkpt lat="43.377040" lon="-4.362880"/>
      <trkpt lat="43.376990" lon="-4.362970"/>
      <trkpt lat="43.376950" lon="-4.363050"/>
      <trkpt lat="43.376920" lon="-4.363130"/>
      <trkpt lat="43.376880" lon="-4.363200"/>
      <trkpt lat="43.376820" lon="-4.363300"/>
      <trkpt lat="43.376760" lon="-4.363410"/>
      <trkpt lat="43.376720" lon="-4.363470"/>
      <trkpt lat="43.376660" lon="-4.363560"/>
      <trkpt lat="43.376620" lon="-4.363620"/>
      <trkpt lat="43.376550" lon="-4.363720"/>
      <trkpt lat="43.376510" lon="-4.363780"/>
      <trkpt lat="43.376440" lon="-4.363880"/>
      <trkpt lat="43.376360" lon="-4.363990"/>
      <trkpt lat="43.376280" lon="-4.364100"/>
      <trkpt lat="43.376120" lon="-4.364280"/>
      <trkpt lat="43.375960" lon="-4.364460"/>
      <trkpt lat="43.375690" lon="-4.364780"/>
      <trkpt lat="43.375450" lon="-4.365060"/>
      <trkpt lat="43.375340" lon="-4.365200"/>
      <trkpt lat="43.375270" lon="-4.365310"/>
      <trkpt lat="43.375150" lon="-4.365480"/>
      <trkpt lat="43.375120" lon="-4.365540"/>
      <trkpt lat="43.374990" lon="-4.365730"/>
      <trkpt lat="43.374840" lon="-4.365960"/>
      <trkpt lat="43.374570" lon="-4.366410"/>
      <trkpt lat="43.374490" lon="-4.366560"/>
      <trkpt lat="43.374430" lon="-4.366720"/>
      <trkpt lat="43.374390" lon="-4.366850"/>
      <trkpt lat="43.374340" lon="-4.367030"/>
      <trkpt lat="43.374260" lon="-4.367330"/>
      <trkpt lat="43.374250" lon="-4.367390"/>
      <trkpt lat="43.374150" lon="-4.367790"/>
      <trkpt lat="43.374000" lon="-4.368410"/>
      <trkpt lat="43.374000" lon="-4.368500"/>
      <trkpt lat="43.373980" lon="-4.368570"/>
      <trkpt lat="43.373970" lon="-4.368660"/>
      <trkpt lat="43.373950" lon="-4.368760"/>
      <trkpt lat="43.373950" lon="-4.368860"/>
      <trkpt lat="43.373950" lon="-4.368940"/>
      <trkpt lat="43.373950" lon="-4.369000"/>
      <trkpt lat="43.373960" lon="-4.369030"/>
      <trkpt lat="43.373960" lon="-4.369070"/>
      <trkpt lat="43.373970" lon="-4.369120"/>
      <trkpt lat="43.373980" lon="-4.369180"/>
      <trkpt lat="43.374000" lon="-4.369260"/>
      <trkpt lat="43.374010" lon="-4.369320"/>
      <trkpt lat="43.374040" lon="-4.369430"/>
      <trkpt lat="43.374060" lon="-4.369550"/>
      <trkpt lat="43.374080" lon="-4.369650"/>
      <trkpt lat="43.374100" lon="-4.369740"/>
      <trkpt lat="43.374110" lon="-4.369850"/>
      <trkpt lat="43.374110" lon="-4.369890"/>
      <trkpt lat="43.374120" lon="-4.369940"/>
      <trkpt lat="43.374120" lon="-4.370030"/>
      <trkpt lat="43.374180" lon="-4.370360"/>
      <trkpt lat="43.374210" lon="-4.370530"/>
      <trkpt lat="43.374220" lon="-4.370680"/>
      <trkpt lat="43.374220" lon="-4.370810"/>
      <trkpt lat="43.374210" lon="-4.370950"/>
      <trkpt lat="43.374190" lon="-4.371120"/>
      <trkpt lat="43.374140" lon="-4.371410"/>
      <trkpt lat="43.374110" lon="-4.371530"/>
      <trkpt lat="43.374080" lon="-4.371690"/>
      <trkpt lat="43.374040" lon="-4.371910"/>
      <trkpt lat="43.374020" lon="-4.372090"/>
      <trkpt lat="43.374030" lon="-4.372250"/>
      <trkpt lat="43.374050" lon="-4.372410"/>
      <trkpt lat="43.374100" lon="-4.372570"/>
      <trkpt lat="43.374160" lon="-4.372700"/>
      <trkpt lat="43.374240" lon="-4.372830"/>
      <trkpt lat="43.374330" lon="-4.372940"/>
      <trkpt lat="43.374460" lon="-4.373040"/>
      <trkpt lat="43.374610" lon="-4.373110"/>
      <trkpt lat="43.374770" lon="-4.373160"/>
      <trkpt lat="43.374940" lon="-4.373180"/>
      <trkpt lat="43.375090" lon="-4.373210"/>
      <trkpt lat="43.375470" lon="-4.373180"/>
      <trkpt lat="43.375860" lon="-4.373160"/>
      <trkpt lat="43.376310" lon="-4.373130"/>
      <trkpt lat="43.376450" lon="-4.373130"/>
      <trkpt lat="43.376590" lon="-4.373140"/>
      <trkpt lat="43.376710" lon="-4.373170"/>
      <trkpt lat="43.376860" lon="-4.373200"/>
      <trkpt lat="43.377010" lon="-4.373260"/>
      <trkpt lat="43.377140" lon="-4.373340"/>
      <trkpt lat="43.377260" lon="-4.373420"/>
      <trkpt lat="43.377350" lon="-4.373490"/>
      <trkpt lat="43.377460" lon="-4.373580"/>
      <trkpt lat="43.377560" lon="-4.373680"/>
      <trkpt lat="43.377740" lon="-4.373890"/>
      <trkpt lat="43.377930" lon="-4.374170"/>
      <trkpt lat="43.378090" lon="-4.374460"/>
      <trkpt lat="43.378210" lon="-4.374770"/>
      <trkpt lat="43.378300" lon="-4.375130"/>
      <trkpt lat="43.378360" lon="-4.375550"/>
      <trkpt lat="43.378420" lon="-4.376280"/>
      <trkpt lat="43.378430" lon="-4.376380"/>
      <trkpt lat="43.378490" lon="-4.376710"/>
      <trkpt lat="43.378610" lon="-4.376960"/>
      <trkpt lat="43.378730" lon="-4.377110"/>
      <trkpt lat="43.378870" lon="-4.377230"/>
      <trkpt lat="43.378960" lon="-4.377280"/>
      <trkpt lat="43.379010" lon="-4.377300"/>
      <trkpt lat="43.379410" lon="-4.377440"/>
      <trkpt lat="43.379560" lon="-4.377550"/>
      <trkpt lat="43.379630" lon="-4.377630"/>
      <trkpt lat="43.379740" lon="-4.377760"/>
      <trkpt lat="43.379960" lon="-4.378090"/>
      <trkpt lat="43.380090" lon="-4.378370"/>
      <trkpt lat="43.380220" lon="-4.378730"/>
      <trkpt lat="43.380370" lon="-4.379290"/>
      <trkpt lat="43.380630" lon="-4.380290"/>
      <trkpt lat="43.380730" lon="-4.380510"/>
      <trkpt lat="43.380810" lon="-4.380660"/>
      <trkpt lat="43.380960" lon="-4.380800"/>
      <trkpt lat="43.381060" lon="-4.380880"/>
      <trkpt lat="43.381200" lon="-4.380940"/>
      <trkpt lat="43.381460" lon="-4.381030"/>
      <trkpt lat="43.381660" lon="-4.381140"/>
      <trkpt lat="43.381820" lon="-4.381270"/>
      <trkpt lat="43.381970" lon="-4.381460"/>
      <trkpt lat="43.382270" lon="-4.382120"/>
      <trkpt lat="43.382400" lon="-4.382290"/>
      <trkpt lat="43.382550" lon="-4.382410"/>
      <trkpt lat="43.382760" lon="-4.382520"/>
      <trkpt lat="43.382960" lon="-4.382610"/>
      <trkpt lat="43.383090" lon="-4.382720"/>
      <trkpt lat="43.383160" lon="-4.382770"/>
      <trkpt lat="43.383220" lon="-4.382840"/>
      <trkpt lat="43.383300" lon="-4.382980"/>
      <trkpt lat="43.383360" lon="-4.383180"/>
      <trkpt lat="43.383400" lon="-4.383310"/>
      <trkpt lat="43.383410" lon="-4.383390"/>
      <trkpt lat="43.383420" lon="-4.383490"/>
      <trkpt lat="43.383420" lon="-4.383600"/>
      <trkpt lat="43.383410" lon="-4.383690"/>
      <trkpt lat="43.383400" lon="-4.383780"/>
      <trkpt lat="43.383370" lon="-4.383910"/>
      <trkpt lat="43.383300" lon="-4.384180"/>
      <trkpt lat="43.383250" lon="-4.384380"/>
      <trkpt lat="43.383230" lon="-4.384510"/>
      <trkpt lat="43.383210" lon="-4.384630"/>
      <trkpt lat="43.383200" lon="-4.384760"/>
      <trkpt lat="43.383200" lon="-4.384870"/>
      <trkpt lat="43.383210" lon="-4.385060"/>
      <trkpt lat="43.383240" lon="-4.385260"/>
      <trkpt lat="43.383300" lon="-4.385460"/>
      <trkpt lat="43.383360" lon="-4.385660"/>
      <trkpt lat="43.383420" lon="-4.385840"/>
      <trkpt lat="43.383460" lon="-4.385980"/>
      <trkpt lat="43.383490" lon="-4.386140"/>
      <trkpt lat="43.383500" lon="-4.386230"/>
      <trkpt lat="43.383510" lon="-4.386300"/>
      <trkpt lat="43.383500" lon="-4.386390"/>
      <trkpt lat="43.383500" lon="-4.386490"/>
      <trkpt lat="43.383470" lon="-4.386600"/>
      <trkpt lat="43.383450" lon="-4.386690"/>
      <trkpt lat="43.383410" lon="-4.386860"/>
      <trkpt lat="43.383190" lon="-4.387490"/>
      <trkpt lat="43.383040" lon="-4.387970"/>
      <trkpt lat="43.382660" lon="-4.389190"/>
      <trkpt lat="43.382640" lon="-4.389270"/>
      <trkpt lat="43.382630" lon="-4.389320"/>
      <trkpt lat="43.382640" lon="-4.389390"/>
      <trkpt lat="43.382630" lon="-4.389430"/>
      <trkpt lat="43.382640" lon="-4.389480"/>
      <trkpt lat="43.382640" lon="-4.389520"/>
      <trkpt lat="43.382650" lon="-4.389570"/>
      <trkpt lat="43.382670" lon="-4.389650"/>
      <trkpt lat="43.382690" lon="-4.389670"/>
      <trkpt lat="43.382700" lon="-4.389690"/>
      <trkpt lat="43.382720" lon="-4.389710"/>
      <trkpt lat="43.382730" lon="-4.389740"/>
      <trkpt lat="43.382740" lon="-4.389770"/>
      <trkpt lat="43.382740" lon="-4.389800"/>
      <trkpt lat="43.382740" lon="-4.389830"/>
      <trkpt lat="43.382740" lon="-4.389860"/>
      <trkpt lat="43.382730" lon="-4.389880"/>
      <trkpt lat="43.382730" lon="-4.389910"/>
      <trkpt lat="43.382710" lon="-4.389930"/>
      <trkpt lat="43.382700" lon="-4.389950"/>
      <trkpt lat="43.382690" lon="-4.389970"/>
      <trkpt lat="43.382670" lon="-4.389980"/>
      <trkpt lat="43.382650" lon="-4.390000"/>
      <trkpt lat="43.382630" lon="-4.390000"/>
      <trkpt lat="43.382610" lon="-4.390010"/>
      <trkpt lat="43.382590" lon="-4.390010"/>
      <trkpt lat="43.382530" lon="-4.390020"/>
      <trkpt lat="43.382500" lon="-4.390040"/>
      <trkpt lat="43.382480" lon="-4.390050"/>
      <trkpt lat="43.382460" lon="-4.390060"/>
      <trkpt lat="43.382450" lon="-4.390080"/>
      <trkpt lat="43.382430" lon="-4.390090"/>
      <trkpt lat="43.382420" lon="-4.390110"/>
      <trkpt lat="43.382410" lon="-4.390120"/>
      <trkpt lat="43.382400" lon="-4.390140"/>
      <trkpt lat="43.382370" lon="-4.390210"/>
      <trkpt lat="43.382330" lon="-4.390240"/>
      <trkpt lat="43.382300" lon="-4.390330"/>
      <trkpt lat="43.382270" lon="-4.390420"/>
      <trkpt lat="43.382250" lon="-4.390490"/>
      <trkpt lat="43.382210" lon="-4.390630"/>
      <trkpt lat="43.382170" lon="-4.390760"/>
      <trkpt lat="43.382140" lon="-4.390920"/>
      <trkpt lat="43.382110" lon="-4.391060"/>
      <trkpt lat="43.382100" lon="-4.391120"/>
      <trkpt lat="43.382090" lon="-4.391200"/>
      <trkpt lat="43.382080" lon="-4.391290"/>
      <trkpt lat="43.382070" lon="-4.391360"/>
      <trkpt lat="43.381550" lon="-4.395200"/>
      <trkpt lat="43.381370" lon="-4.396700"/>
      <trkpt lat="43.381360" lon="-4.396740"/>
      <trkpt lat="43.381370" lon="-4.396770"/>
      <trkpt lat="43.381380" lon="-4.396820"/>
      <trkpt lat="43.381380" lon="-4.396850"/>
      <trkpt lat="43.381380" lon="-4.396890"/>
      <trkpt lat="43.381380" lon="-4.396920"/>
      <trkpt lat="43.381380" lon="-4.396940"/>
      <trkpt lat="43.381370" lon="-4.396990"/>
      <trkpt lat="43.381380" lon="-4.397010"/>
      <trkpt lat="43.381380" lon="-4.397030"/>
      <trkpt lat="43.381390" lon="-4.397050"/>
      <trkpt lat="43.381390" lon="-4.397070"/>
      <trkpt lat="43.381390" lon="-4.397090"/>
      <trkpt lat="43.381380" lon="-4.397110"/>
      <trkpt lat="43.381380" lon="-4.397130"/>
      <trkpt lat="43.381370" lon="-4.397150"/>
      <trkpt lat="43.381370" lon="-4.397170"/>
      <trkpt lat="43.381360" lon="-4.397180"/>
      <trkpt lat="43.381340" lon="-4.397190"/>
      <trkpt lat="43.381330" lon="-4.397200"/>
      <trkpt lat="43.381330" lon="-4.397210"/>
      <trkpt lat="43.381320" lon="-4.397220"/>
      <trkpt lat="43.381300" lon="-4.397220"/>
      <trkpt lat="43.381290" lon="-4.397230"/>
      <trkpt lat="43.381280" lon="-4.397230"/>
      <trkpt lat="43.381260" lon="-4.397230"/>
      <trkpt lat="43.381250" lon="-4.397220"/>
      <trkpt lat="43.381240" lon="-4.397220"/>
      <trkpt lat="43.381220" lon="-4.397210"/>
      <trkpt lat="43.381210" lon="-4.397200"/>
      <trkpt lat="43.381200" lon="-4.397190"/>
      <trkpt lat="43.381190" lon="-4.397170"/>
      <trkpt lat="43.381150" lon="-4.397160"/>
      <trkpt lat="43.381130" lon="-4.397160"/>
      <trkpt lat="43.381120" lon="-4.397160"/>
      <trkpt lat="43.381100" lon="-4.397160"/>
      <trkpt lat="43.381090" lon="-4.397160"/>
      <trkpt lat="43.381070" lon="-4.397160"/>
      <trkpt lat="43.381040" lon="-4.397170"/>
      <trkpt lat="43.380900" lon="-4.397290"/>
      <trkpt lat="43.380810" lon="-4.397340"/>
      <trkpt lat="43.380720" lon="-4.397390"/>
      <trkpt lat="43.380640" lon="-4.397420"/>
      <trkpt lat="43.380530" lon="-4.397450"/>
      <trkpt lat="43.380440" lon="-4.397460"/>
      <trkpt lat="43.380090" lon="-4.397490"/>
      <trkpt lat="43.379420" lon="-4.397550"/>
      <trkpt lat="43.379200" lon="-4.397580"/>
      <trkpt lat="43.378980" lon="-4.397650"/>
      <trkpt lat="43.378830" lon="-4.397740"/>
      <trkpt lat="43.378690" lon="-4.397860"/>
      <trkpt lat="43.378540" lon="-4.398050"/>
      <trkpt lat="43.378390" lon="-4.398280"/>
      <trkpt lat="43.378260" lon="-4.398510"/>
      <trkpt lat="43.378130" lon="-4.398670"/>
      <trkpt lat="43.378080" lon="-4.398730"/>
      <trkpt lat="43.377990" lon="-4.398840"/>
      <trkpt lat="43.377840" lon="-4.398960"/>
      <trkpt lat="43.377610" lon="-4.399080"/>
      <trkpt lat="43.377360" lon="-4.399120"/>
      <trkpt lat="43.377010" lon="-4.399070"/>
      <trkpt lat="43.376660" lon="-4.399020"/>
      <trkpt lat="43.376470" lon="-4.399050"/>
      <trkpt lat="43.376360" lon="-4.399090"/>
      <trkpt lat="43.376200" lon="-4.399150"/>
      <trkpt lat="43.375630" lon="-4.399440"/>
      <trkpt lat="43.375510" lon="-4.399490"/>
      <trkpt lat="43.375340" lon="-4.399550"/>
      <trkpt lat="43.375200" lon="-4.399600"/>
      <trkpt lat="43.375090" lon="-4.399630"/>
      <trkpt lat="43.374970" lon="-4.399640"/>
      <trkpt lat="43.374840" lon="-4.399630"/>
      <trkpt lat="43.374710" lon="-4.399610"/>
      <trkpt lat="43.374610" lon="-4.399570"/>
      <trkpt lat="43.374490" lon="-4.399510"/>
      <trkpt lat="43.374390" lon="-4.399440"/>
      <trkpt lat="43.374260" lon="-4.399340"/>
      <trkpt lat="43.374140" lon="-4.399220"/>
      <trkpt lat="43.374060" lon="-4.399140"/>
      <trkpt lat="43.373940" lon="-4.399010"/>
      <trkpt lat="43.373820" lon="-4.398890"/>
      <trkpt lat="43.373710" lon="-4.398800"/>
      <trkpt lat="43.373570" lon="-4.398740"/>
      <trkpt lat="43.373450" lon="-4.398690"/>
      <trkpt lat="43.373320" lon="-4.398660"/>
      <trkpt lat="43.373180" lon="-4.398660"/>
      <trkpt lat="43.373040" lon="-4.398680"/>
      <trkpt lat="43.372880" lon="-4.398740"/>
      <trkpt lat="43.372770" lon="-4.398800"/>
      <trkpt lat="43.372600" lon="-4.398940"/>
      <trkpt lat="43.372360" lon="-4.399190"/>
      <trkpt lat="43.372180" lon="-4.399380"/>
      <trkpt lat="43.371970" lon="-4.399560"/>
      <trkpt lat="43.371800" lon="-4.399660"/>
      <trkpt lat="43.371650" lon="-4.399730"/>
      <trkpt lat="43.371500" lon="-4.399790"/>
      <trkpt lat="43.371280" lon="-4.399820"/>
      <trkpt lat="43.371040" lon="-4.399820"/>
      <trkpt lat="43.369390" lon="-4.399510"/>
      <trkpt lat="43.368960" lon="-4.399430"/>
      <trkpt lat="43.368610" lon="-4.399370"/>
      <trkpt lat="43.368260" lon="-4.399320"/>
      <trkpt lat="43.368110" lon="-4.399310"/>
      <trkpt lat="43.368010" lon="-4.399310"/>
      <trkpt lat="43.367940" lon="-4.399310"/>
      <trkpt lat="43.367870" lon="-4.399310"/>
      <trkpt lat="43.367820" lon="-4.399320"/>
      <trkpt lat="43.367770" lon="-4.399330"/>
      <trkpt lat="43.367730" lon="-4.399340"/>
      <trkpt lat="43.367690" lon="-4.399340"/>
      <trkpt lat="43.367640" lon="-4.399390"/>
      <trkpt lat="43.367610" lon="-4.399400"/>
      <trkpt lat="43.367580" lon="-4.399410"/>
      <trkpt lat="43.367560" lon="-4.399430"/>
      <trkpt lat="43.367530" lon="-4.399440"/>
      <trkpt lat="43.367510" lon="-4.399460"/>
      <trkpt lat="43.367490" lon="-4.399480"/>
      <trkpt lat="43.367470" lon="-4.399500"/>
      <trkpt lat="43.367450" lon="-4.399520"/>
      <trkpt lat="43.367430" lon="-4.399550"/>
      <trkpt lat="43.367410" lon="-4.399580"/>
      <trkpt lat="43.367350" lon="-4.399660"/>
      <trkpt lat="43.367350" lon="-4.399690"/>
      <trkpt lat="43.367350" lon="-4.399720"/>
      <trkpt lat="43.367340" lon="-4.399760"/>
      <trkpt lat="43.367340" lon="-4.399790"/>
      <trkpt lat="43.367340" lon="-4.399850"/>
      <trkpt lat="43.367340" lon="-4.399910"/>
      <trkpt lat="43.367340" lon="-4.399960"/>
      <trkpt lat="43.367350" lon="-4.400010"/>
      <trkpt lat="43.367360" lon="-4.400060"/>
      <trkpt lat="43.367370" lon="-4.400110"/>
      <trkpt lat="43.367390" lon="-4.400160"/>
      <trkpt lat="43.367420" lon="-4.400230"/>
      <trkpt lat="43.367470" lon="-4.400320"/>
      <trkpt lat="43.367670" lon="-4.400720"/>
      <trkpt lat="43.367800" lon="-4.400970"/>
      <trkpt lat="43.367950" lon="-4.401270"/>
      <trkpt lat="43.368080" lon="-4.401520"/>
      <trkpt lat="43.368130" lon="-4.401640"/>
      <trkpt lat="43.368170" lon="-4.401730"/>
      <trkpt lat="43.368230" lon="-4.401880"/>
      <trkpt lat="43.368290" lon="-4.402050"/>
      <trkpt lat="43.368360" lon="-4.402260"/>
      <trkpt lat="43.368470" lon="-4.402610"/>
      <trkpt lat="43.368540" lon="-4.402850"/>
      <trkpt lat="43.368590" lon="-4.402990"/>
      <trkpt lat="43.368640" lon="-4.403130"/>
      <trkpt lat="43.368680" lon="-4.403240"/>
      <trkpt lat="43.368720" lon="-4.403340"/>
      <trkpt lat="43.368760" lon="-4.403440"/>
      <trkpt lat="43.368820" lon="-4.403590"/>
      <trkpt lat="43.368900" lon="-4.403760"/>
      <trkpt lat="43.368990" lon="-4.403950"/>
      <trkpt lat="43.369080" lon="-4.404160"/>
      <trkpt lat="43.369160" lon="-4.404350"/>
      <trkpt lat="43.369250" lon="-4.404550"/>
      <trkpt lat="43.369310" lon="-4.404700"/>
      <trkpt lat="43.369370" lon="-4.404840"/>
      <trkpt lat="43.369430" lon="-4.405000"/>
      <trkpt lat="43.369490" lon="-4.405150"/>
      <trkpt lat="43.369540" lon="-4.405290"/>
      <trkpt lat="43.369630" lon="-4.405540"/>
      <trkpt lat="43.369700" lon="-4.405730"/>
      <trkpt lat="43.369770" lon="-4.405910"/>
      <trkpt lat="43.369830" lon="-4.406090"/>
      <trkpt lat="43.369900" lon="-4.406290"/>
      <trkpt lat="43.369970" lon="-4.406470"/>
      <trkpt lat="43.370040" lon="-4.406680"/>
      <trkpt lat="43.370060" lon="-4.406740"/>
      <trkpt lat="43.370100" lon="-4.406870"/>
      <trkpt lat="43.370160" lon="-4.407060"/>
      <trkpt lat="43.370220" lon="-4.407250"/>
      <trkpt lat="43.370270" lon="-4.407450"/>
      <trkpt lat="43.370330" lon="-4.407640"/>
      <trkpt lat="43.370380" lon="-4.407830"/>
      <trkpt lat="43.370440" lon="-4.408030"/>
      <trkpt lat="43.370490" lon="-4.408230"/>
      <trkpt lat="43.370540" lon="-4.408430"/>
      <trkpt lat="43.370580" lon="-4.408630"/>
      <trkpt lat="43.370630" lon="-4.408840"/>
      <trkpt lat="43.370680" lon="-4.409030"/>
      <trkpt lat="43.370710" lon="-4.409170"/>
      <trkpt lat="43.370720" lon="-4.409250"/>
      <trkpt lat="43.370770" lon="-4.409470"/>
      <trkpt lat="43.370800" lon="-4.409650"/>
      <trkpt lat="43.370840" lon="-4.409840"/>
      <trkpt lat="43.370880" lon="-4.410060"/>
      <trkpt lat="43.370910" lon="-4.410260"/>
      <trkpt lat="43.370940" lon="-4.410460"/>
      <trkpt lat="43.370970" lon="-4.410670"/>
      <trkpt lat="43.371000" lon="-4.410880"/>
      <trkpt lat="43.371030" lon="-4.411080"/>
      <trkpt lat="43.371060" lon="-4.411290"/>
      <trkpt lat="43.371080" lon="-4.411500"/>
      <trkpt lat="43.371100" lon="-4.411700"/>
      <trkpt lat="43.371120" lon="-4.411910"/>
      <trkpt lat="43.371140" lon="-4.412120"/>
      <trkpt lat="43.371160" lon="-4.412330"/>
      <trkpt lat="43.371180" lon="-4.412530"/>
      <trkpt lat="43.371190" lon="-4.412750"/>
      <trkpt lat="43.371200" lon="-4.412960"/>
      <trkpt lat="43.371210" lon="-4.413160"/>
      <trkpt lat="43.371220" lon="-4.413380"/>
      <trkpt lat="43.371230" lon="-4.413590"/>
      <trkpt lat="43.371240" lon="-4.413800"/>
      <trkpt lat="43.371240" lon="-4.414010"/>
      <trkpt lat="43.371240" lon="-4.414220"/>
      <trkpt lat="43.371250" lon="-4.414430"/>
      <trkpt lat="43.371250" lon="-4.414640"/>
      <trkpt lat="43.371240" lon="-4.414850"/>
      <trkpt lat="43.371240" lon="-4.415060"/>
      <trkpt lat="43.371240" lon="-4.415270"/>
      <trkpt lat="43.371230" lon="-4.415480"/>
      <trkpt lat="43.371230" lon="-4.415690"/>
      <trkpt lat="43.371220" lon="-4.415900"/>
      <trkpt lat="43.371210" lon="-4.416120"/>
      <trkpt lat="43.371200" lon="-4.416330"/>
      <trkpt lat="43.371190" lon="-4.416530"/>
      <trkpt lat="43.371180" lon="-4.416740"/>
      <trkpt lat="43.371170" lon="-4.416960"/>
      <trkpt lat="43.371150" lon="-4.417170"/>
      <trkpt lat="43.371140" lon="-4.417380"/>
      <trkpt lat="43.371130" lon="-4.417580"/>
      <trkpt lat="43.371110" lon="-4.417790"/>
      <trkpt lat="43.371090" lon="-4.418000"/>
      <trkpt lat="43.371080" lon="-4.418210"/>
      <trkpt lat="43.371060" lon="-4.418420"/>
      <trkpt lat="43.371040" lon="-4.418630"/>
      <trkpt lat="43.371020" lon="-4.418840"/>
      <trkpt lat="43.371010" lon="-4.419050"/>
      <trkpt lat="43.370990" lon="-4.419260"/>
      <trkpt lat="43.370970" lon="-4.419470"/>
      <trkpt lat="43.370930" lon="-4.419890"/>
      <trkpt lat="43.370860" lon="-4.420510"/>
      <trkpt lat="43.370780" lon="-4.421350"/>
      <trkpt lat="43.370720" lon="-4.421960"/>
      <trkpt lat="43.370680" lon="-4.422390"/>
      <trkpt lat="43.370580" lon="-4.423420"/>
      <trkpt lat="43.370510" lon="-4.424270"/>
      <trkpt lat="43.370440" lon="-4.425110"/>
      <trkpt lat="43.370380" lon="-4.425930"/>
      <trkpt lat="43.370350" lon="-4.426360"/>
      <trkpt lat="43.370320" lon="-4.426770"/>
      <trkpt lat="43.370280" lon="-4.427410"/>
      <trkpt lat="43.370250" lon="-4.427820"/>
      <trkpt lat="43.370210" lon="-4.428450"/>
      <trkpt lat="43.370190" lon="-4.428860"/>
      <trkpt lat="43.370160" lon="-4.429490"/>
      <trkpt lat="43.370140" lon="-4.429920"/>
      <trkpt lat="43.370110" lon="-4.430340"/>
      <trkpt lat="43.370090" lon="-4.430750"/>
      <trkpt lat="43.370070" lon="-4.431170"/>
      <trkpt lat="43.370060" lon="-4.431380"/>
      <trkpt lat="43.370060" lon="-4.431600"/>
      <trkpt lat="43.370040" lon="-4.432020"/>
      <trkpt lat="43.370020" lon="-4.432430"/>
      <trkpt lat="43.370010" lon="-4.432840"/>
      <trkpt lat="43.370000" lon="-4.433270"/>
      <trkpt lat="43.369980" lon="-4.433890"/>
      <trkpt lat="43.369970" lon="-4.434540"/>
      <trkpt lat="43.369950" lon="-4.435160"/>
      <trkpt lat="43.369930" lon="-4.435780"/>
      <trkpt lat="43.369920" lon="-4.436200"/>
      <trkpt lat="43.369910" lon="-4.436420"/>
      <trkpt lat="43.369900" lon="-4.436630"/>
      <trkpt lat="43.369890" lon="-4.436830"/>
      <trkpt lat="43.369880" lon="-4.437050"/>
      <trkpt lat="43.369870" lon="-4.437260"/>
      <trkpt lat="43.369850" lon="-4.437470"/>
      <trkpt lat="43.369840" lon="-4.437670"/>
      <trkpt lat="43.369830" lon="-4.437880"/>
      <trkpt lat="43.369810" lon="-4.438090"/>
      <trkpt lat="43.369800" lon="-4.438300"/>
      <trkpt lat="43.369780" lon="-4.438500"/>
      <trkpt lat="43.369760" lon="-4.438720"/>
      <trkpt lat="43.369740" lon="-4.438920"/>
      <trkpt lat="43.369720" lon="-4.439130"/>
      <trkpt lat="43.369700" lon="-4.439330"/>
      <trkpt lat="43.369670" lon="-4.439550"/>
      <trkpt lat="43.369650" lon="-4.439750"/>
      <trkpt lat="43.369630" lon="-4.439960"/>
      <trkpt lat="43.369600" lon="-4.440150"/>
      <trkpt lat="43.369570" lon="-4.440400"/>
      <trkpt lat="43.369540" lon="-4.440580"/>
      <trkpt lat="43.369520" lon="-4.440780"/>
      <trkpt lat="43.369480" lon="-4.440990"/>
      <trkpt lat="43.369450" lon="-4.441200"/>
      <trkpt lat="43.369420" lon="-4.441390"/>
      <trkpt lat="43.369390" lon="-4.441610"/>
      <trkpt lat="43.369360" lon="-4.441750"/>
      <trkpt lat="43.369350" lon="-4.441810"/>
      <trkpt lat="43.369320" lon="-4.442030"/>
      <trkpt lat="43.369240" lon="-4.442430"/>
      <trkpt lat="43.369200" lon="-4.442650"/>
      <trkpt lat="43.369170" lon="-4.442830"/>
      <trkpt lat="43.369090" lon="-4.443240"/>
      <trkpt lat="43.369020" lon="-4.443620"/>
      <trkpt lat="43.368940" lon="-4.444050"/>
      <trkpt lat="43.368860" lon="-4.444460"/>
      <trkpt lat="43.368780" lon="-4.444860"/>
      <trkpt lat="43.368740" lon="-4.445070"/>
      <trkpt lat="43.368700" lon="-4.445270"/>
      <trkpt lat="43.368660" lon="-4.445460"/>
      <trkpt lat="43.368630" lon="-4.445670"/>
      <trkpt lat="43.368590" lon="-4.445880"/>
      <trkpt lat="43.368560" lon="-4.446080"/>
      <trkpt lat="43.368530" lon="-4.446280"/>
      <trkpt lat="43.368490" lon="-4.446500"/>
      <trkpt lat="43.368470" lon="-4.446710"/>
      <trkpt lat="43.368440" lon="-4.446910"/>
      <trkpt lat="43.368420" lon="-4.447120"/>
      <trkpt lat="43.368390" lon="-4.447320"/>
      <trkpt lat="43.368370" lon="-4.447530"/>
      <trkpt lat="43.368360" lon="-4.447740"/>
      <trkpt lat="43.368340" lon="-4.447950"/>
      <trkpt lat="43.368330" lon="-4.448160"/>
      <trkpt lat="43.368320" lon="-4.448370"/>
      <trkpt lat="43.368310" lon="-4.448590"/>
      <trkpt lat="43.368310" lon="-4.448800"/>
      <trkpt lat="43.368310" lon="-4.449000"/>
      <trkpt lat="43.368310" lon="-4.449220"/>
      <trkpt lat="43.368320" lon="-4.449430"/>
      <trkpt lat="43.368320" lon="-4.449640"/>
      <trkpt lat="43.368330" lon="-4.449850"/>
      <trkpt lat="43.368340" lon="-4.450060"/>
      <trkpt lat="43.368360" lon="-4.450260"/>
      <trkpt lat="43.368380" lon="-4.450470"/>
      <trkpt lat="43.368400" lon="-4.450680"/>
      <trkpt lat="43.368420" lon="-4.450890"/>
      <trkpt lat="43.368440" lon="-4.451100"/>
      <trkpt lat="43.368470" lon="-4.451300"/>
      <trkpt lat="43.368500" lon="-4.451510"/>
      <trkpt lat="43.368530" lon="-4.451710"/>
      <trkpt lat="43.368570" lon="-4.451930"/>
      <trkpt lat="43.368610" lon="-4.452120"/>
      <trkpt lat="43.368650" lon="-4.452330"/>
      <trkpt lat="43.368690" lon="-4.452530"/>
      <trkpt lat="43.368730" lon="-4.452730"/>
      <trkpt lat="43.368780" lon="-4.452940"/>
      <trkpt lat="43.368820" lon="-4.453140"/>
      <trkpt lat="43.368870" lon="-4.453340"/>
      <trkpt lat="43.368920" lon="-4.453540"/>
      <trkpt lat="43.368970" lon="-4.453740"/>
      <trkpt lat="43.369020" lon="-4.453930"/>
      <trkpt lat="43.369070" lon="-4.454130"/>
      <trkpt lat="43.369120" lon="-4.454330"/>
      <trkpt lat="43.369180" lon="-4.454540"/>
      <trkpt lat="43.369280" lon="-4.454930"/>
      <trkpt lat="43.369380" lon="-4.455320"/>
      <trkpt lat="43.369490" lon="-4.455710"/>
      <trkpt lat="43.369590" lon="-4.456120"/>
      <trkpt lat="43.369690" lon="-4.456510"/>
      <trkpt lat="43.369850" lon="-4.457090"/>
      <trkpt lat="43.370060" lon="-4.457890"/>
      <trkpt lat="43.370160" lon="-4.458290"/>
      <trkpt lat="43.370260" lon="-4.458680"/>
      <trkpt lat="43.370360" lon="-4.459080"/>
      <trkpt lat="43.370410" lon="-4.459280"/>
      <trkpt lat="43.370470" lon="-4.459480"/>
      <trkpt lat="43.370510" lon="-4.459650"/>
      <trkpt lat="43.370560" lon="-4.459870"/>
      <trkpt lat="43.370610" lon="-4.460070"/>
      <trkpt lat="43.370660" lon="-4.460280"/>
      <trkpt lat="43.370700" lon="-4.460470"/>
      <trkpt lat="43.370740" lon="-4.460670"/>
      <trkpt lat="43.370780" lon="-4.460880"/>
      <trkpt lat="43.370820" lon="-4.461070"/>
      <trkpt lat="43.370850" lon="-4.461280"/>
      <trkpt lat="43.370890" lon="-4.461480"/>
      <trkpt lat="43.370920" lon="-4.461690"/>
      <trkpt lat="43.370950" lon="-4.461890"/>
      <trkpt lat="43.370980" lon="-4.462100"/>
      <trkpt lat="43.371000" lon="-4.462300"/>
      <trkpt lat="43.371030" lon="-4.462510"/>
      <trkpt lat="43.371050" lon="-4.462710"/>
      <trkpt lat="43.371060" lon="-4.462920"/>
      <trkpt lat="43.371080" lon="-4.463110"/>
      <trkpt lat="43.371100" lon="-4.463330"/>
      <trkpt lat="43.371110" lon="-4.463550"/>
      <trkpt lat="43.371120" lon="-4.463750"/>
      <trkpt lat="43.371130" lon="-4.463960"/>
      <trkpt lat="43.371130" lon="-4.464170"/>
      <trkpt lat="43.371140" lon="-4.464380"/>
      <trkpt lat="43.371140" lon="-4.464580"/>
      <trkpt lat="43.371140" lon="-4.464790"/>
      <trkpt lat="43.371140" lon="-4.465000"/>
      <trkpt lat="43.371140" lon="-4.465210"/>
      <trkpt lat="43.371140" lon="-4.465420"/>
      <trkpt lat="43.371140" lon="-4.465630"/>
      <trkpt lat="43.371140" lon="-4.465840"/>
      <trkpt lat="43.371130" lon="-4.466040"/>
      <trkpt lat="43.371130" lon="-4.466260"/>
      <trkpt lat="43.371130" lon="-4.466460"/>
      <trkpt lat="43.371120" lon="-4.466680"/>
      <trkpt lat="43.371120" lon="-4.466880"/>
      <trkpt lat="43.371110" lon="-4.467090"/>
      <trkpt lat="43.371100" lon="-4.467510"/>
      <trkpt lat="43.371100" lon="-4.467920"/>
      <trkpt lat="43.371080" lon="-4.468560"/>
      <trkpt lat="43.371070" lon="-4.469180"/>
      <trkpt lat="43.371060" lon="-4.469590"/>
      <trkpt lat="43.371050" lon="-4.470010"/>
      <trkpt lat="43.371050" lon="-4.470420"/>
      <trkpt lat="43.371030" lon="-4.471050"/>
      <trkpt lat="43.371030" lon="-4.471270"/>
      <trkpt lat="43.371020" lon="-4.471470"/>
      <trkpt lat="43.371010" lon="-4.471680"/>
      <trkpt lat="43.371000" lon="-4.471890"/>
      <trkpt lat="43.370990" lon="-4.472090"/>
      <trkpt lat="43.370980" lon="-4.472280"/>
      <trkpt lat="43.370960" lon="-4.472500"/>
      <trkpt lat="43.370940" lon="-4.472710"/>
      <trkpt lat="43.370910" lon="-4.472930"/>
      <trkpt lat="43.370890" lon="-4.473120"/>
      <trkpt lat="43.370850" lon="-4.473320"/>
      <trkpt lat="43.370820" lon="-4.473530"/>
      <trkpt lat="43.370780" lon="-4.473730"/>
      <trkpt lat="43.370750" lon="-4.473930"/>
      <trkpt lat="43.370700" lon="-4.474130"/>
      <trkpt lat="43.370660" lon="-4.474330"/>
      <trkpt lat="43.370610" lon="-4.474520"/>
      <trkpt lat="43.370560" lon="-4.474730"/>
      <trkpt lat="43.370510" lon="-4.474920"/>
      <trkpt lat="43.370460" lon="-4.475100"/>
      <trkpt lat="43.370390" lon="-4.475320"/>
      <trkpt lat="43.370340" lon="-4.475480"/>
      <trkpt lat="43.370280" lon="-4.475680"/>
      <trkpt lat="43.370220" lon="-4.475880"/>
      <trkpt lat="43.370160" lon="-4.476070"/>
      <trkpt lat="43.370100" lon="-4.476260"/>
      <trkpt lat="43.370040" lon="-4.476450"/>
      <trkpt lat="43.369980" lon="-4.476660"/>
      <trkpt lat="43.369930" lon="-4.476860"/>
      <trkpt lat="43.369890" lon="-4.477050"/>
      <trkpt lat="43.369840" lon="-4.477250"/>
      <trkpt lat="43.369800" lon="-4.477450"/>
      <trkpt lat="43.369770" lon="-4.477660"/>
      <trkpt lat="43.369740" lon="-4.477860"/>
      <trkpt lat="43.369710" lon="-4.478070"/>
      <trkpt lat="43.369690" lon="-4.478270"/>
      <trkpt lat="43.369670" lon="-4.478480"/>
      <trkpt lat="43.369650" lon="-4.478680"/>
      <trkpt lat="43.369640" lon="-4.478890"/>
      <trkpt lat="43.369640" lon="-4.479100"/>
      <trkpt lat="43.369640" lon="-4.479320"/>
      <trkpt lat="43.369640" lon="-4.479530"/>
      <trkpt lat="43.369650" lon="-4.479730"/>
      <trkpt lat="43.369660" lon="-4.479930"/>
      <trkpt lat="43.369680" lon="-4.480150"/>
      <trkpt lat="43.369700" lon="-4.480350"/>
      <trkpt lat="43.369720" lon="-4.480560"/>
      <trkpt lat="43.369740" lon="-4.480670"/>
      <trkpt lat="43.369750" lon="-4.480770"/>
      <trkpt lat="43.369790" lon="-4.480970"/>
      <trkpt lat="43.369830" lon="-4.481170"/>
      <trkpt lat="43.369870" lon="-4.481370"/>
      <trkpt lat="43.369920" lon="-4.481580"/>
      <trkpt lat="43.369960" lon="-4.481770"/>
      <trkpt lat="43.370020" lon="-4.481970"/>
      <trkpt lat="43.370080" lon="-4.482170"/>
      <trkpt lat="43.370140" lon="-4.482360"/>
      <trkpt lat="43.370210" lon="-4.482550"/>
      <trkpt lat="43.370280" lon="-4.482720"/>
      <trkpt lat="43.370360" lon="-4.482910"/>
      <trkpt lat="43.370430" lon="-4.483080"/>
      <trkpt lat="43.370510" lon="-4.483260"/>
      <trkpt lat="43.370600" lon="-4.483430"/>
      <trkpt lat="43.370680" lon="-4.483600"/>
      <trkpt lat="43.370780" lon="-4.483770"/>
      <trkpt lat="43.370870" lon="-4.483930"/>
      <trkpt lat="43.370970" lon="-4.484100"/>
      <trkpt lat="43.371070" lon="-4.484260"/>
      <trkpt lat="43.371170" lon="-4.484420"/>
      <trkpt lat="43.371260" lon="-4.484570"/>
      <trkpt lat="43.371340" lon="-4.484700"/>
      <trkpt lat="43.371370" lon="-4.484750"/>
      <trkpt lat="43.371460" lon="-4.484900"/>
      <trkpt lat="43.371550" lon="-4.485070"/>
      <trkpt lat="43.371640" lon="-4.485240"/>
      <trkpt lat="43.371730" lon="-4.485400"/>
      <trkpt lat="43.371830" lon="-4.485630"/>
      <trkpt lat="43.371910" lon="-4.485800"/>
      <trkpt lat="43.371990" lon="-4.485980"/>
      <trkpt lat="43.372060" lon="-4.486160"/>
      <trkpt lat="43.372130" lon="-4.486350"/>
      <trkpt lat="43.372190" lon="-4.486540"/>
      <trkpt lat="43.372250" lon="-4.486730"/>
      <trkpt lat="43.372310" lon="-4.486910"/>
      <trkpt lat="43.372370" lon="-4.487110"/>
      <trkpt lat="43.372420" lon="-4.487310"/>
      <trkpt lat="43.372470" lon="-4.487510"/>
      <trkpt lat="43.372520" lon="-4.487710"/>
      <trkpt lat="43.372570" lon="-4.487910"/>
      <trkpt lat="43.372620" lon="-4.488090"/>
      <trkpt lat="43.372670" lon="-4.488290"/>
      <trkpt lat="43.372720" lon="-4.488480"/>
      <trkpt lat="43.372780" lon="-4.488680"/>
      <trkpt lat="43.372840" lon="-4.488870"/>
      <trkpt lat="43.372910" lon="-4.489060"/>
      <trkpt lat="43.372980" lon="-4.489250"/>
      <trkpt lat="43.373050" lon="-4.489440"/>
      <trkpt lat="43.373120" lon="-4.489620"/>
      <trkpt lat="43.373200" lon="-4.489800"/>
      <trkpt lat="43.373280" lon="-4.489970"/>
      <trkpt lat="43.373390" lon="-4.490170"/>
      <trkpt lat="43.373470" lon="-4.490310"/>
      <trkpt lat="43.373560" lon="-4.490480"/>
      <trkpt lat="43.373660" lon="-4.490650"/>
      <trkpt lat="43.373760" lon="-4.490800"/>
      <trkpt lat="43.373860" lon="-4.490960"/>
      <trkpt lat="43.373970" lon="-4.491120"/>
      <trkpt lat="43.374070" lon="-4.491270"/>
      <trkpt lat="43.374170" lon="-4.491430"/>
      <trkpt lat="43.374270" lon="-4.491580"/>
      <trkpt lat="43.374370" lon="-4.491730"/>
      <trkpt lat="43.374470" lon="-4.491900"/>
      <trkpt lat="43.374520" lon="-4.492000"/>
      <trkpt lat="43.374560" lon="-4.492070"/>
      <trkpt lat="43.374650" lon="-4.492230"/>
      <trkpt lat="43.374740" lon="-4.492390"/>
      <trkpt lat="43.374830" lon="-4.492580"/>
      <trkpt lat="43.374910" lon="-4.492750"/>
      <trkpt lat="43.374980" lon="-4.492920"/>
      <trkpt lat="43.375050" lon="-4.493100"/>
      <trkpt lat="43.375120" lon="-4.493280"/>
      <trkpt lat="43.375190" lon="-4.493470"/>
      <trkpt lat="43.375250" lon="-4.493660"/>
      <trkpt lat="43.375310" lon="-4.493850"/>
      <trkpt lat="43.375360" lon="-4.494040"/>
      <trkpt lat="43.375410" lon="-4.494240"/>
      <trkpt lat="43.375460" lon="-4.494440"/>
      <trkpt lat="43.375500" lon="-4.494640"/>
      <trkpt lat="43.375540" lon="-4.494840"/>
      <trkpt lat="43.375580" lon="-4.495040"/>
      <trkpt lat="43.375600" lon="-4.495240"/>
      <trkpt lat="43.375630" lon="-4.495450"/>
      <trkpt lat="43.375650" lon="-4.495650"/>
      <trkpt lat="43.375670" lon="-4.495850"/>
      <trkpt lat="43.375680" lon="-4.496070"/>
      <trkpt lat="43.375690" lon="-4.496270"/>
      <trkpt lat="43.375700" lon="-4.496470"/>
      <trkpt lat="43.375700" lon="-4.496680"/>
      <trkpt lat="43.375700" lon="-4.496880"/>
      <trkpt lat="43.375690" lon="-4.497100"/>
      <trkpt lat="43.375690" lon="-4.497300"/>
      <trkpt lat="43.375680" lon="-4.497510"/>
      <trkpt lat="43.375670" lon="-4.497710"/>
      <trkpt lat="43.375660" lon="-4.498020"/>
      <trkpt lat="43.375660" lon="-4.498230"/>
      <trkpt lat="43.375660" lon="-4.498410"/>
      <trkpt lat="43.375660" lon="-4.498680"/>
      <trkpt lat="43.375660" lon="-4.498890"/>
      <trkpt lat="43.375670" lon="-4.499130"/>
      <trkpt lat="43.375680" lon="-4.499380"/>
      <trkpt lat="43.375700" lon="-4.499710"/>
      <trkpt lat="43.375720" lon="-4.500000"/>
      <trkpt lat="43.375740" lon="-4.500210"/>
      <trkpt lat="43.375760" lon="-4.500390"/>
      <trkpt lat="43.375780" lon="-4.500520"/>
      <trkpt lat="43.375800" lon="-4.500620"/>
      <trkpt lat="43.375820" lon="-4.500740"/>
      <trkpt lat="43.375830" lon="-4.500820"/>
      <trkpt lat="43.375860" lon="-4.500930"/>
      <trkpt lat="43.375880" lon="-4.501040"/>
      <trkpt lat="43.375910" lon="-4.501150"/>
      <trkpt lat="43.375940" lon="-4.501240"/>
      <trkpt lat="43.375990" lon="-4.501400"/>
      <trkpt lat="43.376080" lon="-4.501710"/>
      <trkpt lat="43.376340" lon="-4.502550"/>
      <trkpt lat="43.376500" lon="-4.503080"/>
      <trkpt lat="43.376590" lon="-4.503380"/>
      <trkpt lat="43.376610" lon="-4.503440"/>
      <trkpt lat="43.376640" lon="-4.503490"/>
      <trkpt lat="43.376660" lon="-4.503550"/>
      <trkpt lat="43.376690" lon="-4.503600"/>
      <trkpt lat="43.376720" lon="-4.503640"/>
      <trkpt lat="43.376760" lon="-4.503680"/>
      <trkpt lat="43.376790" lon="-4.503700"/>
      <trkpt lat="43.376820" lon="-4.503720"/>
      <trkpt lat="43.376860" lon="-4.503740"/>
      <trkpt lat="43.376910" lon="-4.503750"/>
      <trkpt lat="43.376960" lon="-4.503780"/>
      <trkpt lat="43.377010" lon="-4.503840"/>
      <trkpt lat="43.377020" lon="-4.503870"/>
      <trkpt lat="43.377040" lon="-4.503930"/>
      <trkpt lat="43.377050" lon="-4.504000"/>
      <trkpt lat="43.377040" lon="-4.504080"/>
      <trkpt lat="43.377020" lon="-4.504150"/>
      <trkpt lat="43.376980" lon="-4.504210"/>
      <trkpt lat="43.376940" lon="-4.504240"/>
      <trkpt lat="43.376900" lon="-4.504260"/>
      <trkpt lat="43.376860" lon="-4.504260"/>
      <trkpt lat="43.376810" lon="-4.504250"/>
      <trkpt lat="43.376760" lon="-4.504230"/>
      <trkpt lat="43.376720" lon="-4.504180"/>
      <trkpt lat="43.376690" lon="-4.504120"/>
      <trkpt lat="43.376650" lon="-4.504100"/>
      <trkpt lat="43.376610" lon="-4.504080"/>
      <trkpt lat="43.376560" lon="-4.504070"/>
      <trkpt lat="43.376450" lon="-4.504050"/>
      <trkpt lat="43.376170" lon="-4.504110"/>
      <trkpt lat="43.376100" lon="-4.504130"/>
      <trkpt lat="43.375950" lon="-4.504210"/>
      <trkpt lat="43.375880" lon="-4.504270"/>
      <trkpt lat="43.375810" lon="-4.504370"/>
      <trkpt lat="43.375790" lon="-4.504430"/>
      <trkpt lat="43.375760" lon="-4.504500"/>
      <trkpt lat="43.375720" lon="-4.504550"/>
      <trkpt lat="43.375690" lon="-4.504580"/>
      <trkpt lat="43.375640" lon="-4.504600"/>
      <trkpt lat="43.375590" lon="-4.504610"/>
      <trkpt lat="43.375540" lon="-4.504610"/>
      <trkpt lat="43.375490" lon="-4.504590"/>
      <trkpt lat="43.375450" lon="-4.504570"/>
      <trkpt lat="43.375410" lon="-4.504560"/>
      <trkpt lat="43.375380" lon="-4.504560"/>
      <trkpt lat="43.375340" lon="-4.504570"/>
      <trkpt lat="43.375300" lon="-4.504590"/>
      <trkpt lat="43.375250" lon="-4.504610"/>
      <trkpt lat="43.375220" lon="-4.504640"/>
      <trkpt lat="43.375200" lon="-4.504660"/>
      <trkpt lat="43.375170" lon="-4.504700"/>
      <trkpt lat="43.375150" lon="-4.504730"/>
      <trkpt lat="43.375130" lon="-4.504760"/>
      <trkpt lat="43.375080" lon="-4.504990"/>
      <trkpt lat="43.375060" lon="-4.505110"/>
      <trkpt lat="43.375050" lon="-4.505210"/>
      <trkpt lat="43.375050" lon="-4.505320"/>
      <trkpt lat="43.375040" lon="-4.505450"/>
      <trkpt lat="43.375050" lon="-4.505610"/>
      <trkpt lat="43.375060" lon="-4.505750"/>
      <trkpt lat="43.375080" lon="-4.506070"/>
      <trkpt lat="43.375110" lon="-4.506320"/>
      <trkpt lat="43.375120" lon="-4.506530"/>
      <trkpt lat="43.375120" lon="-4.506750"/>
      <trkpt lat="43.375120" lon="-4.506870"/>
      <trkpt lat="43.375120" lon="-4.506990"/>
      <trkpt lat="43.375030" lon="-4.508280"/>
      <trkpt lat="43.375020" lon="-4.508360"/>
      <trkpt lat="43.374980" lon="-4.508980"/>
      <trkpt lat="43.374960" lon="-4.509300"/>
      <trkpt lat="43.374920" lon="-4.509770"/>
      <trkpt lat="43.374830" lon="-4.511080"/>
      <trkpt lat="43.374800" lon="-4.511510"/>
      <trkpt lat="43.374800" lon="-4.511660"/>
      <trkpt lat="43.374770" lon="-4.511980"/>
      <trkpt lat="43.374760" lon="-4.512200"/>
      <trkpt lat="43.374740" lon="-4.512440"/>
      <trkpt lat="43.374690" lon="-4.513230"/>
      <trkpt lat="43.374720" lon="-4.513480"/>
      <trkpt lat="43.374710" lon="-4.513550"/>
      <trkpt lat="43.374670" lon="-4.514220"/>
      <trkpt lat="43.374660" lon="-4.514390"/>
      <trkpt lat="43.374630" lon="-4.514480"/>
      <trkpt lat="43.374650" lon="-4.514500"/>
      <trkpt lat="43.374660" lon="-4.514530"/>
      <trkpt lat="43.374660" lon="-4.514570"/>
      <trkpt lat="43.374660" lon="-4.514600"/>
      <trkpt lat="43.374640" lon="-4.514640"/>
      <trkpt lat="43.374570" lon="-4.514840"/>
      <trkpt lat="43.374510" lon="-4.515720"/>
      <trkpt lat="43.374500" lon="-4.515960"/>
      <trkpt lat="43.374420" lon="-4.517020"/>
      <trkpt lat="43.374420" lon="-4.517070"/>
      <trkpt lat="43.374420" lon="-4.517140"/>
      <trkpt lat="43.374380" lon="-4.517620"/>
      <trkpt lat="43.374370" lon="-4.517760"/>
      <trkpt lat="43.374360" lon="-4.517840"/>
      <trkpt lat="43.374340" lon="-4.517910"/>
      <trkpt lat="43.374300" lon="-4.517960"/>
      <trkpt lat="43.374260" lon="-4.518020"/>
      <trkpt lat="43.374190" lon="-4.518080"/>
      <trkpt lat="43.374060" lon="-4.518190"/>
      <trkpt lat="43.373900" lon="-4.518330"/>
      <trkpt lat="43.373780" lon="-4.518440"/>
      <trkpt lat="43.373650" lon="-4.518550"/>
      <trkpt lat="43.373450" lon="-4.518720"/>
      <trkpt lat="43.373380" lon="-4.518780"/>
      <trkpt lat="43.372910" lon="-4.519180"/>
      <trkpt lat="43.372780" lon="-4.519300"/>
      <trkpt lat="43.372450" lon="-4.519590"/>
      <trkpt lat="43.372410" lon="-4.519620"/>
      <trkpt lat="43.372340" lon="-4.519680"/>
      <trkpt lat="43.371670" lon="-4.520250"/>
      <trkpt lat="43.371550" lon="-4.520340"/>
      <trkpt lat="43.371380" lon="-4.520480"/>
      <trkpt lat="43.371020" lon="-4.520810"/>
      <trkpt lat="43.370480" lon="-4.521310"/>
      <trkpt lat="43.370330" lon="-4.521450"/>
      <trkpt lat="43.370080" lon="-4.521600"/>
      <trkpt lat="43.369730" lon="-4.521830"/>
      <trkpt lat="43.369620" lon="-4.521900"/>
      <trkpt lat="43.369540" lon="-4.521940"/>
      <trkpt lat="43.369450" lon="-4.521980"/>
      <trkpt lat="43.369280" lon="-4.522050"/>
      <trkpt lat="43.369070" lon="-4.522130"/>
      <trkpt lat="43.368890" lon="-4.522190"/>
      <trkpt lat="43.368790" lon="-4.522210"/>
      <trkpt lat="43.368640" lon="-4.522240"/>
      <trkpt lat="43.368500" lon="-4.522260"/>
      <trkpt lat="43.368380" lon="-4.522280"/>
      <trkpt lat="43.368190" lon="-4.522270"/>
      <trkpt lat="43.368080" lon="-4.522240"/>
      <trkpt lat="43.367990" lon="-4.522210"/>
      <trkpt lat="43.367930" lon="-4.522180"/>
      <trkpt lat="43.367850" lon="-4.522130"/>
      <trkpt lat="43.367730" lon="-4.522050"/>
      <trkpt lat="43.367650" lon="-4.521980"/>
      <trkpt lat="43.367560" lon="-4.521870"/>
      <trkpt lat="43.367450" lon="-4.521690"/>
      <trkpt lat="43.367370" lon="-4.521530"/>
      <trkpt lat="43.367250" lon="-4.521270"/>
      <trkpt lat="43.367130" lon="-4.520900"/>
      <trkpt lat="43.367050" lon="-4.520690"/>
      <trkpt lat="43.366950" lon="-4.520480"/>
      <trkpt lat="43.366860" lon="-4.520330"/>
      <trkpt lat="43.366770" lon="-4.520230"/>
      <trkpt lat="43.366730" lon="-4.520190"/>
      <trkpt lat="43.366680" lon="-4.520150"/>
      <trkpt lat="43.366640" lon="-4.520110"/>
      <trkpt lat="43.366570" lon="-4.520070"/>
      <trkpt lat="43.366490" lon="-4.520030"/>
      <trkpt lat="43.366390" lon="-4.520000"/>
      <trkpt lat="43.366300" lon="-4.519990"/>
      <trkpt lat="43.366220" lon="-4.519980"/>
      <trkpt lat="43.366170" lon="-4.519980"/>
      <trkpt lat="43.366130" lon="-4.519980"/>
      <trkpt lat="43.366040" lon="-4.519990"/>
      <trkpt lat="43.365950" lon="-4.520020"/>
      <trkpt lat="43.365870" lon="-4.520070"/>
      <trkpt lat="43.365590" lon="-4.520310"/>
      <trkpt lat="43.365430" lon="-4.520490"/>
      <trkpt lat="43.365150" lon="-4.520830"/>
      <trkpt lat="43.365070" lon="-4.520930"/>
      <trkpt lat="43.364990" lon="-4.521020"/>
      <trkpt lat="43.364900" lon="-4.521110"/>
      <trkpt lat="43.364770" lon="-4.521260"/>
      <trkpt lat="43.364480" lon="-4.521620"/>
      <trkpt lat="43.364150" lon="-4.522010"/>
      <trkpt lat="43.364000" lon="-4.522180"/>
      <trkpt lat="43.363920" lon="-4.522280"/>
      <trkpt lat="43.363840" lon="-4.522390"/>
      <trkpt lat="43.363650" lon="-4.522600"/>
      <trkpt lat="43.363460" lon="-4.522850"/>
      <trkpt lat="43.363260" lon="-4.523140"/>
      <trkpt lat="43.363090" lon="-4.523450"/>
      <trkpt lat="43.362970" lon="-4.523660"/>
      <trkpt lat="43.362880" lon="-4.523890"/>
      <trkpt lat="43.362810" lon="-4.524130"/>
      <trkpt lat="43.362690" lon="-4.524620"/>
      <trkpt lat="43.362620" lon="-4.525020"/>
      <trkpt lat="43.362440" lon="-4.526690"/>
      <trkpt lat="43.362320" lon="-4.527650"/>
      <trkpt lat="43.362300" lon="-4.527790"/>
      <trkpt lat="43.362250" lon="-4.528250"/>
      <trkpt lat="43.362220" lon="-4.528640"/>
      <trkpt lat="43.362190" lon="-4.528900"/>
      <trkpt lat="43.362160" lon="-4.529170"/>
      <trkpt lat="43.362120" lon="-4.529410"/>
      <trkpt lat="43.362070" lon="-4.529660"/>
      <trkpt lat="43.361990" lon="-4.529900"/>
      <trkpt lat="43.361900" lon="-4.530130"/>
      <trkpt lat="43.361790" lon="-4.530340"/>
      <trkpt lat="43.361730" lon="-4.530440"/>
      <trkpt lat="43.361660" lon="-4.530520"/>
      <trkpt lat="43.361570" lon="-4.530590"/>
      <trkpt lat="43.361420" lon="-4.530730"/>
      <trkpt lat="43.361330" lon="-4.530770"/>
      <trkpt lat="43.361220" lon="-4.530820"/>
      <trkpt lat="43.361150" lon="-4.530860"/>
      <trkpt lat="43.361050" lon="-4.530890"/>
      <trkpt lat="43.360960" lon="-4.530920"/>
      <trkpt lat="43.360860" lon="-4.530930"/>
      <trkpt lat="43.360770" lon="-4.530940"/>
      <trkpt lat="43.360670" lon="-4.530940"/>
      <trkpt lat="43.360570" lon="-4.530940"/>
      <trkpt lat="43.360480" lon="-4.530920"/>
      <trkpt lat="43.360410" lon="-4.530900"/>
      <trkpt lat="43.359850" lon="-4.530740"/>
      <trkpt lat="43.359640" lon="-4.530690"/>
      <trkpt lat="43.359170" lon="-4.530600"/>
      <trkpt lat="43.358970" lon="-4.530600"/>
      <trkpt lat="43.358790" lon="-4.530630"/>
      <trkpt lat="43.358600" lon="-4.530670"/>
      <trkpt lat="43.358420" lon="-4.530740"/>
      <trkpt lat="43.358250" lon="-4.530840"/>
      <trkpt lat="43.358090" lon="-4.530960"/>
      <trkpt lat="43.357940" lon="-4.531110"/>
      <trkpt lat="43.357770" lon="-4.531260"/>
      <trkpt lat="43.357610" lon="-4.531430"/>
      <trkpt lat="43.357450" lon="-4.531590"/>
      <trkpt lat="43.357300" lon="-4.531710"/>
      <trkpt lat="43.357130" lon="-4.531830"/>
      <trkpt lat="43.356960" lon="-4.531940"/>
      <trkpt lat="43.356770" lon="-4.532000"/>
      <trkpt lat="43.356550" lon="-4.532060"/>
      <trkpt lat="43.356310" lon="-4.532080"/>
      <trkpt lat="43.356110" lon="-4.532080"/>
      <trkpt lat="43.355940" lon="-4.532070"/>
      <trkpt lat="43.355760" lon="-4.532060"/>
      <trkpt lat="43.354970" lon="-4.532020"/>
      <trkpt lat="43.354700" lon="-4.532050"/>
      <trkpt lat="43.354480" lon="-4.532090"/>
      <trkpt lat="43.354280" lon="-4.532160"/>
      <trkpt lat="43.353930" lon="-4.532300"/>
      <trkpt lat="43.353780" lon="-4.532360"/>
      <trkpt lat="43.351620" lon="-4.533270"/>
      <trkpt lat="43.351380" lon="-4.533370"/>
      <trkpt lat="43.350690" lon="-4.533750"/>
      <trkpt lat="43.350330" lon="-4.533940"/>
      <trkpt lat="43.350070" lon="-4.534100"/>
      <trkpt lat="43.349810" lon="-4.534250"/>
      <trkpt lat="43.349620" lon="-4.534330"/>
      <trkpt lat="43.349420" lon="-4.534390"/>
      <trkpt lat="43.349240" lon="-4.534430"/>
      <trkpt lat="43.349040" lon="-4.534440"/>
      <trkpt lat="43.348850" lon="-4.534440"/>
      <trkpt lat="43.347340" lon="-4.534210"/>
      <trkpt lat="43.347140" lon="-4.534180"/>
      <trkpt lat="43.346880" lon="-4.534150"/>
      <trkpt lat="43.346420" lon="-4.534100"/>
      <trkpt lat="43.345920" lon="-4.534000"/>
      <trkpt lat="43.345600" lon="-4.533960"/>
      <trkpt lat="43.345320" lon="-4.533930"/>
      <trkpt lat="43.344970" lon="-4.533960"/>
      <trkpt lat="43.344770" lon="-4.534010"/>
      <trkpt lat="43.344580" lon="-4.534110"/>
      <trkpt lat="43.344420" lon="-4.534220"/>
      <trkpt lat="43.344270" lon="-4.534360"/>
      <trkpt lat="43.344120" lon="-4.534530"/>
      <trkpt lat="43.343870" lon="-4.534900"/>
      <trkpt lat="43.343830" lon="-4.534980"/>
      <trkpt lat="43.343550" lon="-4.535660"/>
      <trkpt lat="43.343200" lon="-4.536480"/>
      <trkpt lat="43.343090" lon="-4.536700"/>
      <trkpt lat="43.342940" lon="-4.537010"/>
      <trkpt lat="43.342740" lon="-4.537360"/>
      <trkpt lat="43.342570" lon="-4.537660"/>
      <trkpt lat="43.342390" lon="-4.537970"/>
      <trkpt lat="43.342210" lon="-4.538290"/>
      <trkpt lat="43.342000" lon="-4.538640"/>
      <trkpt lat="43.341800" lon="-4.538920"/>
      <trkpt lat="43.341650" lon="-4.539080"/>
      <trkpt lat="43.341500" lon="-4.539220"/>
      <trkpt lat="43.341330" lon="-4.539350"/>
      <trkpt lat="43.341160" lon="-4.539460"/>
      <trkpt lat="43.340970" lon="-4.539530"/>
      <trkpt lat="43.340780" lon="-4.539560"/>
      <trkpt lat="43.340580" lon="-4.539570"/>
      <trkpt lat="43.340390" lon="-4.539550"/>
      <trkpt lat="43.340000" lon="-4.539440"/>
      <trkpt lat="43.339810" lon="-4.539360"/>
      <trkpt lat="43.339650" lon="-4.539290"/>
      <trkpt lat="43.339190" lon="-4.539080"/>
      <trkpt lat="43.339100" lon="-4.539030"/>
      <trkpt lat="43.338950" lon="-4.538910"/>
      <trkpt lat="43.338860" lon="-4.538830"/>
      <trkpt lat="43.338790" lon="-4.538740"/>
      <trkpt lat="43.338720" lon="-4.538650"/>
      <trkpt lat="43.338650" lon="-4.538540"/>
      <trkpt lat="43.338540" lon="-4.538360"/>
      <trkpt lat="43.338430" lon="-4.538120"/>
      <trkpt lat="43.338320" lon="-4.537940"/>
      <trkpt lat="43.338210" lon="-4.537710"/>
      <trkpt lat="43.338110" lon="-4.537490"/>
      <trkpt lat="43.337970" lon="-4.537260"/>
      <trkpt lat="43.337800" lon="-4.537020"/>
      <trkpt lat="43.337610" lon="-4.536810"/>
      <trkpt lat="43.337460" lon="-4.536670"/>
      <trkpt lat="43.337280" lon="-4.536540"/>
      <trkpt lat="43.337120" lon="-4.536440"/>
      <trkpt lat="43.336920" lon="-4.536340"/>
      <trkpt lat="43.336750" lon="-4.536270"/>
      <trkpt lat="43.336570" lon="-4.536190"/>
      <trkpt lat="43.335920" lon="-4.535900"/>
      <trkpt lat="43.335730" lon="-4.535820"/>
      <trkpt lat="43.335560" lon="-4.535760"/>
      <trkpt lat="43.335500" lon="-4.535750"/>
      <trkpt lat="43.335370" lon="-4.535730"/>
      <trkpt lat="43.335290" lon="-4.535730"/>
      <trkpt lat="43.335180" lon="-4.535770"/>
      <trkpt lat="43.335090" lon="-4.535810"/>
      <trkpt lat="43.335000" lon="-4.535860"/>
      <trkpt lat="43.334920" lon="-4.535920"/>
      <trkpt lat="43.334840" lon="-4.535990"/>
      <trkpt lat="43.334770" lon="-4.536080"/>
      <trkpt lat="43.334710" lon="-4.536180"/>
      <trkpt lat="43.334670" lon="-4.536300"/>
      <trkpt lat="43.334640" lon="-4.536430"/>
      <trkpt lat="43.334630" lon="-4.536550"/>
      <trkpt lat="43.334620" lon="-4.536750"/>
      <trkpt lat="43.334640" lon="-4.536950"/>
      <trkpt lat="43.334670" lon="-4.537310"/>
      <trkpt lat="43.334760" lon="-4.537970"/>
      <trkpt lat="43.334770" lon="-4.538120"/>
      <trkpt lat="43.334790" lon="-4.538410"/>
      <trkpt lat="43.334780" lon="-4.538610"/>
      <trkpt lat="43.334770" lon="-4.538720"/>
      <trkpt lat="43.334730" lon="-4.538970"/>
      <trkpt lat="43.334670" lon="-4.539210"/>
      <trkpt lat="43.334580" lon="-4.539440"/>
      <trkpt lat="43.334490" lon="-4.539660"/>
      <trkpt lat="43.334410" lon="-4.539860"/>
      <trkpt lat="43.334300" lon="-4.540070"/>
      <trkpt lat="43.334200" lon="-4.540280"/>
      <trkpt lat="43.334090" lon="-4.540520"/>
      <trkpt lat="43.333960" lon="-4.540740"/>
      <trkpt lat="43.333780" lon="-4.541060"/>
      <trkpt lat="43.333590" lon="-4.541360"/>
      <trkpt lat="43.333390" lon="-4.541680"/>
      <trkpt lat="43.333210" lon="-4.542000"/>
      <trkpt lat="43.333000" lon="-4.542410"/>
      <trkpt lat="43.332850" lon="-4.542750"/>
      <trkpt lat="43.332650" lon="-4.543450"/>
      <trkpt lat="43.332420" lon="-4.544310"/>
      <trkpt lat="43.332300" lon="-4.544740"/>
      <trkpt lat="43.332200" lon="-4.545160"/>
      <trkpt lat="43.332060" lon="-4.546250"/>
      <trkpt lat="43.331940" lon="-4.547230"/>
      <trkpt lat="43.331850" lon="-4.548200"/>
      <trkpt lat="43.331800" lon="-4.549300"/>
      <trkpt lat="43.331840" lon="-4.551040"/>
      <trkpt lat="43.331840" lon="-4.551770"/>
      <trkpt lat="43.331820" lon="-4.552090"/>
      <trkpt lat="43.331750" lon="-4.552420"/>
      <trkpt lat="43.331660" lon="-4.552660"/>
      <trkpt lat="43.331620" lon="-4.552760"/>
      <trkpt lat="43.331550" lon="-4.552930"/>
      <trkpt lat="43.331380" lon="-4.553160"/>
      <trkpt lat="43.331180" lon="-4.553360"/>
      <trkpt lat="43.330920" lon="-4.553510"/>
      <trkpt lat="43.330740" lon="-4.553570"/>
      <trkpt lat="43.330660" lon="-4.553600"/>
      <trkpt lat="43.330550" lon="-4.553610"/>
      <trkpt lat="43.330470" lon="-4.553620"/>
      <trkpt lat="43.330150" lon="-4.553630"/>
      <trkpt lat="43.329630" lon="-4.553620"/>
      <trkpt lat="43.329500" lon="-4.553620"/>
      <trkpt lat="43.329150" lon="-4.553630"/>
      <trkpt lat="43.328870" lon="-4.553720"/>
      <trkpt lat="43.328620" lon="-4.553880"/>
      <trkpt lat="43.328380" lon="-4.554140"/>
      <trkpt lat="43.328190" lon="-4.554400"/>
      <trkpt lat="43.328070" lon="-4.554640"/>
      <trkpt lat="43.327600" lon="-4.555560"/>
      <trkpt lat="43.327030" lon="-4.556670"/>
      <trkpt lat="43.326850" lon="-4.557020"/>
      <trkpt lat="43.326750" lon="-4.557260"/>
      <trkpt lat="43.326730" lon="-4.557310"/>
      <trkpt lat="43.326620" lon="-4.557640"/>
      <trkpt lat="43.326500" lon="-4.558100"/>
      <trkpt lat="43.326450" lon="-4.558340"/>
      <trkpt lat="43.326410" lon="-4.558600"/>
      <trkpt lat="43.326380" lon="-4.559110"/>
      <trkpt lat="43.326410" lon="-4.559680"/>
      <trkpt lat="43.326510" lon="-4.560380"/>
      <trkpt lat="43.326710" lon="-4.561460"/>
      <trkpt lat="43.326830" lon="-4.562160"/>
      <trkpt lat="43.326860" lon="-4.562620"/>
      <trkpt lat="43.326830" lon="-4.563010"/>
      <trkpt lat="43.326720" lon="-4.563490"/>
      <trkpt lat="43.326340" lon="-4.564510"/>
      <trkpt lat="43.326230" lon="-4.565020"/>
      <trkpt lat="43.326210" lon="-4.565210"/>
      <trkpt lat="43.326190" lon="-4.565340"/>
      <trkpt lat="43.326190" lon="-4.565710"/>
      <trkpt lat="43.326210" lon="-4.566160"/>
      <trkpt lat="43.326270" lon="-4.566570"/>
      <trkpt lat="43.326390" lon="-4.567040"/>
      <trkpt lat="43.326600" lon="-4.567770"/>
      <trkpt lat="43.326660" lon="-4.568080"/>
      <trkpt lat="43.326690" lon="-4.568510"/>
      <trkpt lat="43.326680" lon="-4.568820"/>
      <trkpt lat="43.326640" lon="-4.569150"/>
      <trkpt lat="43.326480" lon="-4.570140"/>
      <trkpt lat="43.326460" lon="-4.570400"/>
      <trkpt lat="43.326470" lon="-4.570630"/>
      <trkpt lat="43.326490" lon="-4.570870"/>
      <trkpt lat="43.326520" lon="-4.571010"/>
      <trkpt lat="43.326550" lon="-4.571160"/>
      <trkpt lat="43.326630" lon="-4.571370"/>
      <trkpt lat="43.326730" lon="-4.571600"/>
      <trkpt lat="43.326820" lon="-4.571740"/>
      <trkpt lat="43.326910" lon="-4.571880"/>
      <trkpt lat="43.327240" lon="-4.572320"/>
      <trkpt lat="43.327460" lon="-4.572610"/>
      <trkpt lat="43.327610" lon="-4.572840"/>
      <trkpt lat="43.327720" lon="-4.573030"/>
      <trkpt lat="43.327860" lon="-4.573300"/>
      <trkpt lat="43.327970" lon="-4.573530"/>
      <trkpt lat="43.327970" lon="-4.573550"/>
      <trkpt lat="43.328070" lon="-4.573830"/>
      <trkpt lat="43.328160" lon="-4.574140"/>
      <trkpt lat="43.328230" lon="-4.574520"/>
      <trkpt lat="43.328260" lon="-4.574800"/>
      <trkpt lat="43.328290" lon="-4.575120"/>
      <trkpt lat="43.328290" lon="-4.575440"/>
      <trkpt lat="43.328250" lon="-4.576280"/>
      <trkpt lat="43.328230" lon="-4.576830"/>
      <trkpt lat="43.328070" lon="-4.580420"/>
      <trkpt lat="43.328040" lon="-4.580890"/>
      <trkpt lat="43.327990" lon="-4.581180"/>
      <trkpt lat="43.327940" lon="-4.581460"/>
      <trkpt lat="43.327860" lon="-4.581700"/>
      <trkpt lat="43.327740" lon="-4.581970"/>
      <trkpt lat="43.327600" lon="-4.582230"/>
      <trkpt lat="43.327480" lon="-4.582450"/>
      <trkpt lat="43.327000" lon="-4.583330"/>
      <trkpt lat="43.326790" lon="-4.583720"/>
      <trkpt lat="43.326590" lon="-4.584100"/>
      <trkpt lat="43.326530" lon="-4.584200"/>
      <trkpt lat="43.326480" lon="-4.584270"/>
      <trkpt lat="43.326420" lon="-4.584340"/>
      <trkpt lat="43.326350" lon="-4.584390"/>
      <trkpt lat="43.326300" lon="-4.584410"/>
      <trkpt lat="43.326250" lon="-4.584410"/>
      <trkpt lat="43.326180" lon="-4.584400"/>
      <trkpt lat="43.326130" lon="-4.584390"/>
      <trkpt lat="43.326080" lon="-4.584350"/>
      <trkpt lat="43.326040" lon="-4.584310"/>
      <trkpt lat="43.325990" lon="-4.584240"/>
      <trkpt lat="43.325940" lon="-4.584190"/>
      <trkpt lat="43.325880" lon="-4.584130"/>
      <trkpt lat="43.325800" lon="-4.584070"/>
      <trkpt lat="43.325670" lon="-4.583970"/>
      <trkpt lat="43.325500" lon="-4.583890"/>
      <trkpt lat="43.325120" lon="-4.583750"/>
      <trkpt lat="43.324810" lon="-4.583670"/>
      <trkpt lat="43.324470" lon="-4.583630"/>
      <trkpt lat="43.324320" lon="-4.583680"/>
      <trkpt lat="43.324120" lon="-4.583760"/>
      <trkpt lat="43.323990" lon="-4.583850"/>
      <trkpt lat="43.323780" lon="-4.584020"/>
      <trkpt lat="43.323600" lon="-4.584190"/>
      <trkpt lat="43.323260" lon="-4.584510"/>
      <trkpt lat="43.323200" lon="-4.584570"/>
      <trkpt lat="43.323090" lon="-4.584690"/>
      <trkpt lat="43.322780" lon="-4.585070"/>
      <trkpt lat="43.322570" lon="-4.585420"/>
      <trkpt lat="43.322120" lon="-4.586400"/>
      <trkpt lat="43.321940" lon="-4.586840"/>
      <trkpt lat="43.321880" lon="-4.587020"/>
      <trkpt lat="43.321250" lon="-4.588910"/>
      <trkpt lat="43.321120" lon="-4.589310"/>
      <trkpt lat="43.321000" lon="-4.589680"/>
      <trkpt lat="43.320610" lon="-4.590860"/>
      <trkpt lat="43.320390" lon="-4.591540"/>
      <trkpt lat="43.320240" lon="-4.592000"/>
      <trkpt lat="43.320110" lon="-4.592430"/>
      <trkpt lat="43.320040" lon="-4.592810"/>
      <trkpt lat="43.320000" lon="-4.593160"/>
      <trkpt lat="43.319990" lon="-4.593360"/>
      <trkpt lat="43.319990" lon="-4.593490"/>
      <trkpt lat="43.320000" lon="-4.594000"/>
      <trkpt lat="43.320060" lon="-4.595230"/>
      <trkpt lat="43.320100" lon="-4.596310"/>
      <trkpt lat="43.320160" lon="-4.597220"/>
      <trkpt lat="43.320200" lon="-4.599230"/>
      <trkpt lat="43.320400" lon="-4.600830"/>
      <trkpt lat="43.320580" lon="-4.602780"/>
      <trkpt lat="43.320640" lon="-4.604310"/>
      <trkpt lat="43.320630" lon="-4.604600"/>
      <trkpt lat="43.320600" lon="-4.604780"/>
      <trkpt lat="43.320550" lon="-4.604900"/>
      <trkpt lat="43.320480" lon="-4.605020"/>
      <trkpt lat="43.320230" lon="-4.605380"/>
      <trkpt lat="43.319990" lon="-4.605640"/>
      <trkpt lat="43.319820" lon="-4.605760"/>
      <trkpt lat="43.319580" lon="-4.605880"/>
      <trkpt lat="43.319500" lon="-4.605970"/>
      <trkpt lat="43.319420" lon="-4.606090"/>
      <trkpt lat="43.319170" lon="-4.606620"/>
      <trkpt lat="43.319080" lon="-4.606760"/>
      <trkpt lat="43.318960" lon="-4.606860"/>
      <trkpt lat="43.318610" lon="-4.607080"/>
      <trkpt lat="43.318480" lon="-4.607110"/>
      <trkpt lat="43.318300" lon="-4.607120"/>
      <trkpt lat="43.317870" lon="-4.607140"/>
      <trkpt lat="43.317820" lon="-4.607140"/>
      <trkpt lat="43.317420" lon="-4.607150"/>
      <trkpt lat="43.317120" lon="-4.607060"/>
      <trkpt lat="43.316920" lon="-4.607040"/>
      <trkpt lat="43.316780" lon="-4.607010"/>
      <trkpt lat="43.315880" lon="-4.606690"/>
      <trkpt lat="43.315760" lon="-4.606680"/>
      <trkpt lat="43.315600" lon="-4.606740"/>
      <trkpt lat="43.315430" lon="-4.606850"/>
      <trkpt lat="43.315030" lon="-4.607170"/>
      <trkpt lat="43.314890" lon="-4.607330"/>
      <trkpt lat="43.314830" lon="-4.607450"/>
      <trkpt lat="43.314770" lon="-4.607620"/>
      <trkpt lat="43.314670" lon="-4.608010"/>
      <trkpt lat="43.314600" lon="-4.608250"/>
      <trkpt lat="43.314530" lon="-4.608390"/>
      <trkpt lat="43.314420" lon="-4.608500"/>
      <trkpt lat="43.314300" lon="-4.608600"/>
      <trkpt lat="43.314140" lon="-4.608670"/>
      <trkpt lat="43.313920" lon="-4.608730"/>
      <trkpt lat="43.313680" lon="-4.608790"/>
      <trkpt lat="43.313440" lon="-4.608800"/>
      <trkpt lat="43.313300" lon="-4.608810"/>
      <trkpt lat="43.313190" lon="-4.608830"/>
      <trkpt lat="43.312990" lon="-4.608880"/>
      <trkpt lat="43.312780" lon="-4.608900"/>
      <trkpt lat="43.312600" lon="-4.608870"/>
      <trkpt lat="43.312270" lon="-4.608790"/>
      <trkpt lat="43.311650" lon="-4.608620"/>
      <trkpt lat="43.311500" lon="-4.608610"/>
      <trkpt lat="43.311300" lon="-4.608600"/>
      <trkpt lat="43.311020" lon="-4.608710"/>
      <trkpt lat="43.310860" lon="-4.608800"/>
      <trkpt lat="43.310700" lon="-4.608900"/>
      <trkpt lat="43.310450" lon="-4.609130"/>
      <trkpt lat="43.310340" lon="-4.609200"/>
      <trkpt lat="43.310280" lon="-4.609200"/>
      <trkpt lat="43.310210" lon="-4.609140"/>
      <trkpt lat="43.310140" lon="-4.609040"/>
      <trkpt lat="43.309710" lon="-4.608270"/>
      <trkpt lat="43.309570" lon="-4.608090"/>
      <trkpt lat="43.309390" lon="-4.607880"/>
      <trkpt lat="43.309230" lon="-4.607770"/>
      <trkpt lat="43.309060" lon="-4.607710"/>
      <trkpt lat="43.308860" lon="-4.607690"/>
      <trkpt lat="43.308560" lon="-4.607700"/>
      <trkpt lat="43.308040" lon="-4.607700"/>
      <trkpt lat="43.307860" lon="-4.607650"/>
      <trkpt lat="43.307480" lon="-4.607530"/>
      <trkpt lat="43.307240" lon="-4.607320"/>
      <trkpt lat="43.306910" lon="-4.606950"/>
      <trkpt lat="43.306690" lon="-4.606800"/>
      <trkpt lat="43.306450" lon="-4.606660"/>
      <trkpt lat="43.306310" lon="-4.606540"/>
      <trkpt lat="43.306150" lon="-4.606380"/>
      <trkpt lat="43.305750" lon="-4.605830"/>
      <trkpt lat="43.305550" lon="-4.605580"/>
      <trkpt lat="43.305460" lon="-4.605470"/>
      <trkpt lat="43.305360" lon="-4.605310"/>
      <trkpt lat="43.305270" lon="-4.605230"/>
      <trkpt lat="43.305130" lon="-4.605140"/>
      <trkpt lat="43.304780" lon="-4.605030"/>
      <trkpt lat="43.304510" lon="-4.604990"/>
      <trkpt lat="43.304320" lon="-4.604940"/>
      <trkpt lat="43.304160" lon="-4.604940"/>
      <trkpt lat="43.303950" lon="-4.605000"/>
      <trkpt lat="43.303780" lon="-4.605060"/>
      <trkpt lat="43.303630" lon="-4.605130"/>
      <trkpt lat="43.303460" lon="-4.605240"/>
      <trkpt lat="43.303220" lon="-4.605440"/>
      <trkpt lat="43.302980" lon="-4.605650"/>
      <trkpt lat="43.302670" lon="-4.605920"/>
      <trkpt lat="43.302570" lon="-4.606010"/>
      <trkpt lat="43.302460" lon="-4.606070"/>
      <trkpt lat="43.302170" lon="-4.606210"/>
      <trkpt lat="43.301920" lon="-4.606330"/>
      <trkpt lat="43.301820" lon="-4.606370"/>
      <trkpt lat="43.301670" lon="-4.606380"/>
      <trkpt lat="43.301400" lon="-4.606380"/>
      <trkpt lat="43.301200" lon="-4.606350"/>
      <trkpt lat="43.300880" lon="-4.606300"/>
      <trkpt lat="43.300690" lon="-4.606270"/>
      <trkpt lat="43.300480" lon="-4.606240"/>
      <trkpt lat="43.300400" lon="-4.606240"/>
      <trkpt lat="43.300280" lon="-4.606280"/>
      <trkpt lat="43.299950" lon="-4.606440"/>
      <trkpt lat="43.299660" lon="-4.606580"/>
      <trkpt lat="43.299400" lon="-4.606740"/>
      <trkpt lat="43.299110" lon="-4.606940"/>
      <trkpt lat="43.299010" lon="-4.606990"/>
      <trkpt lat="43.298910" lon="-4.607050"/>
      <trkpt lat="43.298800" lon="-4.607100"/>
      <trkpt lat="43.298710" lon="-4.607150"/>
      <trkpt lat="43.298610" lon="-4.607190"/>
      <trkpt lat="43.298570" lon="-4.607210"/>
      <trkpt lat="43.298510" lon="-4.607230"/>
      <trkpt lat="43.298450" lon="-4.607250"/>
      <trkpt lat="43.298410" lon="-4.607270"/>
      <trkpt lat="43.298340" lon="-4.607270"/>
      <trkpt lat="43.298290" lon="-4.607270"/>
      <trkpt lat="43.298230" lon="-4.607270"/>
      <trkpt lat="43.298180" lon="-4.607280"/>
      <trkpt lat="43.298150" lon="-4.607290"/>
      <trkpt lat="43.298130" lon="-4.607300"/>
      <trkpt lat="43.298100" lon="-4.607320"/>
      <trkpt lat="43.298080" lon="-4.607340"/>
      <trkpt lat="43.298060" lon="-4.607360"/>
      <trkpt lat="43.298010" lon="-4.607420"/>
      <trkpt lat="43.297990" lon="-4.607440"/>
      <trkpt lat="43.297970" lon="-4.607460"/>
      <trkpt lat="43.297940" lon="-4.607470"/>
      <trkpt lat="43.297930" lon="-4.607480"/>
      <trkpt lat="43.297910" lon="-4.607490"/>
      <trkpt lat="43.297880" lon="-4.607500"/>
      <trkpt lat="43.297850" lon="-4.607500"/>
      <trkpt lat="43.297820" lon="-4.607500"/>
      <trkpt lat="43.297800" lon="-4.607500"/>
      <trkpt lat="43.297770" lon="-4.607490"/>
      <trkpt lat="43.297740" lon="-4.607480"/>
      <trkpt lat="43.297710" lon="-4.607460"/>
      <trkpt lat="43.297470" lon="-4.607310"/>
      <trkpt lat="43.297390" lon="-4.607260"/>
      <trkpt lat="43.297300" lon="-4.607220"/>
      <trkpt lat="43.297250" lon="-4.607200"/>
      <trkpt lat="43.297190" lon="-4.607190"/>
      <trkpt lat="43.297110" lon="-4.607180"/>
      <trkpt lat="43.296980" lon="-4.607180"/>
      <trkpt lat="43.296900" lon="-4.607180"/>
      <trkpt lat="43.296540" lon="-4.607230"/>
      <trkpt lat="43.296440" lon="-4.607250"/>
      <trkpt lat="43.296350" lon="-4.607280"/>
      <trkpt lat="43.296290" lon="-4.607300"/>
      <trkpt lat="43.296190" lon="-4.607350"/>
      <trkpt lat="43.296000" lon="-4.607430"/>
      <trkpt lat="43.295710" lon="-4.607650"/>
      <trkpt lat="43.295360" lon="-4.608230"/>
      <trkpt lat="43.295040" lon="-4.608730"/>
      <trkpt lat="43.294790" lon="-4.609150"/>
      <trkpt lat="43.294710" lon="-4.609440"/>
      <trkpt lat="43.294520" lon="-4.610130"/>
      <trkpt lat="43.294450" lon="-4.610540"/>
      <trkpt lat="43.294320" lon="-4.611160"/>
      <trkpt lat="43.294280" lon="-4.611340"/>
      <trkpt lat="43.294230" lon="-4.611540"/>
      <trkpt lat="43.294130" lon="-4.611790"/>
      <trkpt lat="43.294030" lon="-4.611990"/>
      <trkpt lat="43.293810" lon="-4.612320"/>
      <trkpt lat="43.293740" lon="-4.612430"/>
      <trkpt lat="43.293670" lon="-4.612490"/>
      <trkpt lat="43.293480" lon="-4.612610"/>
      <trkpt lat="43.293360" lon="-4.612720"/>
      <trkpt lat="43.293170" lon="-4.612910"/>
      <trkpt lat="43.293080" lon="-4.613170"/>
      <trkpt lat="43.292840" lon="-4.614140"/>
      <trkpt lat="43.292690" lon="-4.614490"/>
      <trkpt lat="43.292510" lon="-4.614770"/>
      <trkpt lat="43.292250" lon="-4.614980"/>
      <trkpt lat="43.292020" lon="-4.615090"/>
      <trkpt lat="43.291830" lon="-4.615150"/>
      <trkpt lat="43.291670" lon="-4.615250"/>
      <trkpt lat="43.291560" lon="-4.615380"/>
      <trkpt lat="43.291430" lon="-4.615660"/>
      <trkpt lat="43.291270" lon="-4.616090"/>
      <trkpt lat="43.291130" lon="-4.616730"/>
      <trkpt lat="43.291050" lon="-4.617330"/>
      <trkpt lat="43.290920" lon="-4.617990"/>
      <trkpt lat="43.290910" lon="-4.618420"/>
      <trkpt lat="43.290880" lon="-4.618580"/>
      <trkpt lat="43.290840" lon="-4.618680"/>
      <trkpt lat="43.290730" lon="-4.618820"/>
      <trkpt lat="43.290520" lon="-4.618990"/>
      <trkpt lat="43.290310" lon="-4.619120"/>
      <trkpt lat="43.290210" lon="-4.619150"/>
      <trkpt lat="43.289960" lon="-4.619190"/>
      <trkpt lat="43.289200" lon="-4.619200"/>
      <trkpt lat="43.289100" lon="-4.619260"/>
      <trkpt lat="43.288890" lon="-4.619460"/>
      <trkpt lat="43.288430" lon="-4.620050"/>
      <trkpt lat="43.288320" lon="-4.620290"/>
      <trkpt lat="43.288300" lon="-4.620420"/>
      <trkpt lat="43.288310" lon="-4.620600"/>
      <trkpt lat="43.288720" lon="-4.622220"/>
      <trkpt lat="43.288770" lon="-4.622520"/>
      <trkpt lat="43.288770" lon="-4.622900"/>
      <trkpt lat="43.288750" lon="-4.623290"/>
      <trkpt lat="43.288670" lon="-4.623540"/>
      <trkpt lat="43.288540" lon="-4.623770"/>
      <trkpt lat="43.288360" lon="-4.624050"/>
      <trkpt lat="43.288060" lon="-4.624300"/>
      <trkpt lat="43.287590" lon="-4.624690"/>
      <trkpt lat="43.287160" lon="-4.624970"/>
      <trkpt lat="43.286650" lon="-4.625270"/>
      <trkpt lat="43.286520" lon="-4.625350"/>
      <trkpt lat="43.286350" lon="-4.625490"/>
      <trkpt lat="43.286170" lon="-4.625660"/>
      <trkpt lat="43.286010" lon="-4.625800"/>
      <trkpt lat="43.285660" lon="-4.626040"/>
      <trkpt lat="43.285490" lon="-4.626150"/>
      <trkpt lat="43.285100" lon="-4.626280"/>
      <trkpt lat="43.284890" lon="-4.626370"/>
      <trkpt lat="43.284660" lon="-4.626460"/>
      <trkpt lat="43.284470" lon="-4.626480"/>
      <trkpt lat="43.284250" lon="-4.626500"/>
      <trkpt lat="43.284000" lon="-4.626490"/>
      <trkpt lat="43.283800" lon="-4.626500"/>
      <trkpt lat="43.283570" lon="-4.626530"/>
      <trkpt lat="43.283060" lon="-4.626590"/>
      <trkpt lat="43.282790" lon="-4.626640"/>
      <trkpt lat="43.282530" lon="-4.626700"/>
      <trkpt lat="43.282400" lon="-4.626750"/>
      <trkpt lat="43.282240" lon="-4.626830"/>
      <trkpt lat="43.282070" lon="-4.626950"/>
      <trkpt lat="43.281970" lon="-4.627010"/>
      <trkpt lat="43.281880" lon="-4.627050"/>
      <trkpt lat="43.281740" lon="-4.627090"/>
      <trkpt lat="43.281650" lon="-4.627120"/>
      <trkpt lat="43.281570" lon="-4.627170"/>
      <trkpt lat="43.281490" lon="-4.627250"/>
      <trkpt lat="43.281420" lon="-4.627340"/>
      <trkpt lat="43.281250" lon="-4.627610"/>
      <trkpt lat="43.280850" lon="-4.628330"/>
      <trkpt lat="43.280530" lon="-4.629070"/>
      <trkpt lat="43.280230" lon="-4.629890"/>
      <trkpt lat="43.280090" lon="-4.630300"/>
      <trkpt lat="43.280020" lon="-4.630440"/>
      <trkpt lat="43.279930" lon="-4.630560"/>
      <trkpt lat="43.279820" lon="-4.630640"/>
      <trkpt lat="43.279680" lon="-4.630710"/>
      <trkpt lat="43.279310" lon="-4.630810"/>
      <trkpt lat="43.278880" lon="-4.630920"/>
      <trkpt lat="43.278700" lon="-4.630970"/>
      <trkpt lat="43.278590" lon="-4.630990"/>
      <trkpt lat="43.278340" lon="-4.631040"/>
      <trkpt lat="43.278220" lon="-4.631090"/>
      <trkpt lat="43.278130" lon="-4.631160"/>
      <trkpt lat="43.278060" lon="-4.631250"/>
      <trkpt lat="43.278010" lon="-4.631360"/>
      <trkpt lat="43.277880" lon="-4.631700"/>
      <trkpt lat="43.277830" lon="-4.631880"/>
      <trkpt lat="43.277820" lon="-4.631980"/>
      <trkpt lat="43.277830" lon="-4.632080"/>
      <trkpt lat="43.277860" lon="-4.632250"/>
      <trkpt lat="43.277880" lon="-4.632430"/>
      <trkpt lat="43.277890" lon="-4.632640"/>
      <trkpt lat="43.277880" lon="-4.632800"/>
      <trkpt lat="43.277860" lon="-4.633080"/>
      <trkpt lat="43.277830" lon="-4.633400"/>
      <trkpt lat="43.277790" lon="-4.633600"/>
      <trkpt lat="43.277740" lon="-4.633780"/>
      <trkpt lat="43.277650" lon="-4.634050"/>
      <trkpt lat="43.277430" lon="-4.634640"/>
      <trkpt lat="43.277300" lon="-4.634900"/>
      <trkpt lat="43.277170" lon="-4.635120"/>
      <trkpt lat="43.276880" lon="-4.635540"/>
      <trkpt lat="43.276720" lon="-4.635720"/>
      <trkpt lat="43.276540" lon="-4.635870"/>
      <trkpt lat="43.276310" lon="-4.636090"/>
      <trkpt lat="43.275730" lon="-4.636600"/>
      <trkpt lat="43.275620" lon="-4.636730"/>
      <trkpt lat="43.275520" lon="-4.636820"/>
      <trkpt lat="43.275390" lon="-4.636900"/>
      <trkpt lat="43.275300" lon="-4.636940"/>
      <trkpt lat="43.275210" lon="-4.636960"/>
      <trkpt lat="43.275090" lon="-4.636970"/>
      <trkpt lat="43.274950" lon="-4.636950"/>
      <trkpt lat="43.274880" lon="-4.636950"/>
      <trkpt lat="43.274820" lon="-4.636960"/>
      <trkpt lat="43.274670" lon="-4.637000"/>
      <trkpt lat="43.274500" lon="-4.637080"/>
      <trkpt lat="43.274380" lon="-4.637160"/>
      <trkpt lat="43.274300" lon="-4.637190"/>
      <trkpt lat="43.274190" lon="-4.637200"/>
      <trkpt lat="43.274040" lon="-4.637190"/>
      <trkpt lat="43.273930" lon="-4.637160"/>
      <trkpt lat="43.273800" lon="-4.637100"/>
      <trkpt lat="43.273460" lon="-4.636850"/>
      <trkpt lat="43.273260" lon="-4.636740"/>
      <trkpt lat="43.272760" lon="-4.636550"/>
      <trkpt lat="43.272600" lon="-4.636500"/>
      <trkpt lat="43.272420" lon="-4.636470"/>
      <trkpt lat="43.271960" lon="-4.636470"/>
      <trkpt lat="43.271770" lon="-4.636480"/>
      <trkpt lat="43.271520" lon="-4.636450"/>
      <trkpt lat="43.271150" lon="-4.636440"/>
      <trkpt lat="43.270930" lon="-4.636410"/>
      <trkpt lat="43.270720" lon="-4.636360"/>
      <trkpt lat="43.270540" lon="-4.636290"/>
      <trkpt lat="43.270250" lon="-4.636100"/>
      <trkpt lat="43.270130" lon="-4.636010"/>
      <trkpt lat="43.269590" lon="-4.635520"/>
      <trkpt lat="43.269400" lon="-4.635360"/>
      <trkpt lat="43.269070" lon="-4.635110"/>
      <trkpt lat="43.268970" lon="-4.635070"/>
      <trkpt lat="43.268880" lon="-4.635040"/>
      <trkpt lat="43.268620" lon="-4.634990"/>
      <trkpt lat="43.268490" lon="-4.634950"/>
      <trkpt lat="43.268420" lon="-4.634910"/>
      <trkpt lat="43.268320" lon="-4.634840"/>
      <trkpt lat="43.268240" lon="-4.634740"/>
      <trkpt lat="43.268150" lon="-4.634560"/>
      <trkpt lat="43.268080" lon="-4.634340"/>
      <trkpt lat="43.268000" lon="-4.633930"/>
      <trkpt lat="43.268000" lon="-4.633710"/>
      <trkpt lat="43.268030" lon="-4.633450"/>
      <trkpt lat="43.268030" lon="-4.633220"/>
      <trkpt lat="43.268010" lon="-4.633020"/>
      <trkpt lat="43.267950" lon="-4.632650"/>
      <trkpt lat="43.267840" lon="-4.632250"/>
      <trkpt lat="43.267780" lon="-4.632040"/>
      <trkpt lat="43.267730" lon="-4.631930"/>
      <trkpt lat="43.267660" lon="-4.631830"/>
      <trkpt lat="43.267590" lon="-4.631770"/>
      <trkpt lat="43.267580" lon="-4.631770"/>
      <trkpt lat="43.267480" lon="-4.631740"/>
      <trkpt lat="43.267410" lon="-4.631730"/>
      <trkpt lat="43.267240" lon="-4.631740"/>
      <trkpt lat="43.267210" lon="-4.631740"/>
      <trkpt lat="43.267150" lon="-4.631740"/>
      <trkpt lat="43.267010" lon="-4.631720"/>
      <trkpt lat="43.266840" lon="-4.631680"/>
      <trkpt lat="43.266760" lon="-4.631650"/>
      <trkpt lat="43.266660" lon="-4.631590"/>
      <trkpt lat="43.266560" lon="-4.631500"/>
      <trkpt lat="43.266490" lon="-4.631410"/>
      <trkpt lat="43.266430" lon="-4.631290"/>
      <trkpt lat="43.266330" lon="-4.631030"/>
      <trkpt lat="43.266240" lon="-4.630670"/>
      <trkpt lat="43.266210" lon="-4.630560"/>
      <trkpt lat="43.266100" lon="-4.630160"/>
      <trkpt lat="43.266030" lon="-4.629910"/>
      <trkpt lat="43.265890" lon="-4.629610"/>
      <trkpt lat="43.265720" lon="-4.629280"/>
      <trkpt lat="43.265530" lon="-4.628950"/>
      <trkpt lat="43.265450" lon="-4.628780"/>
      <trkpt lat="43.265390" lon="-4.628600"/>
      <trkpt lat="43.265350" lon="-4.628430"/>
      <trkpt lat="43.265320" lon="-4.628230"/>
      <trkpt lat="43.265270" lon="-4.627770"/>
      <trkpt lat="43.265240" lon="-4.627580"/>
      <trkpt lat="43.265190" lon="-4.627370"/>
      <trkpt lat="43.265090" lon="-4.627070"/>
      <trkpt lat="43.265070" lon="-4.626830"/>
      <trkpt lat="43.265050" lon="-4.626270"/>
      <trkpt lat="43.265020" lon="-4.625970"/>
      <trkpt lat="43.264950" lon="-4.625680"/>
      <trkpt lat="43.264790" lon="-4.625190"/>
      <trkpt lat="43.264670" lon="-4.624780"/>
      <trkpt lat="43.264610" lon="-4.624470"/>
      <trkpt lat="43.264530" lon="-4.624060"/>
      <trkpt lat="43.264490" lon="-4.623920"/>
      <trkpt lat="43.264310" lon="-4.623570"/>
      <trkpt lat="43.264210" lon="-4.623420"/>
      <trkpt lat="43.264070" lon="-4.623230"/>
      <trkpt lat="43.263860" lon="-4.623050"/>
      <trkpt lat="43.263760" lon="-4.622930"/>
      <trkpt lat="43.263700" lon="-4.622830"/>
      <trkpt lat="43.263650" lon="-4.622690"/>
      <trkpt lat="43.263570" lon="-4.622330"/>
      <trkpt lat="43.263500" lon="-4.622130"/>
      <trkpt lat="43.263440" lon="-4.621970"/>
      <trkpt lat="43.263420" lon="-4.621950"/>
      <trkpt lat="43.263350" lon="-4.621830"/>
      <trkpt lat="43.263290" lon="-4.621760"/>
      <trkpt lat="43.263230" lon="-4.621710"/>
      <trkpt lat="43.263180" lon="-4.621680"/>
      <trkpt lat="43.263130" lon="-4.621660"/>
      <trkpt lat="43.263000" lon="-4.621620"/>
      <trkpt lat="43.262900" lon="-4.621570"/>
      <trkpt lat="43.262800" lon="-4.621500"/>
      <trkpt lat="43.262680" lon="-4.621400"/>
      <trkpt lat="43.262570" lon="-4.621270"/>
      <trkpt lat="43.262340" lon="-4.620990"/>
      <trkpt lat="43.261840" lon="-4.620470"/>
      <trkpt lat="43.261340" lon="-4.619900"/>
      <trkpt lat="43.261210" lon="-4.619790"/>
      <trkpt lat="43.260940" lon="-4.619580"/>
      <trkpt lat="43.260850" lon="-4.619540"/>
      <trkpt lat="43.260760" lon="-4.619520"/>
      <trkpt lat="43.260640" lon="-4.619540"/>
      <trkpt lat="43.260510" lon="-4.619620"/>
      <trkpt lat="43.260460" lon="-4.619650"/>
      <trkpt lat="43.260370" lon="-4.619650"/>
      <trkpt lat="43.260290" lon="-4.619620"/>
      <trkpt lat="43.260150" lon="-4.619550"/>
      <trkpt lat="43.260030" lon="-4.619470"/>
      <trkpt lat="43.259960" lon="-4.619390"/>
      <trkpt lat="43.259920" lon="-4.619330"/>
      <trkpt lat="43.259710" lon="-4.618970"/>
      <trkpt lat="43.259680" lon="-4.618890"/>
      <trkpt lat="43.259620" lon="-4.618700"/>
      <trkpt lat="43.259580" lon="-4.618600"/>
      <trkpt lat="43.259520" lon="-4.618520"/>
      <trkpt lat="43.259390" lon="-4.618400"/>
      <trkpt lat="43.259210" lon="-4.618270"/>
      <trkpt lat="43.259110" lon="-4.618140"/>
      <trkpt lat="43.258970" lon="-4.617900"/>
      <trkpt lat="43.258880" lon="-4.617760"/>
      <trkpt lat="43.258790" lon="-4.617690"/>
      <trkpt lat="43.258700" lon="-4.617640"/>
      <trkpt lat="43.258490" lon="-4.617600"/>
      <trkpt lat="43.258360" lon="-4.617530"/>
      <trkpt lat="43.258220" lon="-4.617450"/>
      <trkpt lat="43.258090" lon="-4.617330"/>
      <trkpt lat="43.257720" lon="-4.616940"/>
      <trkpt lat="43.257290" lon="-4.616460"/>
      <trkpt lat="43.257010" lon="-4.616200"/>
      <trkpt lat="43.256760" lon="-4.615940"/>
      <trkpt lat="43.256630" lon="-4.615850"/>
      <trkpt lat="43.256540" lon="-4.615810"/>
      <trkpt lat="43.256120" lon="-4.615730"/>
      <trkpt lat="43.255930" lon="-4.615710"/>
      <trkpt lat="43.255540" lon="-4.615650"/>
      <trkpt lat="43.255460" lon="-4.615630"/>
      <trkpt lat="43.255280" lon="-4.615560"/>
      <trkpt lat="43.255140" lon="-4.615490"/>
      <trkpt lat="43.255060" lon="-4.615430"/>
      <trkpt lat="43.255030" lon="-4.615410"/>
      <trkpt lat="43.254970" lon="-4.615360"/>
      <trkpt lat="43.254900" lon="-4.615280"/>
      <trkpt lat="43.254710" lon="-4.615010"/>
      <trkpt lat="43.254630" lon="-4.614850"/>
      <trkpt lat="43.254580" lon="-4.614700"/>
      <trkpt lat="43.254540" lon="-4.614560"/>
      <trkpt lat="43.254520" lon="-4.614360"/>
      <trkpt lat="43.254490" lon="-4.614060"/>
      <trkpt lat="43.254470" lon="-4.613930"/>
      <trkpt lat="43.254450" lon="-4.613810"/>
      <trkpt lat="43.254420" lon="-4.613690"/>
      <trkpt lat="43.254390" lon="-4.613600"/>
      <trkpt lat="43.254340" lon="-4.613510"/>
      <trkpt lat="43.254270" lon="-4.613420"/>
      <trkpt lat="43.254200" lon="-4.613340"/>
      <trkpt lat="43.254090" lon="-4.613260"/>
      <trkpt lat="43.254040" lon="-4.613220"/>
      <trkpt lat="43.253960" lon="-4.613200"/>
      <trkpt lat="43.253720" lon="-4.613120"/>
      <trkpt lat="43.253410" lon="-4.613090"/>
      <trkpt lat="43.253230" lon="-4.613030"/>
      <trkpt lat="43.253040" lon="-4.612960"/>
      <trkpt lat="43.252850" lon="-4.612840"/>
      <trkpt lat="43.252750" lon="-4.612760"/>
      <trkpt lat="43.252720" lon="-4.612730"/>
      <trkpt lat="43.252610" lon="-4.612600"/>
      <trkpt lat="43.252370" lon="-4.612170"/>
      <trkpt lat="43.252320" lon="-4.612030"/>
      <trkpt lat="43.252300" lon="-4.611870"/>
      <trkpt lat="43.252320" lon="-4.611590"/>
      <trkpt lat="43.252340" lon="-4.611410"/>
      <trkpt lat="43.252380" lon="-4.611230"/>
      <trkpt lat="43.252400" lon="-4.611160"/>
      <trkpt lat="43.252430" lon="-4.611060"/>
      <trkpt lat="43.252510" lon="-4.610840"/>
      <trkpt lat="43.252640" lon="-4.610460"/>
      <trkpt lat="43.252720" lon="-4.610220"/>
      <trkpt lat="43.252720" lon="-4.610170"/>
      <trkpt lat="43.252750" lon="-4.610030"/>
      <trkpt lat="43.252770" lon="-4.609800"/>
      <trkpt lat="43.252750" lon="-4.609500"/>
      <trkpt lat="43.252720" lon="-4.609330"/>
      <trkpt lat="43.252690" lon="-4.609210"/>
      <trkpt lat="43.252640" lon="-4.609100"/>
      <trkpt lat="43.252450" lon="-4.608710"/>
      <trkpt lat="43.252430" lon="-4.608670"/>
      <trkpt lat="43.252260" lon="-4.608290"/>
      <trkpt lat="43.252100" lon="-4.607930"/>
      <trkpt lat="43.251900" lon="-4.607480"/>
      <trkpt lat="43.251810" lon="-4.607270"/>
      <trkpt lat="43.251560" lon="-4.606640"/>
      <trkpt lat="43.251470" lon="-4.606320"/>
      <trkpt lat="43.251340" lon="-4.605740"/>
      <trkpt lat="43.251210" lon="-4.604960"/>
      <trkpt lat="43.251150" lon="-4.604610"/>
      <trkpt lat="43.251120" lon="-4.604290"/>
      <trkpt lat="43.251110" lon="-4.603970"/>
      <trkpt lat="43.251120" lon="-4.603530"/>
      <trkpt lat="43.251100" lon="-4.603380"/>
      <trkpt lat="43.251060" lon="-4.603260"/>
      <trkpt lat="43.251000" lon="-4.603130"/>
      <trkpt lat="43.250690" lon="-4.602630"/>
      <trkpt lat="43.250580" lon="-4.602500"/>
      <trkpt lat="43.250240" lon="-4.602100"/>
      <trkpt lat="43.250070" lon="-4.601890"/>
      <trkpt lat="43.249900" lon="-4.601660"/>
      <trkpt lat="43.249850" lon="-4.601550"/>
      <trkpt lat="43.249790" lon="-4.601330"/>
      <trkpt lat="43.249740" lon="-4.601040"/>
      <trkpt lat="43.249750" lon="-4.600740"/>
      <trkpt lat="43.249810" lon="-4.600420"/>
      <trkpt lat="43.249820" lon="-4.600200"/>
      <trkpt lat="43.249790" lon="-4.600060"/>
      <trkpt lat="43.249730" lon="-4.599900"/>
      <trkpt lat="43.249450" lon="-4.599520"/>
      <trkpt lat="43.249330" lon="-4.599260"/>
      <trkpt lat="43.249210" lon="-4.598880"/>
      <trkpt lat="43.249180" lon="-4.598620"/>
      <trkpt lat="43.249220" lon="-4.598240"/>
      <trkpt lat="43.249240" lon="-4.597980"/>
      <trkpt lat="43.249210" lon="-4.597730"/>
      <trkpt lat="43.249070" lon="-4.597210"/>
      <trkpt lat="43.248840" lon="-4.596560"/>
      <trkpt lat="43.248750" lon="-4.596280"/>
      <trkpt lat="43.248650" lon="-4.595810"/>
      <trkpt lat="43.248570" lon="-4.595530"/>
      <trkpt lat="43.248380" lon="-4.595020"/>
      <trkpt lat="43.248310" lon="-4.594760"/>
      <trkpt lat="43.248260" lon="-4.594490"/>
      <trkpt lat="43.248250" lon="-4.594090"/>
      <trkpt lat="43.248200" lon="-4.593240"/>
      <trkpt lat="43.248230" lon="-4.592910"/>
      <trkpt lat="43.248290" lon="-4.592540"/>
      <trkpt lat="43.248320" lon="-4.592310"/>
      <trkpt lat="43.248320" lon="-4.592270"/>
      <trkpt lat="43.248320" lon="-4.592230"/>
      <trkpt lat="43.248320" lon="-4.592200"/>
      <trkpt lat="43.248310" lon="-4.592150"/>
      <trkpt lat="43.248300" lon="-4.592110"/>
      <trkpt lat="43.248270" lon="-4.592030"/>
      <trkpt lat="43.248240" lon="-4.591960"/>
      <trkpt lat="43.248210" lon="-4.591890"/>
      <trkpt lat="43.248180" lon="-4.591830"/>
      <trkpt lat="43.248130" lon="-4.591740"/>
      <trkpt lat="43.248030" lon="-4.591580"/>
      <trkpt lat="43.247880" lon="-4.591320"/>
      <trkpt lat="43.247730" lon="-4.591060"/>
      <trkpt lat="43.247670" lon="-4.590960"/>
      <trkpt lat="43.247620" lon="-4.590890"/>
      <trkpt lat="43.247570" lon="-4.590820"/>
      <trkpt lat="43.247520" lon="-4.590760"/>
      <trkpt lat="43.247470" lon="-4.590690"/>
      <trkpt lat="43.247450" lon="-4.590660"/>
      <trkpt lat="43.247420" lon="-4.590630"/>
      <trkpt lat="43.247400" lon="-4.590600"/>
      <trkpt lat="43.247380" lon="-4.590560"/>
      <trkpt lat="43.247370" lon="-4.590530"/>
      <trkpt lat="43.247360" lon="-4.590490"/>
      <trkpt lat="43.247360" lon="-4.590460"/>
      <trkpt lat="43.247350" lon="-4.590400"/>
      <trkpt lat="43.247350" lon="-4.590350"/>
      <trkpt lat="43.247350" lon="-4.590320"/>
      <trkpt lat="43.247360" lon="-4.590280"/>
      <trkpt lat="43.247360" lon="-4.590260"/>
      <trkpt lat="43.247370" lon="-4.590240"/>
      <trkpt lat="43.247380" lon="-4.590220"/>
      <trkpt lat="43.247380" lon="-4.590200"/>
      <trkpt lat="43.247400" lon="-4.590170"/>
      <trkpt lat="43.247410" lon="-4.590140"/>
      <trkpt lat="43.247420" lon="-4.590120"/>
      <trkpt lat="43.247430" lon="-4.590080"/>
      <trkpt lat="43.247440" lon="-4.590060"/>
      <trkpt lat="43.247440" lon="-4.590040"/>
      <trkpt lat="43.247450" lon="-4.590010"/>
      <trkpt lat="43.247450" lon="-4.589980"/>
      <trkpt lat="43.247450" lon="-4.589930"/>
      <trkpt lat="43.247450" lon="-4.589910"/>
      <trkpt lat="43.247450" lon="-4.589880"/>
      <trkpt lat="43.247440" lon="-4.589840"/>
      <trkpt lat="43.247430" lon="-4.589800"/>
      <trkpt lat="43.247420" lon="-4.589770"/>
      <trkpt lat="43.247400" lon="-4.589730"/>
      <trkpt lat="43.247380" lon="-4.589700"/>
      <trkpt lat="43.247360" lon="-4.589670"/>
      <trkpt lat="43.247340" lon="-4.589640"/>
      <trkpt lat="43.247230" lon="-4.589540"/>
      <trkpt lat="43.247150" lon="-4.589460"/>
      <trkpt lat="43.247050" lon="-4.589370"/>
      <trkpt lat="43.246980" lon="-4.589300"/>
      <trkpt lat="43.246930" lon="-4.589240"/>
      <trkpt lat="43.246870" lon="-4.589170"/>
      <trkpt lat="43.246840" lon="-4.589140"/>
      <trkpt lat="43.246800" lon="-4.589090"/>
      <trkpt lat="43.246780" lon="-4.589040"/>
      <trkpt lat="43.246750" lon="-4.589000"/>
      <trkpt lat="43.246730" lon="-4.588950"/>
      <trkpt lat="43.246710" lon="-4.588900"/>
      <trkpt lat="43.246700" lon="-4.588850"/>
      <trkpt lat="43.246680" lon="-4.588810"/>
      <trkpt lat="43.246680" lon="-4.588770"/>
      <trkpt lat="43.246670" lon="-4.588710"/>
      <trkpt lat="43.246670" lon="-4.588700"/>
      <trkpt lat="43.246670" lon="-4.588670"/>
      <trkpt lat="43.246670" lon="-4.588630"/>
      <trkpt lat="43.246670" lon="-4.588610"/>
      <trkpt lat="43.246680" lon="-4.588570"/>
      <trkpt lat="43.246680" lon="-4.588530"/>
      <trkpt lat="43.246690" lon="-4.588510"/>
      <trkpt lat="43.246700" lon="-4.588470"/>
      <trkpt lat="43.246710" lon="-4.588440"/>
      <trkpt lat="43.246720" lon="-4.588420"/>
      <trkpt lat="43.246730" lon="-4.588370"/>
      <trkpt lat="43.246750" lon="-4.588340"/>
      <trkpt lat="43.246770" lon="-4.588290"/>
      <trkpt lat="43.246790" lon="-4.588230"/>
      <trkpt lat="43.246820" lon="-4.588170"/>
      <trkpt lat="43.246840" lon="-4.588120"/>
      <trkpt lat="43.246860" lon="-4.588050"/>
      <trkpt lat="43.246900" lon="-4.587960"/>
      <trkpt lat="43.246930" lon="-4.587880"/>
      <trkpt lat="43.246960" lon="-4.587800"/>
      <trkpt lat="43.246990" lon="-4.587740"/>
      <trkpt lat="43.247020" lon="-4.587660"/>
      <trkpt lat="43.247040" lon="-4.587600"/>
      <trkpt lat="43.247070" lon="-4.587550"/>
      <trkpt lat="43.247080" lon="-4.587500"/>
      <trkpt lat="43.247090" lon="-4.587480"/>
      <trkpt lat="43.247110" lon="-4.587430"/>
      <trkpt lat="43.247120" lon="-4.587400"/>
      <trkpt lat="43.247130" lon="-4.587360"/>
      <trkpt lat="43.247140" lon="-4.587320"/>
      <trkpt lat="43.247140" lon="-4.587270"/>
      <trkpt lat="43.247140" lon="-4.587200"/>
      <trkpt lat="43.247140" lon="-4.587140"/>
      <trkpt lat="43.247120" lon="-4.587070"/>
      <trkpt lat="43.247110" lon="-4.587010"/>
      <trkpt lat="43.247090" lon="-4.586970"/>
      <trkpt lat="43.247060" lon="-4.586920"/>
      <trkpt lat="43.247040" lon="-4.586870"/>
      <trkpt lat="43.247000" lon="-4.586810"/>
      <trkpt lat="43.246930" lon="-4.586710"/>
      <trkpt lat="43.246870" lon="-4.586610"/>
      <trkpt lat="43.246830" lon="-4.586550"/>
      <trkpt lat="43.246790" lon="-4.586490"/>
      <trkpt lat="43.246770" lon="-4.586450"/>
      <trkpt lat="43.246730" lon="-4.586410"/>
      <trkpt lat="43.246680" lon="-4.586360"/>
      <trkpt lat="43.246650" lon="-4.586320"/>
      <trkpt lat="43.246600" lon="-4.586290"/>
      <trkpt lat="43.246550" lon="-4.586250"/>
      <trkpt lat="43.246510" lon="-4.586220"/>
      <trkpt lat="43.246470" lon="-4.586200"/>
      <trkpt lat="43.246420" lon="-4.586180"/>
      <trkpt lat="43.246360" lon="-4.586150"/>
      <trkpt lat="43.246230" lon="-4.586100"/>
      <trkpt lat="43.246130" lon="-4.586060"/>
      <trkpt lat="43.246020" lon="-4.586020"/>
      <trkpt lat="43.245950" lon="-4.585990"/>
      <trkpt lat="43.245900" lon="-4.585960"/>
      <trkpt lat="43.245830" lon="-4.585920"/>
      <trkpt lat="43.245760" lon="-4.585880"/>
      <trkpt lat="43.245710" lon="-4.585840"/>
      <trkpt lat="43.245670" lon="-4.585810"/>
      <trkpt lat="43.245630" lon="-4.585780"/>
      <trkpt lat="43.245600" lon="-4.585740"/>
      <trkpt lat="43.245560" lon="-4.585690"/>
      <trkpt lat="43.245530" lon="-4.585650"/>
      <trkpt lat="43.245480" lon="-4.585570"/>
      <trkpt lat="43.245390" lon="-4.585420"/>
      <trkpt lat="43.245310" lon="-4.585300"/>
      <trkpt lat="43.245250" lon="-4.585190"/>
      <trkpt lat="43.245200" lon="-4.585110"/>
      <trkpt lat="43.245150" lon="-4.585040"/>
      <trkpt lat="43.245130" lon="-4.585000"/>
      <trkpt lat="43.245110" lon="-4.584970"/>
      <trkpt lat="43.245090" lon="-4.584930"/>
      <trkpt lat="43.245060" lon="-4.584870"/>
      <trkpt lat="43.245030" lon="-4.584820"/>
      <trkpt lat="43.245000" lon="-4.584770"/>
      <trkpt lat="43.244980" lon="-4.584710"/>
      <trkpt lat="43.244940" lon="-4.584640"/>
      <trkpt lat="43.244920" lon="-4.584570"/>
      <trkpt lat="43.244860" lon="-4.584460"/>
      <trkpt lat="43.244810" lon="-4.584370"/>
      <trkpt lat="43.244780" lon="-4.584300"/>
      <trkpt lat="43.244730" lon="-4.584210"/>
      <trkpt lat="43.244660" lon="-4.584100"/>
      <trkpt lat="43.244620" lon="-4.584020"/>
      <trkpt lat="43.244570" lon="-4.583940"/>
      <trkpt lat="43.244560" lon="-4.583920"/>
      <trkpt lat="43.244540" lon="-4.583900"/>
      <trkpt lat="43.244500" lon="-4.583830"/>
      <trkpt lat="43.244450" lon="-4.583770"/>
      <trkpt lat="43.244390" lon="-4.583720"/>
      <trkpt lat="43.244340" lon="-4.583680"/>
      <trkpt lat="43.244290" lon="-4.583650"/>
      <trkpt lat="43.244240" lon="-4.583620"/>
      <trkpt lat="43.244170" lon="-4.583590"/>
      <trkpt lat="43.244130" lon="-4.583580"/>
      <trkpt lat="43.244060" lon="-4.583570"/>
      <trkpt lat="43.244020" lon="-4.583560"/>
      <trkpt lat="43.243960" lon="-4.583560"/>
      <trkpt lat="43.243920" lon="-4.583560"/>
      <trkpt lat="43.243880" lon="-4.583570"/>
      <trkpt lat="43.243840" lon="-4.583580"/>
      <trkpt lat="43.243800" lon="-4.583600"/>
      <trkpt lat="43.243750" lon="-4.583620"/>
      <trkpt lat="43.243710" lon="-4.583650"/>
      <trkpt lat="43.243520" lon="-4.583780"/>
      <trkpt lat="43.243480" lon="-4.583800"/>
      <trkpt lat="43.243450" lon="-4.583820"/>
      <trkpt lat="43.243410" lon="-4.583840"/>
      <trkpt lat="43.243360" lon="-4.583860"/>
      <trkpt lat="43.243330" lon="-4.583870"/>
      <trkpt lat="43.243300" lon="-4.583880"/>
      <trkpt lat="43.243270" lon="-4.583880"/>
      <trkpt lat="43.243240" lon="-4.583880"/>
      <trkpt lat="43.243200" lon="-4.583870"/>
      <trkpt lat="43.243150" lon="-4.583860"/>
      <trkpt lat="43.243070" lon="-4.583830"/>
      <trkpt lat="43.243010" lon="-4.583810"/>
      <trkpt lat="43.242940" lon="-4.583780"/>
      <trkpt lat="43.242890" lon="-4.583750"/>
      <trkpt lat="43.242840" lon="-4.583720"/>
      <trkpt lat="43.242820" lon="-4.583700"/>
      <trkpt lat="43.242790" lon="-4.583670"/>
      <trkpt lat="43.242760" lon="-4.583640"/>
      <trkpt lat="43.242730" lon="-4.583600"/>
      <trkpt lat="43.242710" lon="-4.583570"/>
      <trkpt lat="43.242680" lon="-4.583520"/>
      <trkpt lat="43.242650" lon="-4.583470"/>
      <trkpt lat="43.242630" lon="-4.583410"/>
      <trkpt lat="43.242620" lon="-4.583370"/>
      <trkpt lat="43.242610" lon="-4.583320"/>
      <trkpt lat="43.242600" lon="-4.583260"/>
      <trkpt lat="43.242570" lon="-4.583170"/>
      <trkpt lat="43.242550" lon="-4.583100"/>
      <trkpt lat="43.242520" lon="-4.582990"/>
      <trkpt lat="43.242480" lon="-4.582910"/>
      <trkpt lat="43.242440" lon="-4.582800"/>
      <trkpt lat="43.242390" lon="-4.582700"/>
      <trkpt lat="43.242360" lon="-4.582650"/>
      <trkpt lat="43.242330" lon="-4.582590"/>
      <trkpt lat="43.242230" lon="-4.582460"/>
      <trkpt lat="43.242050" lon="-4.582280"/>
      <trkpt lat="43.241790" lon="-4.582170"/>
      <trkpt lat="43.241450" lon="-4.582160"/>
      <trkpt lat="43.241230" lon="-4.582220"/>
      <trkpt lat="43.241140" lon="-4.582290"/>
      <trkpt lat="43.240810" lon="-4.582700"/>
      <trkpt lat="43.240670" lon="-4.582750"/>
      <trkpt lat="43.240480" lon="-4.582700"/>
      <trkpt lat="43.240370" lon="-4.582590"/>
      <trkpt lat="43.240270" lon="-4.582390"/>
      <trkpt lat="43.240230" lon="-4.582160"/>
      <trkpt lat="43.240150" lon="-4.581690"/>
      <trkpt lat="43.240070" lon="-4.581420"/>
      <trkpt lat="43.239940" lon="-4.581190"/>
      <trkpt lat="43.239670" lon="-4.580800"/>
      <trkpt lat="43.239470" lon="-4.580640"/>
      <trkpt lat="43.239130" lon="-4.580520"/>
      <trkpt lat="43.238710" lon="-4.580460"/>
      <trkpt lat="43.238170" lon="-4.580460"/>
      <trkpt lat="43.237960" lon="-4.580390"/>
      <trkpt lat="43.237770" lon="-4.580210"/>
      <trkpt lat="43.237620" lon="-4.580050"/>
      <trkpt lat="43.237440" lon="-4.579820"/>
      <trkpt lat="43.237260" lon="-4.579660"/>
      <trkpt lat="43.237080" lon="-4.579550"/>
      <trkpt lat="43.236690" lon="-4.579400"/>
      <trkpt lat="43.236380" lon="-4.579340"/>
      <trkpt lat="43.235960" lon="-4.579320"/>
      <trkpt lat="43.235870" lon="-4.579270"/>
      <trkpt lat="43.235770" lon="-4.579090"/>
      <trkpt lat="43.235710" lon="-4.578900"/>
      <trkpt lat="43.235570" lon="-4.578590"/>
      <trkpt lat="43.235480" lon="-4.578440"/>
      <trkpt lat="43.235340" lon="-4.578270"/>
      <trkpt lat="43.235240" lon="-4.578160"/>
      <trkpt lat="43.235040" lon="-4.578040"/>
      <trkpt lat="43.234870" lon="-4.577950"/>
      <trkpt lat="43.234760" lon="-4.577930"/>
      <trkpt lat="43.234660" lon="-4.577950"/>
      <trkpt lat="43.234570" lon="-4.577990"/>
      <trkpt lat="43.234480" lon="-4.578050"/>
      <trkpt lat="43.234200" lon="-4.578330"/>
      <trkpt lat="43.234090" lon="-4.578420"/>
      <trkpt lat="43.233960" lon="-4.578460"/>
      <trkpt lat="43.233760" lon="-4.578480"/>
      <trkpt lat="43.233260" lon="-4.578550"/>
      <trkpt lat="43.233020" lon="-4.578620"/>
      <trkpt lat="43.232800" lon="-4.578750"/>
      <trkpt lat="43.232640" lon="-4.578870"/>
      <trkpt lat="43.232500" lon="-4.579020"/>
      <trkpt lat="43.232390" lon="-4.579190"/>
      <trkpt lat="43.232260" lon="-4.579460"/>
      <trkpt lat="43.232110" lon="-4.579750"/>
      <trkpt lat="43.231970" lon="-4.580060"/>
      <trkpt lat="43.231870" lon="-4.580370"/>
      <trkpt lat="43.231840" lon="-4.580480"/>
      <trkpt lat="43.231770" lon="-4.580580"/>
      <trkpt lat="43.231670" lon="-4.580710"/>
      <trkpt lat="43.231420" lon="-4.581010"/>
      <trkpt lat="43.231100" lon="-4.581460"/>
      <trkpt lat="43.230930" lon="-4.581650"/>
      <trkpt lat="43.230820" lon="-4.581710"/>
      <trkpt lat="43.230690" lon="-4.581740"/>
      <trkpt lat="43.230530" lon="-4.581760"/>
      <trkpt lat="43.230390" lon="-4.581740"/>
      <trkpt lat="43.230210" lon="-4.581640"/>
      <trkpt lat="43.230000" lon="-4.581580"/>
      <trkpt lat="43.229800" lon="-4.581580"/>
      <trkpt lat="43.229510" lon="-4.581650"/>
      <trkpt lat="43.229030" lon="-4.581700"/>
      <trkpt lat="43.228730" lon="-4.581820"/>
      <trkpt lat="43.228500" lon="-4.581960"/>
      <trkpt lat="43.228440" lon="-4.582000"/>
      <trkpt lat="43.228380" lon="-4.582050"/>
      <trkpt lat="43.228270" lon="-4.582160"/>
      <trkpt lat="43.228070" lon="-4.582510"/>
      <trkpt lat="43.228040" lon="-4.582560"/>
      <trkpt lat="43.228020" lon="-4.582600"/>
      <trkpt lat="43.227990" lon="-4.582640"/>
      <trkpt lat="43.227960" lon="-4.582670"/>
      <trkpt lat="43.227940" lon="-4.582690"/>
      <trkpt lat="43.227910" lon="-4.582720"/>
      <trkpt lat="43.227880" lon="-4.582750"/>
      <trkpt lat="43.227830" lon="-4.582780"/>
      <trkpt lat="43.227810" lon="-4.582800"/>
      <trkpt lat="43.227790" lon="-4.582820"/>
      <trkpt lat="43.227770" lon="-4.582840"/>
      <trkpt lat="43.227760" lon="-4.582870"/>
      <trkpt lat="43.227750" lon="-4.582890"/>
      <trkpt lat="43.227740" lon="-4.582910"/>
      <trkpt lat="43.227720" lon="-4.582940"/>
      <trkpt lat="43.227710" lon="-4.582960"/>
      <trkpt lat="43.227710" lon="-4.583000"/>
      <trkpt lat="43.227700" lon="-4.583020"/>
      <trkpt lat="43.227700" lon="-4.583060"/>
      <trkpt lat="43.227700" lon="-4.583100"/>
      <trkpt lat="43.227700" lon="-4.583140"/>
      <trkpt lat="43.227700" lon="-4.583170"/>
      <trkpt lat="43.227700" lon="-4.583200"/>
      <trkpt lat="43.227690" lon="-4.583240"/>
      <trkpt lat="43.227690" lon="-4.583270"/>
      <trkpt lat="43.227680" lon="-4.583300"/>
      <trkpt lat="43.227670" lon="-4.583330"/>
      <trkpt lat="43.227650" lon="-4.583370"/>
      <trkpt lat="43.227630" lon="-4.583390"/>
      <trkpt lat="43.227620" lon="-4.583410"/>
      <trkpt lat="43.227600" lon="-4.583440"/>
      <trkpt lat="43.227570" lon="-4.583460"/>
      <trkpt lat="43.227540" lon="-4.583490"/>
      <trkpt lat="43.227510" lon="-4.583510"/>
      <trkpt lat="43.227470" lon="-4.583520"/>
      <trkpt lat="43.227420" lon="-4.583540"/>
      <trkpt lat="43.227360" lon="-4.583550"/>
      <trkpt lat="43.227280" lon="-4.583560"/>
      <trkpt lat="43.227050" lon="-4.583580"/>
      <trkpt lat="43.226930" lon="-4.583590"/>
      <trkpt lat="43.226850" lon="-4.583600"/>
      <trkpt lat="43.226780" lon="-4.583620"/>
      <trkpt lat="43.226650" lon="-4.583670"/>
      <trkpt lat="43.226550" lon="-4.583710"/>
      <trkpt lat="43.226470" lon="-4.583750"/>
      <trkpt lat="43.226420" lon="-4.583780"/>
      <trkpt lat="43.226360" lon="-4.583830"/>
      <trkpt lat="43.226290" lon="-4.583890"/>
      <trkpt lat="43.226210" lon="-4.583950"/>
      <trkpt lat="43.226120" lon="-4.583990"/>
      <trkpt lat="43.226000" lon="-4.584050"/>
      <trkpt lat="43.225900" lon="-4.584100"/>
      <trkpt lat="43.225790" lon="-4.584180"/>
      <trkpt lat="43.225730" lon="-4.584220"/>
      <trkpt lat="43.225600" lon="-4.584320"/>
      <trkpt lat="43.225450" lon="-4.584480"/>
      <trkpt lat="43.225050" lon="-4.584970"/>
      <trkpt lat="43.224690" lon="-4.585560"/>
      <trkpt lat="43.224440" lon="-4.585880"/>
      <trkpt lat="43.224330" lon="-4.586020"/>
      <trkpt lat="43.224140" lon="-4.586120"/>
      <trkpt lat="43.223930" lon="-4.586130"/>
      <trkpt lat="43.223120" lon="-4.586100"/>
      <trkpt lat="43.222900" lon="-4.586130"/>
      <trkpt lat="43.222810" lon="-4.586180"/>
      <trkpt lat="43.222710" lon="-4.586280"/>
      <trkpt lat="43.222580" lon="-4.586460"/>
      <trkpt lat="43.222450" lon="-4.586630"/>
      <trkpt lat="43.222230" lon="-4.586900"/>
      <trkpt lat="43.221950" lon="-4.587250"/>
      <trkpt lat="43.221890" lon="-4.587350"/>
      <trkpt lat="43.221860" lon="-4.587440"/>
      <trkpt lat="43.221800" lon="-4.587710"/>
      <trkpt lat="43.221760" lon="-4.587770"/>
      <trkpt lat="43.221720" lon="-4.587840"/>
      <trkpt lat="43.221580" lon="-4.587970"/>
      <trkpt lat="43.221490" lon="-4.588000"/>
      <trkpt lat="43.221390" lon="-4.587990"/>
      <trkpt lat="43.221290" lon="-4.587970"/>
      <trkpt lat="43.221100" lon="-4.587880"/>
      <trkpt lat="43.220920" lon="-4.587770"/>
      <trkpt lat="43.220820" lon="-4.587720"/>
      <trkpt lat="43.220730" lon="-4.587680"/>
      <trkpt lat="43.220630" lon="-4.587660"/>
      <trkpt lat="43.220540" lon="-4.587660"/>
      <trkpt lat="43.220420" lon="-4.587680"/>
      <trkpt lat="43.220330" lon="-4.587720"/>
      <trkpt lat="43.220250" lon="-4.587770"/>
      <trkpt lat="43.220150" lon="-4.587850"/>
      <trkpt lat="43.220080" lon="-4.587960"/>
      <trkpt lat="43.220010" lon="-4.588090"/>
      <trkpt lat="43.219890" lon="-4.588370"/>
      <trkpt lat="43.219760" lon="-4.588700"/>
      <trkpt lat="43.219680" lon="-4.588910"/>
      <trkpt lat="43.219570" lon="-4.589110"/>
      <trkpt lat="43.219450" lon="-4.589310"/>
      <trkpt lat="43.219310" lon="-4.589510"/>
      <trkpt lat="43.219160" lon="-4.589690"/>
      <trkpt lat="43.219100" lon="-4.589760"/>
      <trkpt lat="43.219020" lon="-4.589830"/>
      <trkpt lat="43.218860" lon="-4.589980"/>
      <trkpt lat="43.218540" lon="-4.590240"/>
      <trkpt lat="43.218290" lon="-4.590490"/>
      <trkpt lat="43.218070" lon="-4.590750"/>
      <trkpt lat="43.217920" lon="-4.590920"/>
      <trkpt lat="43.217860" lon="-4.591030"/>
      <trkpt lat="43.217800" lon="-4.591130"/>
      <trkpt lat="43.217440" lon="-4.591800"/>
      <trkpt lat="43.217360" lon="-4.591920"/>
      <trkpt lat="43.217270" lon="-4.592020"/>
      <trkpt lat="43.217120" lon="-4.592120"/>
      <trkpt lat="43.216950" lon="-4.592230"/>
      <trkpt lat="43.216640" lon="-4.592410"/>
      <trkpt lat="43.216550" lon="-4.592460"/>
      <trkpt lat="43.216430" lon="-4.592510"/>
      <trkpt lat="43.216200" lon="-4.592550"/>
      <trkpt lat="43.215980" lon="-4.592580"/>
      <trkpt lat="43.215900" lon="-4.592580"/>
      <trkpt lat="43.215800" lon="-4.592580"/>
      <trkpt lat="43.215600" lon="-4.592540"/>
      <trkpt lat="43.215450" lon="-4.592510"/>
      <trkpt lat="43.215310" lon="-4.592490"/>
      <trkpt lat="43.215170" lon="-4.592490"/>
      <trkpt lat="43.215030" lon="-4.592500"/>
      <trkpt lat="43.214770" lon="-4.592530"/>
      <trkpt lat="43.214700" lon="-4.592520"/>
      <trkpt lat="43.214630" lon="-4.592510"/>
      <trkpt lat="43.214580" lon="-4.592490"/>
      <trkpt lat="43.214520" lon="-4.592450"/>
      <trkpt lat="43.214420" lon="-4.592380"/>
      <trkpt lat="43.214250" lon="-4.592240"/>
      <trkpt lat="43.214170" lon="-4.592180"/>
      <trkpt lat="43.214100" lon="-4.592140"/>
      <trkpt lat="43.214030" lon="-4.592110"/>
      <trkpt lat="43.213850" lon="-4.592090"/>
      <trkpt lat="43.213690" lon="-4.592090"/>
      <trkpt lat="43.213570" lon="-4.592090"/>
      <trkpt lat="43.213460" lon="-4.592120"/>
      <trkpt lat="43.213390" lon="-4.592160"/>
      <trkpt lat="43.213320" lon="-4.592200"/>
      <trkpt lat="43.213240" lon="-4.592270"/>
      <trkpt lat="43.213160" lon="-4.592380"/>
      <trkpt lat="43.213110" lon="-4.592470"/>
      <trkpt lat="43.213060" lon="-4.592580"/>
      <trkpt lat="43.213010" lon="-4.592700"/>
      <trkpt lat="43.212990" lon="-4.592760"/>
      <trkpt lat="43.212960" lon="-4.592950"/>
      <trkpt lat="43.212940" lon="-4.593080"/>
      <trkpt lat="43.212910" lon="-4.593360"/>
      <trkpt lat="43.212870" lon="-4.593600"/>
      <trkpt lat="43.212820" lon="-4.593890"/>
      <trkpt lat="43.212770" lon="-4.594100"/>
      <trkpt lat="43.212720" lon="-4.594220"/>
      <trkpt lat="43.212710" lon="-4.594240"/>
      <trkpt lat="43.212690" lon="-4.594270"/>
      <trkpt lat="43.212680" lon="-4.594300"/>
      <trkpt lat="43.212660" lon="-4.594320"/>
      <trkpt lat="43.212650" lon="-4.594340"/>
      <trkpt lat="43.212630" lon="-4.594360"/>
      <trkpt lat="43.212620" lon="-4.594380"/>
      <trkpt lat="43.212600" lon="-4.594390"/>
      <trkpt lat="43.212590" lon="-4.594400"/>
      <trkpt lat="43.212570" lon="-4.594410"/>
      <trkpt lat="43.212550" lon="-4.594420"/>
      <trkpt lat="43.212530" lon="-4.594430"/>
      <trkpt lat="43.212510" lon="-4.594440"/>
      <trkpt lat="43.212490" lon="-4.594440"/>
      <trkpt lat="43.212460" lon="-4.594440"/>
      <trkpt lat="43.212440" lon="-4.594440"/>
      <trkpt lat="43.212410" lon="-4.594430"/>
      <trkpt lat="43.212390" lon="-4.594430"/>
      <trkpt lat="43.212360" lon="-4.594410"/>
      <trkpt lat="43.212350" lon="-4.594400"/>
      <trkpt lat="43.212320" lon="-4.594380"/>
      <trkpt lat="43.212300" lon="-4.594350"/>
      <trkpt lat="43.212260" lon="-4.594330"/>
      <trkpt lat="43.212230" lon="-4.594310"/>
      <trkpt lat="43.212200" lon="-4.594300"/>
      <trkpt lat="43.212160" lon="-4.594300"/>
      <trkpt lat="43.212130" lon="-4.594310"/>
      <trkpt lat="43.212100" lon="-4.594310"/>
      <trkpt lat="43.212070" lon="-4.594330"/>
      <trkpt lat="43.212040" lon="-4.594350"/>
      <trkpt lat="43.212020" lon="-4.594370"/>
      <trkpt lat="43.211980" lon="-4.594410"/>
      <trkpt lat="43.211920" lon="-4.594560"/>
      <trkpt lat="43.211830" lon="-4.594730"/>
      <trkpt lat="43.211660" lon="-4.594890"/>
      <trkpt lat="43.211510" lon="-4.594980"/>
      <trkpt lat="43.211360" lon="-4.595030"/>
      <trkpt lat="43.211240" lon="-4.595030"/>
      <trkpt lat="43.211030" lon="-4.595010"/>
      <trkpt lat="43.210800" lon="-4.595020"/>
      <trkpt lat="43.210620" lon="-4.594960"/>
      <trkpt lat="43.210510" lon="-4.594870"/>
      <trkpt lat="43.210260" lon="-4.594630"/>
      <trkpt lat="43.210160" lon="-4.594550"/>
      <trkpt lat="43.210040" lon="-4.594490"/>
      <trkpt lat="43.209920" lon="-4.594480"/>
      <trkpt lat="43.209630" lon="-4.594480"/>
      <trkpt lat="43.209410" lon="-4.594430"/>
      <trkpt lat="43.209350" lon="-4.594430"/>
      <trkpt lat="43.209150" lon="-4.594490"/>
      <trkpt lat="43.208970" lon="-4.594470"/>
      <trkpt lat="43.208730" lon="-4.594400"/>
      <trkpt lat="43.208650" lon="-4.594370"/>
      <trkpt lat="43.208550" lon="-4.594370"/>
      <trkpt lat="43.208290" lon="-4.594410"/>
      <trkpt lat="43.208230" lon="-4.594410"/>
      <trkpt lat="43.208090" lon="-4.594360"/>
      <trkpt lat="43.208010" lon="-4.594350"/>
      <trkpt lat="43.207930" lon="-4.594360"/>
      <trkpt lat="43.207700" lon="-4.594420"/>
      <trkpt lat="43.207490" lon="-4.594400"/>
      <trkpt lat="43.207400" lon="-4.594390"/>
      <trkpt lat="43.207120" lon="-4.594300"/>
      <trkpt lat="43.206980" lon="-4.594300"/>
      <trkpt lat="43.206850" lon="-4.594270"/>
      <trkpt lat="43.206680" lon="-4.594160"/>
      <trkpt lat="43.206560" lon="-4.594090"/>
      <trkpt lat="43.206450" lon="-4.594050"/>
      <trkpt lat="43.206270" lon="-4.594020"/>
      <trkpt lat="43.205380" lon="-4.593840"/>
      <trkpt lat="43.204930" lon="-4.593680"/>
      <trkpt lat="43.204690" lon="-4.593580"/>
      <trkpt lat="43.204530" lon="-4.593560"/>
      <trkpt lat="43.204250" lon="-4.593570"/>
      <trkpt lat="43.204030" lon="-4.593530"/>
      <trkpt lat="43.203820" lon="-4.593460"/>
      <trkpt lat="43.203680" lon="-4.593390"/>
      <trkpt lat="43.203560" lon="-4.593250"/>
      <trkpt lat="43.203450" lon="-4.593000"/>
      <trkpt lat="43.203270" lon="-4.592300"/>
      <trkpt lat="43.203190" lon="-4.592070"/>
      <trkpt lat="43.203110" lon="-4.591950"/>
      <trkpt lat="43.202550" lon="-4.591400"/>
      <trkpt lat="43.202210" lon="-4.591140"/>
      <trkpt lat="43.202070" lon="-4.591020"/>
      <trkpt lat="43.201830" lon="-4.590890"/>
      <trkpt lat="43.201550" lon="-4.590680"/>
      <trkpt lat="43.201330" lon="-4.590480"/>
      <trkpt lat="43.200870" lon="-4.589940"/>
      <trkpt lat="43.200670" lon="-4.589750"/>
      <trkpt lat="43.200570" lon="-4.589700"/>
      <trkpt lat="43.200210" lon="-4.589570"/>
      <trkpt lat="43.199800" lon="-4.589540"/>
      <trkpt lat="43.199620" lon="-4.589550"/>
      <trkpt lat="43.199520" lon="-4.589590"/>
      <trkpt lat="43.199400" lon="-4.589680"/>
      <trkpt lat="43.199180" lon="-4.589930"/>
      <trkpt lat="43.199020" lon="-4.590130"/>
      <trkpt lat="43.198980" lon="-4.590230"/>
      <trkpt lat="43.198850" lon="-4.590510"/>
      <trkpt lat="43.198740" lon="-4.590730"/>
      <trkpt lat="43.198470" lon="-4.591120"/>
      <trkpt lat="43.198010" lon="-4.592040"/>
      <trkpt lat="43.197760" lon="-4.592450"/>
      <trkpt lat="43.197380" lon="-4.593040"/>
      <trkpt lat="43.197260" lon="-4.593200"/>
      <trkpt lat="43.197140" lon="-4.593340"/>
      <trkpt lat="43.196980" lon="-4.593530"/>
      <trkpt lat="43.196670" lon="-4.593860"/>
      <trkpt lat="43.196340" lon="-4.594230"/>
      <trkpt lat="43.196270" lon="-4.594300"/>
      <trkpt lat="43.196190" lon="-4.594400"/>
      <trkpt lat="43.196080" lon="-4.594550"/>
      <trkpt lat="43.196010" lon="-4.594670"/>
      <trkpt lat="43.195930" lon="-4.594830"/>
      <trkpt lat="43.195880" lon="-4.594980"/>
      <trkpt lat="43.195830" lon="-4.595130"/>
      <trkpt lat="43.195790" lon="-4.595280"/>
      <trkpt lat="43.195770" lon="-4.595420"/>
      <trkpt lat="43.195760" lon="-4.595550"/>
      <trkpt lat="43.195750" lon="-4.595670"/>
      <trkpt lat="43.195750" lon="-4.595790"/>
      <trkpt lat="43.195750" lon="-4.595930"/>
      <trkpt lat="43.195770" lon="-4.596140"/>
      <trkpt lat="43.195820" lon="-4.596530"/>
      <trkpt lat="43.195960" lon="-4.597550"/>
      <trkpt lat="43.196030" lon="-4.598100"/>
      <trkpt lat="43.196190" lon="-4.599250"/>
      <trkpt lat="43.196250" lon="-4.599680"/>
      <trkpt lat="43.196260" lon="-4.599840"/>
      <trkpt lat="43.196250" lon="-4.600030"/>
      <trkpt lat="43.196230" lon="-4.600200"/>
      <trkpt lat="43.196210" lon="-4.600360"/>
      <trkpt lat="43.196160" lon="-4.600520"/>
      <trkpt lat="43.196090" lon="-4.600700"/>
      <trkpt lat="43.195970" lon="-4.600930"/>
      <trkpt lat="43.195810" lon="-4.601190"/>
      <trkpt lat="43.195570" lon="-4.601540"/>
      <trkpt lat="43.195200" lon="-4.602090"/>
      <trkpt lat="43.194850" lon="-4.602600"/>
      <trkpt lat="43.194550" lon="-4.602970"/>
      <trkpt lat="43.194340" lon="-4.603170"/>
      <trkpt lat="43.194100" lon="-4.603350"/>
      <trkpt lat="43.193840" lon="-4.603460"/>
      <trkpt lat="43.193580" lon="-4.603510"/>
      <trkpt lat="43.193300" lon="-4.603520"/>
      <trkpt lat="43.193090" lon="-4.603500"/>
      <trkpt lat="43.192200" lon="-4.603350"/>
      <trkpt lat="43.191780" lon="-4.603350"/>
      <trkpt lat="43.191520" lon="-4.603410"/>
      <trkpt lat="43.191100" lon="-4.603600"/>
      <trkpt lat="43.190700" lon="-4.603840"/>
      <trkpt lat="43.189470" lon="-4.604740"/>
      <trkpt lat="43.189050" lon="-4.605050"/>
      <trkpt lat="43.188850" lon="-4.605180"/>
      <trkpt lat="43.188630" lon="-4.605330"/>
      <trkpt lat="43.188360" lon="-4.605420"/>
      <trkpt lat="43.188250" lon="-4.605440"/>
      <trkpt lat="43.188130" lon="-4.605440"/>
      <trkpt lat="43.188020" lon="-4.605450"/>
      <trkpt lat="43.187900" lon="-4.605410"/>
      <trkpt lat="43.187680" lon="-4.605290"/>
      <trkpt lat="43.187460" lon="-4.605130"/>
      <trkpt lat="43.186820" lon="-4.604580"/>
      <trkpt lat="43.186390" lon="-4.604200"/>
      <trkpt lat="43.186130" lon="-4.603840"/>
      <trkpt lat="43.186010" lon="-4.603620"/>
      <trkpt lat="43.185840" lon="-4.603310"/>
      <trkpt lat="43.185670" lon="-4.603050"/>
      <trkpt lat="43.185380" lon="-4.602670"/>
      <trkpt lat="43.185130" lon="-4.602470"/>
      <trkpt lat="43.184520" lon="-4.601990"/>
      <trkpt lat="43.184090" lon="-4.601750"/>
      <trkpt lat="43.183980" lon="-4.601680"/>
      <trkpt lat="43.183820" lon="-4.601590"/>
      <trkpt lat="43.183680" lon="-4.601530"/>
      <trkpt lat="43.183490" lon="-4.601460"/>
      <trkpt lat="43.183340" lon="-4.601430"/>
      <trkpt lat="43.183260" lon="-4.601410"/>
      <trkpt lat="43.182970" lon="-4.601370"/>
      <trkpt lat="43.182850" lon="-4.601350"/>
      <trkpt lat="43.182270" lon="-4.601280"/>
      <trkpt lat="43.181740" lon="-4.601220"/>
      <trkpt lat="43.181460" lon="-4.601180"/>
      <trkpt lat="43.181040" lon="-4.601120"/>
      <trkpt lat="43.180640" lon="-4.601050"/>
      <trkpt lat="43.180060" lon="-4.600990"/>
      <trkpt lat="43.179990" lon="-4.600990"/>
      <trkpt lat="43.179520" lon="-4.600940"/>
      <trkpt lat="43.179300" lon="-4.600920"/>
      <trkpt lat="43.179010" lon="-4.600850"/>
      <trkpt lat="43.178740" lon="-4.600750"/>
      <trkpt lat="43.178240" lon="-4.600530"/>
      <trkpt lat="43.177750" lon="-4.600370"/>
      <trkpt lat="43.177470" lon="-4.600280"/>
      <trkpt lat="43.177230" lon="-4.600220"/>
      <trkpt lat="43.177000" lon="-4.600180"/>
      <trkpt lat="43.176770" lon="-4.600150"/>
      <trkpt lat="43.176650" lon="-4.600140"/>
      <trkpt lat="43.176460" lon="-4.600140"/>
      <trkpt lat="43.176400" lon="-4.600140"/>
      <trkpt lat="43.176250" lon="-4.600140"/>
      <trkpt lat="43.175620" lon="-4.600210"/>
      <trkpt lat="43.175310" lon="-4.600250"/>
      <trkpt lat="43.174790" lon="-4.600350"/>
      <trkpt lat="43.174390" lon="-4.600500"/>
      <trkpt lat="43.174220" lon="-4.600580"/>
      <trkpt lat="43.174030" lon="-4.600670"/>
      <trkpt lat="43.172770" lon="-4.601370"/>
      <trkpt lat="43.172710" lon="-4.601400"/>
      <trkpt lat="43.172550" lon="-4.601500"/>
      <trkpt lat="43.172320" lon="-4.601620"/>
      <trkpt lat="43.172050" lon="-4.601790"/>
      <trkpt lat="43.171640" lon="-4.602030"/>
      <trkpt lat="43.171550" lon="-4.602080"/>
      <trkpt lat="43.171390" lon="-4.602170"/>
      <trkpt lat="43.171120" lon="-4.602350"/>
      <trkpt lat="43.170700" lon="-4.602660"/>
      <trkpt lat="43.170110" lon="-4.603140"/>
      <trkpt lat="43.169820" lon="-4.603380"/>
      <trkpt lat="43.169510" lon="-4.603660"/>
      <trkpt lat="43.167940" lon="-4.605150"/>
      <trkpt lat="43.167170" lon="-4.605900"/>
      <trkpt lat="43.166830" lon="-4.606220"/>
      <trkpt lat="43.166730" lon="-4.606320"/>
      <trkpt lat="43.166360" lon="-4.606730"/>
      <trkpt lat="43.166250" lon="-4.606840"/>
      <trkpt lat="43.165810" lon="-4.607290"/>
      <trkpt lat="43.165090" lon="-4.608060"/>
      <trkpt lat="43.164200" lon="-4.608980"/>
      <trkpt lat="43.163870" lon="-4.609330"/>
      <trkpt lat="43.163260" lon="-4.609980"/>
      <trkpt lat="43.162950" lon="-4.610290"/>
      <trkpt lat="43.162840" lon="-4.610400"/>
      <trkpt lat="43.162650" lon="-4.610610"/>
      <trkpt lat="43.162530" lon="-4.610740"/>
      <trkpt lat="43.162410" lon="-4.610870"/>
      <trkpt lat="43.162300" lon="-4.610970"/>
      <trkpt lat="43.162210" lon="-4.611030"/>
      <trkpt lat="43.162140" lon="-4.611080"/>
      <trkpt lat="43.162060" lon="-4.611120"/>
      <trkpt lat="43.161980" lon="-4.611150"/>
      <trkpt lat="43.161910" lon="-4.611160"/>
      <trkpt lat="43.161830" lon="-4.611170"/>
      <trkpt lat="43.161750" lon="-4.611160"/>
      <trkpt lat="43.161620" lon="-4.611130"/>
      <trkpt lat="43.161460" lon="-4.611100"/>
      <trkpt lat="43.161370" lon="-4.611090"/>
      <trkpt lat="43.161130" lon="-4.611180"/>
      <trkpt lat="43.161090" lon="-4.611200"/>
      <trkpt lat="43.161070" lon="-4.611230"/>
      <trkpt lat="43.161050" lon="-4.611260"/>
      <trkpt lat="43.161030" lon="-4.611270"/>
      <trkpt lat="43.160970" lon="-4.611340"/>
      <trkpt lat="43.160890" lon="-4.611450"/>
      <trkpt lat="43.160880" lon="-4.611500"/>
      <trkpt lat="43.160840" lon="-4.611590"/>
      <trkpt lat="43.160820" lon="-4.611700"/>
      <trkpt lat="43.160750" lon="-4.611990"/>
      <trkpt lat="43.160720" lon="-4.612110"/>
      <trkpt lat="43.160620" lon="-4.612380"/>
      <trkpt lat="43.160530" lon="-4.612550"/>
      <trkpt lat="43.160430" lon="-4.612670"/>
      <trkpt lat="43.160320" lon="-4.612760"/>
      <trkpt lat="43.159940" lon="-4.612990"/>
      <trkpt lat="43.159830" lon="-4.613060"/>
      <trkpt lat="43.159450" lon="-4.613300"/>
      <trkpt lat="43.159140" lon="-4.613500"/>
      <trkpt lat="43.158990" lon="-4.613590"/>
      <trkpt lat="43.158940" lon="-4.613630"/>
      <trkpt lat="43.158840" lon="-4.613710"/>
      <trkpt lat="43.158740" lon="-4.613810"/>
      <trkpt lat="43.158610" lon="-4.613940"/>
      <trkpt lat="43.158510" lon="-4.614050"/>
      <trkpt lat="43.158410" lon="-4.614170"/>
      <trkpt lat="43.158310" lon="-4.614320"/>
      <trkpt lat="43.158250" lon="-4.614430"/>
      <trkpt lat="43.158060" lon="-4.614810"/>
      <trkpt lat="43.157840" lon="-4.615330"/>
      <trkpt lat="43.157710" lon="-4.615580"/>
      <trkpt lat="43.157350" lon="-4.616260"/>
      <trkpt lat="43.157270" lon="-4.616410"/>
      <trkpt lat="43.157170" lon="-4.616610"/>
      <trkpt lat="43.157090" lon="-4.616800"/>
      <trkpt lat="43.156930" lon="-4.617210"/>
      <trkpt lat="43.156880" lon="-4.617350"/>
      <trkpt lat="43.156760" lon="-4.617670"/>
      <trkpt lat="43.156730" lon="-4.617740"/>
      <trkpt lat="43.156680" lon="-4.617880"/>
      <trkpt lat="43.156630" lon="-4.618000"/>
      <trkpt lat="43.156590" lon="-4.618100"/>
      <trkpt lat="43.156480" lon="-4.618400"/>
      <trkpt lat="43.156420" lon="-4.618510"/>
      <trkpt lat="43.156390" lon="-4.618580"/>
      <trkpt lat="43.156270" lon="-4.618810"/>
      <trkpt lat="43.156260" lon="-4.618830"/>
      <trkpt lat="43.156210" lon="-4.618930"/>
      <trkpt lat="43.156180" lon="-4.618970"/>
      <trkpt lat="43.156030" lon="-4.619220"/>
      <trkpt lat="43.155910" lon="-4.619390"/>
      <trkpt lat="43.155750" lon="-4.619620"/>
      <trkpt lat="43.155630" lon="-4.619790"/>
      <trkpt lat="43.155520" lon="-4.619930"/>
      <trkpt lat="43.155430" lon="-4.620040"/>
      <trkpt lat="43.155360" lon="-4.620110"/>
      <trkpt lat="43.155180" lon="-4.620280"/>
      <trkpt lat="43.155090" lon="-4.620370"/>
      <trkpt lat="43.155020" lon="-4.620440"/>
      <trkpt lat="43.154930" lon="-4.620540"/>
      <trkpt lat="43.154890" lon="-4.620580"/>
      <trkpt lat="43.154830" lon="-4.620630"/>
      <trkpt lat="43.154810" lon="-4.620650"/>
      <trkpt lat="43.154710" lon="-4.620760"/>
      <trkpt lat="43.154630" lon="-4.620850"/>
      <trkpt lat="43.154570" lon="-4.620940"/>
      <trkpt lat="43.154520" lon="-4.621010"/>
      <trkpt lat="43.154420" lon="-4.621150"/>
      <trkpt lat="43.154310" lon="-4.621330"/>
      <trkpt lat="43.154220" lon="-4.621480"/>
      <trkpt lat="43.154120" lon="-4.621650"/>
      <trkpt lat="43.154040" lon="-4.621800"/>
      <trkpt lat="43.153990" lon="-4.621920"/>
      <trkpt lat="43.153970" lon="-4.621980"/>
      <trkpt lat="43.154160" lon="-4.622120"/>
    </trkseg>
  </trk>
</gpx>