<?xml version="1.0" encoding="UTF-8"?>
<gpx version="1.1" creator="trip-planner"
     xmlns="http://www.topografix.com/GPX/1/1">
  <metadata>
    <name>Vitoria - Rioja Alavesa - Vitoria</name>
    <time>2026-08-08T08:00:19Z</time>
  </metadata>
  <wpt lat="42.854747" lon="-2.676179">
    <name>Vitoria-Gasteiz</name>
  </wpt>
  <wpt lat="42.800452" lon="-2.983381">
    <name>Valle Salado</name>
  </wpt>
  <wpt lat="42.553699" lon="-2.584773">
    <name>Laguardia</name>
  </wpt>
  <wpt lat="42.854747" lon="-2.676179">
    <name>Vitoria-Gasteiz</name>
  </wpt>
  <trk>
    <name>Vitoria - Rioja Alavesa - Vitoria</name>
    <trkseg>
      <trkpt lat="42.854790" lon="-2.676400"/>
      <trkpt lat="42.856320" lon="-2.675880"/>
      <trkpt lat="42.856400" lon="-2.675860"/>
      <trkpt lat="42.856680" lon="-2.675770"/>
      <trkpt lat="42.856710" lon="-2.675760"/>
      <trkpt lat="42.856790" lon="-2.675730"/>
      <trkpt lat="42.856870" lon="-2.675740"/>
      <trkpt lat="42.856900" lon="-2.675750"/>
      <trkpt lat="42.857210" lon="-2.675890"/>
      <trkpt lat="42.857260" lon="-2.675910"/>
      <trkpt lat="42.857900" lon="-2.676170"/>
      <trkpt lat="42.857980" lon="-2.676200"/>
      <trkpt lat="42.858400" lon="-2.676380"/>
      <trkpt lat="42.858440" lon="-2.676390"/>
      <trkpt lat="42.858570" lon="-2.676450"/>
      <trkpt lat="42.858550" lon="-2.676550"/>
      <trkpt lat="42.858320" lon="-2.677600"/>
      <trkpt lat="42.858250" lon="-2.677930"/>
      <trkpt lat="42.858200" lon="-2.678160"/>
      <trkpt lat="42.858160" lon="-2.678350"/>
      <trkpt lat="42.858140" lon="-2.678450"/>
      <trkpt lat="42.858030" lon="-2.678990"/>
      <trkpt lat="42.857960" lon="-2.679340"/>
      <trkpt lat="42.857780" lon="-2.680120"/>
      <trkpt lat="42.857720" lon="-2.680380"/>
      <trkpt lat="42.857630" lon="-2.680820"/>
      <trkpt lat="42.857620" lon="-2.680870"/>
      <trkpt lat="42.857610" lon="-2.680910"/>
      <trkpt lat="42.857590" lon="-2.680990"/>
      <trkpt lat="42.857880" lon="-2.681140"/>
      <trkpt lat="42.858440" lon="-2.681390"/>
      <trkpt lat="42.858590" lon="-2.681420"/>
      <trkpt lat="42.858620" lon="-2.681420"/>
      <trkpt lat="42.858790" lon="-2.681390"/>
      <trkpt lat="42.858860" lon="-2.681310"/>
      <trkpt lat="42.858930" lon="-2.681250"/>
      <trkpt lat="42.859010" lon="-2.681200"/>
      <trkpt lat="42.859070" lon="-2.681180"/>
      <trkpt lat="42.859130" lon="-2.681170"/>
      <trkpt lat="42.859180" lon="-2.681180"/>
      <trkpt lat="42.859260" lon="-2.681200"/>
      <trkpt lat="42.859340" lon="-2.681230"/>
      <trkpt lat="42.859420" lon="-2.681290"/>
      <trkpt lat="42.859460" lon="-2.681340"/>
      <trkpt lat="42.859510" lon="-2.681400"/>
      <trkpt lat="42.859540" lon="-2.681470"/>
      <trkpt lat="42.859570" lon="-2.681520"/>
      <trkpt lat="42.859600" lon="-2.681600"/>
      <trkpt lat="42.859620" lon="-2.681730"/>
      <trkpt lat="42.859630" lon="-2.681800"/>
      <trkpt lat="42.859620" lon="-2.681890"/>
      <trkpt lat="42.859610" lon="-2.681980"/>
      <trkpt lat="42.859590" lon="-2.682060"/>
      <trkpt lat="42.859560" lon="-2.682120"/>
      <trkpt lat="42.859510" lon="-2.682200"/>
      <trkpt lat="42.859420" lon="-2.682310"/>
      <trkpt lat="42.859350" lon="-2.682360"/>
      <trkpt lat="42.859280" lon="-2.682410"/>
      <trkpt lat="42.859240" lon="-2.682410"/>
      <trkpt lat="42.859110" lon="-2.682560"/>
      <trkpt lat="42.859080" lon="-2.682590"/>
      <trkpt lat="42.859040" lon="-2.682640"/>
      <trkpt lat="42.859020" lon="-2.682660"/>
      <trkpt lat="42.858990" lon="-2.682720"/>
      <trkpt lat="42.858950" lon="-2.682820"/>
      <trkpt lat="42.858930" lon="-2.682900"/>
      <trkpt lat="42.858880" lon="-2.683070"/>
      <trkpt lat="42.858830" lon="-2.683300"/>
      <trkpt lat="42.858770" lon="-2.683520"/>
      <trkpt lat="42.858750" lon="-2.683570"/>
      <trkpt lat="42.858730" lon="-2.683650"/>
      <trkpt lat="42.858690" lon="-2.683800"/>
      <trkpt lat="42.858650" lon="-2.683940"/>
      <trkpt lat="42.858620" lon="-2.684030"/>
      <trkpt lat="42.858530" lon="-2.684280"/>
      <trkpt lat="42.858440" lon="-2.684560"/>
      <trkpt lat="42.858420" lon="-2.684640"/>
      <trkpt lat="42.858200" lon="-2.685410"/>
      <trkpt lat="42.858160" lon="-2.685560"/>
      <trkpt lat="42.858150" lon="-2.685660"/>
      <trkpt lat="42.858140" lon="-2.685710"/>
      <trkpt lat="42.858130" lon="-2.685760"/>
      <trkpt lat="42.858110" lon="-2.685810"/>
      <trkpt lat="42.858090" lon="-2.685860"/>
      <trkpt lat="42.858070" lon="-2.685890"/>
      <trkpt lat="42.858030" lon="-2.685950"/>
      <trkpt lat="42.858010" lon="-2.686000"/>
      <trkpt lat="42.857990" lon="-2.686050"/>
      <trkpt lat="42.857980" lon="-2.686110"/>
      <trkpt lat="42.857170" lon="-2.688890"/>
      <trkpt lat="42.857070" lon="-2.689250"/>
      <trkpt lat="42.857060" lon="-2.689290"/>
      <trkpt lat="42.857040" lon="-2.689350"/>
      <trkpt lat="42.857030" lon="-2.689410"/>
      <trkpt lat="42.857030" lon="-2.689470"/>
      <trkpt lat="42.857030" lon="-2.689540"/>
      <trkpt lat="42.857050" lon="-2.689660"/>
      <trkpt lat="42.857070" lon="-2.689730"/>
      <trkpt lat="42.857080" lon="-2.689790"/>
      <trkpt lat="42.857090" lon="-2.689850"/>
      <trkpt lat="42.857090" lon="-2.689910"/>
      <trkpt lat="42.857080" lon="-2.689970"/>
      <trkpt lat="42.857070" lon="-2.690020"/>
      <trkpt lat="42.857050" lon="-2.690070"/>
      <trkpt lat="42.857020" lon="-2.690120"/>
      <trkpt lat="42.857000" lon="-2.690150"/>
      <trkpt lat="42.856960" lon="-2.690200"/>
      <trkpt lat="42.856910" lon="-2.690230"/>
      <trkpt lat="42.856860" lon="-2.690250"/>
      <trkpt lat="42.856800" lon="-2.690300"/>
      <trkpt lat="42.856750" lon="-2.690350"/>
      <trkpt lat="42.856700" lon="-2.690410"/>
      <trkpt lat="42.856670" lon="-2.690470"/>
      <trkpt lat="42.856650" lon="-2.690510"/>
      <trkpt lat="42.856520" lon="-2.690800"/>
      <trkpt lat="42.856430" lon="-2.690980"/>
      <trkpt lat="42.856320" lon="-2.691190"/>
      <trkpt lat="42.856200" lon="-2.691400"/>
      <trkpt lat="42.856100" lon="-2.691560"/>
      <trkpt lat="42.856000" lon="-2.691720"/>
      <trkpt lat="42.855860" lon="-2.691900"/>
      <trkpt lat="42.855750" lon="-2.692050"/>
      <trkpt lat="42.855720" lon="-2.692090"/>
      <trkpt lat="42.855700" lon="-2.692120"/>
      <trkpt lat="42.855660" lon="-2.692170"/>
      <trkpt lat="42.855590" lon="-2.692240"/>
      <trkpt lat="42.855530" lon="-2.692340"/>
      <trkpt lat="42.855510" lon="-2.692440"/>
      <trkpt lat="42.855510" lon="-2.692480"/>
      <trkpt lat="42.855510" lon="-2.692530"/>
      <trkpt lat="42.855500" lon="-2.692610"/>
      <trkpt lat="42.855480" lon="-2.692680"/>
      <trkpt lat="42.855450" lon="-2.692750"/>
      <trkpt lat="42.855410" lon="-2.692810"/>
      <trkpt lat="42.855380" lon="-2.692830"/>
      <trkpt lat="42.855350" lon="-2.692860"/>
      <trkpt lat="42.855300" lon="-2.692880"/>
      <trkpt lat="42.855250" lon="-2.692900"/>
      <trkpt lat="42.855210" lon="-2.692900"/>
      <trkpt lat="42.855160" lon="-2.692890"/>
      <trkpt lat="42.855120" lon="-2.692880"/>
      <trkpt lat="42.855090" lon="-2.692870"/>
      <trkpt lat="42.855070" lon="-2.692850"/>
      <trkpt lat="42.855020" lon="-2.692850"/>
      <trkpt lat="42.854960" lon="-2.692860"/>
      <trkpt lat="42.854910" lon="-2.692890"/>
      <trkpt lat="42.854880" lon="-2.692910"/>
      <trkpt lat="42.854650" lon="-2.693090"/>
      <trkpt lat="42.854400" lon="-2.693250"/>
      <trkpt lat="42.854250" lon="-2.693340"/>
      <trkpt lat="42.854110" lon="-2.693400"/>
      <trkpt lat="42.853860" lon="-2.693500"/>
      <trkpt lat="42.853450" lon="-2.693650"/>
      <trkpt lat="42.853120" lon="-2.693760"/>
      <trkpt lat="42.852480" lon="-2.693980"/>
      <trkpt lat="42.852150" lon="-2.694100"/>
      <trkpt lat="42.851660" lon="-2.694260"/>
      <trkpt lat="42.851190" lon="-2.694430"/>
      <trkpt lat="42.851000" lon="-2.694500"/>
      <trkpt lat="42.850970" lon="-2.694510"/>
      <trkpt lat="42.849410" lon="-2.695020"/>
      <trkpt lat="42.848940" lon="-2.695170"/>
      <trkpt lat="42.848740" lon="-2.695240"/>
      <trkpt lat="42.848700" lon="-2.695260"/>
      <trkpt lat="42.848660" lon="-2.695280"/>
      <trkpt lat="42.848620" lon="-2.695320"/>
      <trkpt lat="42.848580" lon="-2.695360"/>
      <trkpt lat="42.848560" lon="-2.695430"/>
      <trkpt lat="42.848540" lon="-2.695500"/>
      <trkpt lat="42.848500" lon="-2.695560"/>
      <trkpt lat="42.848440" lon="-2.695600"/>
      <trkpt lat="42.848400" lon="-2.695620"/>
      <trkpt lat="42.848350" lon="-2.695630"/>
      <trkpt lat="42.848320" lon="-2.695630"/>
      <trkpt lat="42.848250" lon="-2.695610"/>
      <trkpt lat="42.848200" lon="-2.695580"/>
      <trkpt lat="42.848160" lon="-2.695540"/>
      <trkpt lat="42.848130" lon="-2.695480"/>
      <trkpt lat="42.848040" lon="-2.695480"/>
      <trkpt lat="42.847970" lon="-2.695490"/>
      <trkpt lat="42.847870" lon="-2.695520"/>
      <trkpt lat="42.847810" lon="-2.695550"/>
      <trkpt lat="42.847730" lon="-2.695580"/>
      <trkpt lat="42.847140" lon="-2.695780"/>
      <trkpt lat="42.846940" lon="-2.695850"/>
      <trkpt lat="42.845990" lon="-2.696180"/>
      <trkpt lat="42.845950" lon="-2.696190"/>
      <trkpt lat="42.845840" lon="-2.696240"/>
      <trkpt lat="42.845820" lon="-2.696320"/>
      <trkpt lat="42.845800" lon="-2.696390"/>
      <trkpt lat="42.845760" lon="-2.696450"/>
      <trkpt lat="42.845710" lon="-2.696500"/>
      <trkpt lat="42.845650" lon="-2.696540"/>
      <trkpt lat="42.845570" lon="-2.696540"/>
      <trkpt lat="42.845520" lon="-2.696530"/>
      <trkpt lat="42.845470" lon="-2.696500"/>
      <trkpt lat="42.845420" lon="-2.696460"/>
      <trkpt lat="42.845390" lon="-2.696400"/>
      <trkpt lat="42.845320" lon="-2.696410"/>
      <trkpt lat="42.845240" lon="-2.696420"/>
      <trkpt lat="42.844490" lon="-2.696670"/>
      <trkpt lat="42.844050" lon="-2.696830"/>
      <trkpt lat="42.843450" lon="-2.697020"/>
      <trkpt lat="42.843430" lon="-2.697030"/>
      <trkpt lat="42.842890" lon="-2.697210"/>
      <trkpt lat="42.842350" lon="-2.697390"/>
      <trkpt lat="42.841590" lon="-2.697640"/>
      <trkpt lat="42.841540" lon="-2.697660"/>
      <trkpt lat="42.841450" lon="-2.697720"/>
      <trkpt lat="42.841430" lon="-2.697770"/>
      <trkpt lat="42.841400" lon="-2.697820"/>
      <trkpt lat="42.841360" lon="-2.697850"/>
      <trkpt lat="42.841300" lon="-2.697890"/>
      <trkpt lat="42.841230" lon="-2.697890"/>
      <trkpt lat="42.841190" lon="-2.697880"/>
      <trkpt lat="42.841150" lon="-2.697850"/>
      <trkpt lat="42.841110" lon="-2.697810"/>
      <trkpt lat="42.840970" lon="-2.697790"/>
      <trkpt lat="42.840930" lon="-2.697790"/>
      <trkpt lat="42.840820" lon="-2.697790"/>
      <trkpt lat="42.840650" lon="-2.697770"/>
      <trkpt lat="42.840480" lon="-2.697740"/>
      <trkpt lat="42.840220" lon="-2.697660"/>
      <trkpt lat="42.840120" lon="-2.697620"/>
      <trkpt lat="42.840070" lon="-2.697600"/>
      <trkpt lat="42.840020" lon="-2.697590"/>
      <trkpt lat="42.839970" lon="-2.697590"/>
      <trkpt lat="42.839920" lon="-2.697640"/>
      <trkpt lat="42.839860" lon="-2.697660"/>
      <trkpt lat="42.839800" lon="-2.697670"/>
      <trkpt lat="42.839740" lon="-2.697650"/>
      <trkpt lat="42.839680" lon="-2.697830"/>
      <trkpt lat="42.839500" lon="-2.698450"/>
      <trkpt lat="42.839460" lon="-2.698610"/>
      <trkpt lat="42.839180" lon="-2.699560"/>
      <trkpt lat="42.839040" lon="-2.700050"/>
      <trkpt lat="42.838910" lon="-2.700490"/>
      <trkpt lat="42.838860" lon="-2.700650"/>
      <trkpt lat="42.838830" lon="-2.700760"/>
      <trkpt lat="42.838780" lon="-2.700910"/>
      <trkpt lat="42.838460" lon="-2.702020"/>
      <trkpt lat="42.838100" lon="-2.703240"/>
      <trkpt lat="42.837550" lon="-2.705130"/>
      <trkpt lat="42.837550" lon="-2.705220"/>
      <trkpt lat="42.837560" lon="-2.705280"/>
      <trkpt lat="42.837590" lon="-2.705400"/>
      <trkpt lat="42.837490" lon="-2.705490"/>
      <trkpt lat="42.837470" lon="-2.705580"/>
      <trkpt lat="42.837460" lon="-2.705640"/>
      <trkpt lat="42.837470" lon="-2.705710"/>
      <trkpt lat="42.837510" lon="-2.705750"/>
      <trkpt lat="42.837540" lon="-2.705810"/>
      <trkpt lat="42.837560" lon="-2.705880"/>
      <trkpt lat="42.837560" lon="-2.705950"/>
      <trkpt lat="42.837540" lon="-2.706030"/>
      <trkpt lat="42.837510" lon="-2.706090"/>
      <trkpt lat="42.837480" lon="-2.706130"/>
      <trkpt lat="42.837330" lon="-2.706400"/>
      <trkpt lat="42.837300" lon="-2.706440"/>
      <trkpt lat="42.837160" lon="-2.706720"/>
      <trkpt lat="42.837060" lon="-2.706930"/>
      <trkpt lat="42.836960" lon="-2.707170"/>
      <trkpt lat="42.836900" lon="-2.707300"/>
      <trkpt lat="42.836820" lon="-2.707540"/>
      <trkpt lat="42.836770" lon="-2.707680"/>
      <trkpt lat="42.836720" lon="-2.707850"/>
      <trkpt lat="42.836500" lon="-2.708580"/>
      <trkpt lat="42.836430" lon="-2.708810"/>
      <trkpt lat="42.836260" lon="-2.709390"/>
      <trkpt lat="42.835970" lon="-2.710380"/>
      <trkpt lat="42.835960" lon="-2.710430"/>
      <trkpt lat="42.835950" lon="-2.710620"/>
      <trkpt lat="42.835980" lon="-2.710700"/>
      <trkpt lat="42.835990" lon="-2.710780"/>
      <trkpt lat="42.835980" lon="-2.710850"/>
      <trkpt lat="42.835950" lon="-2.710920"/>
      <trkpt lat="42.835910" lon="-2.710980"/>
      <trkpt lat="42.835850" lon="-2.711010"/>
      <trkpt lat="42.835800" lon="-2.711020"/>
      <trkpt lat="42.835740" lon="-2.711010"/>
      <trkpt lat="42.835690" lon="-2.710970"/>
      <trkpt lat="42.835650" lon="-2.710920"/>
      <trkpt lat="42.835630" lon="-2.710860"/>
      <trkpt lat="42.835570" lon="-2.710800"/>
      <trkpt lat="42.835510" lon="-2.710760"/>
      <trkpt lat="42.835480" lon="-2.710740"/>
      <trkpt lat="42.835130" lon="-2.710580"/>
      <trkpt lat="42.834560" lon="-2.710320"/>
      <trkpt lat="42.834470" lon="-2.710270"/>
      <trkpt lat="42.834410" lon="-2.710250"/>
      <trkpt lat="42.834360" lon="-2.710240"/>
      <trkpt lat="42.834310" lon="-2.710250"/>
      <trkpt lat="42.834250" lon="-2.710280"/>
      <trkpt lat="42.834210" lon="-2.710330"/>
      <trkpt lat="42.834160" lon="-2.710370"/>
      <trkpt lat="42.834020" lon="-2.710520"/>
      <trkpt lat="42.833910" lon="-2.710640"/>
      <trkpt lat="42.833810" lon="-2.710820"/>
      <trkpt lat="42.833730" lon="-2.711040"/>
      <trkpt lat="42.833170" lon="-2.712840"/>
      <trkpt lat="42.832630" lon="-2.714420"/>
      <trkpt lat="42.831720" lon="-2.717050"/>
      <trkpt lat="42.831670" lon="-2.717200"/>
      <trkpt lat="42.831590" lon="-2.717420"/>
      <trkpt lat="42.831530" lon="-2.717610"/>
      <trkpt lat="42.831480" lon="-2.717760"/>
      <trkpt lat="42.831420" lon="-2.717910"/>
      <trkpt lat="42.831400" lon="-2.717990"/>
      <trkpt lat="42.831380" lon="-2.718030"/>
      <trkpt lat="42.831340" lon="-2.718150"/>
      <trkpt lat="42.831290" lon="-2.718300"/>
      <trkpt lat="42.831270" lon="-2.718410"/>
      <trkpt lat="42.831260" lon="-2.718520"/>
      <trkpt lat="42.831260" lon="-2.718620"/>
      <trkpt lat="42.831280" lon="-2.718700"/>
      <trkpt lat="42.831320" lon="-2.718800"/>
      <trkpt lat="42.831340" lon="-2.718900"/>
      <trkpt lat="42.831350" lon="-2.719060"/>
      <trkpt lat="42.831310" lon="-2.719220"/>
      <trkpt lat="42.831240" lon="-2.719350"/>
      <trkpt lat="42.831130" lon="-2.719440"/>
      <trkpt lat="42.830960" lon="-2.719600"/>
      <trkpt lat="42.830870" lon="-2.719700"/>
      <trkpt lat="42.830770" lon="-2.719870"/>
      <trkpt lat="42.830680" lon="-2.720100"/>
      <trkpt lat="42.830260" lon="-2.721320"/>
      <trkpt lat="42.830040" lon="-2.721990"/>
      <trkpt lat="42.829860" lon="-2.722580"/>
      <trkpt lat="42.829590" lon="-2.723550"/>
      <trkpt lat="42.829380" lon="-2.724360"/>
      <trkpt lat="42.829190" lon="-2.725240"/>
      <trkpt lat="42.829070" lon="-2.725870"/>
      <trkpt lat="42.828970" lon="-2.726470"/>
      <trkpt lat="42.828860" lon="-2.727240"/>
      <trkpt lat="42.828750" lon="-2.728240"/>
      <trkpt lat="42.828670" lon="-2.729120"/>
      <trkpt lat="42.828610" lon="-2.730120"/>
      <trkpt lat="42.828560" lon="-2.732320"/>
      <trkpt lat="42.828550" lon="-2.733630"/>
      <trkpt lat="42.828530" lon="-2.735130"/>
      <trkpt lat="42.828500" lon="-2.737240"/>
      <trkpt lat="42.828430" lon="-2.741260"/>
      <trkpt lat="42.828390" lon="-2.742270"/>
      <trkpt lat="42.828350" lon="-2.743530"/>
      <trkpt lat="42.828320" lon="-2.744120"/>
      <trkpt lat="42.828310" lon="-2.744310"/>
      <trkpt lat="42.828290" lon="-2.744570"/>
      <trkpt lat="42.828220" lon="-2.745100"/>
      <trkpt lat="42.828140" lon="-2.745680"/>
      <trkpt lat="42.827950" lon="-2.746600"/>
      <trkpt lat="42.827390" lon="-2.748760"/>
      <trkpt lat="42.826850" lon="-2.750950"/>
      <trkpt lat="42.826310" lon="-2.753340"/>
      <trkpt lat="42.825230" lon="-2.758260"/>
      <trkpt lat="42.825130" lon="-2.758740"/>
      <trkpt lat="42.825060" lon="-2.759140"/>
      <trkpt lat="42.825000" lon="-2.759600"/>
      <trkpt lat="42.824980" lon="-2.760020"/>
      <trkpt lat="42.824980" lon="-2.760390"/>
      <trkpt lat="42.825000" lon="-2.760750"/>
      <trkpt lat="42.825030" lon="-2.761050"/>
      <trkpt lat="42.825080" lon="-2.761330"/>
      <trkpt lat="42.825130" lon="-2.761570"/>
      <trkpt lat="42.825220" lon="-2.761980"/>
      <trkpt lat="42.825360" lon="-2.762430"/>
      <trkpt lat="42.825620" lon="-2.763190"/>
      <trkpt lat="42.825720" lon="-2.763490"/>
      <trkpt lat="42.825800" lon="-2.763840"/>
      <trkpt lat="42.825850" lon="-2.764130"/>
      <trkpt lat="42.825880" lon="-2.764360"/>
      <trkpt lat="42.825900" lon="-2.764630"/>
      <trkpt lat="42.825900" lon="-2.764990"/>
      <trkpt lat="42.825880" lon="-2.765300"/>
      <trkpt lat="42.825840" lon="-2.765580"/>
      <trkpt lat="42.825770" lon="-2.765960"/>
      <trkpt lat="42.825730" lon="-2.766130"/>
      <trkpt lat="42.825670" lon="-2.766330"/>
      <trkpt lat="42.825580" lon="-2.766560"/>
      <trkpt lat="42.825480" lon="-2.766790"/>
      <trkpt lat="42.825410" lon="-2.766910"/>
      <trkpt lat="42.825290" lon="-2.767120"/>
      <trkpt lat="42.825040" lon="-2.767490"/>
      <trkpt lat="42.824560" lon="-2.768210"/>
      <trkpt lat="42.824440" lon="-2.768420"/>
      <trkpt lat="42.824190" lon="-2.768890"/>
      <trkpt lat="42.823000" lon="-2.771450"/>
      <trkpt lat="42.822100" lon="-2.773330"/>
      <trkpt lat="42.821460" lon="-2.774710"/>
      <trkpt lat="42.818970" lon="-2.780090"/>
      <trkpt lat="42.816890" lon="-2.784610"/>
      <trkpt lat="42.814430" lon="-2.790260"/>
      <trkpt lat="42.813780" lon="-2.791820"/>
      <trkpt lat="42.812820" lon="-2.793840"/>
      <trkpt lat="42.812100" lon="-2.795300"/>
      <trkpt lat="42.811870" lon="-2.795820"/>
      <trkpt lat="42.811660" lon="-2.796310"/>
      <trkpt lat="42.811550" lon="-2.796620"/>
      <trkpt lat="42.811460" lon="-2.796890"/>
      <trkpt lat="42.811410" lon="-2.797130"/>
      <trkpt lat="42.811320" lon="-2.797540"/>
      <trkpt lat="42.811280" lon="-2.797920"/>
      <trkpt lat="42.811250" lon="-2.798410"/>
      <trkpt lat="42.811280" lon="-2.798900"/>
      <trkpt lat="42.811330" lon="-2.799300"/>
      <trkpt lat="42.811400" lon="-2.800020"/>
      <trkpt lat="42.811510" lon="-2.800900"/>
      <trkpt lat="42.811510" lon="-2.801060"/>
      <trkpt lat="42.811510" lon="-2.801280"/>
      <trkpt lat="42.811610" lon="-2.802140"/>
      <trkpt lat="42.811710" lon="-2.802850"/>
      <trkpt lat="42.811820" lon="-2.803460"/>
      <trkpt lat="42.811930" lon="-2.803980"/>
      <trkpt lat="42.812060" lon="-2.804520"/>
      <trkpt lat="42.812310" lon="-2.805460"/>
      <trkpt lat="42.812460" lon="-2.805990"/>
      <trkpt lat="42.812580" lon="-2.806500"/>
      <trkpt lat="42.812700" lon="-2.807070"/>
      <trkpt lat="42.812780" lon="-2.807570"/>
      <trkpt lat="42.812840" lon="-2.808000"/>
      <trkpt lat="42.812880" lon="-2.808340"/>
      <trkpt lat="42.812910" lon="-2.808740"/>
      <trkpt lat="42.812920" lon="-2.809070"/>
      <trkpt lat="42.812930" lon="-2.809460"/>
      <trkpt lat="42.812920" lon="-2.809820"/>
      <trkpt lat="42.812920" lon="-2.810140"/>
      <trkpt lat="42.812900" lon="-2.810430"/>
      <trkpt lat="42.812860" lon="-2.810900"/>
      <trkpt lat="42.812730" lon="-2.811980"/>
      <trkpt lat="42.812430" lon="-2.814430"/>
      <trkpt lat="42.812370" lon="-2.814980"/>
      <trkpt lat="42.812330" lon="-2.815400"/>
      <trkpt lat="42.812300" lon="-2.815820"/>
      <trkpt lat="42.812280" lon="-2.816210"/>
      <trkpt lat="42.812270" lon="-2.816560"/>
      <trkpt lat="42.812300" lon="-2.817200"/>
      <trkpt lat="42.812340" lon="-2.817650"/>
      <trkpt lat="42.812400" lon="-2.818050"/>
      <trkpt lat="42.812470" lon="-2.818490"/>
      <trkpt lat="42.812560" lon="-2.818880"/>
      <trkpt lat="42.812650" lon="-2.819240"/>
      <trkpt lat="42.812770" lon="-2.819660"/>
      <trkpt lat="42.812910" lon="-2.820040"/>
      <trkpt lat="42.813070" lon="-2.820470"/>
      <trkpt lat="42.813460" lon="-2.821280"/>
      <trkpt lat="42.813730" lon="-2.821780"/>
      <trkpt lat="42.814010" lon="-2.822340"/>
      <trkpt lat="42.814180" lon="-2.822710"/>
      <trkpt lat="42.814300" lon="-2.823010"/>
      <trkpt lat="42.814490" lon="-2.823570"/>
      <trkpt lat="42.814650" lon="-2.824160"/>
      <trkpt lat="42.814760" lon="-2.824770"/>
      <trkpt lat="42.814820" lon="-2.825280"/>
      <trkpt lat="42.814850" lon="-2.825730"/>
      <trkpt lat="42.814860" lon="-2.826090"/>
      <trkpt lat="42.814870" lon="-2.826770"/>
      <trkpt lat="42.814900" lon="-2.830230"/>
      <trkpt lat="42.814920" lon="-2.832180"/>
      <trkpt lat="42.814920" lon="-2.832450"/>
      <trkpt lat="42.814920" lon="-2.832960"/>
      <trkpt lat="42.814920" lon="-2.833380"/>
      <trkpt lat="42.814900" lon="-2.833910"/>
      <trkpt lat="42.814890" lon="-2.834500"/>
      <trkpt lat="42.814870" lon="-2.834900"/>
      <trkpt lat="42.814850" lon="-2.835350"/>
      <trkpt lat="42.814820" lon="-2.835720"/>
      <trkpt lat="42.814810" lon="-2.835920"/>
      <trkpt lat="42.814750" lon="-2.836520"/>
      <trkpt lat="42.814700" lon="-2.837090"/>
      <trkpt lat="42.814680" lon="-2.837280"/>
      <trkpt lat="42.814590" lon="-2.838140"/>
      <trkpt lat="42.814440" lon="-2.839630"/>
      <trkpt lat="42.814320" lon="-2.840750"/>
      <trkpt lat="42.814230" lon="-2.841530"/>
      <trkpt lat="42.814110" lon="-2.842710"/>
      <trkpt lat="42.814080" lon="-2.843030"/>
      <trkpt lat="42.814050" lon="-2.843390"/>
      <trkpt lat="42.814030" lon="-2.843830"/>
      <trkpt lat="42.814020" lon="-2.844200"/>
      <trkpt lat="42.814020" lon="-2.844440"/>
      <trkpt lat="42.814030" lon="-2.844800"/>
      <trkpt lat="42.814050" lon="-2.845090"/>
      <trkpt lat="42.814070" lon="-2.845400"/>
      <trkpt lat="42.814100" lon="-2.845700"/>
      <trkpt lat="42.814120" lon="-2.845920"/>
      <trkpt lat="42.814160" lon="-2.846190"/>
      <trkpt lat="42.814210" lon="-2.846510"/>
      <trkpt lat="42.814310" lon="-2.847080"/>
      <trkpt lat="42.814510" lon="-2.848190"/>
      <trkpt lat="42.814800" lon="-2.849810"/>
      <trkpt lat="42.814930" lon="-2.850510"/>
      <trkpt lat="42.815200" lon="-2.852010"/>
      <trkpt lat="42.815330" lon="-2.852770"/>
      <trkpt lat="42.815430" lon="-2.853440"/>
      <trkpt lat="42.815710" lon="-2.855290"/>
      <trkpt lat="42.815760" lon="-2.855650"/>
      <trkpt lat="42.815920" lon="-2.856780"/>
      <trkpt lat="42.816070" lon="-2.857870"/>
      <trkpt lat="42.816280" lon="-2.859300"/>
      <trkpt lat="42.816320" lon="-2.859540"/>
      <trkpt lat="42.816420" lon="-2.860230"/>
      <trkpt lat="42.816570" lon="-2.861200"/>
      <trkpt lat="42.816670" lon="-2.861910"/>
      <trkpt lat="42.816790" lon="-2.862690"/>
      <trkpt lat="42.816910" lon="-2.863610"/>
      <trkpt lat="42.817050" lon="-2.864580"/>
      <trkpt lat="42.817190" lon="-2.865580"/>
      <trkpt lat="42.817350" lon="-2.866630"/>
      <trkpt lat="42.817390" lon="-2.866910"/>
      <trkpt lat="42.817500" lon="-2.867590"/>
      <trkpt lat="42.817570" lon="-2.868010"/>
      <trkpt lat="42.817630" lon="-2.868420"/>
      <trkpt lat="42.817970" lon="-2.870500"/>
      <trkpt lat="42.818180" lon="-2.871780"/>
      <trkpt lat="42.818270" lon="-2.872380"/>
      <trkpt lat="42.818430" lon="-2.873440"/>
      <trkpt lat="42.818540" lon="-2.874330"/>
      <trkpt lat="42.818620" lon="-2.875200"/>
      <trkpt lat="42.818660" lon="-2.875970"/>
      <trkpt lat="42.818680" lon="-2.876700"/>
      <trkpt lat="42.818680" lon="-2.877310"/>
      <trkpt lat="42.818670" lon="-2.877690"/>
      <trkpt lat="42.818650" lon="-2.878330"/>
      <trkpt lat="42.818610" lon="-2.878820"/>
      <trkpt lat="42.818560" lon="-2.879470"/>
      <trkpt lat="42.818490" lon="-2.880110"/>
      <trkpt lat="42.818430" lon="-2.880590"/>
      <trkpt lat="42.818400" lon="-2.880880"/>
      <trkpt lat="42.818320" lon="-2.881450"/>
      <trkpt lat="42.818140" lon="-2.882830"/>
      <trkpt lat="42.817810" lon="-2.885240"/>
      <trkpt lat="42.817730" lon="-2.885820"/>
      <trkpt lat="42.817510" lon="-2.887470"/>
      <trkpt lat="42.817410" lon="-2.888190"/>
      <trkpt lat="42.817400" lon="-2.888270"/>
      <trkpt lat="42.817270" lon="-2.889210"/>
      <trkpt lat="42.817100" lon="-2.890410"/>
      <trkpt lat="42.817010" lon="-2.891110"/>
      <trkpt lat="42.816960" lon="-2.891680"/>
      <trkpt lat="42.816930" lon="-2.892090"/>
      <trkpt lat="42.816930" lon="-2.892520"/>
      <trkpt lat="42.816950" lon="-2.892820"/>
      <trkpt lat="42.816970" lon="-2.893080"/>
      <trkpt lat="42.817000" lon="-2.893260"/>
      <trkpt lat="42.817040" lon="-2.893530"/>
      <trkpt lat="42.817100" lon="-2.893820"/>
      <trkpt lat="42.817160" lon="-2.894150"/>
      <trkpt lat="42.817220" lon="-2.894510"/>
      <trkpt lat="42.817240" lon="-2.894850"/>
      <trkpt lat="42.817240" lon="-2.895170"/>
      <trkpt lat="42.817210" lon="-2.895460"/>
      <trkpt lat="42.817150" lon="-2.895800"/>
      <trkpt lat="42.817100" lon="-2.895990"/>
      <trkpt lat="42.817040" lon="-2.896180"/>
      <trkpt lat="42.816960" lon="-2.896370"/>
      <trkpt lat="42.816900" lon="-2.896490"/>
      <trkpt lat="42.816850" lon="-2.896600"/>
      <trkpt lat="42.816750" lon="-2.896770"/>
      <trkpt lat="42.816620" lon="-2.896960"/>
      <trkpt lat="42.816480" lon="-2.897140"/>
      <trkpt lat="42.816280" lon="-2.897330"/>
      <trkpt lat="42.816140" lon="-2.897440"/>
      <trkpt lat="42.816000" lon="-2.897530"/>
      <trkpt lat="42.815800" lon="-2.897640"/>
      <trkpt lat="42.815510" lon="-2.897770"/>
      <trkpt lat="42.815160" lon="-2.897930"/>
      <trkpt lat="42.814900" lon="-2.898100"/>
      <trkpt lat="42.814700" lon="-2.898250"/>
      <trkpt lat="42.814500" lon="-2.898430"/>
      <trkpt lat="42.814290" lon="-2.898620"/>
      <trkpt lat="42.813890" lon="-2.899030"/>
      <trkpt lat="42.813690" lon="-2.899230"/>
      <trkpt lat="42.812060" lon="-2.900900"/>
      <trkpt lat="42.811910" lon="-2.901060"/>
      <trkpt lat="42.811770" lon="-2.901210"/>
      <trkpt lat="42.811630" lon="-2.901370"/>
      <trkpt lat="42.811350" lon="-2.901720"/>
      <trkpt lat="42.811250" lon="-2.901860"/>
      <trkpt lat="42.811090" lon="-2.902090"/>
      <trkpt lat="42.810980" lon="-2.902270"/>
      <trkpt lat="42.810900" lon="-2.902420"/>
      <trkpt lat="42.810710" lon="-2.902820"/>
      <trkpt lat="42.810580" lon="-2.903080"/>
      <trkpt lat="42.810350" lon="-2.903590"/>
      <trkpt lat="42.810210" lon="-2.903900"/>
      <trkpt lat="42.810140" lon="-2.904130"/>
      <trkpt lat="42.810080" lon="-2.904340"/>
      <trkpt lat="42.810010" lon="-2.904680"/>
      <trkpt lat="42.809950" lon="-2.905010"/>
      <trkpt lat="42.809870" lon="-2.905260"/>
      <trkpt lat="42.809790" lon="-2.905500"/>
      <trkpt lat="42.809710" lon="-2.905640"/>
      <trkpt lat="42.809610" lon="-2.905800"/>
      <trkpt lat="42.809470" lon="-2.905960"/>
      <trkpt lat="42.809290" lon="-2.906090"/>
      <trkpt lat="42.809180" lon="-2.906160"/>
      <trkpt lat="42.809000" lon="-2.906220"/>
      <trkpt lat="42.808830" lon="-2.906260"/>
      <trkpt lat="42.808710" lon="-2.906280"/>
      <trkpt lat="42.808550" lon="-2.906300"/>
      <trkpt lat="42.808380" lon="-2.906300"/>
      <trkpt lat="42.808060" lon="-2.906290"/>
      <trkpt lat="42.807680" lon="-2.906280"/>
      <trkpt lat="42.807440" lon="-2.906260"/>
      <trkpt lat="42.806880" lon="-2.906220"/>
      <trkpt lat="42.806580" lon="-2.906190"/>
      <trkpt lat="42.806330" lon="-2.906170"/>
      <trkpt lat="42.805730" lon="-2.906150"/>
      <trkpt lat="42.805650" lon="-2.906150"/>
      <trkpt lat="42.805620" lon="-2.906160"/>
      <trkpt lat="42.805590" lon="-2.906180"/>
      <trkpt lat="42.805570" lon="-2.906200"/>
      <trkpt lat="42.805550" lon="-2.906230"/>
      <trkpt lat="42.805540" lon="-2.906270"/>
      <trkpt lat="42.805530" lon="-2.906320"/>
      <trkpt lat="42.805550" lon="-2.906740"/>
      <trkpt lat="42.805550" lon="-2.906780"/>
      <trkpt lat="42.805550" lon="-2.906830"/>
      <trkpt lat="42.805550" lon="-2.906880"/>
      <trkpt lat="42.805540" lon="-2.906960"/>
      <trkpt lat="42.805520" lon="-2.907010"/>
      <trkpt lat="42.805510" lon="-2.907060"/>
      <trkpt lat="42.805490" lon="-2.907100"/>
      <trkpt lat="42.805450" lon="-2.907170"/>
      <trkpt lat="42.805370" lon="-2.907260"/>
      <trkpt lat="42.805340" lon="-2.907290"/>
      <trkpt lat="42.805230" lon="-2.907360"/>
      <trkpt lat="42.805030" lon="-2.907480"/>
      <trkpt lat="42.804900" lon="-2.907560"/>
      <trkpt lat="42.804450" lon="-2.907820"/>
      <trkpt lat="42.804080" lon="-2.908030"/>
      <trkpt lat="42.803790" lon="-2.908200"/>
      <trkpt lat="42.803600" lon="-2.908310"/>
      <trkpt lat="42.803490" lon="-2.908400"/>
      <trkpt lat="42.803420" lon="-2.908500"/>
      <trkpt lat="42.803370" lon="-2.908600"/>
      <trkpt lat="42.803350" lon="-2.908680"/>
      <trkpt lat="42.803320" lon="-2.908970"/>
      <trkpt lat="42.803290" lon="-2.909280"/>
      <trkpt lat="42.803280" lon="-2.909580"/>
      <trkpt lat="42.803270" lon="-2.909840"/>
      <trkpt lat="42.803240" lon="-2.910010"/>
      <trkpt lat="42.803200" lon="-2.910140"/>
      <trkpt lat="42.803190" lon="-2.910190"/>
      <trkpt lat="42.803120" lon="-2.910350"/>
      <trkpt lat="42.803050" lon="-2.910480"/>
      <trkpt lat="42.802980" lon="-2.910580"/>
      <trkpt lat="42.802900" lon="-2.910660"/>
      <trkpt lat="42.802800" lon="-2.910730"/>
      <trkpt lat="42.802680" lon="-2.910790"/>
      <trkpt lat="42.802610" lon="-2.910810"/>
      <trkpt lat="42.802430" lon="-2.910870"/>
      <trkpt lat="42.802250" lon="-2.910940"/>
      <trkpt lat="42.801980" lon="-2.911030"/>
      <trkpt lat="42.801820" lon="-2.911080"/>
      <trkpt lat="42.801710" lon="-2.911140"/>
      <trkpt lat="42.801650" lon="-2.911210"/>
      <trkpt lat="42.801600" lon="-2.911300"/>
      <trkpt lat="42.801540" lon="-2.911420"/>
      <trkpt lat="42.801510" lon="-2.911560"/>
      <trkpt lat="42.801480" lon="-2.911690"/>
      <trkpt lat="42.801440" lon="-2.911820"/>
      <trkpt lat="42.801360" lon="-2.912000"/>
      <trkpt lat="42.801090" lon="-2.912560"/>
      <trkpt lat="42.800770" lon="-2.913200"/>
      <trkpt lat="42.800620" lon="-2.913480"/>
      <trkpt lat="42.800520" lon="-2.913660"/>
      <trkpt lat="42.800420" lon="-2.913790"/>
      <trkpt lat="42.800310" lon="-2.913910"/>
      <trkpt lat="42.800190" lon="-2.913990"/>
      <trkpt lat="42.800080" lon="-2.914050"/>
      <trkpt lat="42.799980" lon="-2.914080"/>
      <trkpt lat="42.799670" lon="-2.914130"/>
      <trkpt lat="42.799470" lon="-2.914160"/>
      <trkpt lat="42.799300" lon="-2.914180"/>
      <trkpt lat="42.799030" lon="-2.914170"/>
      <trkpt lat="42.798410" lon="-2.914120"/>
      <trkpt lat="42.798120" lon="-2.914080"/>
      <trkpt lat="42.797760" lon="-2.913950"/>
      <trkpt lat="42.797600" lon="-2.913900"/>
      <trkpt lat="42.797520" lon="-2.913900"/>
      <trkpt lat="42.797450" lon="-2.913900"/>
      <trkpt lat="42.797350" lon="-2.913920"/>
      <trkpt lat="42.797270" lon="-2.913950"/>
      <trkpt lat="42.797210" lon="-2.913970"/>
      <trkpt lat="42.797100" lon="-2.914050"/>
      <trkpt lat="42.797020" lon="-2.914120"/>
      <trkpt lat="42.796950" lon="-2.914200"/>
      <trkpt lat="42.796880" lon="-2.914300"/>
      <trkpt lat="42.796840" lon="-2.914390"/>
      <trkpt lat="42.796800" lon="-2.914490"/>
      <trkpt lat="42.796760" lon="-2.914580"/>
      <trkpt lat="42.796740" lon="-2.914680"/>
      <trkpt lat="42.796720" lon="-2.914760"/>
      <trkpt lat="42.796710" lon="-2.914880"/>
      <trkpt lat="42.796710" lon="-2.914990"/>
      <trkpt lat="42.796710" lon="-2.915090"/>
      <trkpt lat="42.796730" lon="-2.915220"/>
      <trkpt lat="42.796770" lon="-2.915440"/>
      <trkpt lat="42.796910" lon="-2.915980"/>
      <trkpt lat="42.796950" lon="-2.916190"/>
      <trkpt lat="42.796970" lon="-2.916330"/>
      <trkpt lat="42.796980" lon="-2.916440"/>
      <trkpt lat="42.797000" lon="-2.916590"/>
      <trkpt lat="42.797040" lon="-2.917150"/>
      <trkpt lat="42.797050" lon="-2.917330"/>
      <trkpt lat="42.797080" lon="-2.917560"/>
      <trkpt lat="42.797110" lon="-2.917760"/>
      <trkpt lat="42.797140" lon="-2.917940"/>
      <trkpt lat="42.797220" lon="-2.918310"/>
      <trkpt lat="42.797350" lon="-2.918930"/>
      <trkpt lat="42.797390" lon="-2.919200"/>
      <trkpt lat="42.797420" lon="-2.919450"/>
      <trkpt lat="42.797490" lon="-2.920410"/>
      <trkpt lat="42.797510" lon="-2.920720"/>
      <trkpt lat="42.797510" lon="-2.920850"/>
      <trkpt lat="42.797510" lon="-2.920970"/>
      <trkpt lat="42.797490" lon="-2.921190"/>
      <trkpt lat="42.797410" lon="-2.922200"/>
      <trkpt lat="42.797380" lon="-2.922480"/>
      <trkpt lat="42.797340" lon="-2.922770"/>
      <trkpt lat="42.797230" lon="-2.923350"/>
      <trkpt lat="42.797110" lon="-2.924030"/>
      <trkpt lat="42.797080" lon="-2.924180"/>
      <trkpt lat="42.797000" lon="-2.924490"/>
      <trkpt lat="42.796920" lon="-2.924740"/>
      <trkpt lat="42.796890" lon="-2.924830"/>
      <trkpt lat="42.796810" lon="-2.925120"/>
      <trkpt lat="42.796740" lon="-2.925340"/>
      <trkpt lat="42.796670" lon="-2.925640"/>
      <trkpt lat="42.796610" lon="-2.925990"/>
      <trkpt lat="42.796490" lon="-2.926960"/>
      <trkpt lat="42.796440" lon="-2.927280"/>
      <trkpt lat="42.796420" lon="-2.927570"/>
      <trkpt lat="42.796420" lon="-2.927910"/>
      <trkpt lat="42.796410" lon="-2.929620"/>
      <trkpt lat="42.796400" lon="-2.930000"/>
      <trkpt lat="42.796390" lon="-2.930840"/>
      <trkpt lat="42.796390" lon="-2.931230"/>
      <trkpt lat="42.796380" lon="-2.931490"/>
      <trkpt lat="42.796340" lon="-2.931720"/>
      <trkpt lat="42.796310" lon="-2.931920"/>
      <trkpt lat="42.796240" lon="-2.932140"/>
      <trkpt lat="42.796160" lon="-2.932380"/>
      <trkpt lat="42.795990" lon="-2.932870"/>
      <trkpt lat="42.795440" lon="-2.934440"/>
      <trkpt lat="42.794940" lon="-2.935880"/>
      <trkpt lat="42.794660" lon="-2.936670"/>
      <trkpt lat="42.794530" lon="-2.937040"/>
      <trkpt lat="42.794470" lon="-2.937200"/>
      <trkpt lat="42.794430" lon="-2.937370"/>
      <trkpt lat="42.794330" lon="-2.937920"/>
      <trkpt lat="42.793860" lon="-2.940670"/>
      <trkpt lat="42.793540" lon="-2.942450"/>
      <trkpt lat="42.793270" lon="-2.943930"/>
      <trkpt lat="42.793230" lon="-2.944120"/>
      <trkpt lat="42.793220" lon="-2.944190"/>
      <trkpt lat="42.793190" lon="-2.944370"/>
      <trkpt lat="42.793150" lon="-2.944650"/>
      <trkpt lat="42.793130" lon="-2.944940"/>
      <trkpt lat="42.793130" lon="-2.945190"/>
      <trkpt lat="42.793130" lon="-2.945410"/>
      <trkpt lat="42.793140" lon="-2.945660"/>
      <trkpt lat="42.793180" lon="-2.945940"/>
      <trkpt lat="42.793260" lon="-2.946420"/>
      <trkpt lat="42.793310" lon="-2.946690"/>
      <trkpt lat="42.793350" lon="-2.946950"/>
      <trkpt lat="42.793380" lon="-2.947230"/>
      <trkpt lat="42.793400" lon="-2.947560"/>
      <trkpt lat="42.793420" lon="-2.948070"/>
      <trkpt lat="42.793440" lon="-2.948790"/>
      <trkpt lat="42.793450" lon="-2.949270"/>
      <trkpt lat="42.793460" lon="-2.949830"/>
      <trkpt lat="42.793470" lon="-2.950130"/>
      <trkpt lat="42.793500" lon="-2.950490"/>
      <trkpt lat="42.793520" lon="-2.950760"/>
      <trkpt lat="42.793530" lon="-2.950970"/>
      <trkpt lat="42.793520" lon="-2.951140"/>
      <trkpt lat="42.793500" lon="-2.951290"/>
      <trkpt lat="42.793460" lon="-2.951470"/>
      <trkpt lat="42.793390" lon="-2.951750"/>
      <trkpt lat="42.793330" lon="-2.951970"/>
      <trkpt lat="42.793240" lon="-2.952300"/>
      <trkpt lat="42.793150" lon="-2.952620"/>
      <trkpt lat="42.793130" lon="-2.952700"/>
      <trkpt lat="42.793130" lon="-2.952790"/>
      <trkpt lat="42.793140" lon="-2.952870"/>
      <trkpt lat="42.793180" lon="-2.952950"/>
      <trkpt lat="42.793240" lon="-2.953010"/>
      <trkpt lat="42.793310" lon="-2.953040"/>
      <trkpt lat="42.793410" lon="-2.953040"/>
      <trkpt lat="42.793490" lon="-2.953020"/>
      <trkpt lat="42.793580" lon="-2.952950"/>
      <trkpt lat="42.793710" lon="-2.952810"/>
      <trkpt lat="42.793790" lon="-2.952770"/>
      <trkpt lat="42.793870" lon="-2.952760"/>
      <trkpt lat="42.793940" lon="-2.952800"/>
      <trkpt lat="42.794010" lon="-2.952870"/>
      <trkpt lat="42.794060" lon="-2.952990"/>
      <trkpt lat="42.794100" lon="-2.953160"/>
      <trkpt lat="42.794110" lon="-2.953260"/>
      <trkpt lat="42.794120" lon="-2.953420"/>
      <trkpt lat="42.794100" lon="-2.953580"/>
      <trkpt lat="42.794060" lon="-2.953680"/>
      <trkpt lat="42.794000" lon="-2.953750"/>
      <trkpt lat="42.793900" lon="-2.953800"/>
      <trkpt lat="42.793610" lon="-2.953910"/>
      <trkpt lat="42.793490" lon="-2.953940"/>
      <trkpt lat="42.793360" lon="-2.953940"/>
      <trkpt lat="42.793270" lon="-2.953950"/>
      <trkpt lat="42.793190" lon="-2.953990"/>
      <trkpt lat="42.793130" lon="-2.954040"/>
      <trkpt lat="42.793090" lon="-2.954100"/>
      <trkpt lat="42.793030" lon="-2.954260"/>
      <trkpt lat="42.792990" lon="-2.954430"/>
      <trkpt lat="42.792970" lon="-2.954580"/>
      <trkpt lat="42.792980" lon="-2.954710"/>
      <trkpt lat="42.793010" lon="-2.954830"/>
      <trkpt lat="42.793400" lon="-2.955490"/>
      <trkpt lat="42.793560" lon="-2.955790"/>
      <trkpt lat="42.793650" lon="-2.956010"/>
      <trkpt lat="42.793730" lon="-2.956200"/>
      <trkpt lat="42.793760" lon="-2.956300"/>
      <trkpt lat="42.793850" lon="-2.956620"/>
      <trkpt lat="42.793910" lon="-2.956890"/>
      <trkpt lat="42.793990" lon="-2.957350"/>
      <trkpt lat="42.794010" lon="-2.957450"/>
      <trkpt lat="42.794050" lon="-2.957550"/>
      <trkpt lat="42.794090" lon="-2.957630"/>
      <trkpt lat="42.794180" lon="-2.957720"/>
      <trkpt lat="42.794290" lon="-2.957830"/>
      <trkpt lat="42.794680" lon="-2.958160"/>
      <trkpt lat="42.794760" lon="-2.958230"/>
      <trkpt lat="42.794820" lon="-2.958300"/>
      <trkpt lat="42.794860" lon="-2.958350"/>
      <trkpt lat="42.794900" lon="-2.958440"/>
      <trkpt lat="42.794950" lon="-2.958570"/>
      <trkpt lat="42.795050" lon="-2.958920"/>
      <trkpt lat="42.795110" lon="-2.959110"/>
      <trkpt lat="42.795180" lon="-2.959310"/>
      <trkpt lat="42.795260" lon="-2.959570"/>
      <trkpt lat="42.795340" lon="-2.959810"/>
      <trkpt lat="42.795370" lon="-2.959930"/>
      <trkpt lat="42.795380" lon="-2.960050"/>
      <trkpt lat="42.795390" lon="-2.960210"/>
      <trkpt lat="42.795400" lon="-2.960650"/>
      <trkpt lat="42.795430" lon="-2.960910"/>
      <trkpt lat="42.795450" lon="-2.961090"/>
      <trkpt lat="42.795490" lon="-2.961240"/>
      <trkpt lat="42.795540" lon="-2.961350"/>
      <trkpt lat="42.795600" lon="-2.961430"/>
      <trkpt lat="42.795650" lon="-2.961490"/>
      <trkpt lat="42.795750" lon="-2.961560"/>
      <trkpt lat="42.795870" lon="-2.961590"/>
      <trkpt lat="42.796060" lon="-2.961620"/>
      <trkpt lat="42.796170" lon="-2.961650"/>
      <trkpt lat="42.796260" lon="-2.961700"/>
      <trkpt lat="42.796350" lon="-2.961780"/>
      <trkpt lat="42.796400" lon="-2.961860"/>
      <trkpt lat="42.796460" lon="-2.961960"/>
      <trkpt lat="42.796490" lon="-2.962100"/>
      <trkpt lat="42.796530" lon="-2.962420"/>
      <trkpt lat="42.796550" lon="-2.962560"/>
      <trkpt lat="42.796590" lon="-2.962690"/>
      <trkpt lat="42.796640" lon="-2.962850"/>
      <trkpt lat="42.796740" lon="-2.963040"/>
      <trkpt lat="42.796840" lon="-2.963190"/>
      <trkpt lat="42.796970" lon="-2.963340"/>
      <trkpt lat="42.797950" lon="-2.964300"/>
      <trkpt lat="42.798050" lon="-2.964420"/>
      <trkpt lat="42.798110" lon="-2.964510"/>
      <trkpt lat="42.798180" lon="-2.964630"/>
      <trkpt lat="42.798220" lon="-2.964730"/>
      <trkpt lat="42.798250" lon="-2.964840"/>
      <trkpt lat="42.798300" lon="-2.965050"/>
      <trkpt lat="42.798360" lon="-2.965470"/>
      <trkpt lat="42.798550" lon="-2.966860"/>
      <trkpt lat="42.798650" lon="-2.967610"/>
      <trkpt lat="42.798750" lon="-2.968180"/>
      <trkpt lat="42.798770" lon="-2.968330"/>
      <trkpt lat="42.798760" lon="-2.968410"/>
      <trkpt lat="42.798730" lon="-2.968470"/>
      <trkpt lat="42.798690" lon="-2.968510"/>
      <trkpt lat="42.798650" lon="-2.968530"/>
      <trkpt lat="42.798600" lon="-2.968530"/>
      <trkpt lat="42.798550" lon="-2.968500"/>
      <trkpt lat="42.798460" lon="-2.968410"/>
      <trkpt lat="42.798160" lon="-2.968090"/>
      <trkpt lat="42.798080" lon="-2.968030"/>
      <trkpt lat="42.797980" lon="-2.967980"/>
      <trkpt lat="42.797930" lon="-2.967970"/>
      <trkpt lat="42.797880" lon="-2.968000"/>
      <trkpt lat="42.797830" lon="-2.968060"/>
      <trkpt lat="42.797800" lon="-2.968100"/>
      <trkpt lat="42.797790" lon="-2.968210"/>
      <trkpt lat="42.797770" lon="-2.968310"/>
      <trkpt lat="42.797740" lon="-2.968680"/>
      <trkpt lat="42.797610" lon="-2.970050"/>
      <trkpt lat="42.797550" lon="-2.970660"/>
      <trkpt lat="42.797540" lon="-2.970810"/>
      <trkpt lat="42.797540" lon="-2.970920"/>
      <trkpt lat="42.797550" lon="-2.971020"/>
      <trkpt lat="42.797580" lon="-2.971130"/>
      <trkpt lat="42.797630" lon="-2.971240"/>
      <trkpt lat="42.797790" lon="-2.971580"/>
      <trkpt lat="42.797930" lon="-2.971830"/>
      <trkpt lat="42.798050" lon="-2.972030"/>
      <trkpt lat="42.798170" lon="-2.972210"/>
      <trkpt lat="42.798250" lon="-2.972370"/>
      <trkpt lat="42.798360" lon="-2.972600"/>
      <trkpt lat="42.798430" lon="-2.972790"/>
      <trkpt lat="42.798530" lon="-2.973070"/>
      <trkpt lat="42.798640" lon="-2.973340"/>
      <trkpt lat="42.798780" lon="-2.973660"/>
      <trkpt lat="42.798840" lon="-2.973820"/>
      <trkpt lat="42.798900" lon="-2.974000"/>
      <trkpt lat="42.799020" lon="-2.974470"/>
      <trkpt lat="42.799100" lon="-2.974720"/>
      <trkpt lat="42.799130" lon="-2.974820"/>
      <trkpt lat="42.799340" lon="-2.975250"/>
      <trkpt lat="42.799470" lon="-2.975530"/>
      <trkpt lat="42.799530" lon="-2.975630"/>
      <trkpt lat="42.799610" lon="-2.975730"/>
      <trkpt lat="42.799690" lon="-2.975810"/>
      <trkpt lat="42.800040" lon="-2.976070"/>
      <trkpt lat="42.800570" lon="-2.976440"/>
      <trkpt lat="42.800820" lon="-2.976640"/>
      <trkpt lat="42.800920" lon="-2.976790"/>
      <trkpt lat="42.800970" lon="-2.976910"/>
      <trkpt lat="42.800990" lon="-2.977060"/>
      <trkpt lat="42.800980" lon="-2.977230"/>
      <trkpt lat="42.800950" lon="-2.977360"/>
      <trkpt lat="42.800770" lon="-2.977930"/>
      <trkpt lat="42.800740" lon="-2.978030"/>
      <trkpt lat="42.800710" lon="-2.978150"/>
      <trkpt lat="42.800690" lon="-2.978380"/>
      <trkpt lat="42.800560" lon="-2.979880"/>
      <trkpt lat="42.800540" lon="-2.980080"/>
      <trkpt lat="42.800530" lon="-2.980280"/>
      <trkpt lat="42.800510" lon="-2.981140"/>
      <trkpt lat="42.800480" lon="-2.982100"/>
      <trkpt lat="42.800460" lon="-2.982800"/>
      <trkpt lat="42.800460" lon="-2.982940"/>
      <trkpt lat="42.800480" lon="-2.983070"/>
      <trkpt lat="42.800540" lon="-2.983350"/>
      <trkpt lat="42.800570" lon="-2.983480"/>
      <trkpt lat="42.800600" lon="-2.983650"/>
      <trkpt lat="42.800810" lon="-2.984550"/>
      <trkpt lat="42.800840" lon="-2.984630"/>
      <trkpt lat="42.800870" lon="-2.984700"/>
      <trkpt lat="42.800920" lon="-2.984760"/>
      <trkpt lat="42.800960" lon="-2.984790"/>
      <trkpt lat="42.801080" lon="-2.984900"/>
      <trkpt lat="42.801180" lon="-2.984980"/>
      <trkpt lat="42.801270" lon="-2.985070"/>
      <trkpt lat="42.801310" lon="-2.985110"/>
      <trkpt lat="42.801360" lon="-2.985180"/>
      <trkpt lat="42.801420" lon="-2.985200"/>
      <trkpt lat="42.801620" lon="-2.985490"/>
      <trkpt lat="42.801780" lon="-2.985770"/>
      <trkpt lat="42.801850" lon="-2.985900"/>
      <trkpt lat="42.801910" lon="-2.985960"/>
      <trkpt lat="42.801960" lon="-2.986020"/>
      <trkpt lat="42.802020" lon="-2.986050"/>
      <trkpt lat="42.802110" lon="-2.986070"/>
      <trkpt lat="42.802210" lon="-2.985880"/>
      <trkpt lat="42.802100" lon="-2.985900"/>
      <trkpt lat="42.802030" lon="-2.985890"/>
      <trkpt lat="42.802000" lon="-2.985860"/>
      <trkpt lat="42.801950" lon="-2.985790"/>
      <trkpt lat="42.801870" lon="-2.985670"/>
      <trkpt lat="42.801770" lon="-2.985480"/>
      <trkpt lat="42.801570" lon="-2.985150"/>
      <trkpt lat="42.801520" lon="-2.985110"/>
      <trkpt lat="42.801460" lon="-2.985170"/>
      <trkpt lat="42.801420" lon="-2.985200"/>
      <trkpt lat="42.801360" lon="-2.985180"/>
      <trkpt lat="42.801310" lon="-2.985110"/>
      <trkpt lat="42.801270" lon="-2.985070"/>
      <trkpt lat="42.801180" lon="-2.984980"/>
      <trkpt lat="42.801080" lon="-2.984900"/>
      <trkpt lat="42.800960" lon="-2.984790"/>
      <trkpt lat="42.800920" lon="-2.984760"/>
      <trkpt lat="42.800870" lon="-2.984700"/>
      <trkpt lat="42.800840" lon="-2.984630"/>
      <trkpt lat="42.800810" lon="-2.984550"/>
      <trkpt lat="42.800600" lon="-2.983650"/>
      <trkpt lat="42.800570" lon="-2.983480"/>
      <trkpt lat="42.800480" lon="-2.983070"/>
      <trkpt lat="42.800460" lon="-2.982940"/>
      <trkpt lat="42.800460" lon="-2.982800"/>
      <trkpt lat="42.800480" lon="-2.982100"/>
      <trkpt lat="42.800510" lon="-2.981140"/>
      <trkpt lat="42.800530" lon="-2.980280"/>
      <trkpt lat="42.800540" lon="-2.980080"/>
      <trkpt lat="42.800560" lon="-2.979880"/>
      <trkpt lat="42.800690" lon="-2.978380"/>
      <trkpt lat="42.800710" lon="-2.978150"/>
      <trkpt lat="42.800740" lon="-2.978030"/>
      <trkpt lat="42.800770" lon="-2.977930"/>
      <trkpt lat="42.800950" lon="-2.977360"/>
      <trkpt lat="42.800980" lon="-2.977230"/>
      <trkpt lat="42.800990" lon="-2.977060"/>
      <trkpt lat="42.800970" lon="-2.976910"/>
      <trkpt lat="42.800920" lon="-2.976790"/>
      <trkpt lat="42.800820" lon="-2.976640"/>
      <trkpt lat="42.800570" lon="-2.976440"/>
      <trkpt lat="42.800040" lon="-2.976070"/>
      <trkpt lat="42.799690" lon="-2.975810"/>
      <trkpt lat="42.799610" lon="-2.975730"/>
      <trkpt lat="42.799530" lon="-2.975630"/>
      <trkpt lat="42.799470" lon="-2.975530"/>
      <trkpt lat="42.799340" lon="-2.975250"/>
      <trkpt lat="42.799130" lon="-2.974820"/>
      <trkpt lat="42.799100" lon="-2.974720"/>
      <trkpt lat="42.799020" lon="-2.974470"/>
      <trkpt lat="42.798900" lon="-2.974000"/>
      <trkpt lat="42.798840" lon="-2.973820"/>
      <trkpt lat="42.798780" lon="-2.973660"/>
      <trkpt lat="42.798640" lon="-2.973340"/>
      <trkpt lat="42.798530" lon="-2.973070"/>
      <trkpt lat="42.798430" lon="-2.972790"/>
      <trkpt lat="42.798360" lon="-2.972600"/>
      <trkpt lat="42.798250" lon="-2.972370"/>
      <trkpt lat="42.798170" lon="-2.972210"/>
      <trkpt lat="42.798050" lon="-2.972030"/>
      <trkpt lat="42.797930" lon="-2.971830"/>
      <trkpt lat="42.797790" lon="-2.971580"/>
      <trkpt lat="42.797630" lon="-2.971240"/>
      <trkpt lat="42.797580" lon="-2.971130"/>
      <trkpt lat="42.797550" lon="-2.971020"/>
      <trkpt lat="42.797540" lon="-2.970920"/>
      <trkpt lat="42.797540" lon="-2.970810"/>
      <trkpt lat="42.797550" lon="-2.970660"/>
      <trkpt lat="42.797610" lon="-2.970050"/>
      <trkpt lat="42.797740" lon="-2.968680"/>
      <trkpt lat="42.797770" lon="-2.968310"/>
      <trkpt lat="42.797790" lon="-2.968210"/>
      <trkpt lat="42.797800" lon="-2.968100"/>
      <trkpt lat="42.797830" lon="-2.968060"/>
      <trkpt lat="42.797880" lon="-2.968000"/>
      <trkpt lat="42.797930" lon="-2.967970"/>
      <trkpt lat="42.797980" lon="-2.967980"/>
      <trkpt lat="42.798080" lon="-2.968030"/>
      <trkpt lat="42.798160" lon="-2.968090"/>
      <trkpt lat="42.798460" lon="-2.968410"/>
      <trkpt lat="42.798550" lon="-2.968500"/>
      <trkpt lat="42.798600" lon="-2.968530"/>
      <trkpt lat="42.798650" lon="-2.968530"/>
      <trkpt lat="42.798690" lon="-2.968510"/>
      <trkpt lat="42.798730" lon="-2.968470"/>
      <trkpt lat="42.798760" lon="-2.968410"/>
      <trkpt lat="42.798770" lon="-2.968330"/>
      <trkpt lat="42.798750" lon="-2.968180"/>
      <trkpt lat="42.798650" lon="-2.967610"/>
      <trkpt lat="42.798550" lon="-2.966860"/>
      <trkpt lat="42.798360" lon="-2.965470"/>
      <trkpt lat="42.798300" lon="-2.965050"/>
      <trkpt lat="42.798250" lon="-2.964840"/>
      <trkpt lat="42.798220" lon="-2.964730"/>
      <trkpt lat="42.798180" lon="-2.964630"/>
      <trkpt lat="42.798110" lon="-2.964510"/>
      <trkpt lat="42.798050" lon="-2.964420"/>
      <trkpt lat="42.797950" lon="-2.964300"/>
      <trkpt lat="42.796970" lon="-2.963340"/>
      <trkpt lat="42.796840" lon="-2.963190"/>
      <trkpt lat="42.796740" lon="-2.963040"/>
      <trkpt lat="42.796640" lon="-2.962850"/>
      <trkpt lat="42.796590" lon="-2.962690"/>
      <trkpt lat="42.796550" lon="-2.962560"/>
      <trkpt lat="42.796530" lon="-2.962420"/>
      <trkpt lat="42.796490" lon="-2.962100"/>
      <trkpt lat="42.796460" lon="-2.961960"/>
      <trkpt lat="42.796400" lon="-2.961860"/>
      <trkpt lat="42.796350" lon="-2.961780"/>
      <trkpt lat="42.796260" lon="-2.961700"/>
      <trkpt lat="42.796170" lon="-2.961650"/>
      <trkpt lat="42.796060" lon="-2.961620"/>
      <trkpt lat="42.795870" lon="-2.961590"/>
      <trkpt lat="42.795750" lon="-2.961560"/>
      <trkpt lat="42.795650" lon="-2.961490"/>
      <trkpt lat="42.795600" lon="-2.961430"/>
      <trkpt lat="42.795540" lon="-2.961350"/>
      <trkpt lat="42.795490" lon="-2.961240"/>
      <trkpt lat="42.795450" lon="-2.961090"/>
      <trkpt lat="42.795430" lon="-2.960910"/>
      <trkpt lat="42.795400" lon="-2.960650"/>
      <trkpt lat="42.795390" lon="-2.960210"/>
      <trkpt lat="42.795380" lon="-2.960050"/>
      <trkpt lat="42.795370" lon="-2.959930"/>
      <trkpt lat="42.795340" lon="-2.959810"/>
      <trkpt lat="42.795260" lon="-2.959570"/>
      <trkpt lat="42.795180" lon="-2.959310"/>
      <trkpt lat="42.795110" lon="-2.959110"/>
      <trkpt lat="42.795050" lon="-2.958920"/>
      <trkpt lat="42.794950" lon="-2.958570"/>
      <trkpt lat="42.794900" lon="-2.958440"/>
      <trkpt lat="42.794860" lon="-2.958350"/>
      <trkpt lat="42.794820" lon="-2.958300"/>
      <trkpt lat="42.794760" lon="-2.958230"/>
      <trkpt lat="42.794680" lon="-2.958160"/>
      <trkpt lat="42.794290" lon="-2.957830"/>
      <trkpt lat="42.794180" lon="-2.957720"/>
      <trkpt lat="42.794090" lon="-2.957630"/>
      <trkpt lat="42.794050" lon="-2.957550"/>
      <trkpt lat="42.794010" lon="-2.957450"/>
      <trkpt lat="42.793990" lon="-2.957350"/>
      <trkpt lat="42.793910" lon="-2.956890"/>
      <trkpt lat="42.793850" lon="-2.956620"/>
      <trkpt lat="42.793760" lon="-2.956300"/>
      <trkpt lat="42.793730" lon="-2.956200"/>
      <trkpt lat="42.793650" lon="-2.956010"/>
      <trkpt lat="42.793560" lon="-2.955790"/>
      <trkpt lat="42.793400" lon="-2.955490"/>
      <trkpt lat="42.793010" lon="-2.954830"/>
      <trkpt lat="42.792980" lon="-2.954710"/>
      <trkpt lat="42.792970" lon="-2.954580"/>
      <trkpt lat="42.792990" lon="-2.954430"/>
      <trkpt lat="42.793030" lon="-2.954260"/>
      <trkpt lat="42.793090" lon="-2.954100"/>
      <trkpt lat="42.793130" lon="-2.954040"/>
      <trkpt lat="42.793190" lon="-2.953990"/>
      <trkpt lat="42.793270" lon="-2.953950"/>
      <trkpt lat="42.793360" lon="-2.953940"/>
      <trkpt lat="42.793490" lon="-2.953940"/>
      <trkpt lat="42.793610" lon="-2.953910"/>
      <trkpt lat="42.793900" lon="-2.953800"/>
      <trkpt lat="42.794000" lon="-2.953750"/>
      <trkpt lat="42.794060" lon="-2.953680"/>
      <trkpt lat="42.794100" lon="-2.953580"/>
      <trkpt lat="42.794120" lon="-2.953420"/>
      <trkpt lat="42.794110" lon="-2.953260"/>
      <trkpt lat="42.794100" lon="-2.953160"/>
      <trkpt lat="42.794060" lon="-2.952990"/>
      <trkpt lat="42.794010" lon="-2.952870"/>
      <trkpt lat="42.793940" lon="-2.952800"/>
      <trkpt lat="42.793870" lon="-2.952760"/>
      <trkpt lat="42.793790" lon="-2.952770"/>
      <trkpt lat="42.793710" lon="-2.952810"/>
      <trkpt lat="42.793580" lon="-2.952950"/>
      <trkpt lat="42.793490" lon="-2.953020"/>
      <trkpt lat="42.793410" lon="-2.953040"/>
      <trkpt lat="42.793310" lon="-2.953040"/>
      <trkpt lat="42.793240" lon="-2.953010"/>
      <trkpt lat="42.793180" lon="-2.952950"/>
      <trkpt lat="42.793140" lon="-2.952870"/>
      <trkpt lat="42.793130" lon="-2.952790"/>
      <trkpt lat="42.793130" lon="-2.952700"/>
      <trkpt lat="42.793150" lon="-2.952620"/>
      <trkpt lat="42.793240" lon="-2.952300"/>
      <trkpt lat="42.793330" lon="-2.951970"/>
      <trkpt lat="42.793390" lon="-2.951750"/>
      <trkpt lat="42.793460" lon="-2.951470"/>
      <trkpt lat="42.793500" lon="-2.951290"/>
      <trkpt lat="42.793520" lon="-2.951140"/>
      <trkpt lat="42.793530" lon="-2.950970"/>
      <trkpt lat="42.793520" lon="-2.950760"/>
      <trkpt lat="42.793500" lon="-2.950490"/>
      <trkpt lat="42.793470" lon="-2.950130"/>
      <trkpt lat="42.793460" lon="-2.949830"/>
      <trkpt lat="42.793450" lon="-2.949270"/>
      <trkpt lat="42.793440" lon="-2.948790"/>
      <trkpt lat="42.793420" lon="-2.948070"/>
      <trkpt lat="42.793400" lon="-2.947560"/>
      <trkpt lat="42.793380" lon="-2.947230"/>
      <trkpt lat="42.793350" lon="-2.946950"/>
      <trkpt lat="42.793310" lon="-2.946690"/>
      <trkpt lat="42.793260" lon="-2.946420"/>
      <trkpt lat="42.793180" lon="-2.945940"/>
      <trkpt lat="42.793140" lon="-2.945660"/>
      <trkpt lat="42.793130" lon="-2.945410"/>
      <trkpt lat="42.793130" lon="-2.945190"/>
      <trkpt lat="42.793130" lon="-2.944940"/>
      <trkpt lat="42.793150" lon="-2.944650"/>
      <trkpt lat="42.793190" lon="-2.944370"/>
      <trkpt lat="42.793220" lon="-2.944190"/>
      <trkpt lat="42.793230" lon="-2.944120"/>
      <trkpt lat="42.793270" lon="-2.943930"/>
      <trkpt lat="42.793540" lon="-2.942450"/>
      <trkpt lat="42.793860" lon="-2.940670"/>
      <trkpt lat="42.794330" lon="-2.937920"/>
      <trkpt lat="42.794430" lon="-2.937370"/>
      <trkpt lat="42.794470" lon="-2.937200"/>
      <trkpt lat="42.794530" lon="-2.937040"/>
      <trkpt lat="42.794660" lon="-2.936670"/>
      <trkpt lat="42.794940" lon="-2.935880"/>
      <trkpt lat="42.795440" lon="-2.934440"/>
      <trkpt lat="42.795990" lon="-2.932870"/>
      <trkpt lat="42.796160" lon="-2.932380"/>
      <trkpt lat="42.796240" lon="-2.932140"/>
      <trkpt lat="42.796310" lon="-2.931920"/>
      <trkpt lat="42.796340" lon="-2.931720"/>
      <trkpt lat="42.796380" lon="-2.931490"/>
      <trkpt lat="42.796390" lon="-2.931230"/>
      <trkpt lat="42.796390" lon="-2.930840"/>
      <trkpt lat="42.796400" lon="-2.930000"/>
      <trkpt lat="42.796410" lon="-2.929620"/>
      <trkpt lat="42.796420" lon="-2.927910"/>
      <trkpt lat="42.796420" lon="-2.927570"/>
      <trkpt lat="42.796440" lon="-2.927280"/>
      <trkpt lat="42.796490" lon="-2.926960"/>
      <trkpt lat="42.796610" lon="-2.925990"/>
      <trkpt lat="42.796670" lon="-2.925640"/>
      <trkpt lat="42.796740" lon="-2.925340"/>
      <trkpt lat="42.796810" lon="-2.925120"/>
      <trkpt lat="42.796890" lon="-2.924830"/>
      <trkpt lat="42.796920" lon="-2.924740"/>
      <trkpt lat="42.797000" lon="-2.924490"/>
      <trkpt lat="42.797080" lon="-2.924180"/>
      <trkpt lat="42.797110" lon="-2.924030"/>
      <trkpt lat="42.797230" lon="-2.923350"/>
      <trkpt lat="42.797340" lon="-2.922770"/>
      <trkpt lat="42.797380" lon="-2.922480"/>
      <trkpt lat="42.797410" lon="-2.922200"/>
      <trkpt lat="42.797490" lon="-2.921190"/>
      <trkpt lat="42.797510" lon="-2.920970"/>
      <trkpt lat="42.797510" lon="-2.920850"/>
      <trkpt lat="42.797510" lon="-2.920720"/>
      <trkpt lat="42.797490" lon="-2.920410"/>
      <trkpt lat="42.797420" lon="-2.919450"/>
      <trkpt lat="42.797390" lon="-2.919200"/>
      <trkpt lat="42.797350" lon="-2.918930"/>
      <trkpt lat="42.797220" lon="-2.918310"/>
      <trkpt lat="42.797140" lon="-2.917940"/>
      <trkpt lat="42.797110" lon="-2.917760"/>
      <trkpt lat="42.797080" lon="-2.917560"/>
      <trkpt lat="42.797050" lon="-2.917330"/>
      <trkpt lat="42.797040" lon="-2.917150"/>
      <trkpt lat="42.797000" lon="-2.916590"/>
      <trkpt lat="42.796980" lon="-2.916440"/>
      <trkpt lat="42.796970" lon="-2.916330"/>
      <trkpt lat="42.796950" lon="-2.916190"/>
      <trkpt lat="42.796910" lon="-2.915980"/>
      <trkpt lat="42.796770" lon="-2.915440"/>
      <trkpt lat="42.796730" lon="-2.915220"/>
      <trkpt lat="42.796710" lon="-2.915090"/>
      <trkpt lat="42.796710" lon="-2.914990"/>
      <trkpt lat="42.796710" lon="-2.914880"/>
      <trkpt lat="42.796720" lon="-2.914760"/>
      <trkpt lat="42.796740" lon="-2.914680"/>
      <trkpt lat="42.796760" lon="-2.914580"/>
      <trkpt lat="42.796800" lon="-2.914490"/>
      <trkpt lat="42.796840" lon="-2.914390"/>
      <trkpt lat="42.796880" lon="-2.914300"/>
      <trkpt lat="42.796950" lon="-2.914200"/>
      <trkpt lat="42.797020" lon="-2.914120"/>
      <trkpt lat="42.797100" lon="-2.914050"/>
      <trkpt lat="42.797210" lon="-2.913970"/>
      <trkpt lat="42.797270" lon="-2.913950"/>
      <trkpt lat="42.797350" lon="-2.913920"/>
      <trkpt lat="42.797450" lon="-2.913900"/>
      <trkpt lat="42.797520" lon="-2.913900"/>
      <trkpt lat="42.797600" lon="-2.913900"/>
      <trkpt lat="42.797760" lon="-2.913950"/>
      <trkpt lat="42.798120" lon="-2.914080"/>
      <trkpt lat="42.798410" lon="-2.914120"/>
      <trkpt lat="42.799030" lon="-2.914170"/>
      <trkpt lat="42.799300" lon="-2.914180"/>
      <trkpt lat="42.799470" lon="-2.914160"/>
      <trkpt lat="42.799670" lon="-2.914130"/>
      <trkpt lat="42.799980" lon="-2.914080"/>
      <trkpt lat="42.800080" lon="-2.914050"/>
      <trkpt lat="42.800190" lon="-2.913990"/>
      <trkpt lat="42.800310" lon="-2.913910"/>
      <trkpt lat="42.800420" lon="-2.913790"/>
      <trkpt lat="42.800520" lon="-2.913660"/>
      <trkpt lat="42.800620" lon="-2.913480"/>
      <trkpt lat="42.800770" lon="-2.913200"/>
      <trkpt lat="42.801090" lon="-2.912560"/>
      <trkpt lat="42.801360" lon="-2.912000"/>
      <trkpt lat="42.801440" lon="-2.911820"/>
      <trkpt lat="42.801480" lon="-2.911690"/>
      <trkpt lat="42.801510" lon="-2.911560"/>
      <trkpt lat="42.801540" lon="-2.911420"/>
      <trkpt lat="42.801600" lon="-2.911300"/>
      <trkpt lat="42.801650" lon="-2.911210"/>
      <trkpt lat="42.801710" lon="-2.911140"/>
      <trkpt lat="42.801820" lon="-2.911080"/>
      <trkpt lat="42.801980" lon="-2.911030"/>
      <trkpt lat="42.802250" lon="-2.910940"/>
      <trkpt lat="42.802430" lon="-2.910870"/>
      <trkpt lat="42.802610" lon="-2.910810"/>
      <trkpt lat="42.802680" lon="-2.910790"/>
      <trkpt lat="42.802800" lon="-2.910730"/>
      <trkpt lat="42.802900" lon="-2.910660"/>
      <trkpt lat="42.802980" lon="-2.910580"/>
      <trkpt lat="42.803050" lon="-2.910480"/>
      <trkpt lat="42.803120" lon="-2.910350"/>
      <trkpt lat="42.803190" lon="-2.910190"/>
      <trkpt lat="42.803200" lon="-2.910140"/>
      <trkpt lat="42.803240" lon="-2.910010"/>
      <trkpt lat="42.803270" lon="-2.909840"/>
      <trkpt lat="42.803280" lon="-2.909580"/>
      <trkpt lat="42.803290" lon="-2.909280"/>
      <trkpt lat="42.803320" lon="-2.908970"/>
      <trkpt lat="42.803350" lon="-2.908680"/>
      <trkpt lat="42.803370" lon="-2.908600"/>
      <trkpt lat="42.803420" lon="-2.908500"/>
      <trkpt lat="42.803490" lon="-2.908400"/>
      <trkpt lat="42.803600" lon="-2.908310"/>
      <trkpt lat="42.803790" lon="-2.908200"/>
      <trkpt lat="42.804080" lon="-2.908030"/>
      <trkpt lat="42.804450" lon="-2.907820"/>
      <trkpt lat="42.804900" lon="-2.907560"/>
      <trkpt lat="42.805030" lon="-2.907480"/>
      <trkpt lat="42.805230" lon="-2.907360"/>
      <trkpt lat="42.805340" lon="-2.907290"/>
      <trkpt lat="42.805370" lon="-2.907260"/>
      <trkpt lat="42.805450" lon="-2.907170"/>
      <trkpt lat="42.805490" lon="-2.907100"/>
      <trkpt lat="42.805510" lon="-2.907060"/>
      <trkpt lat="42.805520" lon="-2.907010"/>
      <trkpt lat="42.805540" lon="-2.906960"/>
      <trkpt lat="42.805550" lon="-2.906880"/>
      <trkpt lat="42.805550" lon="-2.906830"/>
      <trkpt lat="42.805550" lon="-2.906780"/>
      <trkpt lat="42.805550" lon="-2.906740"/>
      <trkpt lat="42.805530" lon="-2.906320"/>
      <trkpt lat="42.805540" lon="-2.906270"/>
      <trkpt lat="42.805550" lon="-2.906230"/>
      <trkpt lat="42.805570" lon="-2.906200"/>
      <trkpt lat="42.805590" lon="-2.906180"/>
      <trkpt lat="42.805620" lon="-2.906160"/>
      <trkpt lat="42.805650" lon="-2.906150"/>
      <trkpt lat="42.805730" lon="-2.906150"/>
      <trkpt lat="42.806330" lon="-2.906170"/>
      <trkpt lat="42.806580" lon="-2.906190"/>
      <trkpt lat="42.806880" lon="-2.906220"/>
      <trkpt lat="42.807440" lon="-2.906260"/>
      <trkpt lat="42.807680" lon="-2.906280"/>
      <trkpt lat="42.808060" lon="-2.906290"/>
      <trkpt lat="42.808380" lon="-2.906300"/>
      <trkpt lat="42.808550" lon="-2.906300"/>
      <trkpt lat="42.808710" lon="-2.906280"/>
      <trkpt lat="42.808830" lon="-2.906260"/>
      <trkpt lat="42.809000" lon="-2.906220"/>
      <trkpt lat="42.809180" lon="-2.906160"/>
      <trkpt lat="42.809290" lon="-2.906090"/>
      <trkpt lat="42.809470" lon="-2.905960"/>
      <trkpt lat="42.809610" lon="-2.905800"/>
      <trkpt lat="42.809710" lon="-2.905640"/>
      <trkpt lat="42.809790" lon="-2.905500"/>
      <trkpt lat="42.809870" lon="-2.905260"/>
      <trkpt lat="42.809950" lon="-2.905010"/>
      <trkpt lat="42.810010" lon="-2.904680"/>
      <trkpt lat="42.810080" lon="-2.904340"/>
      <trkpt lat="42.810140" lon="-2.904130"/>
      <trkpt lat="42.810210" lon="-2.903900"/>
      <trkpt lat="42.810350" lon="-2.903590"/>
      <trkpt lat="42.810580" lon="-2.903080"/>
      <trkpt lat="42.810710" lon="-2.902820"/>
      <trkpt lat="42.810900" lon="-2.902420"/>
      <trkpt lat="42.810980" lon="-2.902270"/>
      <trkpt lat="42.811090" lon="-2.902090"/>
      <trkpt lat="42.811250" lon="-2.901860"/>
      <trkpt lat="42.811350" lon="-2.901720"/>
      <trkpt lat="42.811630" lon="-2.901370"/>
      <trkpt lat="42.811770" lon="-2.901210"/>
      <trkpt lat="42.811910" lon="-2.901060"/>
      <trkpt lat="42.812060" lon="-2.900900"/>
      <trkpt lat="42.813690" lon="-2.899230"/>
      <trkpt lat="42.813890" lon="-2.899030"/>
      <trkpt lat="42.814290" lon="-2.898620"/>
      <trkpt lat="42.814500" lon="-2.898430"/>
      <trkpt lat="42.814700" lon="-2.898250"/>
      <trkpt lat="42.814900" lon="-2.898100"/>
      <trkpt lat="42.815160" lon="-2.897930"/>
      <trkpt lat="42.815510" lon="-2.897770"/>
      <trkpt lat="42.815800" lon="-2.897640"/>
      <trkpt lat="42.816000" lon="-2.897530"/>
      <trkpt lat="42.816140" lon="-2.897440"/>
      <trkpt lat="42.816280" lon="-2.897330"/>
      <trkpt lat="42.816480" lon="-2.897140"/>
      <trkpt lat="42.816620" lon="-2.896960"/>
      <trkpt lat="42.816750" lon="-2.896770"/>
      <trkpt lat="42.816850" lon="-2.896600"/>
      <trkpt lat="42.816900" lon="-2.896490"/>
      <trkpt lat="42.816960" lon="-2.896370"/>
      <trkpt lat="42.817040" lon="-2.896180"/>
      <trkpt lat="42.817100" lon="-2.895990"/>
      <trkpt lat="42.817150" lon="-2.895800"/>
      <trkpt lat="42.817210" lon="-2.895460"/>
      <trkpt lat="42.817240" lon="-2.895170"/>
      <trkpt lat="42.817240" lon="-2.894850"/>
      <trkpt lat="42.817220" lon="-2.894510"/>
      <trkpt lat="42.817160" lon="-2.894150"/>
      <trkpt lat="42.817100" lon="-2.893820"/>
      <trkpt lat="42.817040" lon="-2.893530"/>
      <trkpt lat="42.817000" lon="-2.893260"/>
      <trkpt lat="42.816970" lon="-2.893080"/>
      <trkpt lat="42.817010" lon="-2.893030"/>
      <trkpt lat="42.817060" lon="-2.892990"/>
      <trkpt lat="42.817130" lon="-2.892970"/>
      <trkpt lat="42.817200" lon="-2.892990"/>
      <trkpt lat="42.817240" lon="-2.893000"/>
      <trkpt lat="42.817300" lon="-2.893010"/>
      <trkpt lat="42.817390" lon="-2.893010"/>
      <trkpt lat="42.817460" lon="-2.893020"/>
      <trkpt lat="42.817530" lon="-2.893030"/>
      <trkpt lat="42.817630" lon="-2.893050"/>
      <trkpt lat="42.817690" lon="-2.893070"/>
      <trkpt lat="42.817780" lon="-2.893100"/>
      <trkpt lat="42.817880" lon="-2.893150"/>
      <trkpt lat="42.817960" lon="-2.893200"/>
      <trkpt lat="42.818100" lon="-2.893380"/>
      <trkpt lat="42.818210" lon="-2.893550"/>
      <trkpt lat="42.818290" lon="-2.893700"/>
      <trkpt lat="42.818390" lon="-2.893960"/>
      <trkpt lat="42.818480" lon="-2.894210"/>
      <trkpt lat="42.818570" lon="-2.894420"/>
      <trkpt lat="42.818670" lon="-2.894630"/>
      <trkpt lat="42.818780" lon="-2.894820"/>
      <trkpt lat="42.818880" lon="-2.894990"/>
      <trkpt lat="42.818990" lon="-2.895120"/>
      <trkpt lat="42.819150" lon="-2.895280"/>
      <trkpt lat="42.819280" lon="-2.895380"/>
      <trkpt lat="42.819410" lon="-2.895460"/>
      <trkpt lat="42.819500" lon="-2.895510"/>
      <trkpt lat="42.819610" lon="-2.895540"/>
      <trkpt lat="42.819720" lon="-2.895550"/>
      <trkpt lat="42.819830" lon="-2.895540"/>
      <trkpt lat="42.819930" lon="-2.895510"/>
      <trkpt lat="42.820030" lon="-2.895480"/>
      <trkpt lat="42.820090" lon="-2.895440"/>
      <trkpt lat="42.820170" lon="-2.895380"/>
      <trkpt lat="42.820240" lon="-2.895320"/>
      <trkpt lat="42.820310" lon="-2.895250"/>
      <trkpt lat="42.820370" lon="-2.895170"/>
      <trkpt lat="42.820420" lon="-2.895080"/>
      <trkpt lat="42.820470" lon="-2.894950"/>
      <trkpt lat="42.820510" lon="-2.894820"/>
      <trkpt lat="42.820530" lon="-2.894710"/>
      <trkpt lat="42.820520" lon="-2.894590"/>
      <trkpt lat="42.820510" lon="-2.894500"/>
      <trkpt lat="42.820480" lon="-2.894380"/>
      <trkpt lat="42.820430" lon="-2.894280"/>
      <trkpt lat="42.820360" lon="-2.894200"/>
      <trkpt lat="42.820290" lon="-2.894140"/>
      <trkpt lat="42.820220" lon="-2.894110"/>
      <trkpt lat="42.820110" lon="-2.894090"/>
      <trkpt lat="42.820030" lon="-2.894100"/>
      <trkpt lat="42.819930" lon="-2.894140"/>
      <trkpt lat="42.819840" lon="-2.894190"/>
      <trkpt lat="42.819770" lon="-2.894240"/>
      <trkpt lat="42.819360" lon="-2.894650"/>
      <trkpt lat="42.819190" lon="-2.894770"/>
      <trkpt lat="42.818880" lon="-2.895160"/>
      <trkpt lat="42.818670" lon="-2.895470"/>
      <trkpt lat="42.818460" lon="-2.895810"/>
      <trkpt lat="42.818200" lon="-2.896320"/>
      <trkpt lat="42.817930" lon="-2.896880"/>
      <trkpt lat="42.817750" lon="-2.897240"/>
      <trkpt lat="42.817600" lon="-2.897480"/>
      <trkpt lat="42.817470" lon="-2.897700"/>
      <trkpt lat="42.817240" lon="-2.898040"/>
      <trkpt lat="42.816990" lon="-2.898370"/>
      <trkpt lat="42.816770" lon="-2.898620"/>
      <trkpt lat="42.816540" lon="-2.898860"/>
      <trkpt lat="42.816300" lon="-2.899100"/>
      <trkpt lat="42.815820" lon="-2.899540"/>
      <trkpt lat="42.815520" lon="-2.899840"/>
      <trkpt lat="42.815260" lon="-2.900160"/>
      <trkpt lat="42.815030" lon="-2.900470"/>
      <trkpt lat="42.814300" lon="-2.901590"/>
      <trkpt lat="42.813740" lon="-2.902390"/>
      <trkpt lat="42.813380" lon="-2.902830"/>
      <trkpt lat="42.813080" lon="-2.903170"/>
      <trkpt lat="42.812750" lon="-2.903510"/>
      <trkpt lat="42.812230" lon="-2.903990"/>
      <trkpt lat="42.811850" lon="-2.904290"/>
      <trkpt lat="42.811440" lon="-2.904590"/>
      <trkpt lat="42.811010" lon="-2.904850"/>
      <trkpt lat="42.810540" lon="-2.905100"/>
      <trkpt lat="42.810100" lon="-2.905300"/>
      <trkpt lat="42.809620" lon="-2.905500"/>
      <trkpt lat="42.809470" lon="-2.905550"/>
      <trkpt lat="42.809220" lon="-2.905630"/>
      <trkpt lat="42.808800" lon="-2.905730"/>
      <trkpt lat="42.808350" lon="-2.905800"/>
      <trkpt lat="42.807850" lon="-2.905860"/>
      <trkpt lat="42.807350" lon="-2.905870"/>
      <trkpt lat="42.806900" lon="-2.905850"/>
      <trkpt lat="42.806610" lon="-2.905820"/>
      <trkpt lat="42.806270" lon="-2.905770"/>
      <trkpt lat="42.804870" lon="-2.905470"/>
      <trkpt lat="42.804420" lon="-2.905380"/>
      <trkpt lat="42.803950" lon="-2.905310"/>
      <trkpt lat="42.803650" lon="-2.905290"/>
      <trkpt lat="42.803340" lon="-2.905280"/>
      <trkpt lat="42.803060" lon="-2.905280"/>
      <trkpt lat="42.802700" lon="-2.905300"/>
      <trkpt lat="42.802180" lon="-2.905340"/>
      <trkpt lat="42.801730" lon="-2.905380"/>
      <trkpt lat="42.801410" lon="-2.905400"/>
      <trkpt lat="42.801050" lon="-2.905400"/>
      <trkpt lat="42.800730" lon="-2.905400"/>
      <trkpt lat="42.800170" lon="-2.905350"/>
      <trkpt lat="42.799850" lon="-2.905300"/>
      <trkpt lat="42.799530" lon="-2.905240"/>
      <trkpt lat="42.798910" lon="-2.905070"/>
      <trkpt lat="42.798270" lon="-2.904830"/>
      <trkpt lat="42.797680" lon="-2.904540"/>
      <trkpt lat="42.797340" lon="-2.904350"/>
      <trkpt lat="42.796960" lon="-2.904110"/>
      <trkpt lat="42.796680" lon="-2.903910"/>
      <trkpt lat="42.796390" lon="-2.903690"/>
      <trkpt lat="42.796010" lon="-2.903360"/>
      <trkpt lat="42.795590" lon="-2.902970"/>
      <trkpt lat="42.794610" lon="-2.901940"/>
      <trkpt lat="42.794330" lon="-2.901650"/>
      <trkpt lat="42.794060" lon="-2.901400"/>
      <trkpt lat="42.793700" lon="-2.901080"/>
      <trkpt lat="42.793270" lon="-2.900750"/>
      <trkpt lat="42.793000" lon="-2.900560"/>
      <trkpt lat="42.792560" lon="-2.900280"/>
      <trkpt lat="42.792020" lon="-2.900000"/>
      <trkpt lat="42.791530" lon="-2.899780"/>
      <trkpt lat="42.791030" lon="-2.899600"/>
      <trkpt lat="42.790460" lon="-2.899460"/>
      <trkpt lat="42.789970" lon="-2.899370"/>
      <trkpt lat="42.789490" lon="-2.899310"/>
      <trkpt lat="42.788880" lon="-2.899300"/>
      <trkpt lat="42.788490" lon="-2.899330"/>
      <trkpt lat="42.788300" lon="-2.899350"/>
      <trkpt lat="42.787930" lon="-2.899400"/>
      <trkpt lat="42.787460" lon="-2.899500"/>
      <trkpt lat="42.787040" lon="-2.899620"/>
      <trkpt lat="42.786640" lon="-2.899760"/>
      <trkpt lat="42.786210" lon="-2.899930"/>
      <trkpt lat="42.785760" lon="-2.900160"/>
      <trkpt lat="42.785350" lon="-2.900400"/>
      <trkpt lat="42.784930" lon="-2.900670"/>
      <trkpt lat="42.784530" lon="-2.900980"/>
      <trkpt lat="42.783990" lon="-2.901440"/>
      <trkpt lat="42.783560" lon="-2.901880"/>
      <trkpt lat="42.783150" lon="-2.902340"/>
      <trkpt lat="42.782960" lon="-2.902570"/>
      <trkpt lat="42.782590" lon="-2.903070"/>
      <trkpt lat="42.781820" lon="-2.904210"/>
      <trkpt lat="42.781500" lon="-2.904680"/>
      <trkpt lat="42.781080" lon="-2.905250"/>
      <trkpt lat="42.780680" lon="-2.905720"/>
      <trkpt lat="42.780420" lon="-2.906010"/>
      <trkpt lat="42.780160" lon="-2.906260"/>
      <trkpt lat="42.780010" lon="-2.906400"/>
      <trkpt lat="42.779860" lon="-2.906540"/>
      <trkpt lat="42.779480" lon="-2.906840"/>
      <trkpt lat="42.778910" lon="-2.907240"/>
      <trkpt lat="42.778450" lon="-2.907520"/>
      <trkpt lat="42.778030" lon="-2.907740"/>
      <trkpt lat="42.777600" lon="-2.907940"/>
      <trkpt lat="42.777120" lon="-2.908120"/>
      <trkpt lat="42.776460" lon="-2.908310"/>
      <trkpt lat="42.775930" lon="-2.908410"/>
      <trkpt lat="42.775530" lon="-2.908450"/>
      <trkpt lat="42.775180" lon="-2.908470"/>
      <trkpt lat="42.774640" lon="-2.908480"/>
      <trkpt lat="42.774340" lon="-2.908450"/>
      <trkpt lat="42.773970" lon="-2.908400"/>
      <trkpt lat="42.773550" lon="-2.908320"/>
      <trkpt lat="42.773200" lon="-2.908230"/>
      <trkpt lat="42.772690" lon="-2.908030"/>
      <trkpt lat="42.772210" lon="-2.907810"/>
      <trkpt lat="42.771750" lon="-2.907550"/>
      <trkpt lat="42.771340" lon="-2.907260"/>
      <trkpt lat="42.770910" lon="-2.906920"/>
      <trkpt lat="42.770550" lon="-2.906580"/>
      <trkpt lat="42.770120" lon="-2.906120"/>
      <trkpt lat="42.769760" lon="-2.905690"/>
      <trkpt lat="42.769430" lon="-2.905230"/>
      <trkpt lat="42.768650" lon="-2.904090"/>
      <trkpt lat="42.768320" lon="-2.903680"/>
      <trkpt lat="42.768070" lon="-2.903380"/>
      <trkpt lat="42.767820" lon="-2.903120"/>
      <trkpt lat="42.767540" lon="-2.902860"/>
      <trkpt lat="42.767220" lon="-2.902580"/>
      <trkpt lat="42.766650" lon="-2.902170"/>
      <trkpt lat="42.766110" lon="-2.901870"/>
      <trkpt lat="42.765650" lon="-2.901650"/>
      <trkpt lat="42.765300" lon="-2.901520"/>
      <trkpt lat="42.764760" lon="-2.901370"/>
      <trkpt lat="42.764350" lon="-2.901290"/>
      <trkpt lat="42.763930" lon="-2.901250"/>
      <trkpt lat="42.763490" lon="-2.901240"/>
      <trkpt lat="42.763060" lon="-2.901270"/>
      <trkpt lat="42.762500" lon="-2.901350"/>
      <trkpt lat="42.762000" lon="-2.901490"/>
      <trkpt lat="42.761500" lon="-2.901670"/>
      <trkpt lat="42.761060" lon="-2.901880"/>
      <trkpt lat="42.760600" lon="-2.902150"/>
      <trkpt lat="42.760160" lon="-2.902460"/>
      <trkpt lat="42.759780" lon="-2.902770"/>
      <trkpt lat="42.759390" lon="-2.903120"/>
      <trkpt lat="42.759040" lon="-2.903500"/>
      <trkpt lat="42.758580" lon="-2.904040"/>
      <trkpt lat="42.758120" lon="-2.904600"/>
      <trkpt lat="42.757730" lon="-2.905010"/>
      <trkpt lat="42.757150" lon="-2.905540"/>
      <trkpt lat="42.756680" lon="-2.905880"/>
      <trkpt lat="42.756170" lon="-2.906200"/>
      <trkpt lat="42.755660" lon="-2.906450"/>
      <trkpt lat="42.755280" lon="-2.906600"/>
      <trkpt lat="42.754860" lon="-2.906740"/>
      <trkpt lat="42.754320" lon="-2.906860"/>
      <trkpt lat="42.753780" lon="-2.906930"/>
      <trkpt lat="42.753290" lon="-2.906940"/>
      <trkpt lat="42.752760" lon="-2.906900"/>
      <trkpt lat="42.752300" lon="-2.906810"/>
      <trkpt lat="42.751720" lon="-2.906670"/>
      <trkpt lat="42.750640" lon="-2.906410"/>
      <trkpt lat="42.749690" lon="-2.906320"/>
      <trkpt lat="42.748880" lon="-2.906390"/>
      <trkpt lat="42.748150" lon="-2.906560"/>
      <trkpt lat="42.747170" lon="-2.906980"/>
      <trkpt lat="42.746020" lon="-2.907700"/>
      <trkpt lat="42.744950" lon="-2.908800"/>
      <trkpt lat="42.744440" lon="-2.909530"/>
      <trkpt lat="42.744130" lon="-2.910050"/>
      <trkpt lat="42.743910" lon="-2.910450"/>
      <trkpt lat="42.743660" lon="-2.910970"/>
      <trkpt lat="42.743150" lon="-2.912100"/>
      <trkpt lat="42.742670" lon="-2.913060"/>
      <trkpt lat="42.742440" lon="-2.913490"/>
      <trkpt lat="42.742000" lon="-2.914140"/>
      <trkpt lat="42.741530" lon="-2.914780"/>
      <trkpt lat="42.741020" lon="-2.915380"/>
      <trkpt lat="42.740550" lon="-2.915870"/>
      <trkpt lat="42.740220" lon="-2.916160"/>
      <trkpt lat="42.739390" lon="-2.916850"/>
      <trkpt lat="42.739030" lon="-2.917150"/>
      <trkpt lat="42.738700" lon="-2.917460"/>
      <trkpt lat="42.738390" lon="-2.917760"/>
      <trkpt lat="42.738070" lon="-2.918100"/>
      <trkpt lat="42.737710" lon="-2.918530"/>
      <trkpt lat="42.736620" lon="-2.919980"/>
      <trkpt lat="42.736320" lon="-2.920340"/>
      <trkpt lat="42.735990" lon="-2.920720"/>
      <trkpt lat="42.735940" lon="-2.920780"/>
      <trkpt lat="42.735550" lon="-2.921180"/>
      <trkpt lat="42.735230" lon="-2.921470"/>
      <trkpt lat="42.734820" lon="-2.921810"/>
      <trkpt lat="42.734350" lon="-2.922150"/>
      <trkpt lat="42.733910" lon="-2.922430"/>
      <trkpt lat="42.733300" lon="-2.922740"/>
      <trkpt lat="42.732900" lon="-2.922930"/>
      <trkpt lat="42.732380" lon="-2.923110"/>
      <trkpt lat="42.731990" lon="-2.923220"/>
      <trkpt lat="42.731560" lon="-2.923320"/>
      <trkpt lat="42.731040" lon="-2.923400"/>
      <trkpt lat="42.730560" lon="-2.923430"/>
      <trkpt lat="42.730050" lon="-2.923430"/>
      <trkpt lat="42.729340" lon="-2.923380"/>
      <trkpt lat="42.728700" lon="-2.923290"/>
      <trkpt lat="42.727930" lon="-2.923150"/>
      <trkpt lat="42.727360" lon="-2.923030"/>
      <trkpt lat="42.726740" lon="-2.922860"/>
      <trkpt lat="42.726280" lon="-2.922690"/>
      <trkpt lat="42.725810" lon="-2.922490"/>
      <trkpt lat="42.725230" lon="-2.922170"/>
      <trkpt lat="42.724730" lon="-2.921860"/>
      <trkpt lat="42.724250" lon="-2.921500"/>
      <trkpt lat="42.723810" lon="-2.921130"/>
      <trkpt lat="42.723230" lon="-2.920570"/>
      <trkpt lat="42.722900" lon="-2.920190"/>
      <trkpt lat="42.722620" lon="-2.919850"/>
      <trkpt lat="42.722220" lon="-2.919310"/>
      <trkpt lat="42.721910" lon="-2.918830"/>
      <trkpt lat="42.721580" lon="-2.918270"/>
      <trkpt lat="42.721290" lon="-2.917720"/>
      <trkpt lat="42.721030" lon="-2.917170"/>
      <trkpt lat="42.720790" lon="-2.916610"/>
      <trkpt lat="42.720550" lon="-2.915910"/>
      <trkpt lat="42.720400" lon="-2.915470"/>
      <trkpt lat="42.720260" lon="-2.914980"/>
      <trkpt lat="42.719880" lon="-2.913740"/>
      <trkpt lat="42.719670" lon="-2.913130"/>
      <trkpt lat="42.719460" lon="-2.912610"/>
      <trkpt lat="42.719210" lon="-2.912050"/>
      <trkpt lat="42.718910" lon="-2.911460"/>
      <trkpt lat="42.718700" lon="-2.911080"/>
      <trkpt lat="42.718440" lon="-2.910640"/>
      <trkpt lat="42.718070" lon="-2.910080"/>
      <trkpt lat="42.717600" lon="-2.909400"/>
      <trkpt lat="42.717060" lon="-2.908670"/>
      <trkpt lat="42.716610" lon="-2.908100"/>
      <trkpt lat="42.716110" lon="-2.907550"/>
      <trkpt lat="42.715570" lon="-2.906990"/>
      <trkpt lat="42.714990" lon="-2.906420"/>
      <trkpt lat="42.714340" lon="-2.905840"/>
      <trkpt lat="42.713800" lon="-2.905410"/>
      <trkpt lat="42.712890" lon="-2.904760"/>
      <trkpt lat="42.712630" lon="-2.904560"/>
      <trkpt lat="42.712240" lon="-2.904300"/>
      <trkpt lat="42.711820" lon="-2.904070"/>
      <trkpt lat="42.711260" lon="-2.903820"/>
      <trkpt lat="42.710780" lon="-2.903640"/>
      <trkpt lat="42.710200" lon="-2.903460"/>
      <trkpt lat="42.709580" lon="-2.903310"/>
      <trkpt lat="42.708950" lon="-2.903170"/>
      <trkpt lat="42.708370" lon="-2.903000"/>
      <trkpt lat="42.707920" lon="-2.902830"/>
      <trkpt lat="42.707360" lon="-2.902580"/>
      <trkpt lat="42.706360" lon="-2.902060"/>
      <trkpt lat="42.706020" lon="-2.901870"/>
      <trkpt lat="42.705150" lon="-2.901450"/>
      <trkpt lat="42.703860" lon="-2.900880"/>
      <trkpt lat="42.703270" lon="-2.900630"/>
      <trkpt lat="42.702620" lon="-2.900310"/>
      <trkpt lat="42.702210" lon="-2.900070"/>
      <trkpt lat="42.701710" lon="-2.899730"/>
      <trkpt lat="42.701260" lon="-2.899400"/>
      <trkpt lat="42.701020" lon="-2.899200"/>
      <trkpt lat="42.700640" lon="-2.898830"/>
      <trkpt lat="42.700160" lon="-2.898330"/>
      <trkpt lat="42.699780" lon="-2.897880"/>
      <trkpt lat="42.699490" lon="-2.897500"/>
      <trkpt lat="42.699170" lon="-2.897030"/>
      <trkpt lat="42.698190" lon="-2.895470"/>
      <trkpt lat="42.697750" lon="-2.894850"/>
      <trkpt lat="42.697420" lon="-2.894430"/>
      <trkpt lat="42.697210" lon="-2.894180"/>
      <trkpt lat="42.696960" lon="-2.893900"/>
      <trkpt lat="42.696570" lon="-2.893510"/>
      <trkpt lat="42.696230" lon="-2.893200"/>
      <trkpt lat="42.695900" lon="-2.892930"/>
      <trkpt lat="42.695520" lon="-2.892650"/>
      <trkpt lat="42.695140" lon="-2.892410"/>
      <trkpt lat="42.694810" lon="-2.892210"/>
      <trkpt lat="42.694420" lon="-2.892020"/>
      <trkpt lat="42.693910" lon="-2.891790"/>
      <trkpt lat="42.693490" lon="-2.891650"/>
      <trkpt lat="42.693020" lon="-2.891520"/>
      <trkpt lat="42.692500" lon="-2.891410"/>
      <trkpt lat="42.692050" lon="-2.891370"/>
      <trkpt lat="42.691580" lon="-2.891340"/>
      <trkpt lat="42.691140" lon="-2.891340"/>
      <trkpt lat="42.690680" lon="-2.891380"/>
      <trkpt lat="42.690250" lon="-2.891440"/>
      <trkpt lat="42.689560" lon="-2.891570"/>
      <trkpt lat="42.688880" lon="-2.891690"/>
      <trkpt lat="42.688450" lon="-2.891740"/>
      <trkpt lat="42.687900" lon="-2.891760"/>
      <trkpt lat="42.687490" lon="-2.891760"/>
      <trkpt lat="42.687010" lon="-2.891710"/>
      <trkpt lat="42.686550" lon="-2.891650"/>
      <trkpt lat="42.686090" lon="-2.891540"/>
      <trkpt lat="42.685540" lon="-2.891370"/>
      <trkpt lat="42.684980" lon="-2.891140"/>
      <trkpt lat="42.684570" lon="-2.890940"/>
      <trkpt lat="42.683680" lon="-2.890440"/>
      <trkpt lat="42.682830" lon="-2.889940"/>
      <trkpt lat="42.682350" lon="-2.889710"/>
      <trkpt lat="42.681930" lon="-2.889550"/>
      <trkpt lat="42.681790" lon="-2.889490"/>
      <trkpt lat="42.681370" lon="-2.889360"/>
      <trkpt lat="42.680900" lon="-2.889250"/>
      <trkpt lat="42.680680" lon="-2.889210"/>
      <trkpt lat="42.680150" lon="-2.889140"/>
      <trkpt lat="42.679510" lon="-2.889130"/>
      <trkpt lat="42.679410" lon="-2.889190"/>
      <trkpt lat="42.679060" lon="-2.889230"/>
      <trkpt lat="42.678770" lon="-2.889280"/>
      <trkpt lat="42.678440" lon="-2.889360"/>
      <trkpt lat="42.678270" lon="-2.889430"/>
      <trkpt lat="42.678140" lon="-2.889500"/>
      <trkpt lat="42.677970" lon="-2.889640"/>
      <trkpt lat="42.677830" lon="-2.889800"/>
      <trkpt lat="42.677700" lon="-2.889960"/>
      <trkpt lat="42.677600" lon="-2.890150"/>
      <trkpt lat="42.677350" lon="-2.890640"/>
      <trkpt lat="42.677240" lon="-2.890830"/>
      <trkpt lat="42.677130" lon="-2.890980"/>
      <trkpt lat="42.677000" lon="-2.891110"/>
      <trkpt lat="42.676860" lon="-2.891220"/>
      <trkpt lat="42.676720" lon="-2.891320"/>
      <trkpt lat="42.676560" lon="-2.891380"/>
      <trkpt lat="42.676450" lon="-2.891420"/>
      <trkpt lat="42.676260" lon="-2.891440"/>
      <trkpt lat="42.676120" lon="-2.891440"/>
      <trkpt lat="42.675960" lon="-2.891420"/>
      <trkpt lat="42.675790" lon="-2.891360"/>
      <trkpt lat="42.675640" lon="-2.891290"/>
      <trkpt lat="42.675450" lon="-2.891150"/>
      <trkpt lat="42.675260" lon="-2.890960"/>
      <trkpt lat="42.675120" lon="-2.890750"/>
      <trkpt lat="42.675030" lon="-2.890600"/>
      <trkpt lat="42.674970" lon="-2.890480"/>
      <trkpt lat="42.674920" lon="-2.890330"/>
      <trkpt lat="42.674860" lon="-2.890100"/>
      <trkpt lat="42.674830" lon="-2.889960"/>
      <trkpt lat="42.674820" lon="-2.889780"/>
      <trkpt lat="42.674810" lon="-2.889520"/>
      <trkpt lat="42.674820" lon="-2.889220"/>
      <trkpt lat="42.674870" lon="-2.888620"/>
      <trkpt lat="42.674880" lon="-2.888330"/>
      <trkpt lat="42.674860" lon="-2.888100"/>
      <trkpt lat="42.674830" lon="-2.887910"/>
      <trkpt lat="42.674780" lon="-2.887690"/>
      <trkpt lat="42.674700" lon="-2.887480"/>
      <trkpt lat="42.674620" lon="-2.887300"/>
      <trkpt lat="42.674480" lon="-2.887100"/>
      <trkpt lat="42.674370" lon="-2.886960"/>
      <trkpt lat="42.674310" lon="-2.886900"/>
      <trkpt lat="42.674270" lon="-2.886850"/>
      <trkpt lat="42.674190" lon="-2.886790"/>
      <trkpt lat="42.674130" lon="-2.886740"/>
      <trkpt lat="42.674070" lon="-2.886710"/>
      <trkpt lat="42.674010" lon="-2.886670"/>
      <trkpt lat="42.673970" lon="-2.886660"/>
      <trkpt lat="42.673880" lon="-2.886610"/>
      <trkpt lat="42.673860" lon="-2.886610"/>
      <trkpt lat="42.673790" lon="-2.886590"/>
      <trkpt lat="42.673730" lon="-2.886570"/>
      <trkpt lat="42.673570" lon="-2.886560"/>
      <trkpt lat="42.673260" lon="-2.886600"/>
      <trkpt lat="42.673180" lon="-2.886610"/>
      <trkpt lat="42.673110" lon="-2.886630"/>
      <trkpt lat="42.672870" lon="-2.886690"/>
      <trkpt lat="42.672670" lon="-2.886740"/>
      <trkpt lat="42.672230" lon="-2.886830"/>
      <trkpt lat="42.672150" lon="-2.886880"/>
      <trkpt lat="42.672090" lon="-2.886940"/>
      <trkpt lat="42.672030" lon="-2.887000"/>
      <trkpt lat="42.672000" lon="-2.887070"/>
      <trkpt lat="42.671970" lon="-2.887150"/>
      <trkpt lat="42.671930" lon="-2.887210"/>
      <trkpt lat="42.671880" lon="-2.887260"/>
      <trkpt lat="42.671820" lon="-2.887290"/>
      <trkpt lat="42.671760" lon="-2.887310"/>
      <trkpt lat="42.671700" lon="-2.887310"/>
      <trkpt lat="42.671640" lon="-2.887300"/>
      <trkpt lat="42.671580" lon="-2.887270"/>
      <trkpt lat="42.671520" lon="-2.887220"/>
      <trkpt lat="42.671480" lon="-2.887160"/>
      <trkpt lat="42.671320" lon="-2.887060"/>
      <trkpt lat="42.671220" lon="-2.887020"/>
      <trkpt lat="42.671140" lon="-2.886970"/>
      <trkpt lat="42.671040" lon="-2.886890"/>
      <trkpt lat="42.670980" lon="-2.886800"/>
      <trkpt lat="42.670920" lon="-2.886690"/>
      <trkpt lat="42.670860" lon="-2.886530"/>
      <trkpt lat="42.670760" lon="-2.886170"/>
      <trkpt lat="42.670710" lon="-2.885990"/>
      <trkpt lat="42.670670" lon="-2.885880"/>
      <trkpt lat="42.670630" lon="-2.885790"/>
      <trkpt lat="42.670570" lon="-2.885670"/>
      <trkpt lat="42.670490" lon="-2.885550"/>
      <trkpt lat="42.670400" lon="-2.885450"/>
      <trkpt lat="42.670330" lon="-2.885390"/>
      <trkpt lat="42.670250" lon="-2.885330"/>
      <trkpt lat="42.670150" lon="-2.885280"/>
      <trkpt lat="42.669890" lon="-2.885230"/>
      <trkpt lat="42.669160" lon="-2.885130"/>
      <trkpt lat="42.669090" lon="-2.885130"/>
      <trkpt lat="42.668870" lon="-2.885020"/>
      <trkpt lat="42.668530" lon="-2.884960"/>
      <trkpt lat="42.667950" lon="-2.884850"/>
      <trkpt lat="42.667210" lon="-2.884720"/>
      <trkpt lat="42.666730" lon="-2.884640"/>
      <trkpt lat="42.666300" lon="-2.884580"/>
      <trkpt lat="42.665820" lon="-2.884520"/>
      <trkpt lat="42.665370" lon="-2.884490"/>
      <trkpt lat="42.664920" lon="-2.884470"/>
      <trkpt lat="42.664190" lon="-2.884470"/>
      <trkpt lat="42.663490" lon="-2.884490"/>
      <trkpt lat="42.662940" lon="-2.884510"/>
      <trkpt lat="42.662420" lon="-2.884510"/>
      <trkpt lat="42.662180" lon="-2.884510"/>
      <trkpt lat="42.661960" lon="-2.884490"/>
      <trkpt lat="42.661540" lon="-2.884450"/>
      <trkpt lat="42.661150" lon="-2.884380"/>
      <trkpt lat="42.660800" lon="-2.884300"/>
      <trkpt lat="42.660540" lon="-2.884220"/>
      <trkpt lat="42.660320" lon="-2.884150"/>
      <trkpt lat="42.659870" lon="-2.883980"/>
      <trkpt lat="42.659660" lon="-2.883890"/>
      <trkpt lat="42.659460" lon="-2.883790"/>
      <trkpt lat="42.659010" lon="-2.883580"/>
      <trkpt lat="42.658670" lon="-2.883380"/>
      <trkpt lat="42.658430" lon="-2.883220"/>
      <trkpt lat="42.658180" lon="-2.883030"/>
      <trkpt lat="42.657930" lon="-2.882850"/>
      <trkpt lat="42.657680" lon="-2.882640"/>
      <trkpt lat="42.657470" lon="-2.882460"/>
      <trkpt lat="42.657150" lon="-2.882150"/>
      <trkpt lat="42.656890" lon="-2.881870"/>
      <trkpt lat="42.656640" lon="-2.881600"/>
      <trkpt lat="42.656390" lon="-2.881290"/>
      <trkpt lat="42.656180" lon="-2.881020"/>
      <trkpt lat="42.656000" lon="-2.880770"/>
      <trkpt lat="42.655780" lon="-2.880440"/>
      <trkpt lat="42.655620" lon="-2.880190"/>
      <trkpt lat="42.655400" lon="-2.879820"/>
      <trkpt lat="42.655200" lon="-2.879460"/>
      <trkpt lat="42.654830" lon="-2.878770"/>
      <trkpt lat="42.654550" lon="-2.878240"/>
      <trkpt lat="42.653950" lon="-2.877050"/>
      <trkpt lat="42.653730" lon="-2.876660"/>
      <trkpt lat="42.653530" lon="-2.876340"/>
      <trkpt lat="42.653130" lon="-2.875750"/>
      <trkpt lat="42.652830" lon="-2.875370"/>
      <trkpt lat="42.652650" lon="-2.875150"/>
      <trkpt lat="42.652480" lon="-2.874960"/>
      <trkpt lat="42.652160" lon="-2.874610"/>
      <trkpt lat="42.651900" lon="-2.874350"/>
      <trkpt lat="42.651670" lon="-2.874140"/>
      <trkpt lat="42.651300" lon="-2.873830"/>
      <trkpt lat="42.650470" lon="-2.873230"/>
      <trkpt lat="42.647040" lon="-2.871030"/>
      <trkpt lat="42.645290" lon="-2.869910"/>
      <trkpt lat="42.644720" lon="-2.869550"/>
      <trkpt lat="42.643880" lon="-2.869020"/>
      <trkpt lat="42.643630" lon="-2.868850"/>
      <trkpt lat="42.643360" lon="-2.868630"/>
      <trkpt lat="42.643150" lon="-2.868410"/>
      <trkpt lat="42.642960" lon="-2.868170"/>
      <trkpt lat="42.642770" lon="-2.867880"/>
      <trkpt lat="42.642680" lon="-2.867720"/>
      <trkpt lat="42.642580" lon="-2.867520"/>
      <trkpt lat="42.642460" lon="-2.867210"/>
      <trkpt lat="42.642380" lon="-2.866990"/>
      <trkpt lat="42.642100" lon="-2.866000"/>
      <trkpt lat="42.641950" lon="-2.865540"/>
      <trkpt lat="42.641760" lon="-2.864980"/>
      <trkpt lat="42.641520" lon="-2.864340"/>
      <trkpt lat="42.641220" lon="-2.863620"/>
      <trkpt lat="42.640930" lon="-2.862940"/>
      <trkpt lat="42.640590" lon="-2.862090"/>
      <trkpt lat="42.640390" lon="-2.861550"/>
      <trkpt lat="42.640300" lon="-2.861250"/>
      <trkpt lat="42.640060" lon="-2.860510"/>
      <trkpt lat="42.639780" lon="-2.859430"/>
      <trkpt lat="42.639520" lon="-2.858440"/>
      <trkpt lat="42.639340" lon="-2.857830"/>
      <trkpt lat="42.639140" lon="-2.857220"/>
      <trkpt lat="42.638930" lon="-2.856630"/>
      <trkpt lat="42.638560" lon="-2.855700"/>
      <trkpt lat="42.638080" lon="-2.854670"/>
      <trkpt lat="42.637720" lon="-2.853960"/>
      <trkpt lat="42.637300" lon="-2.853260"/>
      <trkpt lat="42.636070" lon="-2.851240"/>
      <trkpt lat="42.635750" lon="-2.850710"/>
      <trkpt lat="42.635380" lon="-2.850090"/>
      <trkpt lat="42.635160" lon="-2.849730"/>
      <trkpt lat="42.634400" lon="-2.848480"/>
      <trkpt lat="42.633160" lon="-2.846420"/>
      <trkpt lat="42.632060" lon="-2.844600"/>
      <trkpt lat="42.631580" lon="-2.843800"/>
      <trkpt lat="42.631410" lon="-2.843530"/>
      <trkpt lat="42.631280" lon="-2.843340"/>
      <trkpt lat="42.631130" lon="-2.843130"/>
      <trkpt lat="42.630880" lon="-2.842810"/>
      <trkpt lat="42.630730" lon="-2.842630"/>
      <trkpt lat="42.630450" lon="-2.842330"/>
      <trkpt lat="42.630140" lon="-2.842010"/>
      <trkpt lat="42.629980" lon="-2.841870"/>
      <trkpt lat="42.629690" lon="-2.841630"/>
      <trkpt lat="42.629130" lon="-2.841230"/>
      <trkpt lat="42.628880" lon="-2.841080"/>
      <trkpt lat="42.628660" lon="-2.840960"/>
      <trkpt lat="42.628410" lon="-2.840860"/>
      <trkpt lat="42.628260" lon="-2.840810"/>
      <trkpt lat="42.628030" lon="-2.840770"/>
      <trkpt lat="42.627870" lon="-2.840750"/>
      <trkpt lat="42.627720" lon="-2.840750"/>
      <trkpt lat="42.627510" lon="-2.840770"/>
      <trkpt lat="42.627300" lon="-2.840800"/>
      <trkpt lat="42.627060" lon="-2.840850"/>
      <trkpt lat="42.626660" lon="-2.840940"/>
      <trkpt lat="42.626090" lon="-2.841100"/>
      <trkpt lat="42.625570" lon="-2.841260"/>
      <trkpt lat="42.625130" lon="-2.841410"/>
      <trkpt lat="42.624200" lon="-2.841790"/>
      <trkpt lat="42.624080" lon="-2.841850"/>
      <trkpt lat="42.623830" lon="-2.841980"/>
      <trkpt lat="42.623710" lon="-2.842050"/>
      <trkpt lat="42.623600" lon="-2.842120"/>
      <trkpt lat="42.623410" lon="-2.842250"/>
      <trkpt lat="42.623270" lon="-2.842380"/>
      <trkpt lat="42.623130" lon="-2.842520"/>
      <trkpt lat="42.622510" lon="-2.843150"/>
      <trkpt lat="42.622320" lon="-2.843350"/>
      <trkpt lat="42.622180" lon="-2.843460"/>
      <trkpt lat="42.622020" lon="-2.843600"/>
      <trkpt lat="42.621820" lon="-2.843740"/>
      <trkpt lat="42.621680" lon="-2.843850"/>
      <trkpt lat="42.621510" lon="-2.843940"/>
      <trkpt lat="42.621260" lon="-2.844070"/>
      <trkpt lat="42.620530" lon="-2.844460"/>
      <trkpt lat="42.620270" lon="-2.844610"/>
      <trkpt lat="42.620040" lon="-2.844770"/>
      <trkpt lat="42.619290" lon="-2.845300"/>
      <trkpt lat="42.618950" lon="-2.845540"/>
      <trkpt lat="42.618800" lon="-2.845640"/>
      <trkpt lat="42.618610" lon="-2.845760"/>
      <trkpt lat="42.618430" lon="-2.845850"/>
      <trkpt lat="42.618300" lon="-2.845910"/>
      <trkpt lat="42.618150" lon="-2.845960"/>
      <trkpt lat="42.618000" lon="-2.846010"/>
      <trkpt lat="42.617690" lon="-2.846060"/>
      <trkpt lat="42.617510" lon="-2.846090"/>
      <trkpt lat="42.617340" lon="-2.846100"/>
      <trkpt lat="42.617200" lon="-2.846100"/>
      <trkpt lat="42.617070" lon="-2.846080"/>
      <trkpt lat="42.616850" lon="-2.846010"/>
      <trkpt lat="42.616670" lon="-2.845920"/>
      <trkpt lat="42.616360" lon="-2.845730"/>
      <trkpt lat="42.616110" lon="-2.845550"/>
      <trkpt lat="42.615920" lon="-2.845390"/>
      <trkpt lat="42.615760" lon="-2.845230"/>
      <trkpt lat="42.615600" lon="-2.845040"/>
      <trkpt lat="42.615490" lon="-2.844900"/>
      <trkpt lat="42.615350" lon="-2.844700"/>
      <trkpt lat="42.615060" lon="-2.844270"/>
      <trkpt lat="42.614850" lon="-2.843980"/>
      <trkpt lat="42.614760" lon="-2.843860"/>
      <trkpt lat="42.614610" lon="-2.843710"/>
      <trkpt lat="42.614490" lon="-2.843610"/>
      <trkpt lat="42.614330" lon="-2.843490"/>
      <trkpt lat="42.614160" lon="-2.843380"/>
      <trkpt lat="42.613580" lon="-2.843020"/>
      <trkpt lat="42.613460" lon="-2.842940"/>
      <trkpt lat="42.613260" lon="-2.842780"/>
      <trkpt lat="42.613080" lon="-2.842600"/>
      <trkpt lat="42.612890" lon="-2.842390"/>
      <trkpt lat="42.612700" lon="-2.842120"/>
      <trkpt lat="42.612560" lon="-2.841880"/>
      <trkpt lat="42.612430" lon="-2.841630"/>
      <trkpt lat="42.612220" lon="-2.841160"/>
      <trkpt lat="42.612050" lon="-2.840780"/>
      <trkpt lat="42.611890" lon="-2.840470"/>
      <trkpt lat="42.611760" lon="-2.840250"/>
      <trkpt lat="42.611560" lon="-2.840000"/>
      <trkpt lat="42.611380" lon="-2.839810"/>
      <trkpt lat="42.611190" lon="-2.839650"/>
      <trkpt lat="42.611020" lon="-2.839540"/>
      <trkpt lat="42.610820" lon="-2.839430"/>
      <trkpt lat="42.610620" lon="-2.839360"/>
      <trkpt lat="42.610460" lon="-2.839320"/>
      <trkpt lat="42.610270" lon="-2.839290"/>
      <trkpt lat="42.610050" lon="-2.839280"/>
      <trkpt lat="42.609860" lon="-2.839280"/>
      <trkpt lat="42.609190" lon="-2.839310"/>
      <trkpt lat="42.608890" lon="-2.839310"/>
      <trkpt lat="42.608760" lon="-2.839310"/>
      <trkpt lat="42.608630" lon="-2.839310"/>
      <trkpt lat="42.608290" lon="-2.839290"/>
      <trkpt lat="42.608120" lon="-2.839270"/>
      <trkpt lat="42.608040" lon="-2.839290"/>
      <trkpt lat="42.607920" lon="-2.839290"/>
      <trkpt lat="42.607670" lon="-2.839260"/>
      <trkpt lat="42.607460" lon="-2.839240"/>
      <trkpt lat="42.607300" lon="-2.839230"/>
      <trkpt lat="42.607080" lon="-2.839230"/>
      <trkpt lat="42.606800" lon="-2.839240"/>
      <trkpt lat="42.606490" lon="-2.839260"/>
      <trkpt lat="42.606130" lon="-2.839320"/>
      <trkpt lat="42.605860" lon="-2.839360"/>
      <trkpt lat="42.605650" lon="-2.839370"/>
      <trkpt lat="42.605570" lon="-2.839370"/>
      <trkpt lat="42.605450" lon="-2.839360"/>
      <trkpt lat="42.605390" lon="-2.839390"/>
      <trkpt lat="42.605340" lon="-2.839390"/>
      <trkpt lat="42.605300" lon="-2.839390"/>
      <trkpt lat="42.605250" lon="-2.839380"/>
      <trkpt lat="42.605160" lon="-2.839330"/>
      <trkpt lat="42.605080" lon="-2.839250"/>
      <trkpt lat="42.605020" lon="-2.839140"/>
      <trkpt lat="42.604990" lon="-2.839010"/>
      <trkpt lat="42.604980" lon="-2.838880"/>
      <trkpt lat="42.605010" lon="-2.838740"/>
      <trkpt lat="42.605060" lon="-2.838630"/>
      <trkpt lat="42.605090" lon="-2.838590"/>
      <trkpt lat="42.605130" lon="-2.838540"/>
      <trkpt lat="42.605150" lon="-2.838450"/>
      <trkpt lat="42.605160" lon="-2.838390"/>
      <trkpt lat="42.605160" lon="-2.838330"/>
      <trkpt lat="42.605150" lon="-2.838270"/>
      <trkpt lat="42.605130" lon="-2.838220"/>
      <trkpt lat="42.605110" lon="-2.838190"/>
      <trkpt lat="42.605070" lon="-2.838110"/>
      <trkpt lat="42.604510" lon="-2.837380"/>
      <trkpt lat="42.604280" lon="-2.837080"/>
      <trkpt lat="42.604120" lon="-2.836870"/>
      <trkpt lat="42.604040" lon="-2.836760"/>
      <trkpt lat="42.602950" lon="-2.835320"/>
      <trkpt lat="42.602830" lon="-2.835170"/>
      <trkpt lat="42.602590" lon="-2.834850"/>
      <trkpt lat="42.602260" lon="-2.834420"/>
      <trkpt lat="42.602150" lon="-2.834230"/>
      <trkpt lat="42.602080" lon="-2.834120"/>
      <trkpt lat="42.601970" lon="-2.833870"/>
      <trkpt lat="42.601900" lon="-2.833620"/>
      <trkpt lat="42.601890" lon="-2.833530"/>
      <trkpt lat="42.601870" lon="-2.833450"/>
      <trkpt lat="42.601850" lon="-2.833240"/>
      <trkpt lat="42.601850" lon="-2.833060"/>
      <trkpt lat="42.601850" lon="-2.832870"/>
      <trkpt lat="42.601850" lon="-2.832790"/>
      <trkpt lat="42.601870" lon="-2.831900"/>
      <trkpt lat="42.601870" lon="-2.831460"/>
      <trkpt lat="42.601880" lon="-2.830420"/>
      <trkpt lat="42.601880" lon="-2.830370"/>
      <trkpt lat="42.601880" lon="-2.830330"/>
      <trkpt lat="42.601890" lon="-2.830130"/>
      <trkpt lat="42.601900" lon="-2.829630"/>
      <trkpt lat="42.601910" lon="-2.828960"/>
      <trkpt lat="42.602020" lon="-2.824470"/>
      <trkpt lat="42.602000" lon="-2.823420"/>
      <trkpt lat="42.601880" lon="-2.821730"/>
      <trkpt lat="42.601840" lon="-2.821400"/>
      <trkpt lat="42.601770" lon="-2.821020"/>
      <trkpt lat="42.601690" lon="-2.820710"/>
      <trkpt lat="42.601610" lon="-2.820440"/>
      <trkpt lat="42.601570" lon="-2.820340"/>
      <trkpt lat="42.601510" lon="-2.820190"/>
      <trkpt lat="42.601410" lon="-2.819950"/>
      <trkpt lat="42.601260" lon="-2.819700"/>
      <trkpt lat="42.601130" lon="-2.819460"/>
      <trkpt lat="42.600800" lon="-2.818950"/>
      <trkpt lat="42.600450" lon="-2.818430"/>
      <trkpt lat="42.599760" lon="-2.817480"/>
      <trkpt lat="42.599460" lon="-2.817090"/>
      <trkpt lat="42.599090" lon="-2.816650"/>
      <trkpt lat="42.598810" lon="-2.816240"/>
      <trkpt lat="42.598610" lon="-2.815820"/>
      <trkpt lat="42.598540" lon="-2.815660"/>
      <trkpt lat="42.598430" lon="-2.815330"/>
      <trkpt lat="42.598360" lon="-2.815030"/>
      <trkpt lat="42.598310" lon="-2.814750"/>
      <trkpt lat="42.598280" lon="-2.814460"/>
      <trkpt lat="42.598280" lon="-2.814250"/>
      <trkpt lat="42.598280" lon="-2.813950"/>
      <trkpt lat="42.598380" lon="-2.812440"/>
      <trkpt lat="42.598400" lon="-2.812030"/>
      <trkpt lat="42.598390" lon="-2.811730"/>
      <trkpt lat="42.598360" lon="-2.811430"/>
      <trkpt lat="42.598270" lon="-2.810890"/>
      <trkpt lat="42.598150" lon="-2.810200"/>
      <trkpt lat="42.598080" lon="-2.809850"/>
      <trkpt lat="42.597990" lon="-2.809490"/>
      <trkpt lat="42.597900" lon="-2.809170"/>
      <trkpt lat="42.597690" lon="-2.808610"/>
      <trkpt lat="42.597210" lon="-2.807480"/>
      <trkpt lat="42.596870" lon="-2.806700"/>
      <trkpt lat="42.596590" lon="-2.806060"/>
      <trkpt lat="42.596090" lon="-2.804920"/>
      <trkpt lat="42.595890" lon="-2.804530"/>
      <trkpt lat="42.595730" lon="-2.804300"/>
      <trkpt lat="42.595560" lon="-2.804070"/>
      <trkpt lat="42.595410" lon="-2.803890"/>
      <trkpt lat="42.595230" lon="-2.803680"/>
      <trkpt lat="42.594790" lon="-2.803220"/>
      <trkpt lat="42.594430" lon="-2.802850"/>
      <trkpt lat="42.594400" lon="-2.802820"/>
      <trkpt lat="42.594310" lon="-2.802730"/>
      <trkpt lat="42.594080" lon="-2.802490"/>
      <trkpt lat="42.593670" lon="-2.802060"/>
      <trkpt lat="42.593460" lon="-2.801840"/>
      <trkpt lat="42.593250" lon="-2.801600"/>
      <trkpt lat="42.593070" lon="-2.801390"/>
      <trkpt lat="42.592960" lon="-2.801250"/>
      <trkpt lat="42.592560" lon="-2.800720"/>
      <trkpt lat="42.592410" lon="-2.800600"/>
      <trkpt lat="42.592350" lon="-2.800550"/>
      <trkpt lat="42.592300" lon="-2.800530"/>
      <trkpt lat="42.592240" lon="-2.800510"/>
      <trkpt lat="42.592210" lon="-2.800510"/>
      <trkpt lat="42.592190" lon="-2.800500"/>
      <trkpt lat="42.592170" lon="-2.800490"/>
      <trkpt lat="42.592150" lon="-2.800460"/>
      <trkpt lat="42.592140" lon="-2.800430"/>
      <trkpt lat="42.592130" lon="-2.800390"/>
      <trkpt lat="42.592140" lon="-2.800360"/>
      <trkpt lat="42.592120" lon="-2.800280"/>
      <trkpt lat="42.592060" lon="-2.800040"/>
      <trkpt lat="42.592010" lon="-2.799960"/>
      <trkpt lat="42.591940" lon="-2.799840"/>
      <trkpt lat="42.591770" lon="-2.799610"/>
      <trkpt lat="42.591660" lon="-2.799470"/>
      <trkpt lat="42.591570" lon="-2.799340"/>
      <trkpt lat="42.591390" lon="-2.799070"/>
      <trkpt lat="42.591320" lon="-2.798930"/>
      <trkpt lat="42.591270" lon="-2.798820"/>
      <trkpt lat="42.591130" lon="-2.798510"/>
      <trkpt lat="42.591080" lon="-2.798390"/>
      <trkpt lat="42.591030" lon="-2.798260"/>
      <trkpt lat="42.590620" lon="-2.797280"/>
      <trkpt lat="42.590590" lon="-2.797200"/>
      <trkpt lat="42.590550" lon="-2.797120"/>
      <trkpt lat="42.590350" lon="-2.796650"/>
      <trkpt lat="42.590230" lon="-2.796350"/>
      <trkpt lat="42.590210" lon="-2.796290"/>
      <trkpt lat="42.590100" lon="-2.796030"/>
      <trkpt lat="42.590070" lon="-2.795970"/>
      <trkpt lat="42.590000" lon="-2.795800"/>
      <trkpt lat="42.589920" lon="-2.795580"/>
      <trkpt lat="42.589870" lon="-2.795470"/>
      <trkpt lat="42.589760" lon="-2.795210"/>
      <trkpt lat="42.589480" lon="-2.794560"/>
      <trkpt lat="42.589450" lon="-2.794490"/>
      <trkpt lat="42.589380" lon="-2.794310"/>
      <trkpt lat="42.589360" lon="-2.794270"/>
      <trkpt lat="42.589250" lon="-2.794070"/>
      <trkpt lat="42.589200" lon="-2.793980"/>
      <trkpt lat="42.589140" lon="-2.793850"/>
      <trkpt lat="42.589080" lon="-2.793700"/>
      <trkpt lat="42.589040" lon="-2.793570"/>
      <trkpt lat="42.589000" lon="-2.793420"/>
      <trkpt lat="42.588940" lon="-2.793260"/>
      <trkpt lat="42.588780" lon="-2.792900"/>
      <trkpt lat="42.588720" lon="-2.792760"/>
      <trkpt lat="42.588690" lon="-2.792680"/>
      <trkpt lat="42.588670" lon="-2.792610"/>
      <trkpt lat="42.588660" lon="-2.792530"/>
      <trkpt lat="42.588660" lon="-2.792470"/>
      <trkpt lat="42.588660" lon="-2.792380"/>
      <trkpt lat="42.588670" lon="-2.792300"/>
      <trkpt lat="42.588700" lon="-2.792120"/>
      <trkpt lat="42.588760" lon="-2.791910"/>
      <trkpt lat="42.588860" lon="-2.791540"/>
      <trkpt lat="42.588910" lon="-2.791340"/>
      <trkpt lat="42.588940" lon="-2.791200"/>
      <trkpt lat="42.588940" lon="-2.791130"/>
      <trkpt lat="42.588930" lon="-2.790960"/>
      <trkpt lat="42.588920" lon="-2.790730"/>
      <trkpt lat="42.588910" lon="-2.790650"/>
      <trkpt lat="42.588900" lon="-2.790490"/>
      <trkpt lat="42.588890" lon="-2.790420"/>
      <trkpt lat="42.588880" lon="-2.790340"/>
      <trkpt lat="42.588860" lon="-2.790260"/>
      <trkpt lat="42.588830" lon="-2.790180"/>
      <trkpt lat="42.588800" lon="-2.790100"/>
      <trkpt lat="42.588760" lon="-2.790020"/>
      <trkpt lat="42.588690" lon="-2.789920"/>
      <trkpt lat="42.588610" lon="-2.789820"/>
      <trkpt lat="42.588560" lon="-2.789750"/>
      <trkpt lat="42.588480" lon="-2.789640"/>
      <trkpt lat="42.588250" lon="-2.789370"/>
      <trkpt lat="42.588040" lon="-2.789160"/>
      <trkpt lat="42.587820" lon="-2.788940"/>
      <trkpt lat="42.586330" lon="-2.787460"/>
      <trkpt lat="42.585750" lon="-2.786920"/>
      <trkpt lat="42.585580" lon="-2.786760"/>
      <trkpt lat="42.585220" lon="-2.786430"/>
      <trkpt lat="42.584860" lon="-2.786090"/>
      <trkpt lat="42.584700" lon="-2.785930"/>
      <trkpt lat="42.584400" lon="-2.785610"/>
      <trkpt lat="42.584380" lon="-2.785580"/>
      <trkpt lat="42.584120" lon="-2.785270"/>
      <trkpt lat="42.584030" lon="-2.785170"/>
      <trkpt lat="42.583810" lon="-2.784880"/>
      <trkpt lat="42.583220" lon="-2.784080"/>
      <trkpt lat="42.581900" lon="-2.782200"/>
      <trkpt lat="42.581270" lon="-2.781280"/>
      <trkpt lat="42.580090" lon="-2.779530"/>
      <trkpt lat="42.579680" lon="-2.778940"/>
      <trkpt lat="42.579380" lon="-2.778580"/>
      <trkpt lat="42.579280" lon="-2.778480"/>
      <trkpt lat="42.579160" lon="-2.778370"/>
      <trkpt lat="42.578960" lon="-2.778200"/>
      <trkpt lat="42.578700" lon="-2.778000"/>
      <trkpt lat="42.578420" lon="-2.777820"/>
      <trkpt lat="42.577860" lon="-2.777500"/>
      <trkpt lat="42.577410" lon="-2.777220"/>
      <trkpt lat="42.577030" lon="-2.776920"/>
      <trkpt lat="42.576760" lon="-2.776650"/>
      <trkpt lat="42.576530" lon="-2.776380"/>
      <trkpt lat="42.576350" lon="-2.776110"/>
      <trkpt lat="42.576200" lon="-2.775890"/>
      <trkpt lat="42.576050" lon="-2.775620"/>
      <trkpt lat="42.575940" lon="-2.775380"/>
      <trkpt lat="42.575790" lon="-2.775000"/>
      <trkpt lat="42.575620" lon="-2.774570"/>
      <trkpt lat="42.575420" lon="-2.773990"/>
      <trkpt lat="42.575100" lon="-2.773080"/>
      <trkpt lat="42.573440" lon="-2.768500"/>
      <trkpt lat="42.572450" lon="-2.765740"/>
      <trkpt lat="42.572010" lon="-2.764500"/>
      <trkpt lat="42.571790" lon="-2.763880"/>
      <trkpt lat="42.571660" lon="-2.763530"/>
      <trkpt lat="42.571610" lon="-2.763370"/>
      <trkpt lat="42.571550" lon="-2.763180"/>
      <trkpt lat="42.571480" lon="-2.762990"/>
      <trkpt lat="42.571450" lon="-2.762860"/>
      <trkpt lat="42.571420" lon="-2.762720"/>
      <trkpt lat="42.571350" lon="-2.762480"/>
      <trkpt lat="42.571280" lon="-2.762160"/>
      <trkpt lat="42.571240" lon="-2.761900"/>
      <trkpt lat="42.571200" lon="-2.761630"/>
      <trkpt lat="42.571190" lon="-2.761410"/>
      <trkpt lat="42.571180" lon="-2.761220"/>
      <trkpt lat="42.571180" lon="-2.761110"/>
      <trkpt lat="42.571180" lon="-2.760830"/>
      <trkpt lat="42.571180" lon="-2.760530"/>
      <trkpt lat="42.571190" lon="-2.760240"/>
      <trkpt lat="42.571180" lon="-2.760120"/>
      <trkpt lat="42.571220" lon="-2.759650"/>
      <trkpt lat="42.571290" lon="-2.758780"/>
      <trkpt lat="42.571270" lon="-2.758650"/>
      <trkpt lat="42.571250" lon="-2.758480"/>
      <trkpt lat="42.571220" lon="-2.758390"/>
      <trkpt lat="42.571180" lon="-2.758330"/>
      <trkpt lat="42.571150" lon="-2.758260"/>
      <trkpt lat="42.571140" lon="-2.758170"/>
      <trkpt lat="42.571150" lon="-2.758080"/>
      <trkpt lat="42.571150" lon="-2.758050"/>
      <trkpt lat="42.571160" lon="-2.758020"/>
      <trkpt lat="42.571190" lon="-2.757960"/>
      <trkpt lat="42.571230" lon="-2.757920"/>
      <trkpt lat="42.571280" lon="-2.757890"/>
      <trkpt lat="42.571390" lon="-2.757600"/>
      <trkpt lat="42.571440" lon="-2.757070"/>
      <trkpt lat="42.571470" lon="-2.756550"/>
      <trkpt lat="42.571480" lon="-2.756170"/>
      <trkpt lat="42.571470" lon="-2.755780"/>
      <trkpt lat="42.571440" lon="-2.755400"/>
      <trkpt lat="42.571390" lon="-2.754980"/>
      <trkpt lat="42.571290" lon="-2.754500"/>
      <trkpt lat="42.571220" lon="-2.754220"/>
      <trkpt lat="42.571100" lon="-2.753870"/>
      <trkpt lat="42.571000" lon="-2.753590"/>
      <trkpt lat="42.570900" lon="-2.753340"/>
      <trkpt lat="42.570690" lon="-2.752910"/>
      <trkpt lat="42.569580" lon="-2.750950"/>
      <trkpt lat="42.568260" lon="-2.748560"/>
      <trkpt lat="42.567920" lon="-2.747940"/>
      <trkpt lat="42.567210" lon="-2.746670"/>
      <trkpt lat="42.566950" lon="-2.746180"/>
      <trkpt lat="42.566730" lon="-2.745700"/>
      <trkpt lat="42.566580" lon="-2.745280"/>
      <trkpt lat="42.566480" lon="-2.744960"/>
      <trkpt lat="42.566390" lon="-2.744590"/>
      <trkpt lat="42.566320" lon="-2.744190"/>
      <trkpt lat="42.566280" lon="-2.743990"/>
      <trkpt lat="42.566210" lon="-2.743180"/>
      <trkpt lat="42.566210" lon="-2.742490"/>
      <trkpt lat="42.566230" lon="-2.742080"/>
      <trkpt lat="42.566250" lon="-2.741680"/>
      <trkpt lat="42.566260" lon="-2.741620"/>
      <trkpt lat="42.566290" lon="-2.741110"/>
      <trkpt lat="42.566380" lon="-2.739870"/>
      <trkpt lat="42.566420" lon="-2.739230"/>
      <trkpt lat="42.566560" lon="-2.736780"/>
      <trkpt lat="42.566600" lon="-2.736150"/>
      <trkpt lat="42.566610" lon="-2.735740"/>
      <trkpt lat="42.566600" lon="-2.735440"/>
      <trkpt lat="42.566570" lon="-2.735180"/>
      <trkpt lat="42.566510" lon="-2.734810"/>
      <trkpt lat="42.566400" lon="-2.734290"/>
      <trkpt lat="42.566340" lon="-2.733900"/>
      <trkpt lat="42.566300" lon="-2.733600"/>
      <trkpt lat="42.566270" lon="-2.733280"/>
      <trkpt lat="42.566280" lon="-2.732970"/>
      <trkpt lat="42.566310" lon="-2.732670"/>
      <trkpt lat="42.566360" lon="-2.732240"/>
      <trkpt lat="42.566520" lon="-2.730780"/>
      <trkpt lat="42.566580" lon="-2.730430"/>
      <trkpt lat="42.566660" lon="-2.730090"/>
      <trkpt lat="42.566760" lon="-2.729780"/>
      <trkpt lat="42.566890" lon="-2.729470"/>
      <trkpt lat="42.567020" lon="-2.729190"/>
      <trkpt lat="42.567200" lon="-2.728900"/>
      <trkpt lat="42.567400" lon="-2.728620"/>
      <trkpt lat="42.567730" lon="-2.728140"/>
      <trkpt lat="42.567890" lon="-2.727900"/>
      <trkpt lat="42.568050" lon="-2.727630"/>
      <trkpt lat="42.568190" lon="-2.727320"/>
      <trkpt lat="42.568260" lon="-2.727140"/>
      <trkpt lat="42.568330" lon="-2.726920"/>
      <trkpt lat="42.568390" lon="-2.726710"/>
      <trkpt lat="42.568450" lon="-2.726460"/>
      <trkpt lat="42.568560" lon="-2.725850"/>
      <trkpt lat="42.568830" lon="-2.724120"/>
      <trkpt lat="42.569210" lon="-2.721700"/>
      <trkpt lat="42.569460" lon="-2.720160"/>
      <trkpt lat="42.569470" lon="-2.720070"/>
      <trkpt lat="42.569520" lon="-2.719720"/>
      <trkpt lat="42.569570" lon="-2.719230"/>
      <trkpt lat="42.569710" lon="-2.717310"/>
      <trkpt lat="42.569810" lon="-2.716290"/>
      <trkpt lat="42.569960" lon="-2.715640"/>
      <trkpt lat="42.570140" lon="-2.715220"/>
      <trkpt lat="42.570340" lon="-2.714850"/>
      <trkpt lat="42.570400" lon="-2.714780"/>
      <trkpt lat="42.570570" lon="-2.714530"/>
      <trkpt lat="42.570710" lon="-2.714360"/>
      <trkpt lat="42.570760" lon="-2.714270"/>
      <trkpt lat="42.570820" lon="-2.714140"/>
      <trkpt lat="42.570880" lon="-2.713930"/>
      <trkpt lat="42.570890" lon="-2.713740"/>
      <trkpt lat="42.570870" lon="-2.713540"/>
      <trkpt lat="42.570790" lon="-2.713320"/>
      <trkpt lat="42.570700" lon="-2.713090"/>
      <trkpt lat="42.570580" lon="-2.712730"/>
      <trkpt lat="42.570530" lon="-2.712510"/>
      <trkpt lat="42.570510" lon="-2.712330"/>
      <trkpt lat="42.570510" lon="-2.712170"/>
      <trkpt lat="42.570540" lon="-2.712010"/>
      <trkpt lat="42.570580" lon="-2.711870"/>
      <trkpt lat="42.570710" lon="-2.711420"/>
      <trkpt lat="42.570750" lon="-2.711270"/>
      <trkpt lat="42.570820" lon="-2.711070"/>
      <trkpt lat="42.571090" lon="-2.710060"/>
      <trkpt lat="42.571310" lon="-2.709230"/>
      <trkpt lat="42.571340" lon="-2.709150"/>
      <trkpt lat="42.571360" lon="-2.709080"/>
      <trkpt lat="42.571520" lon="-2.708450"/>
      <trkpt lat="42.571650" lon="-2.707960"/>
      <trkpt lat="42.571690" lon="-2.707760"/>
      <trkpt lat="42.571710" lon="-2.707660"/>
      <trkpt lat="42.571720" lon="-2.707590"/>
      <trkpt lat="42.571730" lon="-2.707450"/>
      <trkpt lat="42.571750" lon="-2.707220"/>
      <trkpt lat="42.571770" lon="-2.706950"/>
      <trkpt lat="42.571770" lon="-2.706900"/>
      <trkpt lat="42.571760" lon="-2.706720"/>
      <trkpt lat="42.571760" lon="-2.706660"/>
      <trkpt lat="42.571750" lon="-2.706570"/>
      <trkpt lat="42.571750" lon="-2.706480"/>
      <trkpt lat="42.571730" lon="-2.706340"/>
      <trkpt lat="42.571710" lon="-2.706200"/>
      <trkpt lat="42.571690" lon="-2.706110"/>
      <trkpt lat="42.571680" lon="-2.706030"/>
      <trkpt lat="42.571660" lon="-2.705950"/>
      <trkpt lat="42.571640" lon="-2.705840"/>
      <trkpt lat="42.571620" lon="-2.705780"/>
      <trkpt lat="42.571610" lon="-2.705720"/>
      <trkpt lat="42.571570" lon="-2.705610"/>
      <trkpt lat="42.571550" lon="-2.705540"/>
      <trkpt lat="42.571520" lon="-2.705470"/>
      <trkpt lat="42.571480" lon="-2.705360"/>
      <trkpt lat="42.571450" lon="-2.705270"/>
      <trkpt lat="42.571410" lon="-2.705190"/>
      <trkpt lat="42.571360" lon="-2.705060"/>
      <trkpt lat="42.571300" lon="-2.704940"/>
      <trkpt lat="42.571230" lon="-2.704810"/>
      <trkpt lat="42.571180" lon="-2.704700"/>
      <trkpt lat="42.571120" lon="-2.704600"/>
      <trkpt lat="42.571070" lon="-2.704500"/>
      <trkpt lat="42.570960" lon="-2.704300"/>
      <trkpt lat="42.570910" lon="-2.704200"/>
      <trkpt lat="42.570800" lon="-2.704010"/>
      <trkpt lat="42.570730" lon="-2.703860"/>
      <trkpt lat="42.570540" lon="-2.703510"/>
      <trkpt lat="42.570340" lon="-2.703140"/>
      <trkpt lat="42.570180" lon="-2.702840"/>
      <trkpt lat="42.569960" lon="-2.702430"/>
      <trkpt lat="42.569850" lon="-2.702210"/>
      <trkpt lat="42.569720" lon="-2.701990"/>
      <trkpt lat="42.569570" lon="-2.701730"/>
      <trkpt lat="42.569530" lon="-2.701660"/>
      <trkpt lat="42.569430" lon="-2.701510"/>
      <trkpt lat="42.569350" lon="-2.701400"/>
      <trkpt lat="42.569270" lon="-2.701290"/>
      <trkpt lat="42.569180" lon="-2.701160"/>
      <trkpt lat="42.569080" lon="-2.701060"/>
      <trkpt lat="42.569020" lon="-2.700990"/>
      <trkpt lat="42.568940" lon="-2.700890"/>
      <trkpt lat="42.568750" lon="-2.700700"/>
      <trkpt lat="42.568340" lon="-2.700360"/>
      <trkpt lat="42.568150" lon="-2.700190"/>
      <trkpt lat="42.567770" lon="-2.699900"/>
      <trkpt lat="42.567430" lon="-2.699630"/>
      <trkpt lat="42.567200" lon="-2.699450"/>
      <trkpt lat="42.567050" lon="-2.699310"/>
      <trkpt lat="42.566920" lon="-2.699170"/>
      <trkpt lat="42.566870" lon="-2.699120"/>
      <trkpt lat="42.566810" lon="-2.699040"/>
      <trkpt lat="42.566730" lon="-2.698940"/>
      <trkpt lat="42.566660" lon="-2.698840"/>
      <trkpt lat="42.566590" lon="-2.698710"/>
      <trkpt lat="42.566510" lon="-2.698570"/>
      <trkpt lat="42.566450" lon="-2.698440"/>
      <trkpt lat="42.566410" lon="-2.698340"/>
      <trkpt lat="42.566330" lon="-2.698130"/>
      <trkpt lat="42.566270" lon="-2.697950"/>
      <trkpt lat="42.566230" lon="-2.697780"/>
      <trkpt lat="42.566200" lon="-2.697600"/>
      <trkpt lat="42.566170" lon="-2.697440"/>
      <trkpt lat="42.566150" lon="-2.697270"/>
      <trkpt lat="42.566140" lon="-2.697100"/>
      <trkpt lat="42.566140" lon="-2.696860"/>
      <trkpt lat="42.566150" lon="-2.696630"/>
      <trkpt lat="42.566160" lon="-2.696520"/>
      <trkpt lat="42.566190" lon="-2.696310"/>
      <trkpt lat="42.566210" lon="-2.696200"/>
      <trkpt lat="42.566240" lon="-2.696030"/>
      <trkpt lat="42.566330" lon="-2.695660"/>
      <trkpt lat="42.566410" lon="-2.695320"/>
      <trkpt lat="42.566490" lon="-2.695040"/>
      <trkpt lat="42.566560" lon="-2.694750"/>
      <trkpt lat="42.566610" lon="-2.694520"/>
      <trkpt lat="42.566710" lon="-2.694150"/>
      <trkpt lat="42.566820" lon="-2.693710"/>
      <trkpt lat="42.566870" lon="-2.693480"/>
      <trkpt lat="42.566920" lon="-2.693280"/>
      <trkpt lat="42.566950" lon="-2.693130"/>
      <trkpt lat="42.566980" lon="-2.692970"/>
      <trkpt lat="42.567010" lon="-2.692790"/>
      <trkpt lat="42.567030" lon="-2.692670"/>
      <trkpt lat="42.567050" lon="-2.692550"/>
      <trkpt lat="42.567060" lon="-2.692460"/>
      <trkpt lat="42.567070" lon="-2.692300"/>
      <trkpt lat="42.567090" lon="-2.692150"/>
      <trkpt lat="42.567090" lon="-2.692010"/>
      <trkpt lat="42.567100" lon="-2.691890"/>
      <trkpt lat="42.567100" lon="-2.691690"/>
      <trkpt lat="42.567110" lon="-2.691480"/>
      <trkpt lat="42.567100" lon="-2.691210"/>
      <trkpt lat="42.567090" lon="-2.690960"/>
      <trkpt lat="42.567060" lon="-2.690670"/>
      <trkpt lat="42.567040" lon="-2.690440"/>
      <trkpt lat="42.567020" lon="-2.690320"/>
      <trkpt lat="42.566980" lon="-2.690060"/>
      <trkpt lat="42.566940" lon="-2.689850"/>
      <trkpt lat="42.566890" lon="-2.689530"/>
      <trkpt lat="42.566840" lon="-2.689250"/>
      <trkpt lat="42.566780" lon="-2.688940"/>
      <trkpt lat="42.566750" lon="-2.688760"/>
      <trkpt lat="42.566710" lon="-2.688540"/>
      <trkpt lat="42.566680" lon="-2.688380"/>
      <trkpt lat="42.566640" lon="-2.688120"/>
      <trkpt lat="42.566570" lon="-2.687720"/>
      <trkpt lat="42.566520" lon="-2.687440"/>
      <trkpt lat="42.566480" lon="-2.687210"/>
      <trkpt lat="42.566460" lon="-2.687040"/>
      <trkpt lat="42.566450" lon="-2.686880"/>
      <trkpt lat="42.566440" lon="-2.686850"/>
      <trkpt lat="42.566450" lon="-2.686690"/>
      <trkpt lat="42.566460" lon="-2.686600"/>
      <trkpt lat="42.566500" lon="-2.686390"/>
      <trkpt lat="42.566510" lon="-2.686320"/>
      <trkpt lat="42.566600" lon="-2.685940"/>
      <trkpt lat="42.566680" lon="-2.685610"/>
      <trkpt lat="42.566790" lon="-2.685160"/>
      <trkpt lat="42.566860" lon="-2.684870"/>
      <trkpt lat="42.566970" lon="-2.684430"/>
      <trkpt lat="42.567000" lon="-2.684290"/>
      <trkpt lat="42.567050" lon="-2.684120"/>
      <trkpt lat="42.567090" lon="-2.683990"/>
      <trkpt lat="42.567120" lon="-2.683900"/>
      <trkpt lat="42.567260" lon="-2.683610"/>
      <trkpt lat="42.568040" lon="-2.682090"/>
      <trkpt lat="42.568170" lon="-2.681870"/>
      <trkpt lat="42.568290" lon="-2.681700"/>
      <trkpt lat="42.568450" lon="-2.681550"/>
      <trkpt lat="42.568490" lon="-2.681520"/>
      <trkpt lat="42.568590" lon="-2.681440"/>
      <trkpt lat="42.568940" lon="-2.681190"/>
      <trkpt lat="42.569260" lon="-2.680950"/>
      <trkpt lat="42.569300" lon="-2.680920"/>
      <trkpt lat="42.569420" lon="-2.680840"/>
      <trkpt lat="42.569560" lon="-2.680710"/>
      <trkpt lat="42.569680" lon="-2.680580"/>
      <trkpt lat="42.569800" lon="-2.680400"/>
      <trkpt lat="42.569890" lon="-2.680230"/>
      <trkpt lat="42.569930" lon="-2.680110"/>
      <trkpt lat="42.569950" lon="-2.680040"/>
      <trkpt lat="42.570010" lon="-2.679780"/>
      <trkpt lat="42.570010" lon="-2.679740"/>
      <trkpt lat="42.570030" lon="-2.679560"/>
      <trkpt lat="42.570040" lon="-2.679280"/>
      <trkpt lat="42.570020" lon="-2.679080"/>
      <trkpt lat="42.569970" lon="-2.678800"/>
      <trkpt lat="42.569870" lon="-2.678320"/>
      <trkpt lat="42.569840" lon="-2.678190"/>
      <trkpt lat="42.569810" lon="-2.678050"/>
      <trkpt lat="42.569670" lon="-2.677340"/>
      <trkpt lat="42.569420" lon="-2.676130"/>
      <trkpt lat="42.569330" lon="-2.675660"/>
      <trkpt lat="42.569300" lon="-2.675410"/>
      <trkpt lat="42.569290" lon="-2.675280"/>
      <trkpt lat="42.569290" lon="-2.675160"/>
      <trkpt lat="42.569290" lon="-2.675020"/>
      <trkpt lat="42.569300" lon="-2.674870"/>
      <trkpt lat="42.569390" lon="-2.674180"/>
      <trkpt lat="42.569470" lon="-2.673690"/>
      <trkpt lat="42.569580" lon="-2.673090"/>
      <trkpt lat="42.569820" lon="-2.671920"/>
      <trkpt lat="42.570140" lon="-2.670270"/>
      <trkpt lat="42.570680" lon="-2.667530"/>
      <trkpt lat="42.570820" lon="-2.666910"/>
      <trkpt lat="42.570930" lon="-2.666470"/>
      <trkpt lat="42.571090" lon="-2.665950"/>
      <trkpt lat="42.571320" lon="-2.665290"/>
      <trkpt lat="42.571350" lon="-2.665200"/>
      <trkpt lat="42.571500" lon="-2.664730"/>
      <trkpt lat="42.571620" lon="-2.664260"/>
      <trkpt lat="42.571720" lon="-2.663790"/>
      <trkpt lat="42.571770" lon="-2.663360"/>
      <trkpt lat="42.571800" lon="-2.663050"/>
      <trkpt lat="42.571810" lon="-2.662480"/>
      <trkpt lat="42.571820" lon="-2.662170"/>
      <trkpt lat="42.571800" lon="-2.661940"/>
      <trkpt lat="42.571770" lon="-2.661620"/>
      <trkpt lat="42.571720" lon="-2.661290"/>
      <trkpt lat="42.571690" lon="-2.661040"/>
      <trkpt lat="42.571600" lon="-2.660530"/>
      <trkpt lat="42.571550" lon="-2.660320"/>
      <trkpt lat="42.571460" lon="-2.659760"/>
      <trkpt lat="42.571440" lon="-2.659610"/>
      <trkpt lat="42.571420" lon="-2.659400"/>
      <trkpt lat="42.571410" lon="-2.659200"/>
      <trkpt lat="42.571400" lon="-2.659080"/>
      <trkpt lat="42.571410" lon="-2.658840"/>
      <trkpt lat="42.571420" lon="-2.658730"/>
      <trkpt lat="42.571440" lon="-2.658520"/>
      <trkpt lat="42.571480" lon="-2.658230"/>
      <trkpt lat="42.571550" lon="-2.657960"/>
      <trkpt lat="42.571610" lon="-2.657740"/>
      <trkpt lat="42.571700" lon="-2.657520"/>
      <trkpt lat="42.571870" lon="-2.657130"/>
      <trkpt lat="42.572260" lon="-2.656300"/>
      <trkpt lat="42.572450" lon="-2.655970"/>
      <trkpt lat="42.573050" lon="-2.654950"/>
      <trkpt lat="42.573280" lon="-2.654550"/>
      <trkpt lat="42.573440" lon="-2.654280"/>
      <trkpt lat="42.575300" lon="-2.651100"/>
      <trkpt lat="42.575880" lon="-2.650120"/>
      <trkpt lat="42.576040" lon="-2.649850"/>
      <trkpt lat="42.576130" lon="-2.649690"/>
      <trkpt lat="42.576220" lon="-2.649490"/>
      <trkpt lat="42.576320" lon="-2.649180"/>
      <trkpt lat="42.576560" lon="-2.648420"/>
      <trkpt lat="42.577100" lon="-2.646660"/>
      <trkpt lat="42.577290" lon="-2.646030"/>
      <trkpt lat="42.577360" lon="-2.645770"/>
      <trkpt lat="42.577420" lon="-2.645550"/>
      <trkpt lat="42.577430" lon="-2.645490"/>
      <trkpt lat="42.577480" lon="-2.645300"/>
      <trkpt lat="42.577520" lon="-2.645030"/>
      <trkpt lat="42.577560" lon="-2.644820"/>
      <trkpt lat="42.577590" lon="-2.644490"/>
      <trkpt lat="42.577610" lon="-2.644330"/>
      <trkpt lat="42.577620" lon="-2.644100"/>
      <trkpt lat="42.577630" lon="-2.643920"/>
      <trkpt lat="42.577630" lon="-2.643530"/>
      <trkpt lat="42.577620" lon="-2.643160"/>
      <trkpt lat="42.577600" lon="-2.642940"/>
      <trkpt lat="42.577580" lon="-2.642750"/>
      <trkpt lat="42.577550" lon="-2.642540"/>
      <trkpt lat="42.577520" lon="-2.642370"/>
      <trkpt lat="42.577420" lon="-2.641860"/>
      <trkpt lat="42.577330" lon="-2.641420"/>
      <trkpt lat="42.577270" lon="-2.641130"/>
      <trkpt lat="42.577090" lon="-2.640330"/>
      <trkpt lat="42.577000" lon="-2.639910"/>
      <trkpt lat="42.576870" lon="-2.639350"/>
      <trkpt lat="42.576650" lon="-2.638340"/>
      <trkpt lat="42.576490" lon="-2.637610"/>
      <trkpt lat="42.575570" lon="-2.633490"/>
      <trkpt lat="42.574810" lon="-2.630050"/>
      <trkpt lat="42.574460" lon="-2.628550"/>
      <trkpt lat="42.574340" lon="-2.628030"/>
      <trkpt lat="42.574180" lon="-2.627290"/>
      <trkpt lat="42.574020" lon="-2.626590"/>
      <trkpt lat="42.573980" lon="-2.626400"/>
      <trkpt lat="42.573960" lon="-2.626290"/>
      <trkpt lat="42.573930" lon="-2.626080"/>
      <trkpt lat="42.573920" lon="-2.625920"/>
      <trkpt lat="42.573910" lon="-2.625700"/>
      <trkpt lat="42.573900" lon="-2.625490"/>
      <trkpt lat="42.573920" lon="-2.625220"/>
      <trkpt lat="42.573950" lon="-2.624980"/>
      <trkpt lat="42.573990" lon="-2.624680"/>
      <trkpt lat="42.574120" lon="-2.623930"/>
      <trkpt lat="42.574150" lon="-2.623740"/>
      <trkpt lat="42.574180" lon="-2.623500"/>
      <trkpt lat="42.574200" lon="-2.623230"/>
      <trkpt lat="42.574210" lon="-2.622960"/>
      <trkpt lat="42.574210" lon="-2.622670"/>
      <trkpt lat="42.574190" lon="-2.622370"/>
      <trkpt lat="42.574160" lon="-2.622100"/>
      <trkpt lat="42.574120" lon="-2.621840"/>
      <trkpt lat="42.574080" lon="-2.621650"/>
      <trkpt lat="42.574010" lon="-2.621380"/>
      <trkpt lat="42.573940" lon="-2.621140"/>
      <trkpt lat="42.573870" lon="-2.620920"/>
      <trkpt lat="42.573740" lon="-2.620630"/>
      <trkpt lat="42.573610" lon="-2.620350"/>
      <trkpt lat="42.573460" lon="-2.620110"/>
      <trkpt lat="42.573310" lon="-2.619880"/>
      <trkpt lat="42.573160" lon="-2.619680"/>
      <trkpt lat="42.572530" lon="-2.618940"/>
      <trkpt lat="42.572300" lon="-2.618650"/>
      <trkpt lat="42.572140" lon="-2.618430"/>
      <trkpt lat="42.571960" lon="-2.618160"/>
      <trkpt lat="42.571780" lon="-2.617870"/>
      <trkpt lat="42.571650" lon="-2.617640"/>
      <trkpt lat="42.571450" lon="-2.617300"/>
      <trkpt lat="42.571090" lon="-2.616650"/>
      <trkpt lat="42.570800" lon="-2.616160"/>
      <trkpt lat="42.570430" lon="-2.615510"/>
      <trkpt lat="42.570260" lon="-2.615190"/>
      <trkpt lat="42.570080" lon="-2.614860"/>
      <trkpt lat="42.569970" lon="-2.614640"/>
      <trkpt lat="42.569900" lon="-2.614470"/>
      <trkpt lat="42.569840" lon="-2.614310"/>
      <trkpt lat="42.569780" lon="-2.614160"/>
      <trkpt lat="42.569700" lon="-2.613900"/>
      <trkpt lat="42.569620" lon="-2.613630"/>
      <trkpt lat="42.569520" lon="-2.613250"/>
      <trkpt lat="42.569450" lon="-2.612990"/>
      <trkpt lat="42.569400" lon="-2.612760"/>
      <trkpt lat="42.569350" lon="-2.612580"/>
      <trkpt lat="42.569280" lon="-2.612340"/>
      <trkpt lat="42.569190" lon="-2.612060"/>
      <trkpt lat="42.569090" lon="-2.611760"/>
      <trkpt lat="42.568960" lon="-2.611440"/>
      <trkpt lat="42.568770" lon="-2.610970"/>
      <trkpt lat="42.568620" lon="-2.610610"/>
      <trkpt lat="42.568440" lon="-2.610190"/>
      <trkpt lat="42.567810" lon="-2.608700"/>
      <trkpt lat="42.567080" lon="-2.606990"/>
      <trkpt lat="42.566850" lon="-2.606460"/>
      <trkpt lat="42.566730" lon="-2.606170"/>
      <trkpt lat="42.566260" lon="-2.605060"/>
      <trkpt lat="42.564500" lon="-2.600960"/>
      <trkpt lat="42.564030" lon="-2.599860"/>
      <trkpt lat="42.563880" lon="-2.599510"/>
      <trkpt lat="42.563770" lon="-2.599260"/>
      <trkpt lat="42.563620" lon="-2.598910"/>
      <trkpt lat="42.563480" lon="-2.598580"/>
      <trkpt lat="42.563340" lon="-2.598270"/>
      <trkpt lat="42.563200" lon="-2.597920"/>
      <trkpt lat="42.563060" lon="-2.597610"/>
      <trkpt lat="42.562920" lon="-2.597290"/>
      <trkpt lat="42.562870" lon="-2.597150"/>
      <trkpt lat="42.561950" lon="-2.595010"/>
      <trkpt lat="42.561360" lon="-2.593620"/>
      <trkpt lat="42.559800" lon="-2.590000"/>
      <trkpt lat="42.559560" lon="-2.589450"/>
      <trkpt lat="42.559430" lon="-2.589150"/>
      <trkpt lat="42.559230" lon="-2.588660"/>
      <trkpt lat="42.559110" lon="-2.588400"/>
      <trkpt lat="42.558930" lon="-2.587980"/>
      <trkpt lat="42.558780" lon="-2.587600"/>
      <trkpt lat="42.558500" lon="-2.586980"/>
      <trkpt lat="42.558410" lon="-2.586750"/>
      <trkpt lat="42.558330" lon="-2.586560"/>
      <trkpt lat="42.558190" lon="-2.586210"/>
      <trkpt lat="42.558120" lon="-2.586050"/>
      <trkpt lat="42.558070" lon="-2.585950"/>
      <trkpt lat="42.558030" lon="-2.585840"/>
      <trkpt lat="42.557980" lon="-2.585730"/>
      <trkpt lat="42.557900" lon="-2.585560"/>
      <trkpt lat="42.557840" lon="-2.585430"/>
      <trkpt lat="42.557740" lon="-2.585290"/>
      <trkpt lat="42.557620" lon="-2.585170"/>
      <trkpt lat="42.557430" lon="-2.585000"/>
      <trkpt lat="42.557240" lon="-2.584870"/>
      <trkpt lat="42.556830" lon="-2.584630"/>
      <trkpt lat="42.556430" lon="-2.584390"/>
      <trkpt lat="42.555360" lon="-2.583730"/>
      <trkpt lat="42.555160" lon="-2.583620"/>
      <trkpt lat="42.554930" lon="-2.583520"/>
      <trkpt lat="42.554320" lon="-2.583340"/>
      <trkpt lat="42.554270" lon="-2.583400"/>
      <trkpt lat="42.554230" lon="-2.583420"/>
      <trkpt lat="42.553990" lon="-2.583420"/>
      <trkpt lat="42.553830" lon="-2.583440"/>
      <trkpt lat="42.553800" lon="-2.583460"/>
      <trkpt lat="42.553780" lon="-2.583480"/>
      <trkpt lat="42.553700" lon="-2.583520"/>
      <trkpt lat="42.553550" lon="-2.583520"/>
      <trkpt lat="42.553100" lon="-2.583510"/>
      <trkpt lat="42.552890" lon="-2.583520"/>
      <trkpt lat="42.552610" lon="-2.583510"/>
      <trkpt lat="42.552570" lon="-2.583530"/>
      <trkpt lat="42.552550" lon="-2.583560"/>
      <trkpt lat="42.552540" lon="-2.583590"/>
      <trkpt lat="42.552520" lon="-2.583660"/>
      <trkpt lat="42.552670" lon="-2.583750"/>
      <trkpt lat="42.552750" lon="-2.583800"/>
      <trkpt lat="42.552800" lon="-2.583830"/>
      <trkpt lat="42.552880" lon="-2.583870"/>
      <trkpt lat="42.553230" lon="-2.584000"/>
      <trkpt lat="42.553460" lon="-2.584080"/>
      <trkpt lat="42.553530" lon="-2.584110"/>
      <trkpt lat="42.553630" lon="-2.584160"/>
      <trkpt lat="42.553750" lon="-2.584190"/>
      <trkpt lat="42.553750" lon="-2.584190"/>
      <trkpt lat="42.553890" lon="-2.584210"/>
      <trkpt lat="42.553990" lon="-2.584230"/>
      <trkpt lat="42.554210" lon="-2.584250"/>
      <trkpt lat="42.554320" lon="-2.584280"/>
      <trkpt lat="42.554700" lon="-2.584330"/>
      <trkpt lat="42.554770" lon="-2.584340"/>
      <trkpt lat="42.554950" lon="-2.584370"/>
      <trkpt lat="42.555060" lon="-2.584390"/>
      <trkpt lat="42.555420" lon="-2.584470"/>
      <trkpt lat="42.556220" lon="-2.584650"/>
      <trkpt lat="42.556360" lon="-2.584690"/>
      <trkpt lat="42.556370" lon="-2.584690"/>
      <trkpt lat="42.556790" lon="-2.584810"/>
      <trkpt lat="42.556970" lon="-2.584860"/>
      <trkpt lat="42.557070" lon="-2.584910"/>
      <trkpt lat="42.557340" lon="-2.585050"/>
      <trkpt lat="42.557620" lon="-2.585170"/>
      <trkpt lat="42.557740" lon="-2.585290"/>
      <trkpt lat="42.557840" lon="-2.585430"/>
      <trkpt lat="42.557900" lon="-2.585560"/>
      <trkpt lat="42.557980" lon="-2.585730"/>
      <trkpt lat="42.558030" lon="-2.585840"/>
      <trkpt lat="42.558070" lon="-2.585950"/>
      <trkpt lat="42.558120" lon="-2.586050"/>
      <trkpt lat="42.558190" lon="-2.586210"/>
      <trkpt lat="42.558330" lon="-2.586560"/>
      <trkpt lat="42.558410" lon="-2.586750"/>
      <trkpt lat="42.558500" lon="-2.586980"/>
      <trkpt lat="42.558780" lon="-2.587600"/>
      <trkpt lat="42.558930" lon="-2.587980"/>
      <trkpt lat="42.559110" lon="-2.588400"/>
      <trkpt lat="42.559230" lon="-2.588660"/>
      <trkpt lat="42.559430" lon="-2.589150"/>
      <trkpt lat="42.559560" lon="-2.589450"/>
      <trkpt lat="42.559800" lon="-2.590000"/>
      <trkpt lat="42.561360" lon="-2.593620"/>
      <trkpt lat="42.561950" lon="-2.595010"/>
      <trkpt lat="42.562870" lon="-2.597150"/>
      <trkpt lat="42.562920" lon="-2.597290"/>
      <trkpt lat="42.563060" lon="-2.597610"/>
      <trkpt lat="42.563200" lon="-2.597920"/>
      <trkpt lat="42.563340" lon="-2.598270"/>
      <trkpt lat="42.563480" lon="-2.598580"/>
      <trkpt lat="42.563620" lon="-2.598910"/>
      <trkpt lat="42.563770" lon="-2.599260"/>
      <trkpt lat="42.563880" lon="-2.599510"/>
      <trkpt lat="42.564030" lon="-2.599860"/>
      <trkpt lat="42.564500" lon="-2.600960"/>
      <trkpt lat="42.566260" lon="-2.605060"/>
      <trkpt lat="42.566730" lon="-2.606170"/>
      <trkpt lat="42.566850" lon="-2.606460"/>
      <trkpt lat="42.567080" lon="-2.606990"/>
      <trkpt lat="42.567810" lon="-2.608700"/>
      <trkpt lat="42.568440" lon="-2.610190"/>
      <trkpt lat="42.568620" lon="-2.610610"/>
      <trkpt lat="42.568770" lon="-2.610970"/>
      <trkpt lat="42.568960" lon="-2.611440"/>
      <trkpt lat="42.569090" lon="-2.611760"/>
      <trkpt lat="42.569190" lon="-2.612060"/>
      <trkpt lat="42.569280" lon="-2.612340"/>
      <trkpt lat="42.569350" lon="-2.612580"/>
      <trkpt lat="42.569400" lon="-2.612760"/>
      <trkpt lat="42.569450" lon="-2.612990"/>
      <trkpt lat="42.569520" lon="-2.613250"/>
      <trkpt lat="42.569620" lon="-2.613630"/>
      <trkpt lat="42.569700" lon="-2.613900"/>
      <trkpt lat="42.569780" lon="-2.614160"/>
      <trkpt lat="42.569840" lon="-2.614310"/>
      <trkpt lat="42.569900" lon="-2.614470"/>
      <trkpt lat="42.569970" lon="-2.614640"/>
      <trkpt lat="42.570080" lon="-2.614860"/>
      <trkpt lat="42.570260" lon="-2.615190"/>
      <trkpt lat="42.570430" lon="-2.615510"/>
      <trkpt lat="42.570800" lon="-2.616160"/>
      <trkpt lat="42.571090" lon="-2.616650"/>
      <trkpt lat="42.571450" lon="-2.617300"/>
      <trkpt lat="42.571650" lon="-2.617640"/>
      <trkpt lat="42.571780" lon="-2.617870"/>
      <trkpt lat="42.571960" lon="-2.618160"/>
      <trkpt lat="42.572140" lon="-2.618430"/>
      <trkpt lat="42.572300" lon="-2.618650"/>
      <trkpt lat="42.572530" lon="-2.618940"/>
      <trkpt lat="42.573160" lon="-2.619680"/>
      <trkpt lat="42.573310" lon="-2.619880"/>
      <trkpt lat="42.573460" lon="-2.620110"/>
      <trkpt lat="42.573610" lon="-2.620350"/>
      <trkpt lat="42.573740" lon="-2.620630"/>
      <trkpt lat="42.573870" lon="-2.620920"/>
      <trkpt lat="42.573940" lon="-2.621140"/>
      <trkpt lat="42.574010" lon="-2.621380"/>
      <trkpt lat="42.574080" lon="-2.621650"/>
      <trkpt lat="42.574120" lon="-2.621840"/>
      <trkpt lat="42.574160" lon="-2.622100"/>
      <trkpt lat="42.574190" lon="-2.622370"/>
      <trkpt lat="42.574210" lon="-2.622670"/>
      <trkpt lat="42.574210" lon="-2.622960"/>
      <trkpt lat="42.574200" lon="-2.623230"/>
      <trkpt lat="42.574180" lon="-2.623500"/>
      <trkpt lat="42.574150" lon="-2.623740"/>
      <trkpt lat="42.574120" lon="-2.623930"/>
      <trkpt lat="42.573990" lon="-2.624680"/>
      <trkpt lat="42.573950" lon="-2.624980"/>
      <trkpt lat="42.573920" lon="-2.625220"/>
      <trkpt lat="42.573900" lon="-2.625490"/>
      <trkpt lat="42.573910" lon="-2.625700"/>
      <trkpt lat="42.573920" lon="-2.625920"/>
      <trkpt lat="42.573930" lon="-2.626080"/>
      <trkpt lat="42.573960" lon="-2.626290"/>
      <trkpt lat="42.573980" lon="-2.626400"/>
      <trkpt lat="42.574020" lon="-2.626590"/>
      <trkpt lat="42.574180" lon="-2.627290"/>
      <trkpt lat="42.574340" lon="-2.628030"/>
      <trkpt lat="42.574460" lon="-2.628550"/>
      <trkpt lat="42.574810" lon="-2.630050"/>
      <trkpt lat="42.575570" lon="-2.633490"/>
      <trkpt lat="42.576490" lon="-2.637610"/>
      <trkpt lat="42.576650" lon="-2.638340"/>
      <trkpt lat="42.576870" lon="-2.639350"/>
      <trkpt lat="42.577000" lon="-2.639910"/>
      <trkpt lat="42.577090" lon="-2.640330"/>
      <trkpt lat="42.577270" lon="-2.641130"/>
      <trkpt lat="42.577330" lon="-2.641420"/>
      <trkpt lat="42.577420" lon="-2.641860"/>
      <trkpt lat="42.577520" lon="-2.642370"/>
      <trkpt lat="42.577550" lon="-2.642540"/>
      <trkpt lat="42.577580" lon="-2.642750"/>
      <trkpt lat="42.577600" lon="-2.642940"/>
      <trkpt lat="42.577620" lon="-2.643160"/>
      <trkpt lat="42.577630" lon="-2.643530"/>
      <trkpt lat="42.577630" lon="-2.643920"/>
      <trkpt lat="42.577620" lon="-2.644100"/>
      <trkpt lat="42.577610" lon="-2.644330"/>
      <trkpt lat="42.577590" lon="-2.644490"/>
      <trkpt lat="42.577560" lon="-2.644820"/>
      <trkpt lat="42.577600" lon="-2.644910"/>
      <trkpt lat="42.577870" lon="-2.645460"/>
      <trkpt lat="42.578220" lon="-2.646200"/>
      <trkpt lat="42.578350" lon="-2.646440"/>
      <trkpt lat="42.578440" lon="-2.646610"/>
      <trkpt lat="42.578550" lon="-2.646760"/>
      <trkpt lat="42.579710" lon="-2.648380"/>
      <trkpt lat="42.581040" lon="-2.650250"/>
      <trkpt lat="42.581130" lon="-2.650400"/>
      <trkpt lat="42.581190" lon="-2.650540"/>
      <trkpt lat="42.581220" lon="-2.650670"/>
      <trkpt lat="42.581250" lon="-2.650800"/>
      <trkpt lat="42.581270" lon="-2.650940"/>
      <trkpt lat="42.581270" lon="-2.651090"/>
      <trkpt lat="42.581260" lon="-2.651250"/>
      <trkpt lat="42.581240" lon="-2.651530"/>
      <trkpt lat="42.581210" lon="-2.651720"/>
      <trkpt lat="42.581180" lon="-2.651860"/>
      <trkpt lat="42.581140" lon="-2.652010"/>
      <trkpt lat="42.581040" lon="-2.652330"/>
      <trkpt lat="42.580890" lon="-2.652810"/>
      <trkpt lat="42.580840" lon="-2.652940"/>
      <trkpt lat="42.580780" lon="-2.653090"/>
      <trkpt lat="42.580670" lon="-2.653280"/>
      <trkpt lat="42.580400" lon="-2.653760"/>
      <trkpt lat="42.580320" lon="-2.653940"/>
      <trkpt lat="42.580280" lon="-2.654060"/>
      <trkpt lat="42.580270" lon="-2.654150"/>
      <trkpt lat="42.580270" lon="-2.654230"/>
      <trkpt lat="42.580300" lon="-2.654320"/>
      <trkpt lat="42.580340" lon="-2.654390"/>
      <trkpt lat="42.580390" lon="-2.654470"/>
      <trkpt lat="42.580470" lon="-2.654540"/>
      <trkpt lat="42.580550" lon="-2.654580"/>
      <trkpt lat="42.580640" lon="-2.654600"/>
      <trkpt lat="42.581310" lon="-2.654740"/>
      <trkpt lat="42.581610" lon="-2.654790"/>
      <trkpt lat="42.581750" lon="-2.654810"/>
      <trkpt lat="42.581860" lon="-2.654830"/>
      <trkpt lat="42.581980" lon="-2.654840"/>
      <trkpt lat="42.582100" lon="-2.654840"/>
      <trkpt lat="42.582390" lon="-2.654830"/>
      <trkpt lat="42.582490" lon="-2.654840"/>
      <trkpt lat="42.582620" lon="-2.654870"/>
      <trkpt lat="42.583050" lon="-2.654980"/>
      <trkpt lat="42.583310" lon="-2.655050"/>
      <trkpt lat="42.583480" lon="-2.655110"/>
      <trkpt lat="42.585360" lon="-2.655860"/>
      <trkpt lat="42.585580" lon="-2.655940"/>
      <trkpt lat="42.585770" lon="-2.656000"/>
      <trkpt lat="42.585970" lon="-2.656060"/>
      <trkpt lat="42.586110" lon="-2.656110"/>
      <trkpt lat="42.586190" lon="-2.656160"/>
      <trkpt lat="42.586250" lon="-2.656210"/>
      <trkpt lat="42.586290" lon="-2.656290"/>
      <trkpt lat="42.586330" lon="-2.656370"/>
      <trkpt lat="42.586350" lon="-2.656480"/>
      <trkpt lat="42.586340" lon="-2.656600"/>
      <trkpt lat="42.586330" lon="-2.656740"/>
      <trkpt lat="42.586330" lon="-2.656880"/>
      <trkpt lat="42.586340" lon="-2.657020"/>
      <trkpt lat="42.586370" lon="-2.657170"/>
      <trkpt lat="42.586430" lon="-2.657380"/>
      <trkpt lat="42.586480" lon="-2.657600"/>
      <trkpt lat="42.586530" lon="-2.657870"/>
      <trkpt lat="42.586580" lon="-2.658100"/>
      <trkpt lat="42.586610" lon="-2.658220"/>
      <trkpt lat="42.586660" lon="-2.658330"/>
      <trkpt lat="42.586710" lon="-2.658400"/>
      <trkpt lat="42.586780" lon="-2.658480"/>
      <trkpt lat="42.586860" lon="-2.658540"/>
      <trkpt lat="42.586960" lon="-2.658610"/>
      <trkpt lat="42.587040" lon="-2.658690"/>
      <trkpt lat="42.587160" lon="-2.658820"/>
      <trkpt lat="42.587230" lon="-2.658910"/>
      <trkpt lat="42.587300" lon="-2.659020"/>
      <trkpt lat="42.587370" lon="-2.659160"/>
      <trkpt lat="42.587440" lon="-2.659350"/>
      <trkpt lat="42.587490" lon="-2.659500"/>
      <trkpt lat="42.587530" lon="-2.659690"/>
      <trkpt lat="42.587560" lon="-2.659860"/>
      <trkpt lat="42.587570" lon="-2.659990"/>
      <trkpt lat="42.587560" lon="-2.660130"/>
      <trkpt lat="42.587530" lon="-2.660480"/>
      <trkpt lat="42.587520" lon="-2.660670"/>
      <trkpt lat="42.587520" lon="-2.660840"/>
      <trkpt lat="42.587540" lon="-2.661160"/>
      <trkpt lat="42.587550" lon="-2.661380"/>
      <trkpt lat="42.587540" lon="-2.661490"/>
      <trkpt lat="42.587520" lon="-2.661600"/>
      <trkpt lat="42.587500" lon="-2.661670"/>
      <trkpt lat="42.587460" lon="-2.661740"/>
      <trkpt lat="42.587410" lon="-2.661810"/>
      <trkpt lat="42.587350" lon="-2.661870"/>
      <trkpt lat="42.587260" lon="-2.661930"/>
      <trkpt lat="42.587140" lon="-2.661980"/>
      <trkpt lat="42.586980" lon="-2.662040"/>
      <trkpt lat="42.586710" lon="-2.662130"/>
      <trkpt lat="42.586480" lon="-2.662240"/>
      <trkpt lat="42.586300" lon="-2.662340"/>
      <trkpt lat="42.586150" lon="-2.662430"/>
      <trkpt lat="42.585990" lon="-2.662550"/>
      <trkpt lat="42.585840" lon="-2.662670"/>
      <trkpt lat="42.585780" lon="-2.662730"/>
      <trkpt lat="42.585700" lon="-2.662850"/>
      <trkpt lat="42.585600" lon="-2.663000"/>
      <trkpt lat="42.585540" lon="-2.663110"/>
      <trkpt lat="42.585430" lon="-2.663320"/>
      <trkpt lat="42.585260" lon="-2.663660"/>
      <trkpt lat="42.585200" lon="-2.663780"/>
      <trkpt lat="42.585150" lon="-2.663920"/>
      <trkpt lat="42.585070" lon="-2.664130"/>
      <trkpt lat="42.585010" lon="-2.664270"/>
      <trkpt lat="42.584860" lon="-2.664550"/>
      <trkpt lat="42.584770" lon="-2.664730"/>
      <trkpt lat="42.584700" lon="-2.664880"/>
      <trkpt lat="42.584660" lon="-2.664980"/>
      <trkpt lat="42.584640" lon="-2.665060"/>
      <trkpt lat="42.584610" lon="-2.665180"/>
      <trkpt lat="42.584570" lon="-2.665350"/>
      <trkpt lat="42.584550" lon="-2.665490"/>
      <trkpt lat="42.584540" lon="-2.665640"/>
      <trkpt lat="42.584540" lon="-2.665750"/>
      <trkpt lat="42.584550" lon="-2.665850"/>
      <trkpt lat="42.584590" lon="-2.666120"/>
      <trkpt lat="42.584600" lon="-2.666240"/>
      <trkpt lat="42.584600" lon="-2.666390"/>
      <trkpt lat="42.584590" lon="-2.666550"/>
      <trkpt lat="42.584580" lon="-2.666680"/>
      <trkpt lat="42.584580" lon="-2.666790"/>
      <trkpt lat="42.584590" lon="-2.666870"/>
      <trkpt lat="42.584610" lon="-2.666930"/>
      <trkpt lat="42.584630" lon="-2.666970"/>
      <trkpt lat="42.584660" lon="-2.667010"/>
      <trkpt lat="42.584690" lon="-2.667030"/>
      <trkpt lat="42.584720" lon="-2.667030"/>
      <trkpt lat="42.584740" lon="-2.667020"/>
      <trkpt lat="42.584770" lon="-2.667000"/>
      <trkpt lat="42.584800" lon="-2.666960"/>
      <trkpt lat="42.584820" lon="-2.666890"/>
      <trkpt lat="42.584830" lon="-2.666800"/>
      <trkpt lat="42.584840" lon="-2.666690"/>
      <trkpt lat="42.584870" lon="-2.666570"/>
      <trkpt lat="42.584910" lon="-2.666430"/>
      <trkpt lat="42.585030" lon="-2.666110"/>
      <trkpt lat="42.585140" lon="-2.665820"/>
      <trkpt lat="42.585190" lon="-2.665710"/>
      <trkpt lat="42.585270" lon="-2.665590"/>
      <trkpt lat="42.585350" lon="-2.665480"/>
      <trkpt lat="42.585470" lon="-2.665350"/>
      <trkpt lat="42.585660" lon="-2.665160"/>
      <trkpt lat="42.585900" lon="-2.664960"/>
      <trkpt lat="42.586060" lon="-2.664840"/>
      <trkpt lat="42.586150" lon="-2.664780"/>
      <trkpt lat="42.586210" lon="-2.664750"/>
      <trkpt lat="42.586260" lon="-2.664740"/>
      <trkpt lat="42.586300" lon="-2.664740"/>
      <trkpt lat="42.586330" lon="-2.664760"/>
      <trkpt lat="42.586360" lon="-2.664790"/>
      <trkpt lat="42.586380" lon="-2.664830"/>
      <trkpt lat="42.586390" lon="-2.664890"/>
      <trkpt lat="42.586390" lon="-2.664960"/>
      <trkpt lat="42.586370" lon="-2.665040"/>
      <trkpt lat="42.586340" lon="-2.665130"/>
      <trkpt lat="42.586160" lon="-2.665460"/>
      <trkpt lat="42.586070" lon="-2.665660"/>
      <trkpt lat="42.586030" lon="-2.665770"/>
      <trkpt lat="42.585990" lon="-2.665890"/>
      <trkpt lat="42.585970" lon="-2.666020"/>
      <trkpt lat="42.585960" lon="-2.666130"/>
      <trkpt lat="42.585950" lon="-2.666260"/>
      <trkpt lat="42.585950" lon="-2.666390"/>
      <trkpt lat="42.585960" lon="-2.666530"/>
      <trkpt lat="42.585980" lon="-2.666630"/>
      <trkpt lat="42.586010" lon="-2.666740"/>
      <trkpt lat="42.586070" lon="-2.666890"/>
      <trkpt lat="42.586610" lon="-2.668030"/>
      <trkpt lat="42.586840" lon="-2.668520"/>
      <trkpt lat="42.586880" lon="-2.668580"/>
      <trkpt lat="42.586910" lon="-2.668640"/>
      <trkpt lat="42.586950" lon="-2.668700"/>
      <trkpt lat="42.587010" lon="-2.668760"/>
      <trkpt lat="42.587060" lon="-2.668800"/>
      <trkpt lat="42.587140" lon="-2.668840"/>
      <trkpt lat="42.587180" lon="-2.668860"/>
      <trkpt lat="42.587230" lon="-2.668860"/>
      <trkpt lat="42.587280" lon="-2.668850"/>
      <trkpt lat="42.587320" lon="-2.668830"/>
      <trkpt lat="42.587370" lon="-2.668780"/>
      <trkpt lat="42.587430" lon="-2.668720"/>
      <trkpt lat="42.588830" lon="-2.666940"/>
      <trkpt lat="42.588890" lon="-2.666870"/>
      <trkpt lat="42.588920" lon="-2.666840"/>
      <trkpt lat="42.588950" lon="-2.666830"/>
      <trkpt lat="42.588980" lon="-2.666830"/>
      <trkpt lat="42.589020" lon="-2.666840"/>
      <trkpt lat="42.589030" lon="-2.666850"/>
      <trkpt lat="42.589050" lon="-2.666870"/>
      <trkpt lat="42.589070" lon="-2.666890"/>
      <trkpt lat="42.589090" lon="-2.666940"/>
      <trkpt lat="42.589110" lon="-2.667000"/>
      <trkpt lat="42.589160" lon="-2.667180"/>
      <trkpt lat="42.589210" lon="-2.667330"/>
      <trkpt lat="42.589320" lon="-2.667630"/>
      <trkpt lat="42.589430" lon="-2.667900"/>
      <trkpt lat="42.589560" lon="-2.668210"/>
      <trkpt lat="42.590010" lon="-2.669230"/>
      <trkpt lat="42.590080" lon="-2.669390"/>
      <trkpt lat="42.590130" lon="-2.669530"/>
      <trkpt lat="42.590160" lon="-2.669670"/>
      <trkpt lat="42.590200" lon="-2.669860"/>
      <trkpt lat="42.590300" lon="-2.670430"/>
      <trkpt lat="42.590380" lon="-2.670820"/>
      <trkpt lat="42.590450" lon="-2.671130"/>
      <trkpt lat="42.590520" lon="-2.671430"/>
      <trkpt lat="42.590540" lon="-2.671580"/>
      <trkpt lat="42.590560" lon="-2.671760"/>
      <trkpt lat="42.590560" lon="-2.671900"/>
      <trkpt lat="42.590550" lon="-2.672020"/>
      <trkpt lat="42.590520" lon="-2.672180"/>
      <trkpt lat="42.590470" lon="-2.672310"/>
      <trkpt lat="42.590400" lon="-2.672440"/>
      <trkpt lat="42.590230" lon="-2.672700"/>
      <trkpt lat="42.590180" lon="-2.672790"/>
      <trkpt lat="42.590130" lon="-2.672910"/>
      <trkpt lat="42.590110" lon="-2.673020"/>
      <trkpt lat="42.590100" lon="-2.673130"/>
      <trkpt lat="42.590110" lon="-2.673300"/>
      <trkpt lat="42.590150" lon="-2.673820"/>
      <trkpt lat="42.590180" lon="-2.674190"/>
      <trkpt lat="42.590200" lon="-2.674820"/>
      <trkpt lat="42.590210" lon="-2.675140"/>
      <trkpt lat="42.590230" lon="-2.675360"/>
      <trkpt lat="42.590250" lon="-2.675600"/>
      <trkpt lat="42.590290" lon="-2.675840"/>
      <trkpt lat="42.590340" lon="-2.676180"/>
      <trkpt lat="42.590390" lon="-2.676430"/>
      <trkpt lat="42.590430" lon="-2.676640"/>
      <trkpt lat="42.590500" lon="-2.676910"/>
      <trkpt lat="42.590550" lon="-2.677100"/>
      <trkpt lat="42.590570" lon="-2.677230"/>
      <trkpt lat="42.590600" lon="-2.677380"/>
      <trkpt lat="42.590610" lon="-2.677590"/>
      <trkpt lat="42.590630" lon="-2.678040"/>
      <trkpt lat="42.590640" lon="-2.678170"/>
      <trkpt lat="42.590670" lon="-2.678640"/>
      <trkpt lat="42.590700" lon="-2.678930"/>
      <trkpt lat="42.590730" lon="-2.679180"/>
      <trkpt lat="42.590790" lon="-2.679450"/>
      <trkpt lat="42.590840" lon="-2.679660"/>
      <trkpt lat="42.590900" lon="-2.679840"/>
      <trkpt lat="42.590970" lon="-2.680040"/>
      <trkpt lat="42.591050" lon="-2.680210"/>
      <trkpt lat="42.591140" lon="-2.680410"/>
      <trkpt lat="42.591340" lon="-2.680770"/>
      <trkpt lat="42.591440" lon="-2.680930"/>
      <trkpt lat="42.591520" lon="-2.681050"/>
      <trkpt lat="42.591720" lon="-2.681300"/>
      <trkpt lat="42.591920" lon="-2.681550"/>
      <trkpt lat="42.592020" lon="-2.681650"/>
      <trkpt lat="42.592710" lon="-2.682280"/>
      <trkpt lat="42.592770" lon="-2.682330"/>
      <trkpt lat="42.592820" lon="-2.682360"/>
      <trkpt lat="42.592880" lon="-2.682380"/>
      <trkpt lat="42.592920" lon="-2.682380"/>
      <trkpt lat="42.592980" lon="-2.682380"/>
      <trkpt lat="42.593040" lon="-2.682360"/>
      <trkpt lat="42.593130" lon="-2.682330"/>
      <trkpt lat="42.593200" lon="-2.682290"/>
      <trkpt lat="42.593300" lon="-2.682240"/>
      <trkpt lat="42.593390" lon="-2.682180"/>
      <trkpt lat="42.593480" lon="-2.682090"/>
      <trkpt lat="42.593570" lon="-2.681960"/>
      <trkpt lat="42.593820" lon="-2.681600"/>
      <trkpt lat="42.594040" lon="-2.681290"/>
      <trkpt lat="42.594170" lon="-2.681120"/>
      <trkpt lat="42.594250" lon="-2.681050"/>
      <trkpt lat="42.594270" lon="-2.681030"/>
      <trkpt lat="42.594320" lon="-2.681000"/>
      <trkpt lat="42.594380" lon="-2.680970"/>
      <trkpt lat="42.594450" lon="-2.680960"/>
      <trkpt lat="42.594510" lon="-2.680990"/>
      <trkpt lat="42.594610" lon="-2.681050"/>
      <trkpt lat="42.595720" lon="-2.681890"/>
      <trkpt lat="42.596020" lon="-2.682130"/>
      <trkpt lat="42.596600" lon="-2.682660"/>
      <trkpt lat="42.596880" lon="-2.682900"/>
      <trkpt lat="42.597040" lon="-2.683040"/>
      <trkpt lat="42.597170" lon="-2.683160"/>
      <trkpt lat="42.597260" lon="-2.683250"/>
      <trkpt lat="42.597380" lon="-2.683390"/>
      <trkpt lat="42.597670" lon="-2.683730"/>
      <trkpt lat="42.597780" lon="-2.683850"/>
      <trkpt lat="42.597880" lon="-2.683960"/>
      <trkpt lat="42.597970" lon="-2.684030"/>
      <trkpt lat="42.598100" lon="-2.684110"/>
      <trkpt lat="42.598210" lon="-2.684170"/>
      <trkpt lat="42.598340" lon="-2.684220"/>
      <trkpt lat="42.598480" lon="-2.684270"/>
      <trkpt lat="42.598560" lon="-2.684280"/>
      <trkpt lat="42.598640" lon="-2.684300"/>
      <trkpt lat="42.598740" lon="-2.684300"/>
      <trkpt lat="42.598820" lon="-2.684300"/>
      <trkpt lat="42.598970" lon="-2.684270"/>
      <trkpt lat="42.599160" lon="-2.684220"/>
      <trkpt lat="42.599310" lon="-2.684180"/>
      <trkpt lat="42.599390" lon="-2.684140"/>
      <trkpt lat="42.599470" lon="-2.684090"/>
      <trkpt lat="42.599580" lon="-2.684010"/>
      <trkpt lat="42.599870" lon="-2.683720"/>
      <trkpt lat="42.599960" lon="-2.683640"/>
      <trkpt lat="42.600070" lon="-2.683570"/>
      <trkpt lat="42.600160" lon="-2.683530"/>
      <trkpt lat="42.600270" lon="-2.683520"/>
      <trkpt lat="42.600370" lon="-2.683520"/>
      <trkpt lat="42.600600" lon="-2.683560"/>
      <trkpt lat="42.600710" lon="-2.683560"/>
      <trkpt lat="42.600840" lon="-2.683570"/>
      <trkpt lat="42.600960" lon="-2.683540"/>
      <trkpt lat="42.601100" lon="-2.683490"/>
      <trkpt lat="42.601370" lon="-2.683380"/>
      <trkpt lat="42.601620" lon="-2.683280"/>
      <trkpt lat="42.601700" lon="-2.683260"/>
      <trkpt lat="42.601790" lon="-2.683250"/>
      <trkpt lat="42.601940" lon="-2.683240"/>
      <trkpt lat="42.602070" lon="-2.683220"/>
      <trkpt lat="42.602170" lon="-2.683200"/>
      <trkpt lat="42.602270" lon="-2.683160"/>
      <trkpt lat="42.602350" lon="-2.683120"/>
      <trkpt lat="42.602420" lon="-2.683060"/>
      <trkpt lat="42.602620" lon="-2.682870"/>
      <trkpt lat="42.602870" lon="-2.682640"/>
      <trkpt lat="42.602950" lon="-2.682560"/>
      <trkpt lat="42.603020" lon="-2.682480"/>
      <trkpt lat="42.603210" lon="-2.682240"/>
      <trkpt lat="42.603380" lon="-2.682020"/>
      <trkpt lat="42.603460" lon="-2.681900"/>
      <trkpt lat="42.603530" lon="-2.681770"/>
      <trkpt lat="42.603610" lon="-2.681600"/>
      <trkpt lat="42.603760" lon="-2.681250"/>
      <trkpt lat="42.603840" lon="-2.681040"/>
      <trkpt lat="42.603920" lon="-2.680800"/>
      <trkpt lat="42.603980" lon="-2.680560"/>
      <trkpt lat="42.604020" lon="-2.680390"/>
      <trkpt lat="42.604050" lon="-2.680290"/>
      <trkpt lat="42.604100" lon="-2.680180"/>
      <trkpt lat="42.604180" lon="-2.680070"/>
      <trkpt lat="42.604270" lon="-2.679940"/>
      <trkpt lat="42.604360" lon="-2.679840"/>
      <trkpt lat="42.604400" lon="-2.679810"/>
      <trkpt lat="42.604490" lon="-2.679760"/>
      <trkpt lat="42.604640" lon="-2.679690"/>
      <trkpt lat="42.604760" lon="-2.679630"/>
      <trkpt lat="42.604890" lon="-2.679540"/>
      <trkpt lat="42.605190" lon="-2.679290"/>
      <trkpt lat="42.605560" lon="-2.678990"/>
      <trkpt lat="42.605680" lon="-2.678870"/>
      <trkpt lat="42.605780" lon="-2.678740"/>
      <trkpt lat="42.605860" lon="-2.678620"/>
      <trkpt lat="42.605910" lon="-2.678510"/>
      <trkpt lat="42.605950" lon="-2.678390"/>
      <trkpt lat="42.605980" lon="-2.678230"/>
      <trkpt lat="42.606010" lon="-2.678070"/>
      <trkpt lat="42.606040" lon="-2.677800"/>
      <trkpt lat="42.606070" lon="-2.677620"/>
      <trkpt lat="42.606120" lon="-2.677440"/>
      <trkpt lat="42.606200" lon="-2.677190"/>
      <trkpt lat="42.606280" lon="-2.676950"/>
      <trkpt lat="42.606380" lon="-2.676670"/>
      <trkpt lat="42.606470" lon="-2.676450"/>
      <trkpt lat="42.606590" lon="-2.676190"/>
      <trkpt lat="42.606740" lon="-2.675870"/>
      <trkpt lat="42.606840" lon="-2.675690"/>
      <trkpt lat="42.606920" lon="-2.675580"/>
      <trkpt lat="42.607010" lon="-2.675480"/>
      <trkpt lat="42.607110" lon="-2.675390"/>
      <trkpt lat="42.608280" lon="-2.674620"/>
      <trkpt lat="42.608430" lon="-2.674530"/>
      <trkpt lat="42.608540" lon="-2.674470"/>
      <trkpt lat="42.608620" lon="-2.674440"/>
      <trkpt lat="42.608690" lon="-2.674420"/>
      <trkpt lat="42.608770" lon="-2.674430"/>
      <trkpt lat="42.608840" lon="-2.674450"/>
      <trkpt lat="42.608910" lon="-2.674500"/>
      <trkpt lat="42.608960" lon="-2.674570"/>
      <trkpt lat="42.609040" lon="-2.674670"/>
      <trkpt lat="42.609090" lon="-2.674770"/>
      <trkpt lat="42.609190" lon="-2.675030"/>
      <trkpt lat="42.609260" lon="-2.675180"/>
      <trkpt lat="42.609350" lon="-2.675290"/>
      <trkpt lat="42.609430" lon="-2.675370"/>
      <trkpt lat="42.609520" lon="-2.675430"/>
      <trkpt lat="42.609640" lon="-2.675480"/>
      <trkpt lat="42.609750" lon="-2.675500"/>
      <trkpt lat="42.609830" lon="-2.675500"/>
      <trkpt lat="42.609900" lon="-2.675490"/>
      <trkpt lat="42.609990" lon="-2.675460"/>
      <trkpt lat="42.610160" lon="-2.675370"/>
      <trkpt lat="42.610930" lon="-2.674940"/>
      <trkpt lat="42.611430" lon="-2.674630"/>
      <trkpt lat="42.611610" lon="-2.674540"/>
      <trkpt lat="42.611750" lon="-2.674490"/>
      <trkpt lat="42.611900" lon="-2.674440"/>
      <trkpt lat="42.612020" lon="-2.674430"/>
      <trkpt lat="42.612150" lon="-2.674430"/>
      <trkpt lat="42.612260" lon="-2.674450"/>
      <trkpt lat="42.612360" lon="-2.674490"/>
      <trkpt lat="42.612480" lon="-2.674570"/>
      <trkpt lat="42.612620" lon="-2.674720"/>
      <trkpt lat="42.612950" lon="-2.675140"/>
      <trkpt lat="42.613010" lon="-2.675270"/>
      <trkpt lat="42.613080" lon="-2.675440"/>
      <trkpt lat="42.613130" lon="-2.675610"/>
      <trkpt lat="42.613290" lon="-2.676290"/>
      <trkpt lat="42.613540" lon="-2.677360"/>
      <trkpt lat="42.613590" lon="-2.677650"/>
      <trkpt lat="42.613620" lon="-2.677870"/>
      <trkpt lat="42.613640" lon="-2.678160"/>
      <trkpt lat="42.613650" lon="-2.678460"/>
      <trkpt lat="42.613640" lon="-2.678620"/>
      <trkpt lat="42.613630" lon="-2.678810"/>
      <trkpt lat="42.613600" lon="-2.679050"/>
      <trkpt lat="42.613430" lon="-2.680050"/>
      <trkpt lat="42.613370" lon="-2.680430"/>
      <trkpt lat="42.613330" lon="-2.680750"/>
      <trkpt lat="42.613300" lon="-2.681060"/>
      <trkpt lat="42.613250" lon="-2.681950"/>
      <trkpt lat="42.613220" lon="-2.682480"/>
      <trkpt lat="42.613210" lon="-2.682750"/>
      <trkpt lat="42.613220" lon="-2.682970"/>
      <trkpt lat="42.613240" lon="-2.683190"/>
      <trkpt lat="42.613270" lon="-2.683370"/>
      <trkpt lat="42.613300" lon="-2.683560"/>
      <trkpt lat="42.613340" lon="-2.683780"/>
      <trkpt lat="42.613390" lon="-2.683940"/>
      <trkpt lat="42.613440" lon="-2.684090"/>
      <trkpt lat="42.613500" lon="-2.684250"/>
      <trkpt lat="42.613570" lon="-2.684410"/>
      <trkpt lat="42.613660" lon="-2.684560"/>
      <trkpt lat="42.613760" lon="-2.684710"/>
      <trkpt lat="42.613900" lon="-2.684880"/>
      <trkpt lat="42.614090" lon="-2.685100"/>
      <trkpt lat="42.614190" lon="-2.685230"/>
      <trkpt lat="42.614290" lon="-2.685370"/>
      <trkpt lat="42.614360" lon="-2.685500"/>
      <trkpt lat="42.614440" lon="-2.685650"/>
      <trkpt lat="42.614930" lon="-2.686760"/>
      <trkpt lat="42.615510" lon="-2.688040"/>
      <trkpt lat="42.615600" lon="-2.688240"/>
      <trkpt lat="42.615710" lon="-2.688460"/>
      <trkpt lat="42.615910" lon="-2.688820"/>
      <trkpt lat="42.615990" lon="-2.688970"/>
      <trkpt lat="42.616080" lon="-2.689110"/>
      <trkpt lat="42.616190" lon="-2.689280"/>
      <trkpt lat="42.616920" lon="-2.690430"/>
      <trkpt lat="42.617020" lon="-2.690560"/>
      <trkpt lat="42.617100" lon="-2.690680"/>
      <trkpt lat="42.617210" lon="-2.690800"/>
      <trkpt lat="42.617370" lon="-2.690970"/>
      <trkpt lat="42.617750" lon="-2.691330"/>
      <trkpt lat="42.617890" lon="-2.691490"/>
      <trkpt lat="42.617960" lon="-2.691590"/>
      <trkpt lat="42.618020" lon="-2.691700"/>
      <trkpt lat="42.618100" lon="-2.691850"/>
      <trkpt lat="42.618170" lon="-2.691980"/>
      <trkpt lat="42.618230" lon="-2.692050"/>
      <trkpt lat="42.618290" lon="-2.692120"/>
      <trkpt lat="42.618360" lon="-2.692170"/>
      <trkpt lat="42.618430" lon="-2.692210"/>
      <trkpt lat="42.618490" lon="-2.692230"/>
      <trkpt lat="42.618560" lon="-2.692240"/>
      <trkpt lat="42.618620" lon="-2.692230"/>
      <trkpt lat="42.618670" lon="-2.692220"/>
      <trkpt lat="42.618750" lon="-2.692180"/>
      <trkpt lat="42.618950" lon="-2.692060"/>
      <trkpt lat="42.619030" lon="-2.692020"/>
      <trkpt lat="42.619100" lon="-2.692000"/>
      <trkpt lat="42.619140" lon="-2.691990"/>
      <trkpt lat="42.619190" lon="-2.691990"/>
      <trkpt lat="42.619260" lon="-2.692010"/>
      <trkpt lat="42.619320" lon="-2.692030"/>
      <trkpt lat="42.619490" lon="-2.692110"/>
      <trkpt lat="42.619630" lon="-2.692160"/>
      <trkpt lat="42.619750" lon="-2.692190"/>
      <trkpt lat="42.619850" lon="-2.692220"/>
      <trkpt lat="42.620070" lon="-2.692260"/>
      <trkpt lat="42.620200" lon="-2.692300"/>
      <trkpt lat="42.620310" lon="-2.692340"/>
      <trkpt lat="42.620430" lon="-2.692390"/>
      <trkpt lat="42.620520" lon="-2.692440"/>
      <trkpt lat="42.620610" lon="-2.692500"/>
      <trkpt lat="42.620700" lon="-2.692580"/>
      <trkpt lat="42.620770" lon="-2.692650"/>
      <trkpt lat="42.620850" lon="-2.692740"/>
      <trkpt lat="42.620920" lon="-2.692840"/>
      <trkpt lat="42.620980" lon="-2.692950"/>
      <trkpt lat="42.621400" lon="-2.693740"/>
      <trkpt lat="42.621540" lon="-2.693990"/>
      <trkpt lat="42.621780" lon="-2.694400"/>
      <trkpt lat="42.621900" lon="-2.694630"/>
      <trkpt lat="42.621980" lon="-2.694780"/>
      <trkpt lat="42.622040" lon="-2.694970"/>
      <trkpt lat="42.622120" lon="-2.695200"/>
      <trkpt lat="42.622190" lon="-2.695420"/>
      <trkpt lat="42.622250" lon="-2.695600"/>
      <trkpt lat="42.622310" lon="-2.695730"/>
      <trkpt lat="42.622370" lon="-2.695850"/>
      <trkpt lat="42.622440" lon="-2.695950"/>
      <trkpt lat="42.622510" lon="-2.696020"/>
      <trkpt lat="42.622580" lon="-2.696070"/>
      <trkpt lat="42.622680" lon="-2.696100"/>
      <trkpt lat="42.622790" lon="-2.696120"/>
      <trkpt lat="42.622940" lon="-2.696170"/>
      <trkpt lat="42.623050" lon="-2.696210"/>
      <trkpt lat="42.623110" lon="-2.696260"/>
      <trkpt lat="42.623150" lon="-2.696290"/>
      <trkpt lat="42.623240" lon="-2.696360"/>
      <trkpt lat="42.623390" lon="-2.696510"/>
      <trkpt lat="42.624060" lon="-2.697210"/>
      <trkpt lat="42.624200" lon="-2.697370"/>
      <trkpt lat="42.624310" lon="-2.697510"/>
      <trkpt lat="42.624440" lon="-2.697700"/>
      <trkpt lat="42.624710" lon="-2.698100"/>
      <trkpt lat="42.625000" lon="-2.698510"/>
      <trkpt lat="42.625130" lon="-2.698680"/>
      <trkpt lat="42.625210" lon="-2.698780"/>
      <trkpt lat="42.625300" lon="-2.698850"/>
      <trkpt lat="42.625390" lon="-2.698910"/>
      <trkpt lat="42.625500" lon="-2.698960"/>
      <trkpt lat="42.625640" lon="-2.699020"/>
      <trkpt lat="42.625800" lon="-2.699100"/>
      <trkpt lat="42.625920" lon="-2.699170"/>
      <trkpt lat="42.626020" lon="-2.699240"/>
      <trkpt lat="42.626160" lon="-2.699350"/>
      <trkpt lat="42.626230" lon="-2.699420"/>
      <trkpt lat="42.626320" lon="-2.699530"/>
      <trkpt lat="42.626410" lon="-2.699670"/>
      <trkpt lat="42.626550" lon="-2.699960"/>
      <trkpt lat="42.626670" lon="-2.700190"/>
      <trkpt lat="42.626780" lon="-2.700350"/>
      <trkpt lat="42.626900" lon="-2.700510"/>
      <trkpt lat="42.627020" lon="-2.700650"/>
      <trkpt lat="42.627260" lon="-2.700890"/>
      <trkpt lat="42.627520" lon="-2.701120"/>
      <trkpt lat="42.627740" lon="-2.701290"/>
      <trkpt lat="42.627870" lon="-2.701380"/>
      <trkpt lat="42.627970" lon="-2.701450"/>
      <trkpt lat="42.628090" lon="-2.701510"/>
      <trkpt lat="42.628230" lon="-2.701570"/>
      <trkpt lat="42.629560" lon="-2.702020"/>
      <trkpt lat="42.629700" lon="-2.702070"/>
      <trkpt lat="42.629840" lon="-2.702130"/>
      <trkpt lat="42.629960" lon="-2.702200"/>
      <trkpt lat="42.630040" lon="-2.702270"/>
      <trkpt lat="42.630090" lon="-2.702330"/>
      <trkpt lat="42.630140" lon="-2.702410"/>
      <trkpt lat="42.630190" lon="-2.702550"/>
      <trkpt lat="42.630300" lon="-2.702910"/>
      <trkpt lat="42.630350" lon="-2.703060"/>
      <trkpt lat="42.630390" lon="-2.703150"/>
      <trkpt lat="42.630440" lon="-2.703250"/>
      <trkpt lat="42.630510" lon="-2.703350"/>
      <trkpt lat="42.630580" lon="-2.703430"/>
      <trkpt lat="42.630650" lon="-2.703490"/>
      <trkpt lat="42.630730" lon="-2.703540"/>
      <trkpt lat="42.630810" lon="-2.703580"/>
      <trkpt lat="42.630900" lon="-2.703600"/>
      <trkpt lat="42.630990" lon="-2.703610"/>
      <trkpt lat="42.631090" lon="-2.703600"/>
      <trkpt lat="42.631180" lon="-2.703580"/>
      <trkpt lat="42.631300" lon="-2.703550"/>
      <trkpt lat="42.631560" lon="-2.703450"/>
      <trkpt lat="42.631720" lon="-2.703380"/>
      <trkpt lat="42.631970" lon="-2.703310"/>
      <trkpt lat="42.632120" lon="-2.703280"/>
      <trkpt lat="42.632290" lon="-2.703250"/>
      <trkpt lat="42.632420" lon="-2.703240"/>
      <trkpt lat="42.632540" lon="-2.703240"/>
      <trkpt lat="42.632660" lon="-2.703260"/>
      <trkpt lat="42.632830" lon="-2.703290"/>
      <trkpt lat="42.633030" lon="-2.703340"/>
      <trkpt lat="42.634390" lon="-2.703680"/>
      <trkpt lat="42.634500" lon="-2.703720"/>
      <trkpt lat="42.634600" lon="-2.703760"/>
      <trkpt lat="42.634710" lon="-2.703820"/>
      <trkpt lat="42.634800" lon="-2.703890"/>
      <trkpt lat="42.634930" lon="-2.704000"/>
      <trkpt lat="42.637290" lon="-2.706340"/>
      <trkpt lat="42.637460" lon="-2.706510"/>
      <trkpt lat="42.638130" lon="-2.707180"/>
      <trkpt lat="42.638220" lon="-2.707270"/>
      <trkpt lat="42.638670" lon="-2.707710"/>
      <trkpt lat="42.640550" lon="-2.709590"/>
      <trkpt lat="42.641810" lon="-2.710840"/>
      <trkpt lat="42.641850" lon="-2.710880"/>
      <trkpt lat="42.642720" lon="-2.711730"/>
      <trkpt lat="42.642830" lon="-2.711840"/>
      <trkpt lat="42.642920" lon="-2.711930"/>
      <trkpt lat="42.643000" lon="-2.711990"/>
      <trkpt lat="42.643120" lon="-2.712060"/>
      <trkpt lat="42.643180" lon="-2.712100"/>
      <trkpt lat="42.643250" lon="-2.712130"/>
      <trkpt lat="42.643320" lon="-2.712160"/>
      <trkpt lat="42.643400" lon="-2.712180"/>
      <trkpt lat="42.643450" lon="-2.712190"/>
      <trkpt lat="42.643560" lon="-2.712210"/>
      <trkpt lat="42.643760" lon="-2.712220"/>
      <trkpt lat="42.643960" lon="-2.712220"/>
      <trkpt lat="42.644070" lon="-2.712210"/>
      <trkpt lat="42.644170" lon="-2.712200"/>
      <trkpt lat="42.644250" lon="-2.712180"/>
      <trkpt lat="42.644300" lon="-2.712140"/>
      <trkpt lat="42.644370" lon="-2.712100"/>
      <trkpt lat="42.644420" lon="-2.712050"/>
      <trkpt lat="42.644480" lon="-2.711970"/>
      <trkpt lat="42.644530" lon="-2.711880"/>
      <trkpt lat="42.644560" lon="-2.711790"/>
      <trkpt lat="42.644590" lon="-2.711690"/>
      <trkpt lat="42.644620" lon="-2.711520"/>
      <trkpt lat="42.644640" lon="-2.711410"/>
      <trkpt lat="42.644660" lon="-2.711360"/>
      <trkpt lat="42.644680" lon="-2.711320"/>
      <trkpt lat="42.644700" lon="-2.711280"/>
      <trkpt lat="42.644740" lon="-2.711240"/>
      <trkpt lat="42.644780" lon="-2.711210"/>
      <trkpt lat="42.644810" lon="-2.711190"/>
      <trkpt lat="42.644850" lon="-2.711180"/>
      <trkpt lat="42.644890" lon="-2.711180"/>
      <trkpt lat="42.644940" lon="-2.711190"/>
      <trkpt lat="42.644970" lon="-2.711210"/>
      <trkpt lat="42.645010" lon="-2.711240"/>
      <trkpt lat="42.645050" lon="-2.711300"/>
      <trkpt lat="42.645100" lon="-2.711380"/>
      <trkpt lat="42.645400" lon="-2.711870"/>
      <trkpt lat="42.645750" lon="-2.712410"/>
      <trkpt lat="42.645810" lon="-2.712500"/>
      <trkpt lat="42.645860" lon="-2.712580"/>
      <trkpt lat="42.645920" lon="-2.712630"/>
      <trkpt lat="42.645950" lon="-2.712660"/>
      <trkpt lat="42.646010" lon="-2.712700"/>
      <trkpt lat="42.646040" lon="-2.712710"/>
      <trkpt lat="42.646100" lon="-2.712740"/>
      <trkpt lat="42.646230" lon="-2.712780"/>
      <trkpt lat="42.647150" lon="-2.713090"/>
      <trkpt lat="42.649010" lon="-2.713720"/>
      <trkpt lat="42.650200" lon="-2.714120"/>
      <trkpt lat="42.654610" lon="-2.715670"/>
      <trkpt lat="42.654930" lon="-2.715790"/>
      <trkpt lat="42.655200" lon="-2.715880"/>
      <trkpt lat="42.660110" lon="-2.717620"/>
      <trkpt lat="42.661100" lon="-2.717950"/>
      <trkpt lat="42.661230" lon="-2.717990"/>
      <trkpt lat="42.661350" lon="-2.718010"/>
      <trkpt lat="42.661470" lon="-2.718030"/>
      <trkpt lat="42.661610" lon="-2.718040"/>
      <trkpt lat="42.661730" lon="-2.718040"/>
      <trkpt lat="42.661870" lon="-2.718030"/>
      <trkpt lat="42.661990" lon="-2.718010"/>
      <trkpt lat="42.662160" lon="-2.717970"/>
      <trkpt lat="42.662310" lon="-2.717920"/>
      <trkpt lat="42.662450" lon="-2.717860"/>
      <trkpt lat="42.662600" lon="-2.717790"/>
      <trkpt lat="42.663300" lon="-2.717420"/>
      <trkpt lat="42.663590" lon="-2.717270"/>
      <trkpt lat="42.663770" lon="-2.717190"/>
      <trkpt lat="42.664020" lon="-2.717070"/>
      <trkpt lat="42.664240" lon="-2.716980"/>
      <trkpt lat="42.664350" lon="-2.716920"/>
      <trkpt lat="42.664450" lon="-2.716860"/>
      <trkpt lat="42.664580" lon="-2.716770"/>
      <trkpt lat="42.664690" lon="-2.716670"/>
      <trkpt lat="42.664820" lon="-2.716550"/>
      <trkpt lat="42.664920" lon="-2.716490"/>
      <trkpt lat="42.665040" lon="-2.716420"/>
      <trkpt lat="42.665440" lon="-2.716230"/>
      <trkpt lat="42.665900" lon="-2.716030"/>
      <trkpt lat="42.666060" lon="-2.715980"/>
      <trkpt lat="42.666200" lon="-2.715940"/>
      <trkpt lat="42.666370" lon="-2.715910"/>
      <trkpt lat="42.666520" lon="-2.715910"/>
      <trkpt lat="42.666670" lon="-2.715920"/>
      <trkpt lat="42.667010" lon="-2.715970"/>
      <trkpt lat="42.667290" lon="-2.716010"/>
      <trkpt lat="42.667520" lon="-2.716060"/>
      <trkpt lat="42.667680" lon="-2.716110"/>
      <trkpt lat="42.667830" lon="-2.716160"/>
      <trkpt lat="42.667970" lon="-2.716200"/>
      <trkpt lat="42.668070" lon="-2.716220"/>
      <trkpt lat="42.668200" lon="-2.716240"/>
      <trkpt lat="42.668350" lon="-2.716230"/>
      <trkpt lat="42.668660" lon="-2.716220"/>
      <trkpt lat="42.669730" lon="-2.716190"/>
      <trkpt lat="42.670590" lon="-2.716170"/>
      <trkpt lat="42.670810" lon="-2.716160"/>
      <trkpt lat="42.670930" lon="-2.716140"/>
      <trkpt lat="42.671040" lon="-2.716120"/>
      <trkpt lat="42.671150" lon="-2.716090"/>
      <trkpt lat="42.671290" lon="-2.716030"/>
      <trkpt lat="42.671410" lon="-2.715970"/>
      <trkpt lat="42.671620" lon="-2.715840"/>
      <trkpt lat="42.672300" lon="-2.715410"/>
      <trkpt lat="42.673000" lon="-2.714970"/>
      <trkpt lat="42.674640" lon="-2.713970"/>
      <trkpt lat="42.675220" lon="-2.713630"/>
      <trkpt lat="42.675480" lon="-2.713440"/>
      <trkpt lat="42.675650" lon="-2.713310"/>
      <trkpt lat="42.675830" lon="-2.713160"/>
      <trkpt lat="42.676250" lon="-2.712790"/>
      <trkpt lat="42.676370" lon="-2.712710"/>
      <trkpt lat="42.676490" lon="-2.712640"/>
      <trkpt lat="42.676620" lon="-2.712580"/>
      <trkpt lat="42.676750" lon="-2.712540"/>
      <trkpt lat="42.676880" lon="-2.712520"/>
      <trkpt lat="42.677000" lon="-2.712520"/>
      <trkpt lat="42.677180" lon="-2.712520"/>
      <trkpt lat="42.677480" lon="-2.712550"/>
      <trkpt lat="42.679330" lon="-2.712690"/>
      <trkpt lat="42.679600" lon="-2.712720"/>
      <trkpt lat="42.680980" lon="-2.712840"/>
      <trkpt lat="42.684250" lon="-2.713130"/>
      <trkpt lat="42.684630" lon="-2.713170"/>
      <trkpt lat="42.686320" lon="-2.713330"/>
      <trkpt lat="42.686570" lon="-2.713360"/>
      <trkpt lat="42.686720" lon="-2.713370"/>
      <trkpt lat="42.686850" lon="-2.713410"/>
      <trkpt lat="42.686970" lon="-2.713450"/>
      <trkpt lat="42.687060" lon="-2.713500"/>
      <trkpt lat="42.687180" lon="-2.713570"/>
      <trkpt lat="42.687330" lon="-2.713680"/>
      <trkpt lat="42.687890" lon="-2.714080"/>
      <trkpt lat="42.688010" lon="-2.714160"/>
      <trkpt lat="42.688110" lon="-2.714210"/>
      <trkpt lat="42.688230" lon="-2.714260"/>
      <trkpt lat="42.688310" lon="-2.714270"/>
      <trkpt lat="42.688410" lon="-2.714280"/>
      <trkpt lat="42.688540" lon="-2.714280"/>
      <trkpt lat="42.688670" lon="-2.714260"/>
      <trkpt lat="42.688820" lon="-2.714240"/>
      <trkpt lat="42.688970" lon="-2.714220"/>
      <trkpt lat="42.689060" lon="-2.714230"/>
      <trkpt lat="42.689150" lon="-2.714230"/>
      <trkpt lat="42.689280" lon="-2.714250"/>
      <trkpt lat="42.689420" lon="-2.714290"/>
      <trkpt lat="42.689600" lon="-2.714350"/>
      <trkpt lat="42.689710" lon="-2.714400"/>
      <trkpt lat="42.689950" lon="-2.714540"/>
      <trkpt lat="42.690070" lon="-2.714600"/>
      <trkpt lat="42.690190" lon="-2.714650"/>
      <trkpt lat="42.690300" lon="-2.714680"/>
      <trkpt lat="42.690500" lon="-2.714740"/>
      <trkpt lat="42.690900" lon="-2.714840"/>
      <trkpt lat="42.691020" lon="-2.714880"/>
      <trkpt lat="42.691140" lon="-2.714920"/>
      <trkpt lat="42.691330" lon="-2.715000"/>
      <trkpt lat="42.691780" lon="-2.715240"/>
      <trkpt lat="42.691930" lon="-2.715300"/>
      <trkpt lat="42.692030" lon="-2.715330"/>
      <trkpt lat="42.692140" lon="-2.715350"/>
      <trkpt lat="42.692230" lon="-2.715350"/>
      <trkpt lat="42.692320" lon="-2.715340"/>
      <trkpt lat="42.692420" lon="-2.715310"/>
      <trkpt lat="42.692600" lon="-2.715250"/>
      <trkpt lat="42.692700" lon="-2.715200"/>
      <trkpt lat="42.692780" lon="-2.715160"/>
      <trkpt lat="42.693070" lon="-2.715000"/>
      <trkpt lat="42.693120" lon="-2.714980"/>
      <trkpt lat="42.693150" lon="-2.714960"/>
      <trkpt lat="42.693320" lon="-2.714870"/>
      <trkpt lat="42.693430" lon="-2.714820"/>
      <trkpt lat="42.693470" lon="-2.714800"/>
      <trkpt lat="42.693630" lon="-2.714750"/>
      <trkpt lat="42.693790" lon="-2.714720"/>
      <trkpt lat="42.693980" lon="-2.714710"/>
      <trkpt lat="42.694630" lon="-2.714720"/>
      <trkpt lat="42.694740" lon="-2.714710"/>
      <trkpt lat="42.694840" lon="-2.714690"/>
      <trkpt lat="42.694960" lon="-2.714670"/>
      <trkpt lat="42.695230" lon="-2.714580"/>
      <trkpt lat="42.695660" lon="-2.714430"/>
      <trkpt lat="42.695890" lon="-2.714350"/>
      <trkpt lat="42.696010" lon="-2.714290"/>
      <trkpt lat="42.696120" lon="-2.714220"/>
      <trkpt lat="42.696210" lon="-2.714150"/>
      <trkpt lat="42.696400" lon="-2.713980"/>
      <trkpt lat="42.696480" lon="-2.713910"/>
      <trkpt lat="42.696560" lon="-2.713860"/>
      <trkpt lat="42.696660" lon="-2.713800"/>
      <trkpt lat="42.696760" lon="-2.713750"/>
      <trkpt lat="42.696840" lon="-2.713720"/>
      <trkpt lat="42.696940" lon="-2.713710"/>
      <trkpt lat="42.697050" lon="-2.713700"/>
      <trkpt lat="42.697150" lon="-2.713700"/>
      <trkpt lat="42.697290" lon="-2.713720"/>
      <trkpt lat="42.697480" lon="-2.713750"/>
      <trkpt lat="42.697580" lon="-2.713760"/>
      <trkpt lat="42.697670" lon="-2.713760"/>
      <trkpt lat="42.697780" lon="-2.713750"/>
      <trkpt lat="42.697960" lon="-2.713730"/>
      <trkpt lat="42.698120" lon="-2.713720"/>
      <trkpt lat="42.698270" lon="-2.713720"/>
      <trkpt lat="42.698440" lon="-2.713720"/>
      <trkpt lat="42.698600" lon="-2.713740"/>
      <trkpt lat="42.698770" lon="-2.713770"/>
      <trkpt lat="42.699610" lon="-2.713940"/>
      <trkpt lat="42.699710" lon="-2.713950"/>
      <trkpt lat="42.699820" lon="-2.713950"/>
      <trkpt lat="42.699910" lon="-2.713940"/>
      <trkpt lat="42.699980" lon="-2.713920"/>
      <trkpt lat="42.700120" lon="-2.713860"/>
      <trkpt lat="42.700990" lon="-2.713490"/>
      <trkpt lat="42.701250" lon="-2.713370"/>
      <trkpt lat="42.701780" lon="-2.713100"/>
      <trkpt lat="42.702690" lon="-2.712630"/>
      <trkpt lat="42.702830" lon="-2.712560"/>
      <trkpt lat="42.702960" lon="-2.712520"/>
      <trkpt lat="42.703070" lon="-2.712490"/>
      <trkpt lat="42.703170" lon="-2.712480"/>
      <trkpt lat="42.703260" lon="-2.712480"/>
      <trkpt lat="42.703340" lon="-2.712490"/>
      <trkpt lat="42.703430" lon="-2.712500"/>
      <trkpt lat="42.703510" lon="-2.712530"/>
      <trkpt lat="42.703610" lon="-2.712570"/>
      <trkpt lat="42.703720" lon="-2.712620"/>
      <trkpt lat="42.703840" lon="-2.712710"/>
      <trkpt lat="42.703980" lon="-2.712820"/>
      <trkpt lat="42.704250" lon="-2.713040"/>
      <trkpt lat="42.704430" lon="-2.713170"/>
      <trkpt lat="42.704560" lon="-2.713240"/>
      <trkpt lat="42.704710" lon="-2.713300"/>
      <trkpt lat="42.704820" lon="-2.713320"/>
      <trkpt lat="42.704940" lon="-2.713330"/>
      <trkpt lat="42.705040" lon="-2.713330"/>
      <trkpt lat="42.705160" lon="-2.713310"/>
      <trkpt lat="42.706040" lon="-2.713160"/>
      <trkpt lat="42.706180" lon="-2.713130"/>
      <trkpt lat="42.706340" lon="-2.713080"/>
      <trkpt lat="42.706500" lon="-2.713020"/>
      <trkpt lat="42.706720" lon="-2.712930"/>
      <trkpt lat="42.706880" lon="-2.712880"/>
      <trkpt lat="42.707040" lon="-2.712820"/>
      <trkpt lat="42.707150" lon="-2.712800"/>
      <trkpt lat="42.707610" lon="-2.712740"/>
      <trkpt lat="42.707670" lon="-2.712720"/>
      <trkpt lat="42.707880" lon="-2.712670"/>
      <trkpt lat="42.708170" lon="-2.712580"/>
      <trkpt lat="42.708390" lon="-2.712510"/>
      <trkpt lat="42.708960" lon="-2.712350"/>
      <trkpt lat="42.711080" lon="-2.711700"/>
      <trkpt lat="42.711280" lon="-2.711630"/>
      <trkpt lat="42.711420" lon="-2.711560"/>
      <trkpt lat="42.711600" lon="-2.711470"/>
      <trkpt lat="42.711780" lon="-2.711350"/>
      <trkpt lat="42.711960" lon="-2.711220"/>
      <trkpt lat="42.712120" lon="-2.711080"/>
      <trkpt lat="42.712280" lon="-2.710930"/>
      <trkpt lat="42.712530" lon="-2.710650"/>
      <trkpt lat="42.712680" lon="-2.710470"/>
      <trkpt lat="42.712840" lon="-2.710260"/>
      <trkpt lat="42.712960" lon="-2.710090"/>
      <trkpt lat="42.713100" lon="-2.709870"/>
      <trkpt lat="42.713210" lon="-2.709670"/>
      <trkpt lat="42.713900" lon="-2.708490"/>
      <trkpt lat="42.714280" lon="-2.707830"/>
      <trkpt lat="42.714540" lon="-2.707400"/>
      <trkpt lat="42.714660" lon="-2.707220"/>
      <trkpt lat="42.714730" lon="-2.707110"/>
      <trkpt lat="42.714840" lon="-2.706970"/>
      <trkpt lat="42.714940" lon="-2.706860"/>
      <trkpt lat="42.715140" lon="-2.706620"/>
      <trkpt lat="42.715330" lon="-2.706390"/>
      <trkpt lat="42.715530" lon="-2.706180"/>
      <trkpt lat="42.715790" lon="-2.705940"/>
      <trkpt lat="42.716800" lon="-2.705030"/>
      <trkpt lat="42.717970" lon="-2.703970"/>
      <trkpt lat="42.718750" lon="-2.703270"/>
      <trkpt lat="42.718870" lon="-2.703160"/>
      <trkpt lat="42.718960" lon="-2.703070"/>
      <trkpt lat="42.719050" lon="-2.702970"/>
      <trkpt lat="42.719130" lon="-2.702860"/>
      <trkpt lat="42.719740" lon="-2.702070"/>
      <trkpt lat="42.720260" lon="-2.701370"/>
      <trkpt lat="42.721190" lon="-2.700060"/>
      <trkpt lat="42.721270" lon="-2.699970"/>
      <trkpt lat="42.721330" lon="-2.699920"/>
      <trkpt lat="42.721390" lon="-2.699870"/>
      <trkpt lat="42.721610" lon="-2.699700"/>
      <trkpt lat="42.721680" lon="-2.699650"/>
      <trkpt lat="42.721740" lon="-2.699590"/>
      <trkpt lat="42.721790" lon="-2.699530"/>
      <trkpt lat="42.721820" lon="-2.699450"/>
      <trkpt lat="42.721840" lon="-2.699400"/>
      <trkpt lat="42.721880" lon="-2.699220"/>
      <trkpt lat="42.721890" lon="-2.699160"/>
      <trkpt lat="42.721930" lon="-2.698960"/>
      <trkpt lat="42.721980" lon="-2.698690"/>
      <trkpt lat="42.722020" lon="-2.698480"/>
      <trkpt lat="42.722050" lon="-2.698330"/>
      <trkpt lat="42.722090" lon="-2.698150"/>
      <trkpt lat="42.722120" lon="-2.697980"/>
      <trkpt lat="42.722190" lon="-2.697600"/>
      <trkpt lat="42.722260" lon="-2.697150"/>
      <trkpt lat="42.722280" lon="-2.696980"/>
      <trkpt lat="42.722300" lon="-2.696780"/>
      <trkpt lat="42.722300" lon="-2.696600"/>
      <trkpt lat="42.722280" lon="-2.696470"/>
      <trkpt lat="42.722260" lon="-2.696340"/>
      <trkpt lat="42.722220" lon="-2.696230"/>
      <trkpt lat="42.722210" lon="-2.696210"/>
      <trkpt lat="42.722200" lon="-2.696180"/>
      <trkpt lat="42.722190" lon="-2.696150"/>
      <trkpt lat="42.722190" lon="-2.696120"/>
      <trkpt lat="42.722190" lon="-2.696090"/>
      <trkpt lat="42.722200" lon="-2.696060"/>
      <trkpt lat="42.722210" lon="-2.696030"/>
      <trkpt lat="42.722220" lon="-2.696000"/>
      <trkpt lat="42.722240" lon="-2.695980"/>
      <trkpt lat="42.722250" lon="-2.695960"/>
      <trkpt lat="42.722280" lon="-2.695950"/>
      <trkpt lat="42.722300" lon="-2.695940"/>
      <trkpt lat="42.722320" lon="-2.695940"/>
      <trkpt lat="42.722340" lon="-2.695940"/>
      <trkpt lat="42.722360" lon="-2.695940"/>
      <trkpt lat="42.722380" lon="-2.695950"/>
      <trkpt lat="42.722390" lon="-2.695970"/>
      <trkpt lat="42.722410" lon="-2.695980"/>
      <trkpt lat="42.722420" lon="-2.696000"/>
      <trkpt lat="42.722440" lon="-2.696020"/>
      <trkpt lat="42.722440" lon="-2.696050"/>
      <trkpt lat="42.722450" lon="-2.696070"/>
      <trkpt lat="42.722500" lon="-2.696030"/>
      <trkpt lat="42.722590" lon="-2.695960"/>
      <trkpt lat="42.722660" lon="-2.695870"/>
      <trkpt lat="42.722700" lon="-2.695820"/>
      <trkpt lat="42.722770" lon="-2.695710"/>
      <trkpt lat="42.722850" lon="-2.695560"/>
      <trkpt lat="42.722960" lon="-2.695350"/>
      <trkpt lat="42.723020" lon="-2.695240"/>
      <trkpt lat="42.723120" lon="-2.695110"/>
      <trkpt lat="42.723230" lon="-2.694990"/>
      <trkpt lat="42.723500" lon="-2.694730"/>
      <trkpt lat="42.723780" lon="-2.694460"/>
      <trkpt lat="42.724040" lon="-2.694180"/>
      <trkpt lat="42.724850" lon="-2.693340"/>
      <trkpt lat="42.726910" lon="-2.691270"/>
      <trkpt lat="42.727520" lon="-2.690670"/>
      <trkpt lat="42.727660" lon="-2.690550"/>
      <trkpt lat="42.727800" lon="-2.690450"/>
      <trkpt lat="42.727970" lon="-2.690340"/>
      <trkpt lat="42.728130" lon="-2.690260"/>
      <trkpt lat="42.728430" lon="-2.690130"/>
      <trkpt lat="42.729610" lon="-2.689640"/>
      <trkpt lat="42.729790" lon="-2.689580"/>
      <trkpt lat="42.729960" lon="-2.689530"/>
      <trkpt lat="42.730370" lon="-2.689410"/>
      <trkpt lat="42.730760" lon="-2.689320"/>
      <trkpt lat="42.731120" lon="-2.689250"/>
      <trkpt lat="42.731380" lon="-2.689190"/>
      <trkpt lat="42.731570" lon="-2.689130"/>
      <trkpt lat="42.731730" lon="-2.689060"/>
      <trkpt lat="42.731880" lon="-2.688990"/>
      <trkpt lat="42.732020" lon="-2.688910"/>
      <trkpt lat="42.732170" lon="-2.688800"/>
      <trkpt lat="42.732570" lon="-2.688450"/>
      <trkpt lat="42.733080" lon="-2.688020"/>
      <trkpt lat="42.733800" lon="-2.687400"/>
      <trkpt lat="42.734030" lon="-2.687210"/>
      <trkpt lat="42.734240" lon="-2.687010"/>
      <trkpt lat="42.734430" lon="-2.686840"/>
      <trkpt lat="42.735030" lon="-2.686240"/>
      <trkpt lat="42.735180" lon="-2.686130"/>
      <trkpt lat="42.735350" lon="-2.686020"/>
      <trkpt lat="42.735470" lon="-2.685950"/>
      <trkpt lat="42.735570" lon="-2.685910"/>
      <trkpt lat="42.735650" lon="-2.685880"/>
      <trkpt lat="42.735780" lon="-2.685840"/>
      <trkpt lat="42.735920" lon="-2.685800"/>
      <trkpt lat="42.736010" lon="-2.685790"/>
      <trkpt lat="42.736200" lon="-2.685760"/>
      <trkpt lat="42.736430" lon="-2.685750"/>
      <trkpt lat="42.738230" lon="-2.685700"/>
      <trkpt lat="42.738600" lon="-2.685690"/>
      <trkpt lat="42.739070" lon="-2.685700"/>
      <trkpt lat="42.739430" lon="-2.685680"/>
      <trkpt lat="42.739760" lon="-2.685660"/>
      <trkpt lat="42.740020" lon="-2.685650"/>
      <trkpt lat="42.740210" lon="-2.685630"/>
      <trkpt lat="42.740380" lon="-2.685630"/>
      <trkpt lat="42.740540" lon="-2.685610"/>
      <trkpt lat="42.740560" lon="-2.685610"/>
      <trkpt lat="42.740830" lon="-2.685570"/>
      <trkpt lat="42.741250" lon="-2.685510"/>
      <trkpt lat="42.742020" lon="-2.685390"/>
      <trkpt lat="42.742950" lon="-2.685250"/>
      <trkpt lat="42.743220" lon="-2.685200"/>
      <trkpt lat="42.743450" lon="-2.685170"/>
      <trkpt lat="42.744540" lon="-2.685000"/>
      <trkpt lat="42.745370" lon="-2.684870"/>
      <trkpt lat="42.745560" lon="-2.684830"/>
      <trkpt lat="42.745670" lon="-2.684800"/>
      <trkpt lat="42.745780" lon="-2.684770"/>
      <trkpt lat="42.746000" lon="-2.684700"/>
      <trkpt lat="42.746230" lon="-2.684610"/>
      <trkpt lat="42.746430" lon="-2.684520"/>
      <trkpt lat="42.747870" lon="-2.683850"/>
      <trkpt lat="42.748290" lon="-2.683660"/>
      <trkpt lat="42.748450" lon="-2.683590"/>
      <trkpt lat="42.748630" lon="-2.683540"/>
      <trkpt lat="42.748820" lon="-2.683520"/>
      <trkpt lat="42.748990" lon="-2.683510"/>
      <trkpt lat="42.749470" lon="-2.683510"/>
      <trkpt lat="42.749830" lon="-2.683510"/>
      <trkpt lat="42.750540" lon="-2.683500"/>
      <trkpt lat="42.750840" lon="-2.683500"/>
      <trkpt lat="42.751070" lon="-2.683500"/>
      <trkpt lat="42.751260" lon="-2.683490"/>
      <trkpt lat="42.751660" lon="-2.683490"/>
      <trkpt lat="42.753090" lon="-2.683480"/>
      <trkpt lat="42.754250" lon="-2.683510"/>
      <trkpt lat="42.757230" lon="-2.683610"/>
      <trkpt lat="42.757340" lon="-2.683610"/>
      <trkpt lat="42.757460" lon="-2.683590"/>
      <trkpt lat="42.757560" lon="-2.683570"/>
      <trkpt lat="42.757690" lon="-2.683530"/>
      <trkpt lat="42.757790" lon="-2.683480"/>
      <trkpt lat="42.757900" lon="-2.683420"/>
      <trkpt lat="42.758000" lon="-2.683350"/>
      <trkpt lat="42.758120" lon="-2.683270"/>
      <trkpt lat="42.758220" lon="-2.683170"/>
      <trkpt lat="42.758320" lon="-2.683050"/>
      <trkpt lat="42.758400" lon="-2.682960"/>
      <trkpt lat="42.758470" lon="-2.682840"/>
      <trkpt lat="42.758550" lon="-2.682700"/>
      <trkpt lat="42.758630" lon="-2.682550"/>
      <trkpt lat="42.758700" lon="-2.682410"/>
      <trkpt lat="42.758880" lon="-2.681990"/>
      <trkpt lat="42.758980" lon="-2.681800"/>
      <trkpt lat="42.759060" lon="-2.681680"/>
      <trkpt lat="42.759150" lon="-2.681560"/>
      <trkpt lat="42.759240" lon="-2.681450"/>
      <trkpt lat="42.759310" lon="-2.681370"/>
      <trkpt lat="42.759370" lon="-2.681320"/>
      <trkpt lat="42.759480" lon="-2.681230"/>
      <trkpt lat="42.759630" lon="-2.681140"/>
      <trkpt lat="42.759740" lon="-2.681080"/>
      <trkpt lat="42.760190" lon="-2.680870"/>
      <trkpt lat="42.760370" lon="-2.680790"/>
      <trkpt lat="42.760530" lon="-2.680730"/>
      <trkpt lat="42.760640" lon="-2.680710"/>
      <trkpt lat="42.760760" lon="-2.680690"/>
      <trkpt lat="42.760930" lon="-2.680670"/>
      <trkpt lat="42.761120" lon="-2.680660"/>
      <trkpt lat="42.761370" lon="-2.680640"/>
      <trkpt lat="42.761590" lon="-2.680600"/>
      <trkpt lat="42.761740" lon="-2.680560"/>
      <trkpt lat="42.761890" lon="-2.680500"/>
      <trkpt lat="42.762040" lon="-2.680420"/>
      <trkpt lat="42.762200" lon="-2.680300"/>
      <trkpt lat="42.762850" lon="-2.679800"/>
      <trkpt lat="42.763000" lon="-2.679710"/>
      <trkpt lat="42.763170" lon="-2.679620"/>
      <trkpt lat="42.763400" lon="-2.679520"/>
      <trkpt lat="42.763940" lon="-2.679310"/>
      <trkpt lat="42.764310" lon="-2.679170"/>
      <trkpt lat="42.764540" lon="-2.679090"/>
      <trkpt lat="42.764720" lon="-2.679040"/>
      <trkpt lat="42.764860" lon="-2.679020"/>
      <trkpt lat="42.764970" lon="-2.679010"/>
      <trkpt lat="42.765110" lon="-2.679030"/>
      <trkpt lat="42.765270" lon="-2.679080"/>
      <trkpt lat="42.765390" lon="-2.679130"/>
      <trkpt lat="42.765480" lon="-2.679170"/>
      <trkpt lat="42.765590" lon="-2.679240"/>
      <trkpt lat="42.765730" lon="-2.679340"/>
      <trkpt lat="42.766010" lon="-2.679580"/>
      <trkpt lat="42.766330" lon="-2.679820"/>
      <trkpt lat="42.766550" lon="-2.679950"/>
      <trkpt lat="42.766780" lon="-2.680070"/>
      <trkpt lat="42.766990" lon="-2.680150"/>
      <trkpt lat="42.767190" lon="-2.680210"/>
      <trkpt lat="42.767340" lon="-2.680250"/>
      <trkpt lat="42.767520" lon="-2.680270"/>
      <trkpt lat="42.767680" lon="-2.680260"/>
      <trkpt lat="42.767860" lon="-2.680240"/>
      <trkpt lat="42.767980" lon="-2.680210"/>
      <trkpt lat="42.768110" lon="-2.680170"/>
      <trkpt lat="42.768300" lon="-2.680060"/>
      <trkpt lat="42.768520" lon="-2.679950"/>
      <trkpt lat="42.768690" lon="-2.679870"/>
      <trkpt lat="42.768980" lon="-2.679760"/>
      <trkpt lat="42.769600" lon="-2.679520"/>
      <trkpt lat="42.769810" lon="-2.679420"/>
      <trkpt lat="42.769980" lon="-2.679330"/>
      <trkpt lat="42.770140" lon="-2.679220"/>
      <trkpt lat="42.770310" lon="-2.679090"/>
      <trkpt lat="42.770470" lon="-2.678930"/>
      <trkpt lat="42.770670" lon="-2.678680"/>
      <trkpt lat="42.770840" lon="-2.678450"/>
      <trkpt lat="42.771260" lon="-2.677800"/>
      <trkpt lat="42.771370" lon="-2.677640"/>
      <trkpt lat="42.771490" lon="-2.677490"/>
      <trkpt lat="42.771590" lon="-2.677380"/>
      <trkpt lat="42.771730" lon="-2.677230"/>
      <trkpt lat="42.771900" lon="-2.677100"/>
      <trkpt lat="42.772130" lon="-2.676960"/>
      <trkpt lat="42.772290" lon="-2.676890"/>
      <trkpt lat="42.772450" lon="-2.676840"/>
      <trkpt lat="42.772600" lon="-2.676810"/>
      <trkpt lat="42.772770" lon="-2.676790"/>
      <trkpt lat="42.772950" lon="-2.676790"/>
      <trkpt lat="42.773110" lon="-2.676810"/>
      <trkpt lat="42.773300" lon="-2.676850"/>
      <trkpt lat="42.773440" lon="-2.676900"/>
      <trkpt lat="42.773730" lon="-2.677020"/>
      <trkpt lat="42.773940" lon="-2.677100"/>
      <trkpt lat="42.774130" lon="-2.677180"/>
      <trkpt lat="42.774350" lon="-2.677250"/>
      <trkpt lat="42.774490" lon="-2.677280"/>
      <trkpt lat="42.774620" lon="-2.677310"/>
      <trkpt lat="42.774800" lon="-2.677320"/>
      <trkpt lat="42.774990" lon="-2.677330"/>
      <trkpt lat="42.775160" lon="-2.677320"/>
      <trkpt lat="42.775330" lon="-2.677300"/>
      <trkpt lat="42.775530" lon="-2.677260"/>
      <trkpt lat="42.775710" lon="-2.677210"/>
      <trkpt lat="42.775870" lon="-2.677150"/>
      <trkpt lat="42.776060" lon="-2.677080"/>
      <trkpt lat="42.777020" lon="-2.676670"/>
      <trkpt lat="42.777740" lon="-2.676360"/>
      <trkpt lat="42.778000" lon="-2.676250"/>
      <trkpt lat="42.778240" lon="-2.676160"/>
      <trkpt lat="42.778420" lon="-2.676100"/>
      <trkpt lat="42.778550" lon="-2.676070"/>
      <trkpt lat="42.778680" lon="-2.676040"/>
      <trkpt lat="42.778860" lon="-2.676000"/>
      <trkpt lat="42.779030" lon="-2.675980"/>
      <trkpt lat="42.779210" lon="-2.675960"/>
      <trkpt lat="42.779450" lon="-2.675950"/>
      <trkpt lat="42.779650" lon="-2.675960"/>
      <trkpt lat="42.779810" lon="-2.675970"/>
      <trkpt lat="42.780070" lon="-2.676000"/>
      <trkpt lat="42.780270" lon="-2.676040"/>
      <trkpt lat="42.780470" lon="-2.676090"/>
      <trkpt lat="42.780670" lon="-2.676160"/>
      <trkpt lat="42.780800" lon="-2.676200"/>
      <trkpt lat="42.781030" lon="-2.676300"/>
      <trkpt lat="42.781250" lon="-2.676400"/>
      <trkpt lat="42.781490" lon="-2.676540"/>
      <trkpt lat="42.781710" lon="-2.676680"/>
      <trkpt lat="42.781920" lon="-2.676830"/>
      <trkpt lat="42.782110" lon="-2.676990"/>
      <trkpt lat="42.782320" lon="-2.677180"/>
      <trkpt lat="42.782490" lon="-2.677360"/>
      <trkpt lat="42.782680" lon="-2.677560"/>
      <trkpt lat="42.782860" lon="-2.677780"/>
      <trkpt lat="42.783160" lon="-2.678160"/>
      <trkpt lat="42.783610" lon="-2.678720"/>
      <trkpt lat="42.783830" lon="-2.678980"/>
      <trkpt lat="42.784020" lon="-2.679210"/>
      <trkpt lat="42.784240" lon="-2.679450"/>
      <trkpt lat="42.784430" lon="-2.679660"/>
      <trkpt lat="42.784720" lon="-2.679970"/>
      <trkpt lat="42.784950" lon="-2.680200"/>
      <trkpt lat="42.785130" lon="-2.680380"/>
      <trkpt lat="42.785390" lon="-2.680620"/>
      <trkpt lat="42.785610" lon="-2.680810"/>
      <trkpt lat="42.785870" lon="-2.681020"/>
      <trkpt lat="42.786300" lon="-2.681360"/>
      <trkpt lat="42.786900" lon="-2.681790"/>
      <trkpt lat="42.787660" lon="-2.682280"/>
      <trkpt lat="42.787960" lon="-2.682490"/>
      <trkpt lat="42.788200" lon="-2.682650"/>
      <trkpt lat="42.788520" lon="-2.682890"/>
      <trkpt lat="42.788780" lon="-2.683100"/>
      <trkpt lat="42.789150" lon="-2.683440"/>
      <trkpt lat="42.789650" lon="-2.683920"/>
      <trkpt lat="42.789930" lon="-2.684170"/>
      <trkpt lat="42.790200" lon="-2.684390"/>
      <trkpt lat="42.790420" lon="-2.684570"/>
      <trkpt lat="42.790650" lon="-2.684730"/>
      <trkpt lat="42.790860" lon="-2.684880"/>
      <trkpt lat="42.791120" lon="-2.685030"/>
      <trkpt lat="42.791230" lon="-2.685100"/>
      <trkpt lat="42.791490" lon="-2.685230"/>
      <trkpt lat="42.791730" lon="-2.685360"/>
      <trkpt lat="42.792190" lon="-2.685590"/>
      <trkpt lat="42.792370" lon="-2.685690"/>
      <trkpt lat="42.792550" lon="-2.685790"/>
      <trkpt lat="42.792740" lon="-2.685920"/>
      <trkpt lat="42.792920" lon="-2.686070"/>
      <trkpt lat="42.793070" lon="-2.686190"/>
      <trkpt lat="42.793260" lon="-2.686370"/>
      <trkpt lat="42.793410" lon="-2.686540"/>
      <trkpt lat="42.793690" lon="-2.686840"/>
      <trkpt lat="42.793910" lon="-2.687070"/>
      <trkpt lat="42.794110" lon="-2.687250"/>
      <trkpt lat="42.794280" lon="-2.687380"/>
      <trkpt lat="42.794480" lon="-2.687500"/>
      <trkpt lat="42.794640" lon="-2.687580"/>
      <trkpt lat="42.794810" lon="-2.687650"/>
      <trkpt lat="42.795000" lon="-2.687710"/>
      <trkpt lat="42.795230" lon="-2.687760"/>
      <trkpt lat="42.795440" lon="-2.687780"/>
      <trkpt lat="42.795690" lon="-2.687780"/>
      <trkpt lat="42.795910" lon="-2.687770"/>
      <trkpt lat="42.796120" lon="-2.687730"/>
      <trkpt lat="42.796360" lon="-2.687680"/>
      <trkpt lat="42.796630" lon="-2.687610"/>
      <trkpt lat="42.796970" lon="-2.687490"/>
      <trkpt lat="42.797220" lon="-2.687390"/>
      <trkpt lat="42.797520" lon="-2.687260"/>
      <trkpt lat="42.797820" lon="-2.687100"/>
      <trkpt lat="42.798110" lon="-2.686940"/>
      <trkpt lat="42.798420" lon="-2.686750"/>
      <trkpt lat="42.798680" lon="-2.686570"/>
      <trkpt lat="42.798950" lon="-2.686380"/>
      <trkpt lat="42.799210" lon="-2.686160"/>
      <trkpt lat="42.799460" lon="-2.685950"/>
      <trkpt lat="42.799660" lon="-2.685760"/>
      <trkpt lat="42.799890" lon="-2.685530"/>
      <trkpt lat="42.800120" lon="-2.685290"/>
      <trkpt lat="42.800410" lon="-2.684960"/>
      <trkpt lat="42.800620" lon="-2.684690"/>
      <trkpt lat="42.800850" lon="-2.684390"/>
      <trkpt lat="42.801120" lon="-2.684000"/>
      <trkpt lat="42.801280" lon="-2.683750"/>
      <trkpt lat="42.801460" lon="-2.683470"/>
      <trkpt lat="42.801710" lon="-2.683040"/>
      <trkpt lat="42.802020" lon="-2.682500"/>
      <trkpt lat="42.802250" lon="-2.682120"/>
      <trkpt lat="42.802490" lon="-2.681760"/>
      <trkpt lat="42.802750" lon="-2.681420"/>
      <trkpt lat="42.802960" lon="-2.681170"/>
      <trkpt lat="42.803280" lon="-2.680840"/>
      <trkpt lat="42.803570" lon="-2.680570"/>
      <trkpt lat="42.803820" lon="-2.680370"/>
      <trkpt lat="42.804120" lon="-2.680160"/>
      <trkpt lat="42.804390" lon="-2.679990"/>
      <trkpt lat="42.804610" lon="-2.679870"/>
      <trkpt lat="42.804850" lon="-2.679750"/>
      <trkpt lat="42.805070" lon="-2.679660"/>
      <trkpt lat="42.805250" lon="-2.679600"/>
      <trkpt lat="42.805410" lon="-2.679550"/>
      <trkpt lat="42.805680" lon="-2.679470"/>
      <trkpt lat="42.805950" lon="-2.679420"/>
      <trkpt lat="42.806190" lon="-2.679380"/>
      <trkpt lat="42.806500" lon="-2.679360"/>
      <trkpt lat="42.806720" lon="-2.679360"/>
      <trkpt lat="42.806970" lon="-2.679360"/>
      <trkpt lat="42.807300" lon="-2.679380"/>
      <trkpt lat="42.807660" lon="-2.679420"/>
      <trkpt lat="42.807960" lon="-2.679480"/>
      <trkpt lat="42.808270" lon="-2.679540"/>
      <trkpt lat="42.808630" lon="-2.679630"/>
      <trkpt lat="42.808970" lon="-2.679720"/>
      <trkpt lat="42.809430" lon="-2.679870"/>
      <trkpt lat="42.809740" lon="-2.679980"/>
      <trkpt lat="42.809990" lon="-2.680070"/>
      <trkpt lat="42.810460" lon="-2.680240"/>
      <trkpt lat="42.811110" lon="-2.680490"/>
      <trkpt lat="42.811420" lon="-2.680600"/>
      <trkpt lat="42.811670" lon="-2.680670"/>
      <trkpt lat="42.811960" lon="-2.680750"/>
      <trkpt lat="42.812230" lon="-2.680800"/>
      <trkpt lat="42.812440" lon="-2.680840"/>
      <trkpt lat="42.812670" lon="-2.680870"/>
      <trkpt lat="42.812890" lon="-2.680890"/>
      <trkpt lat="42.813120" lon="-2.680900"/>
      <trkpt lat="42.813430" lon="-2.680900"/>
      <trkpt lat="42.813750" lon="-2.680890"/>
      <trkpt lat="42.814190" lon="-2.680840"/>
      <trkpt lat="42.814300" lon="-2.680820"/>
      <trkpt lat="42.814440" lon="-2.680800"/>
      <trkpt lat="42.814530" lon="-2.680780"/>
      <trkpt lat="42.814760" lon="-2.680730"/>
      <trkpt lat="42.815060" lon="-2.680650"/>
      <trkpt lat="42.815180" lon="-2.680610"/>
      <trkpt lat="42.815470" lon="-2.680510"/>
      <trkpt lat="42.815910" lon="-2.680340"/>
      <trkpt lat="42.816140" lon="-2.680260"/>
      <trkpt lat="42.816520" lon="-2.680110"/>
      <trkpt lat="42.816960" lon="-2.679940"/>
      <trkpt lat="42.817750" lon="-2.679640"/>
      <trkpt lat="42.817980" lon="-2.679550"/>
      <trkpt lat="42.818250" lon="-2.679420"/>
      <trkpt lat="42.818500" lon="-2.679280"/>
      <trkpt lat="42.818750" lon="-2.679130"/>
      <trkpt lat="42.818950" lon="-2.678990"/>
      <trkpt lat="42.819200" lon="-2.678800"/>
      <trkpt lat="42.819390" lon="-2.678630"/>
      <trkpt lat="42.819580" lon="-2.678450"/>
      <trkpt lat="42.819770" lon="-2.678250"/>
      <trkpt lat="42.819970" lon="-2.678040"/>
      <trkpt lat="42.820110" lon="-2.677860"/>
      <trkpt lat="42.820340" lon="-2.677560"/>
      <trkpt lat="42.820540" lon="-2.677260"/>
      <trkpt lat="42.820680" lon="-2.677050"/>
      <trkpt lat="42.820880" lon="-2.676690"/>
      <trkpt lat="42.821070" lon="-2.676340"/>
      <trkpt lat="42.821220" lon="-2.676080"/>
      <trkpt lat="42.821400" lon="-2.675790"/>
      <trkpt lat="42.821570" lon="-2.675520"/>
      <trkpt lat="42.821750" lon="-2.675260"/>
      <trkpt lat="42.821920" lon="-2.675030"/>
      <trkpt lat="42.822120" lon="-2.674750"/>
      <trkpt lat="42.822320" lon="-2.674500"/>
      <trkpt lat="42.822600" lon="-2.674170"/>
      <trkpt lat="42.822880" lon="-2.673870"/>
      <trkpt lat="42.822970" lon="-2.673760"/>
      <trkpt lat="42.823110" lon="-2.673600"/>
      <trkpt lat="42.823210" lon="-2.673500"/>
      <trkpt lat="42.823250" lon="-2.673470"/>
      <trkpt lat="42.823300" lon="-2.673440"/>
      <trkpt lat="42.823420" lon="-2.673340"/>
      <trkpt lat="42.823700" lon="-2.673100"/>
      <trkpt lat="42.823940" lon="-2.672900"/>
      <trkpt lat="42.824190" lon="-2.672710"/>
      <trkpt lat="42.824540" lon="-2.672460"/>
      <trkpt lat="42.824860" lon="-2.672260"/>
      <trkpt lat="42.825220" lon="-2.672050"/>
      <trkpt lat="42.825440" lon="-2.671950"/>
      <trkpt lat="42.825600" lon="-2.671860"/>
      <trkpt lat="42.825640" lon="-2.671830"/>
      <trkpt lat="42.825690" lon="-2.671790"/>
      <trkpt lat="42.825740" lon="-2.671750"/>
      <trkpt lat="42.825850" lon="-2.671690"/>
      <trkpt lat="42.825910" lon="-2.671660"/>
      <trkpt lat="42.825960" lon="-2.671640"/>
      <trkpt lat="42.826040" lon="-2.671610"/>
      <trkpt lat="42.826160" lon="-2.671560"/>
      <trkpt lat="42.827990" lon="-2.670540"/>
      <trkpt lat="42.828040" lon="-2.670510"/>
      <trkpt lat="42.828070" lon="-2.670470"/>
      <trkpt lat="42.828090" lon="-2.670410"/>
      <trkpt lat="42.828120" lon="-2.670370"/>
      <trkpt lat="42.828150" lon="-2.670340"/>
      <trkpt lat="42.828190" lon="-2.670320"/>
      <trkpt lat="42.828230" lon="-2.670320"/>
      <trkpt lat="42.828270" lon="-2.670340"/>
      <trkpt lat="42.828320" lon="-2.670340"/>
      <trkpt lat="42.828370" lon="-2.670320"/>
      <trkpt lat="42.829570" lon="-2.669670"/>
      <trkpt lat="42.831010" lon="-2.669020"/>
      <trkpt lat="42.831100" lon="-2.668950"/>
      <trkpt lat="42.831120" lon="-2.668910"/>
      <trkpt lat="42.831150" lon="-2.668870"/>
      <trkpt lat="42.831190" lon="-2.668850"/>
      <trkpt lat="42.831230" lon="-2.668840"/>
      <trkpt lat="42.831270" lon="-2.668850"/>
      <trkpt lat="42.831360" lon="-2.668860"/>
      <trkpt lat="42.831410" lon="-2.668870"/>
      <trkpt lat="42.831460" lon="-2.668850"/>
      <trkpt lat="42.832010" lon="-2.668660"/>
      <trkpt lat="42.832650" lon="-2.668450"/>
      <trkpt lat="42.833070" lon="-2.668330"/>
      <trkpt lat="42.833500" lon="-2.668230"/>
      <trkpt lat="42.833910" lon="-2.668130"/>
      <trkpt lat="42.834000" lon="-2.668100"/>
      <trkpt lat="42.834040" lon="-2.668060"/>
      <trkpt lat="42.834100" lon="-2.668020"/>
      <trkpt lat="42.834190" lon="-2.667920"/>
      <trkpt lat="42.834270" lon="-2.667800"/>
      <trkpt lat="42.834300" lon="-2.667730"/>
      <trkpt lat="42.834320" lon="-2.667640"/>
      <trkpt lat="42.834350" lon="-2.667540"/>
      <trkpt lat="42.834370" lon="-2.667410"/>
      <trkpt lat="42.834360" lon="-2.667320"/>
      <trkpt lat="42.834330" lon="-2.667110"/>
      <trkpt lat="42.834310" lon="-2.666880"/>
      <trkpt lat="42.834290" lon="-2.666760"/>
      <trkpt lat="42.834290" lon="-2.666690"/>
      <trkpt lat="42.834300" lon="-2.666630"/>
      <trkpt lat="42.834300" lon="-2.666600"/>
      <trkpt lat="42.834320" lon="-2.666550"/>
      <trkpt lat="42.834340" lon="-2.666530"/>
      <trkpt lat="42.834370" lon="-2.666510"/>
      <trkpt lat="42.834420" lon="-2.666480"/>
      <trkpt lat="42.834460" lon="-2.666470"/>
      <trkpt lat="42.834540" lon="-2.666450"/>
      <trkpt lat="42.834640" lon="-2.666430"/>
      <trkpt lat="42.834670" lon="-2.666420"/>
      <trkpt lat="42.834740" lon="-2.666400"/>
      <trkpt lat="42.835810" lon="-2.666170"/>
      <trkpt lat="42.835870" lon="-2.666160"/>
      <trkpt lat="42.835920" lon="-2.666150"/>
      <trkpt lat="42.835990" lon="-2.666120"/>
      <trkpt lat="42.836330" lon="-2.666060"/>
      <trkpt lat="42.836370" lon="-2.666050"/>
      <trkpt lat="42.836420" lon="-2.666060"/>
      <trkpt lat="42.836470" lon="-2.666070"/>
      <trkpt lat="42.836690" lon="-2.666140"/>
      <trkpt lat="42.836780" lon="-2.666170"/>
      <trkpt lat="42.836840" lon="-2.666200"/>
      <trkpt lat="42.836890" lon="-2.666230"/>
      <trkpt lat="42.837480" lon="-2.666570"/>
      <trkpt lat="42.837560" lon="-2.666610"/>
      <trkpt lat="42.837620" lon="-2.666710"/>
      <trkpt lat="42.838330" lon="-2.667120"/>
      <trkpt lat="42.838370" lon="-2.667140"/>
      <trkpt lat="42.838440" lon="-2.667180"/>
      <trkpt lat="42.838470" lon="-2.667190"/>
      <trkpt lat="42.838510" lon="-2.667190"/>
      <trkpt lat="42.838540" lon="-2.667080"/>
      <trkpt lat="42.838740" lon="-2.666440"/>
      <trkpt lat="42.838760" lon="-2.666350"/>
      <trkpt lat="42.838810" lon="-2.666190"/>
      <trkpt lat="42.838840" lon="-2.666100"/>
      <trkpt lat="42.838940" lon="-2.665800"/>
      <trkpt lat="42.839260" lon="-2.664780"/>
      <trkpt lat="42.839270" lon="-2.664740"/>
      <trkpt lat="42.839300" lon="-2.664660"/>
      <trkpt lat="42.839500" lon="-2.664030"/>
      <trkpt lat="42.839540" lon="-2.663920"/>
      <trkpt lat="42.839580" lon="-2.663840"/>
      <trkpt lat="42.839620" lon="-2.663760"/>
      <trkpt lat="42.839660" lon="-2.663710"/>
      <trkpt lat="42.839720" lon="-2.663630"/>
      <trkpt lat="42.839790" lon="-2.663570"/>
      <trkpt lat="42.839860" lon="-2.663520"/>
      <trkpt lat="42.839910" lon="-2.663490"/>
      <trkpt lat="42.839950" lon="-2.663470"/>
      <trkpt lat="42.840020" lon="-2.663450"/>
      <trkpt lat="42.840080" lon="-2.663440"/>
      <trkpt lat="42.840130" lon="-2.663430"/>
      <trkpt lat="42.840180" lon="-2.663440"/>
      <trkpt lat="42.840230" lon="-2.663450"/>
      <trkpt lat="42.840280" lon="-2.663460"/>
      <trkpt lat="42.840480" lon="-2.663530"/>
      <trkpt lat="42.840940" lon="-2.663680"/>
      <trkpt lat="42.841230" lon="-2.663750"/>
      <trkpt lat="42.841410" lon="-2.663810"/>
      <trkpt lat="42.841500" lon="-2.663830"/>
      <trkpt lat="42.841580" lon="-2.663850"/>
      <trkpt lat="42.841700" lon="-2.663870"/>
      <trkpt lat="42.841740" lon="-2.663890"/>
      <trkpt lat="42.841810" lon="-2.663920"/>
      <trkpt lat="42.841860" lon="-2.663950"/>
      <trkpt lat="42.841920" lon="-2.664010"/>
      <trkpt lat="42.841960" lon="-2.664050"/>
      <trkpt lat="42.841990" lon="-2.664080"/>
      <trkpt lat="42.842030" lon="-2.664100"/>
      <trkpt lat="42.842070" lon="-2.664120"/>
      <trkpt lat="42.842080" lon="-2.664120"/>
      <trkpt lat="42.842130" lon="-2.664140"/>
      <trkpt lat="42.842180" lon="-2.664160"/>
      <trkpt lat="42.842520" lon="-2.664270"/>
      <trkpt lat="42.842980" lon="-2.664410"/>
      <trkpt lat="42.843020" lon="-2.664420"/>
      <trkpt lat="42.843100" lon="-2.664450"/>
      <trkpt lat="42.843200" lon="-2.664480"/>
      <trkpt lat="42.843610" lon="-2.664610"/>
      <trkpt lat="42.844440" lon="-2.664870"/>
      <trkpt lat="42.844550" lon="-2.664910"/>
      <trkpt lat="42.844710" lon="-2.664970"/>
      <trkpt lat="42.845150" lon="-2.665110"/>
      <trkpt lat="42.845180" lon="-2.665120"/>
      <trkpt lat="42.845250" lon="-2.665150"/>
      <trkpt lat="42.845360" lon="-2.665180"/>
      <trkpt lat="42.845630" lon="-2.665250"/>
      <trkpt lat="42.845680" lon="-2.665260"/>
      <trkpt lat="42.845800" lon="-2.665290"/>
      <trkpt lat="42.845880" lon="-2.665320"/>
      <trkpt lat="42.846180" lon="-2.665420"/>
      <trkpt lat="42.846740" lon="-2.665600"/>
      <trkpt lat="42.846970" lon="-2.665680"/>
      <trkpt lat="42.847020" lon="-2.665690"/>
      <trkpt lat="42.847110" lon="-2.665720"/>
      <trkpt lat="42.847230" lon="-2.665740"/>
      <trkpt lat="42.847840" lon="-2.665860"/>
      <trkpt lat="42.847920" lon="-2.665880"/>
      <trkpt lat="42.847970" lon="-2.665890"/>
      <trkpt lat="42.848030" lon="-2.665880"/>
      <trkpt lat="42.848090" lon="-2.665860"/>
      <trkpt lat="42.848100" lon="-2.665860"/>
      <trkpt lat="42.848150" lon="-2.665820"/>
      <trkpt lat="42.848170" lon="-2.665810"/>
      <trkpt lat="42.848220" lon="-2.665770"/>
      <trkpt lat="42.848250" lon="-2.665740"/>
      <trkpt lat="42.848270" lon="-2.665720"/>
      <trkpt lat="42.848330" lon="-2.665680"/>
      <trkpt lat="42.848390" lon="-2.665650"/>
      <trkpt lat="42.848470" lon="-2.665640"/>
      <trkpt lat="42.848530" lon="-2.665630"/>
      <trkpt lat="42.848600" lon="-2.665640"/>
      <trkpt lat="42.848700" lon="-2.665660"/>
      <trkpt lat="42.848810" lon="-2.665680"/>
      <trkpt lat="42.849030" lon="-2.665730"/>
      <trkpt lat="42.849220" lon="-2.665770"/>
      <trkpt lat="42.849330" lon="-2.665800"/>
      <trkpt lat="42.849550" lon="-2.665840"/>
      <trkpt lat="42.850190" lon="-2.665980"/>
      <trkpt lat="42.850250" lon="-2.665990"/>
      <trkpt lat="42.850390" lon="-2.666020"/>
      <trkpt lat="42.850540" lon="-2.666050"/>
      <trkpt lat="42.851430" lon="-2.666220"/>
      <trkpt lat="42.851540" lon="-2.666240"/>
      <trkpt lat="42.851610" lon="-2.666260"/>
      <trkpt lat="42.851960" lon="-2.666330"/>
      <trkpt lat="42.852000" lon="-2.666340"/>
      <trkpt lat="42.852050" lon="-2.666360"/>
      <trkpt lat="42.852120" lon="-2.666400"/>
      <trkpt lat="42.852170" lon="-2.666440"/>
      <trkpt lat="42.852210" lon="-2.666500"/>
      <trkpt lat="42.852230" lon="-2.666510"/>
      <trkpt lat="42.852260" lon="-2.666560"/>
      <trkpt lat="42.852300" lon="-2.666630"/>
      <trkpt lat="42.852330" lon="-2.666680"/>
      <trkpt lat="42.852380" lon="-2.666730"/>
      <trkpt lat="42.852430" lon="-2.666770"/>
      <trkpt lat="42.852470" lon="-2.666780"/>
      <trkpt lat="42.852500" lon="-2.666800"/>
      <trkpt lat="42.852520" lon="-2.666800"/>
      <trkpt lat="42.852670" lon="-2.666830"/>
      <trkpt lat="42.853180" lon="-2.666940"/>
      <trkpt lat="42.853220" lon="-2.666950"/>
      <trkpt lat="42.853320" lon="-2.667010"/>
      <trkpt lat="42.854010" lon="-2.667150"/>
      <trkpt lat="42.854050" lon="-2.667160"/>
      <trkpt lat="42.854110" lon="-2.667170"/>
      <trkpt lat="42.854170" lon="-2.667190"/>
      <trkpt lat="42.854170" lon="-2.667150"/>
      <trkpt lat="42.854190" lon="-2.667130"/>
      <trkpt lat="42.854200" lon="-2.667100"/>
      <trkpt lat="42.854220" lon="-2.667080"/>
      <trkpt lat="42.854240" lon="-2.667060"/>
      <trkpt lat="42.854270" lon="-2.667050"/>
      <trkpt lat="42.854300" lon="-2.667040"/>
      <trkpt lat="42.854330" lon="-2.667050"/>
      <trkpt lat="42.854360" lon="-2.667070"/>
      <trkpt lat="42.854390" lon="-2.667100"/>
      <trkpt lat="42.854420" lon="-2.667140"/>
      <trkpt lat="42.854430" lon="-2.667180"/>
      <trkpt lat="42.854440" lon="-2.667230"/>
      <trkpt lat="42.854430" lon="-2.667280"/>
      <trkpt lat="42.854420" lon="-2.667330"/>
      <trkpt lat="42.854400" lon="-2.667350"/>
      <trkpt lat="42.854390" lon="-2.667370"/>
      <trkpt lat="42.854370" lon="-2.667390"/>
      <trkpt lat="42.854360" lon="-2.667400"/>
      <trkpt lat="42.854370" lon="-2.667510"/>
      <trkpt lat="42.854380" lon="-2.667570"/>
      <trkpt lat="42.854400" lon="-2.667740"/>
      <trkpt lat="42.854410" lon="-2.667790"/>
      <trkpt lat="42.854460" lon="-2.668100"/>
      <trkpt lat="42.854570" lon="-2.668780"/>
      <trkpt lat="42.854800" lon="-2.670220"/>
      <trkpt lat="42.854820" lon="-2.670360"/>
      <trkpt lat="42.854830" lon="-2.670430"/>
      <trkpt lat="42.854850" lon="-2.670500"/>
      <trkpt lat="42.854860" lon="-2.670600"/>
      <trkpt lat="42.854890" lon="-2.670740"/>
      <trkpt lat="42.854910" lon="-2.670840"/>
      <trkpt lat="42.855170" lon="-2.672530"/>
      <trkpt lat="42.855180" lon="-2.672600"/>
      <trkpt lat="42.855190" lon="-2.672640"/>
      <trkpt lat="42.855260" lon="-2.673040"/>
      <trkpt lat="42.855280" lon="-2.673160"/>
      <trkpt lat="42.855300" lon="-2.673320"/>
      <trkpt lat="42.855300" lon="-2.673390"/>
      <trkpt lat="42.855270" lon="-2.673510"/>
      <trkpt lat="42.854930" lon="-2.674770"/>
      <trkpt lat="42.854910" lon="-2.674840"/>
      <trkpt lat="42.854610" lon="-2.676020"/>
      <trkpt lat="42.854590" lon="-2.676080"/>
      <trkpt lat="42.854580" lon="-2.676140"/>
      <trkpt lat="42.854570" lon="-2.676210"/>
      <trkpt lat="42.854590" lon="-2.676310"/>
      <trkpt lat="42.854600" lon="-2.676360"/>
      <trkpt lat="42.854620" lon="-2.676460"/>
      <trkpt lat="42.854750" lon="-2.676410"/>
      <trkpt lat="42.854790" lon="-2.676400"/>
    </trkseg>
  </trk>
</gpx>